2013-04-27 19:47:00,-3.248154703532673e-07
2013-04-27 19:48:00,-3.247843532549756e-07
2013-04-27 19:49:00,-3.2475323913768043e-07
2013-04-27 19:50:00,-3.2472212800109633e-07
2013-04-27 19:51:00,-3.246910198449376e-07
2013-04-27 19:52:00,-3.246599146689189e-07
2013-04-27 19:53:00,-3.2462881247275455e-07
2013-04-27 19:54:00,-3.245977132561592e-07
2013-04-27 19:55:00,-3.2456661701884745e-07
2013-04-27 19:56:00,-3.245355237605338e-07
2013-04-27 19:57:00,-3.245044334809329e-07
2013-04-27 19:58:00,-3.2447334617975925e-07
2013-04-27 19:59:00,-3.2444226185672767e-07
2013-04-27 20:00:00,-3.244111805115528e-07
2013-04-27 20:01:00,-3.243801021439494e-07
2013-04-27 20:02:00,-3.243490267536322e-07
2013-04-27 20:03:00,-3.24317954340316e-07
2013-04-27 20:04:00,-3.2428688490371557e-07
2013-04-27 20:05:00,-3.242558184435457e-07
2013-04-27 20:06:00,-3.242247549595214e-07
2013-04-27 20:07:00,-3.241936944513575e-07
2013-04-27 20:08:00,-3.2416263691876885e-07
2013-04-27 20:09:00,0.020029216630067126
2013-04-27 20:10:00,0.019981987329605558
2013-04-27 20:11:00,0.0200622756828443
2013-04-27 20:12:00,0.01996487159598075
2013-04-27 20:13:00,0.019997737492765833
2013-04-27 20:14:00,0.02000218414703924
2013-04-27 20:15:00,-3.277980977115184e-07
2013-04-27 20:16:00,-3.2776669488174214e-07
2013-04-27 20:17:00,-3.277352950573923e-07
2013-04-27 20:18:00,-3.277038982404756e-07
2013-04-27 20:19:00,-3.2767250443160146e-07
2013-04-27 20:20:00,-3.276411136303609e-07
2013-04-27 20:21:00,-3.276097258370448e-07
2013-04-27 20:22:00,-3.2757834105100276e-07
2013-04-27 20:23:00,-3.2754695927160156e-07
2013-04-27 20:24:00,-3.2751558049855323e-07
2013-04-27 20:25:00,-3.274842047315697e-07
2013-04-27 20:26:00,-3.2745283197036305e-07
2013-04-27 20:27:00,-3.2742146221464536e-07
2013-04-27 20:28:00,-3.2739009546412863e-07
2013-04-27 20:29:00,-3.2735873171852496e-07
2013-04-27 20:30:00,-3.2732737097754653e-07
2013-04-27 20:31:00,-3.272960132409055e-07
2013-04-27 20:32:00,-3.27264658508314e-07
2013-04-27 20:33:00,-3.2723330677948427e-07
2013-04-27 20:34:00,-3.2720195805412856e-07
2013-04-27 20:35:00,-3.2717061233195913e-07
2013-04-27 20:36:00,-3.2713926961268836e-07
2013-04-27 20:37:00,-3.2710792989602854e-07
2013-04-27 20:38:00,-3.270765931816919e-07
2013-04-27 20:39:00,-3.2704525946939095e-07
2013-04-27 20:40:00,-3.2701392875883805e-07
2013-04-27 20:41:00,-3.269826010497457e-07
2013-04-27 20:42:00,-3.2695127634182615e-07
2013-04-27 20:43:00,-3.269199546347921e-07
2013-04-27 20:44:00,-3.2688863592835606e-07
2013-04-27 20:45:00,-3.2685732022223045e-07
2013-04-27 20:46:00,-3.2682600751612787e-07
2013-04-27 20:47:00,-3.267946978097611e-07
2013-04-27 20:48:00,-3.2676339110284257e-07
2013-04-27 20:49:00,-3.26732087395085e-07
2013-04-27 20:50:00,-3.26700786686201e-07
2013-04-27 20:51:00,-3.266694889759034e-07
2013-04-27 20:52:00,-3.266381942639049e-07
2013-04-27 20:53:00,-3.2660690254991827e-07
2013-04-27 20:54:00,-3.265756138336562e-07
2013-04-27 20:55:00,-3.2654432811483166e-07
2013-04-27 20:56:00,-3.265130453931575e-07
2013-04-27 20:57:00,-3.2648176566834636e-07
2013-04-27 20:58:00,-3.264504889401114e-07
2013-04-27 20:59:00,-3.264192152081655e-07
2013-04-27 21:00:00,-3.263879444722215e-07
2013-04-27 21:01:00,-3.263566767319924e-07
2013-04-27 21:02:00,-3.2632541198719134e-07
2013-04-27 21:03:00,-3.2629415023753134e-07
2013-04-27 21:04:00,-3.262628914827254e-07
2013-04-27 21:05:00,-3.2623163572248663e-07
2013-04-27 21:06:00,-3.2620038295652816e-07
2013-04-27 21:07:00,-3.261691331845632e-07
2013-04-27 21:08:00,-3.2613788640630475e-07
2013-04-27 21:09:00,-3.2610664262146616e-07
2013-04-27 21:10:00,-3.260754018297606e-07
2013-04-27 21:11:00,-3.260441640309014e-07
2013-04-27 21:12:00,-3.260129292246019e-07
2013-04-27 21:13:00,-3.2598169741057516e-07
2013-04-27 21:14:00,-3.2595046858853483e-07
2013-04-27 21:15:00,-3.2591924275819407e-07
2013-04-27 21:16:00,-3.258880199192664e-07
2013-04-27 21:17:00,-3.2585680007146514e-07
2013-04-27 21:18:00,-3.258255832145038e-07
2013-04-27 21:19:00,-3.257943693480959e-07
2013-04-27 21:20:00,-3.2576315847195484e-07
2013-04-27 21:21:00,-3.2573195058579414e-07
2013-04-27 21:22:00,-3.2570074568932755e-07
2013-04-27 21:23:00,-3.256695437822686e-07
2013-04-27 21:24:00,-3.2563834486433076e-07
2013-04-27 21:25:00,-3.2560714893522776e-07
2013-04-27 21:26:00,-3.255759559946733e-07
2013-04-27 21:27:00,-3.2554476604238105e-07
2013-04-27 21:28:00,-3.2551357907806464e-07
2013-04-27 21:29:00,-3.2548239510143805e-07
2013-04-27 21:30:00,-3.2545121411221493e-07
2013-04-27 21:31:00,-3.254200361101091e-07
2013-04-27 21:32:00,-3.2538886109483437e-07
2013-04-27 21:33:00,-3.2535768906610465e-07
2013-04-27 21:34:00,-3.253265200236338e-07
2013-04-27 21:35:00,-3.2529535396713567e-07
2013-04-27 21:36:00,-3.2526419089632433e-07
2013-04-27 21:37:00,-3.2523303081091365e-07
2013-04-27 21:38:00,-3.2520187371061775e-07
2013-04-27 21:39:00,-3.2517071959515066e-07
2013-04-27 21:40:00,-3.2513956846422623e-07
2013-04-27 21:41:00,-3.2510842031755876e-07
2013-04-27 21:42:00,-3.250772751548623e-07
2013-04-27 21:43:00,-3.2504613297585105e-07
2013-04-27 21:44:00,-3.25014993780239e-07
2013-04-27 21:45:00,-3.249838575677404e-07
2013-04-27 21:46:00,-3.2495272433806953e-07
2013-04-27 21:47:00,-3.2492159409094067e-07
2013-04-27 21:48:00,-3.24890466826068e-07
2013-04-27 21:49:00,-3.2485934254316587e-07
2013-04-27 21:50:00,-3.248282212419486e-07
2013-04-27 21:51:00,-3.247971029221305e-07
2013-04-27 21:52:00,-3.2476598758342604e-07
2013-04-27 21:53:00,-3.247348752255496e-07
2013-04-27 21:54:00,-3.247037658482156e-07
2013-04-27 21:55:00,-3.246726594511385e-07
2013-04-27 21:56:00,-3.2464155603403284e-07
2013-04-27 21:57:00,-3.2461045559661306e-07
2013-04-27 21:58:00,-3.2457935813859377e-07
2013-04-27 21:59:00,-3.245482636596895e-07
2013-04-27 22:00:00,-3.2451717215961495e-07
2013-04-27 22:01:00,-3.244860836380847e-07
2013-04-27 22:02:00,-3.244549980948134e-07
2013-04-27 22:03:00,-3.244239155295157e-07
2013-04-27 22:04:00,-3.2439283594190643e-07
2013-04-27 22:05:00,-3.2436175933170017e-07
2013-04-27 22:06:00,-3.243306856986118e-07
2013-04-27 22:07:00,-3.24299615042356e-07
2013-04-27 22:08:00,-3.242685473626477e-07
2013-04-27 22:09:00,-3.242374826592017e-07
2013-04-27 22:10:00,-3.2420642093173285e-07
2013-04-27 22:11:00,-3.2417536217995617e-07
2013-04-27 22:12:00,-3.2414430640358647e-07
2013-04-27 22:13:00,-3.2411325360233874e-07
2013-04-27 22:14:00,-3.2408220377592805e-07
2013-04-27 22:15:00,-3.240511569240692e-07
2013-04-27 22:16:00,-3.240201130464775e-07
2013-04-27 22:17:00,-3.239890721428679e-07
2013-04-27 22:18:00,-3.2395803421295537e-07
2013-04-27 22:19:00,-3.239269992564552e-07
2013-04-27 22:20:00,-3.238959672730825e-07
2013-04-27 22:21:00,-3.238649382625524e-07
2013-04-27 22:22:00,-3.2383391222458016e-07
2013-04-27 22:23:00,-3.2380288915888096e-07
2013-04-27 22:24:00,-3.2377186906517013e-07
2013-04-27 22:25:00,-3.2374085194316296e-07
2013-04-27 22:26:00,-3.237098377925746e-07
2013-04-27 22:27:00,-3.236788266131205e-07
2013-04-27 22:28:00,-3.2364781840451603e-07
2013-04-27 22:29:00,-3.2361681316647666e-07
2013-04-27 22:30:00,-3.2358581089871773e-07
2013-04-27 22:31:00,-3.235548116009546e-07
2013-04-27 22:32:00,-3.235238152729029e-07
2013-04-27 22:33:00,-3.23492821914278e-07
2013-04-27 22:34:00,-3.2346183152479555e-07
2013-04-27 22:35:00,-3.234308441041711e-07
2013-04-27 22:36:00,-3.233998596521202e-07
2013-04-27 22:37:00,-3.2336887816835846e-07
2013-04-27 22:38:00,-3.233378996526015e-07
2013-04-27 22:39:00,-3.23306924104565e-07
2013-04-27 22:40:00,-3.232759515239647e-07
2013-04-27 22:41:00,-3.2324498191051626e-07
2013-04-27 22:42:00,-3.2321401526393547e-07
2013-04-27 22:43:00,-3.2318305158393807e-07
2013-04-27 22:44:00,-3.231520908702399e-07
2013-04-27 22:45:00,-3.231211331225567e-07
2013-04-27 22:46:00,-3.230901783406044e-07
2013-04-27 22:47:00,-3.230592265240989e-07
2013-04-27 22:48:00,-3.2302827767275613e-07
2013-04-27 22:49:00,-3.2299733178629203e-07
2013-04-27 22:50:00,-3.229663888644225e-07
2013-04-27 22:51:00,-3.2293544890686355e-07
2013-04-27 22:52:00,-3.2290451191333135e-07
2013-04-27 22:53:00,-3.228735778835417e-07
2013-04-27 22:54:00,-3.228426468172108e-07
2013-04-27 22:55:00,-3.228117187140547e-07
2013-04-27 22:56:00,-3.2278079357378965e-07
2013-04-27 22:57:00,-3.227498713961317e-07
2013-04-27 22:58:00,-3.227189521807971e-07
2013-04-27 22:59:00,-3.22688035927502e-07
2013-04-27 23:00:00,-3.2265712263596265e-07
2013-04-27 23:01:00,-3.2262621230589536e-07
2013-04-27 23:02:00,-3.2259530493701644e-07
2013-04-27 23:03:00,-3.2256440052904214e-07
2013-04-27 23:04:00,-3.225334990816888e-07
2013-04-27 23:05:00,-3.2250260059467287e-07
2013-04-27 23:06:00,-3.224717050677107e-07
2013-04-27 23:07:00,-3.2244081250051865e-07
2013-04-27 23:08:00,-3.224099228928133e-07
2013-04-27 23:09:00,-3.223790362443111e-07
2013-04-27 23:10:00,-3.223481525547285e-07
2013-04-27 23:11:00,-3.223172718237821e-07
2013-04-27 23:12:00,-3.222863940511885e-07
2013-04-27 23:13:00,-3.222555192366642e-07
2013-04-27 23:14:00,-3.222246473799259e-07
2013-04-27 23:15:00,-3.2219377848069013e-07
2013-04-27 23:16:00,-3.221629125386737e-07
2013-04-27 23:17:00,-3.221320495535933e-07
2013-04-27 23:18:00,-3.221011895251656e-07
2013-04-27 23:19:00,-3.220703324531073e-07
2013-04-27 23:20:00,-3.220394783371353e-07
2013-04-27 23:21:00,-3.220086271769663e-07
2013-04-27 23:22:00,-3.2197777897231723e-07
2013-04-27 23:23:00,-3.2194693372290486e-07
2013-04-27 23:24:00,-3.2191609142844623e-07
2013-04-27 23:25:00,-3.218852520886581e-07
2013-04-27 23:26:00,-3.218544157032575e-07
2013-04-27 23:27:00,-3.218235822719613e-07
2013-04-27 23:28:00,-3.217927517944867e-07
2013-04-27 23:29:00,-3.217619242705505e-07
2013-04-27 23:30:00,-3.2173109969986995e-07
2013-04-27 23:31:00,-3.2170027808216196e-07
2013-04-27 23:32:00,-3.216694594171437e-07
2013-04-27 23:33:00,-3.216386437045324e-07
2013-04-27 23:34:00,-3.21607830944045e-07
2013-04-27 23:35:00,-3.2157702113539895e-07
2013-04-27 23:36:00,-3.2154621427831136e-07
2013-04-27 23:37:00,-3.215154103724993e-07
2013-04-27 23:38:00,-3.2148460941768034e-07
2013-04-27 23:39:00,-3.2145381141357164e-07
2013-04-27 23:40:00,-3.214230163598905e-07
2013-04-27 23:41:00,-3.213922242563542e-07
2013-04-27 23:42:00,-3.2136143510268033e-07
2013-04-27 23:43:00,-3.213306488985861e-07
2013-04-27 23:44:00,-3.2129986564378896e-07
2013-04-27 23:45:00,-3.212690853380065e-07
2013-04-27 23:46:00,-3.2123830798095614e-07
2013-04-27 23:47:00,-3.212075335723553e-07
2013-04-27 23:48:00,-3.2117676211192167e-07
2013-04-27 23:49:00,-3.2114599359937275e-07
2013-04-27 23:50:00,-3.211152280344261e-07
2013-04-27 23:51:00,-3.2108446541679935e-07
2013-04-27 23:52:00,-3.210537057462102e-07
2013-04-27 23:53:00,-3.210229490223764e-07
2013-04-27 23:54:00,-3.209921952450155e-07
2013-04-27 23:55:00,-3.209614444138452e-07
2013-04-27 23:56:00,-3.209306965285834e-07
2013-04-27 23:57:00,-3.2089995158894783e-07
2013-04-27 23:58:00,-3.2086920959465633e-07
2013-04-27 23:59:00,-3.2083847054542666e-07
2013-04-28 00:00:00,-3.2080773444097675e-07
2013-04-28 00:01:00,-3.207770012810245e-07
2013-04-28 00:02:00,-3.207462710652877e-07
2013-04-28 00:03:00,-3.207155437934845e-07
2013-04-28 00:04:00,-3.2068481946533274e-07
2013-04-28 00:05:00,-3.2065409808055044e-07
2013-04-28 00:06:00,-3.2062337963885564e-07
2013-04-28 00:07:00,-3.2059266413996644e-07
2013-04-28 00:08:00,-3.205619515836008e-07
2013-04-28 00:09:00,-3.2053124196947693e-07
2013-04-28 00:10:00,-3.20500535297313e-07
2013-04-28 00:11:00,-3.2046983156682696e-07
2013-04-28 00:12:00,-3.2043913077773723e-07
2013-04-28 00:13:00,-3.20408432929762e-07
2013-04-28 00:14:00,-3.203777380226194e-07
2013-04-28 00:15:00,-3.203470460560278e-07
2013-04-28 00:16:00,-3.2031635702970546e-07
2013-04-28 00:17:00,-3.202856709433707e-07
2013-04-28 00:18:00,-3.2025498779674175e-07
2013-04-28 00:19:00,-3.202243075895372e-07
2013-04-28 00:20:00,-3.201936303214754e-07
2013-04-28 00:21:00,-3.201629559922747e-07
2013-04-28 00:22:00,-3.201322846016536e-07
2013-04-28 00:23:00,-3.2010161614933064e-07
2013-04-28 00:24:00,-3.2007095063502424e-07
2013-04-28 00:25:00,-3.20040288058453e-07
2013-04-28 00:26:00,-3.2000962841933546e-07
2013-04-28 00:27:00,-3.199789717173903e-07
2013-04-28 00:28:00,-3.1994831795233596e-07
2013-04-28 00:29:00,-3.1991766712389125e-07
2013-04-28 00:30:00,-3.1988701923177476e-07
2013-04-28 00:31:00,-3.1985637427570524e-07
2013-04-28 00:32:00,-3.1982573225540145e-07
2013-04-28 00:33:00,-3.1979509317058204e-07
2013-04-28 00:34:00,-3.197644570209659e-07
2013-04-28 00:35:00,-3.197338238062717e-07
2013-04-28 00:36:00,-3.1970319352621834e-07
2013-04-28 00:37:00,-3.1967256618052484e-07
2013-04-28 00:38:00,-3.196419417689099e-07
2013-04-28 00:39:00,-3.196113202910925e-07
2013-04-28 00:40:00,-3.195807017467916e-07
2013-04-28 00:41:00,-3.1955008613572614e-07
2013-04-28 00:42:00,-3.195194734576151e-07
2013-04-28 00:43:00,-3.1948886371217754e-07
2013-04-28 00:44:00,-3.1945825689913246e-07
2013-04-28 00:45:00,-3.1942765301819904e-07
2013-04-28 00:46:00,-3.193970520690963e-07
2013-04-28 00:47:00,-3.193664540515434e-07
2013-04-28 00:48:00,-3.193358589652596e-07
2013-04-28 00:49:00,-3.1930526680996387e-07
2013-04-28 00:50:00,-3.1927467758537563e-07
2013-04-28 00:51:00,-3.192440912912139e-07
2013-04-28 00:52:00,-3.192135079271982e-07
2013-04-28 00:53:00,-3.191829274930476e-07
2013-04-28 00:54:00,-3.1915234998848167e-07
2013-04-28 00:55:00,-3.1912177541321957e-07
2013-04-28 00:56:00,-3.1909120376698066e-07
2013-04-28 00:57:00,-3.1906063504948443e-07
2013-04-28 00:58:00,-3.190300692604503e-07
2013-04-28 00:59:00,-3.189995063995977e-07
2013-04-28 01:00:00,-3.1896894646664606e-07
2013-04-28 01:01:00,-3.1893838946131495e-07
2013-04-28 01:02:00,-3.1890783538332394e-07
2013-04-28 01:03:00,-3.188772842323925e-07
2013-04-28 01:04:00,-3.188467360082403e-07
2013-04-28 01:05:00,-3.18816190710587e-07
2013-04-28 01:06:00,-3.1878564833915215e-07
2013-04-28 01:07:00,-3.187551088936554e-07
2013-04-28 01:08:00,-3.1872457237381644e-07
2013-04-28 01:09:00,-3.1869403877935516e-07
2013-04-28 01:10:00,-3.1866350810999114e-07
2013-04-28 01:11:00,-3.186329803654442e-07
2013-04-28 01:12:00,-3.1860245554543413e-07
2013-04-28 01:13:00,-3.1857193364968083e-07
2013-04-28 01:14:00,-3.185414146779041e-07
2013-04-28 01:15:00,-3.185108986298239e-07
2013-04-28 01:16:00,-3.1848038550516e-07
2013-04-28 01:17:00,-3.184498753036325e-07
2013-04-28 01:18:00,-3.184193680249612e-07
2013-04-28 01:19:00,-3.183888636688662e-07
2013-04-28 01:20:00,-3.1835836223506757e-07
2013-04-28 01:21:00,-3.1832786372328524e-07
2013-04-28 01:22:00,-3.182973681332393e-07
2013-04-28 01:23:00,-3.1826687546464987e-07
2013-04-28 01:24:00,-3.182363857172371e-07
2013-04-28 01:25:00,-3.182058988907211e-07
2013-04-28 01:26:00,-3.1817541498482207e-07
2013-04-28 01:27:00,-3.1814493399926024e-07
2013-04-28 01:28:00,-3.181144559337559e-07
2013-04-28 01:29:00,-3.180839807880292e-07
2013-04-28 01:30:00,-3.1805350856180046e-07
2013-04-28 01:31:00,-3.1802303925479e-07
2013-04-28 01:32:00,-3.1799257286671817e-07
2013-04-28 01:33:00,-3.1796210939730535e-07
2013-04-28 01:34:00,-3.1793164884627187e-07
2013-04-28 01:35:00,-3.1790119121333826e-07
2013-04-28 01:36:00,-3.1787073649822483e-07
2013-04-28 01:37:00,-3.1784028470065217e-07
2013-04-28 01:38:00,-3.178098358203407e-07
2013-04-28 01:39:00,-3.17779389857011e-07
2013-04-28 01:40:00,-3.1774894681038356e-07
2013-04-28 01:41:00,-3.17718506680179e-07
2013-04-28 01:42:00,-3.17688069466118e-07
2013-04-28 01:43:00,-3.1765763516792116e-07
2013-04-28 01:44:00,-3.1762720378530916e-07
2013-04-28 01:45:00,-3.1759677531800257e-07
2013-04-28 01:46:00,-3.1756634976572217e-07
2013-04-28 01:47:00,-3.1753592712818877e-07
2013-04-28 01:48:00,-3.175055074051231e-07
2013-04-28 01:49:00,-3.174750905962459e-07
2013-04-28 01:50:00,-3.174446767012781e-07
2013-04-28 01:51:00,-3.1741426571994047e-07
2013-04-28 01:52:00,-3.173838576519538e-07
2013-04-28 01:53:00,-3.173534524970392e-07
2013-04-28 01:54:00,-3.1732305025491746e-07
2013-04-28 01:55:00,-3.172926509253096e-07
2013-04-28 01:56:00,-3.1726225450793654e-07
2013-04-28 01:57:00,-3.172318610025193e-07
2013-04-28 01:58:00,-3.17201470408779e-07
2013-04-28 01:59:00,-3.1717108272643667e-07
2013-04-28 02:00:00,-3.171406979552133e-07
2013-04-28 02:01:00,-3.171103160948301e-07
2013-04-28 02:02:00,-3.1707993714500824e-07
2013-04-28 02:03:00,-3.170495611054688e-07
2013-04-28 02:04:00,-3.1701918797593297e-07
2013-04-28 02:05:00,-3.169888177561221e-07
2013-04-28 02:06:00,-3.169584504457573e-07
2013-04-28 02:07:00,-3.1692808604456e-07
2013-04-28 02:08:00,-3.1689772455225133e-07
2013-04-28 02:09:00,-3.1686736596855277e-07
2013-04-28 02:10:00,-3.1683701029318566e-07
2013-04-28 02:11:00,-3.168066575258713e-07
2013-04-28 02:12:00,-3.1677630766633107e-07
2013-04-28 02:13:00,-3.167459607142865e-07
2013-04-28 02:14:00,-3.1671561666945903e-07
2013-04-28 02:15:00,-3.166852755315702e-07
2013-04-28 02:16:00,-3.166549373003415e-07
2013-04-28 02:17:00,-3.166246019754944e-07
2013-04-28 02:18:00,-3.1659426955675055e-07
2013-04-28 02:19:00,-3.165639400438315e-07
2013-04-28 02:20:00,-3.1653361343645884e-07
2013-04-28 02:21:00,-3.165032897343543e-07
2013-04-28 02:22:00,-3.164729689372395e-07
2013-04-28 02:23:00,-3.164426510448362e-07
2013-04-28 02:24:00,-3.1641233605686605e-07
2013-04-28 02:25:00,-3.163820239730509e-07
2013-04-28 02:26:00,-3.1635171479311254e-07
2013-04-28 02:27:00,-3.1632140851677283e-07
2013-04-28 02:28:00,-3.162911051437534e-07
2013-04-28 02:29:00,-3.162608046737763e-07
2013-04-28 02:30:00,-3.162305071065633e-07
2013-04-28 02:31:00,-3.162002124418365e-07
2013-04-28 02:32:00,-3.1616992067931754e-07
2013-04-28 02:33:00,-3.161396318187286e-07
2013-04-28 02:34:00,-3.1610934585979164e-07
2013-04-28 02:35:00,-3.1607906280222866e-07
2013-04-28 02:36:00,-3.160487826457617e-07
2013-04-28 02:37:00,-3.16018505390113e-07
2013-04-28 02:38:00,-3.159882310350045e-07
2013-04-28 02:39:00,-3.159579595801583e-07
2013-04-28 02:40:00,-3.159276910252967e-07
2013-04-28 02:41:00,-3.1589742537014174e-07
2013-04-28 02:42:00,-3.158671626144157e-07
2013-04-28 02:43:00,-3.1583690275784073e-07
2013-04-28 02:44:00,-3.1580664580013927e-07
2013-04-28 02:45:00,-3.157763917410336e-07
2013-04-28 02:46:00,-3.157461405802458e-07
2013-04-28 02:47:00,-3.1571589231749844e-07
2013-04-28 02:48:00,-3.1568564695251377e-07
2013-04-28 02:49:00,-3.156554044850142e-07
2013-04-28 02:50:00,-3.156251649147222e-07
2013-04-28 02:51:00,-3.1559492824136026e-07
2013-04-28 02:52:00,-3.155646944646508e-07
2013-04-28 02:53:00,-3.1553446358431627e-07
2013-04-28 02:54:00,-3.1550423560007927e-07
2013-04-28 02:55:00,-3.154740105116624e-07
2013-04-28 02:56:00,-3.154437883187881e-07
2013-04-28 02:57:00,-3.154135690211791e-07
2013-04-28 02:58:00,-3.15383352618558e-07
2013-04-28 02:59:00,-3.1535313911064736e-07
2013-04-28 03:00:00,-3.1532292849717e-07
2013-04-28 03:01:00,-3.152927207778486e-07
2013-04-28 03:02:00,-3.152625159524059e-07
2013-04-28 03:03:00,-3.1523231402056466e-07
2013-04-28 03:04:00,-3.152021149820477e-07
2013-04-28 03:05:00,-3.151719188365778e-07
2013-04-28 03:06:00,-3.1514172558387793e-07
2013-04-28 03:07:00,-3.151115352236708e-07
2013-04-28 03:08:00,-3.1508134775567933e-07
2013-04-28 03:09:00,-3.150511631796266e-07
2013-04-28 03:10:00,-3.1502098149523537e-07
2013-04-28 03:11:00,-3.149908027022288e-07
2013-04-28 03:12:00,-3.149606268003297e-07
2013-04-28 03:13:00,-3.149304537892613e-07
2013-04-28 03:14:00,-3.1490028366874656e-07
2013-04-28 03:15:00,-3.1487011643850854e-07
2013-04-28 03:16:00,-3.148399520982704e-07
2013-04-28 03:17:00,-3.1480979064775524e-07
2013-04-28 03:18:00,-3.1477963208668636e-07
2013-04-28 03:19:00,-3.147494764147868e-07
2013-04-28 03:20:00,-3.1471932363177983e-07
2013-04-28 03:21:00,-3.146891737373887e-07
2013-04-28 03:22:00,-3.146590267313367e-07
2013-04-28 03:23:00,-3.146288826133471e-07
2013-04-28 03:24:00,-3.1459874138314324e-07
2013-04-28 03:25:00,-3.145686030404484e-07
2013-04-28 03:26:00,-3.145384675849861e-07
2013-04-28 03:27:00,-3.1450833501647974e-07
2013-04-28 03:28:00,-3.144782053346526e-07
2013-04-28 03:29:00,-3.1444807853922824e-07
2013-04-28 03:30:00,-3.1441795462993017e-07
2013-04-28 03:31:00,-3.1438783360648186e-07
2013-04-28 03:32:00,-3.143577154686068e-07
2013-04-28 03:33:00,-3.143276002160286e-07
2013-04-28 03:34:00,-3.142974878484709e-07
2013-04-28 03:35:00,-3.1426737836565723e-07
2013-04-28 03:36:00,-3.142372717673112e-07
2013-04-28 03:37:00,-3.1420716805315667e-07
2013-04-28 03:38:00,-3.141770672229172e-07
2013-04-28 03:39:00,-3.141469692763165e-07
2013-04-28 03:40:00,-3.1411687421307834e-07
2013-04-28 03:41:00,-3.140867820329265e-07
2013-04-28 03:42:00,-3.1405669273558486e-07
2013-04-28 03:43:00,-3.1402660632077713e-07
2013-04-28 03:44:00,-3.1399652278822717e-07
2013-04-28 03:45:00,-3.139664421376589e-07
2013-04-28 03:46:00,-3.1393636436879625e-07
2013-04-28 03:47:00,-3.1390628948136313e-07
2013-04-28 03:48:00,-3.1387621747508346e-07
2013-04-28 03:49:00,-3.138461483496813e-07
2013-04-28 03:50:00,-3.138160821048807e-07
2013-04-28 03:51:00,-3.137860187404056e-07
2013-04-28 03:52:00,-3.1375595825598016e-07
2013-04-28 03:53:00,-3.1372590065132836e-07
2013-04-28 03:54:00,-3.136958459261744e-07
2013-04-28 03:55:00,-3.136657940802424e-07
2013-04-28 03:56:00,-3.1363574511325653e-07
2013-04-28 03:57:00,-3.13605699024941e-07
2013-04-28 03:58:00,-3.1357565581502e-07
2013-04-28 03:59:00,-3.135456154832179e-07
2013-04-28 04:00:00,-3.1351557802925886e-07
2013-04-28 04:01:00,-3.134855434528672e-07
2013-04-28 04:02:00,-3.134555117537673e-07
2013-04-28 04:03:00,-3.1342548293168345e-07
2013-04-28 04:04:00,-3.1339545698634003e-07
2013-04-28 04:05:00,-3.133654339174616e-07
2013-04-28 04:06:00,-3.133354137247724e-07
2013-04-28 04:07:00,-3.13305396407997e-07
2013-04-28 04:08:00,-3.132753819668599e-07
2013-04-28 04:09:00,-3.132453704010855e-07
2013-04-28 04:10:00,-3.132153617103985e-07
2013-04-28 04:11:00,-3.131853558945234e-07
2013-04-28 04:12:00,-3.131553529531847e-07
2013-04-28 04:13:00,-3.131253528861072e-07
2013-04-28 04:14:00,-3.1309535569301536e-07
2013-04-28 04:15:00,-3.13065361373634e-07
2013-04-28 04:16:00,-3.130353699276879e-07
2013-04-28 04:17:00,-3.130053813549015e-07
2013-04-28 04:18:00,-3.1297539565499974e-07
2013-04-28 04:19:00,-3.1294541282770745e-07
2013-04-28 04:20:00,-3.129154328727492e-07
2013-04-28 04:21:00,-3.1288545578985015e-07
2013-04-28 04:22:00,-3.128554815787349e-07
2013-04-28 04:23:00,-3.1282551023912846e-07
2013-04-28 04:24:00,-3.127955417707557e-07
2013-04-28 04:25:00,-3.1276557617334154e-07
2013-04-28 04:26:00,-3.12735613446611e-07
2013-04-28 04:27:00,-3.1270565359028906e-07
2013-04-28 04:28:00,-3.126756966041007e-07
2013-04-28 04:29:00,-3.1264574248777096e-07
2013-04-28 04:30:00,-3.1261579124102485e-07
2013-04-28 04:31:00,-3.1258584286358765e-07
2013-04-28 04:32:00,-3.1255589735518435e-07
2013-04-28 04:33:00,-3.1252595471554013e-07
2013-04-28 04:34:00,-3.1249601494438024e-07
2013-04-28 04:35:00,-3.124660780414297e-07
2013-04-28 04:36:00,-3.124361440064139e-07
2013-04-28 04:37:00,-3.124062128390579e-07
2013-04-28 04:38:00,-3.123762845390872e-07
2013-04-28 04:39:00,-3.12346359106227e-07
2013-04-28 04:40:00,-3.123164365402027e-07
2013-04-28 04:41:00,-3.122865168407396e-07
2013-04-28 04:42:00,-3.122566000075631e-07
2013-04-28 04:43:00,-3.1222668604039863e-07
2013-04-28 04:44:00,-3.121967749389716e-07
2013-04-28 04:45:00,-3.1216686670300747e-07
2013-04-28 04:46:00,-3.1213696133223176e-07
2013-04-28 04:47:00,-3.1210705882637003e-07
2013-04-28 04:48:00,-3.120771591851476e-07
2013-04-28 04:49:00,-3.120472624082903e-07
2013-04-28 04:50:00,-3.1201736849552353e-07
2013-04-28 04:51:00,-3.119874774465731e-07
2013-04-28 04:52:00,-3.1195758926116454e-07
2013-04-28 04:53:00,-3.119277039390235e-07
2013-04-28 04:54:00,-3.118978214798758e-07
2013-04-28 04:55:00,-3.118679418834471e-07
2013-04-28 04:56:00,-3.1183806514946313e-07
2013-04-28 04:57:00,-3.118081912776497e-07
2013-04-28 04:58:00,-3.117783202677326e-07
2013-04-28 04:59:00,-3.117484521194377e-07
2013-04-28 05:00:00,-3.117185868324908e-07
2013-04-28 05:01:00,-3.1168872440661794e-07
2013-04-28 05:02:00,-3.116588648415448e-07
2013-04-28 05:03:00,-3.116290081369974e-07
2013-04-28 05:04:00,-3.115991542927018e-07
2013-04-28 05:05:00,-3.1156930330838383e-07
2013-04-28 05:06:00,-3.115394551837696e-07
2013-04-28 05:07:00,-3.115096099185852e-07
2013-04-28 05:08:00,-3.114797675125566e-07
2013-04-28 05:09:00,-3.1144992796540993e-07
2013-04-28 05:10:00,-3.114200912768714e-07
2013-04-28 05:11:00,-3.11390257446667e-07
2013-04-28 05:12:00,-3.1136042647452296e-07
2013-04-28 05:13:00,-3.113305983601655e-07
2013-04-28 05:14:00,-3.1130077310332096e-07
2013-04-28 05:15:00,-3.112709507037154e-07
2013-04-28 05:16:00,-3.112411311610752e-07
2013-04-28 05:17:00,-3.1121131447512666e-07
2013-04-28 05:18:00,-3.1118150064559607e-07
2013-04-28 05:19:00,-3.1115168967220976e-07
2013-04-28 05:20:00,-3.1112188155469423e-07
2013-04-28 05:21:00,-3.110920762927758e-07
2013-04-28 05:22:00,-3.11062273886181e-07
2013-04-28 05:23:00,-3.110324743346361e-07
2013-04-28 05:24:00,-3.1100267763786773e-07
2013-04-28 05:25:00,-3.109728837956024e-07
2013-04-28 05:26:00,-3.109430928075666e-07
2013-04-28 05:27:00,-3.1091330467348695e-07
2013-04-28 05:28:00,-3.1088351939309004e-07
2013-04-28 05:29:00,-3.108537369661025e-07
2013-04-28 05:30:00,-3.1082395739225093e-07
2013-04-28 05:31:00,-3.1079418067126203e-07
2013-04-28 05:32:00,-3.107644068028624e-07
2013-04-28 05:33:00,-3.1073463578677895e-07
2013-04-28 05:34:00,-3.107048676227383e-07
2013-04-28 05:35:00,-3.106751023104672e-07
2013-04-28 05:36:00,-3.106453398496926e-07
2013-04-28 05:37:00,-3.106155802401412e-07
2013-04-28 05:38:00,-3.1058582348153994e-07
2013-04-28 05:39:00,-3.1055606957361567e-07
2013-04-28 05:40:00,-3.105263185160952e-07
2013-04-28 05:41:00,-3.1049657030870553e-07
2013-04-28 05:42:00,-3.104668249511736e-07
2013-04-28 05:43:00,-3.104370824432265e-07
2013-04-28 05:44:00,-3.104073427845912e-07
2013-04-28 05:45:00,-3.103776059749947e-07
2013-04-28 05:46:00,-3.103478720141641e-07
2013-04-28 05:47:00,-3.1031814090182647e-07
2013-04-28 05:48:00,-3.102884126377089e-07
2013-04-28 05:49:00,-3.102586872215385e-07
2013-04-28 05:50:00,-3.102289646530425e-07
2013-04-28 05:51:00,-3.1019924493194813e-07
2013-04-28 05:52:00,-3.1016952805798254e-07
2013-04-28 05:53:00,-3.10139814030873e-07
2013-04-28 05:54:00,-3.1011010285034677e-07
2013-04-28 05:55:00,-3.100803945161312e-07
2013-04-28 05:56:00,-3.100506890279536e-07
2013-04-28 05:57:00,-3.1002098638554123e-07
2013-04-28 05:58:00,-3.0999128658862156e-07
2013-04-28 05:59:00,-3.09961589636922e-07
2013-04-28 06:00:00,-3.099318955301699e-07
2013-04-28 06:01:00,-3.099022042680928e-07
2013-04-28 06:02:00,-3.0987251585041814e-07
2013-04-28 06:03:00,-3.0984283027687355e-07
2013-04-28 06:04:00,-3.098131475471864e-07
2013-04-28 06:05:00,-3.0978346766108427e-07
2013-04-28 06:06:00,-3.0975379061829484e-07
2013-04-28 06:07:00,-3.097241164185456e-07
2013-04-28 06:08:00,-3.0969444506156425e-07
2013-04-28 06:09:00,-3.096647765470785e-07
2013-04-28 06:10:00,-3.0963511087481595e-07
2013-04-28 06:11:00,-3.0960544804450436e-07
2013-04-28 06:12:00,-3.095757880558716e-07
2013-04-28 06:13:00,-3.0954613090864523e-07
2013-04-28 06:14:00,-3.095164766025531e-07
2013-04-28 06:15:00,-3.094868251373231e-07
2013-04-28 06:16:00,-3.0945717651268315e-07
2013-04-28 06:17:00,-3.0942753072836085e-07
2013-04-28 06:18:00,-3.0939788778408433e-07
2013-04-28 06:19:00,-3.093682476795815e-07
2013-04-28 06:20:00,-3.093386104145802e-07
2013-04-28 06:21:00,-3.093089759888085e-07
2013-04-28 06:22:00,-3.092793444019944e-07
2013-04-28 06:23:00,-3.092497156538658e-07
2013-04-28 06:24:00,-3.0922008974415086e-07
2013-04-28 06:25:00,-3.091904666725777e-07
2013-04-28 06:26:00,-3.091608464388744e-07
2013-04-28 06:27:00,-3.091312290427691e-07
2013-04-28 06:28:00,-3.0910161448398993e-07
2013-04-28 06:29:00,-3.090720027622652e-07
2013-04-28 06:30:00,-3.0904239387732286e-07
2013-04-28 06:31:00,-3.090127878288914e-07
2013-04-28 06:32:00,-3.089831846166989e-07
2013-04-28 06:33:00,-3.0895358424047377e-07
2013-04-28 06:34:00,-3.089239866999443e-07
2013-04-28 06:35:00,-3.088943919948388e-07
2013-04-28 06:36:00,-3.088648001248857e-07
2013-04-28 06:37:00,-3.0883521108981334e-07
2013-04-28 06:38:00,-3.088056248893501e-07
2013-04-28 06:39:00,-3.087760415232245e-07
2013-04-28 06:40:00,-3.08746460991165e-07
2013-04-28 06:41:00,-3.087168832929e-07
2013-04-28 06:42:00,-3.086873084281583e-07
2013-04-28 06:43:00,-3.086577363966682e-07
2013-04-28 06:44:00,-3.086281671981583e-07
2013-04-28 06:45:00,-3.0859860083235726e-07
2013-04-28 06:46:00,-3.085690372989937e-07
2013-04-28 06:47:00,-3.0853947659779635e-07
2013-04-28 06:48:00,-3.085099187284937e-07
2013-04-28 06:49:00,-3.084803636908146e-07
2013-04-28 06:50:00,-3.0845081148448783e-07
2013-04-28 06:51:00,-3.08421262109242e-07
2013-04-28 06:52:00,-3.083917155648059e-07
2013-04-28 06:53:00,-3.0836217185090847e-07
2013-04-28 06:54:00,-3.0833263096727845e-07
2013-04-28 06:55:00,-3.0830309291364475e-07
2013-04-28 06:56:00,-3.082735576897363e-07
2013-04-28 06:57:00,-3.0824402529528183e-07
2013-04-28 06:58:00,-3.082144957300105e-07
2013-04-28 06:59:00,-3.0818496899365114e-07
2013-04-28 07:00:00,-3.081554450859328e-07
2013-04-28 07:01:00,-3.081259240065845e-07
2013-04-28 07:02:00,-3.080964057553352e-07
2013-04-28 07:03:00,-3.0806689033191407e-07
2013-04-28 07:04:00,-3.0803737773605015e-07
2013-04-28 07:05:00,-3.0800786796747257e-07
2013-04-28 07:06:00,-3.079783610259106e-07
2013-04-28 07:07:00,-3.079488569110932e-07
2013-04-28 07:08:00,-3.0791935562274964e-07
2013-04-28 07:09:00,-3.078898571606093e-07
2013-04-28 07:10:00,-3.0786036152440127e-07
2013-04-28 07:11:00,-3.078308687138548e-07
2013-04-28 07:12:00,-3.078013787286993e-07
2013-04-28 07:13:00,-3.077718915686641e-07
2013-04-28 07:14:00,-3.0774240723347846e-07
2013-04-28 07:15:00,-3.0771292572287186e-07
2013-04-28 07:16:00,-3.076834470365737e-07
2013-04-28 07:17:00,-3.076539711743133e-07
2013-04-28 07:18:00,-3.0762449813582026e-07
2013-04-28 07:19:00,-3.07595027920824e-07
2013-04-28 07:20:00,-3.07565560529054e-07
2013-04-28 07:21:00,-3.075360959602399e-07
2013-04-28 07:22:00,-3.0750663421411113e-07
2013-04-28 07:23:00,-3.074771752903974e-07
2013-04-28 07:24:00,-3.074477191888281e-07
2013-04-28 07:25:00,-3.074182659091332e-07
2013-04-28 07:26:00,-3.073888154510422e-07
2013-04-28 07:27:00,-3.073593678142847e-07
2013-04-28 07:28:00,-3.0732992299859056e-07
2013-04-28 07:29:00,-3.0730048100368947e-07
2013-04-28 07:30:00,-3.072710418293112e-07
2013-04-28 07:31:00,-3.072416054751856e-07
2013-04-28 07:32:00,-3.072121719410424e-07
2013-04-28 07:33:00,-3.0718274122661156e-07
2013-04-28 07:34:00,-3.0715331333162287e-07
2013-04-28 07:35:00,-3.071238882558062e-07
2013-04-28 07:36:00,-3.070944659988916e-07
2013-04-28 07:37:00,-3.070650465606089e-07
2013-04-28 07:38:00,-3.070356299406881e-07
2013-04-28 07:39:00,-3.070062161388592e-07
2013-04-28 07:40:00,-3.0697680515485236e-07
2013-04-28 07:41:00,-3.069473969883974e-07
2013-04-28 07:42:00,-3.069179916392246e-07
2013-04-28 07:43:00,-3.068885891070639e-07
2013-04-28 07:44:00,-3.0685918939164565e-07
2013-04-28 07:45:00,-3.0682979249269984e-07
2013-04-28 07:46:00,-3.0680039840995673e-07
2013-04-28 07:47:00,-3.067710071431464e-07
2013-04-28 07:48:00,-3.067416186919993e-07
2013-04-28 07:49:00,-3.0671223305624555e-07
2013-04-28 07:50:00,-3.0668285023561535e-07
2013-04-28 07:51:00,-3.066534702298392e-07
2013-04-28 07:52:00,-3.0662409303864736e-07
2013-04-28 07:53:00,-3.0659471866177023e-07
2013-04-28 07:54:00,-3.0656534709893814e-07
2013-04-28 07:55:00,-3.0653597834988153e-07
2013-04-28 07:56:00,-3.0650661241433083e-07
2013-04-28 07:57:00,-3.064772492920165e-07
2013-04-28 07:58:00,-3.064478889826691e-07
2013-04-28 07:59:00,-3.06418531486019e-07
2013-04-28 08:00:00,-3.06389176801797e-07
2013-04-28 08:01:00,-3.0635982492973353e-07
2013-04-28 08:02:00,-3.0633047586955915e-07
2013-04-28 08:03:00,-3.063011296210045e-07
2013-04-28 08:04:00,-3.0627178618380024e-07
2013-04-28 08:05:00,-3.0624244555767707e-07
2013-04-28 08:06:00,-3.062131077423656e-07
2013-04-28 08:07:00,-3.061837727375967e-07
2013-04-28 08:08:00,-3.0615444054310105e-07
2013-04-28 08:09:00,-3.0612511115860946e-07
2013-04-28 08:10:00,-3.060957845838526e-07
2013-04-28 08:11:00,-3.0606646081856143e-07
2013-04-28 08:12:00,-3.0603713986246684e-07
2013-04-28 08:13:00,-3.0600782171529953e-07
2013-04-28 08:14:00,-3.059785063767906e-07
2013-04-28 08:15:00,-3.059491938466709e-07
2013-04-28 08:16:00,-3.059198841246714e-07
2013-04-28 08:17:00,-3.058905772105231e-07
2013-04-28 08:18:00,-3.058612731039569e-07
2013-04-28 08:19:00,-3.0583197180470394e-07
2013-04-28 08:20:00,-3.058026733124953e-07
2013-04-28 08:21:00,-3.0577337762706197e-07
2013-04-28 08:22:00,-3.0574408474813516e-07
2013-04-28 08:23:00,-3.0571479467544596e-07
2013-04-28 08:24:00,-3.0568550740872557e-07
2013-04-28 08:25:00,-3.0565622294770515e-07
2013-04-28 08:26:00,-3.0562694129211597e-07
2013-04-28 08:27:00,-3.055976624416891e-07
2013-04-28 08:28:00,-3.0556838639615606e-07
2013-04-28 08:29:00,-3.0553911315524794e-07
2013-04-28 08:30:00,-3.055098427186961e-07
2013-04-28 08:31:00,-3.05480575086232e-07
2013-04-28 08:32:00,-3.054513102575869e-07
2013-04-28 08:33:00,-3.0542204823249224e-07
2013-04-28 08:34:00,-3.053927890106794e-07
2013-04-28 08:35:00,-3.0536353259187987e-07
2013-04-28 08:36:00,-3.0533427897582516e-07
2013-04-28 08:37:00,-3.0530502816224666e-07
2013-04-28 08:38:00,-3.0527578015087593e-07
2013-04-28 08:39:00,-3.0524653494144455e-07
2013-04-28 08:40:00,0.020029235544356983
2013-04-28 08:41:00,0.019982006242083405
2013-04-28 08:42:00,0.020062294593510346
2013-04-28 08:43:00,0.01996489050483516
2013-04-28 08:44:00,0.019997756399808782
2013-04-28 08:45:00,0.020002203052270906
2013-04-28 08:46:00,-3.088946771563618e-07
2013-04-28 08:47:00,-3.0886508525662695e-07
2013-04-28 08:48:00,-3.0883549619345743e-07
2013-04-28 08:49:00,-3.0880590996424987e-07
2013-04-28 08:50:00,-3.0877632656963485e-07
2013-04-28 08:51:00,-3.087467460086377e-07
2013-04-28 08:52:00,-3.08717168282145e-07
2013-04-28 08:53:00,-3.0868759339010144e-07
2013-04-28 08:54:00,-3.0865802133131215e-07
2013-04-28 08:55:00,-3.086284521055058e-07
2013-04-28 08:56:00,-3.0859888571241085e-07
2013-04-28 08:57:00,-3.08569322151756e-07
2013-04-28 08:58:00,-3.0853976142326995e-07
2013-04-28 08:59:00,-3.085102035266812e-07
2013-04-28 09:00:00,-3.084806484617187e-07
2013-04-28 09:01:00,-3.08451096228111e-07
2013-04-28 09:02:00,-3.08421546825587e-07
2013-04-28 09:03:00,-3.083920002538753e-07
2013-04-28 09:04:00,-3.083624565127048e-07
2013-04-28 09:05:00,-3.083329156018044e-07
2013-04-28 09:06:00,-3.083033775209029e-07
2013-04-28 09:07:00,-3.082738422697293e-07
2013-04-28 09:08:00,-3.082443098480123e-07
2013-04-28 09:09:00,-3.0821478025548097e-07
2013-04-28 09:10:00,-3.0818525349186424e-07
2013-04-28 09:11:00,-3.081557295568912e-07
2013-04-28 09:12:00,-3.0812620845029076e-07
2013-04-28 09:13:00,-3.0809669017179196e-07
2013-04-28 09:14:00,-3.0806717472112393e-07
2013-04-28 09:15:00,-3.0803766209801583e-07
2013-04-28 09:16:00,-3.080081523021965e-07
2013-04-28 09:17:00,-3.0797864533339544e-07
2013-04-28 09:18:00,-3.079491411913416e-07
2013-04-28 09:19:00,-3.079196398757643e-07
2013-04-28 09:20:00,-3.0789014138639263e-07
2013-04-28 09:21:00,-3.07860645722956e-07
2013-04-28 09:22:00,-3.078311528851835e-07
2013-04-28 09:23:00,-3.0780166287280465e-07
2013-04-28 09:24:00,-3.0777217568554867e-07
2013-04-28 09:25:00,-3.077426913231448e-07
2013-04-28 09:26:00,-3.077132097853226e-07
2013-04-28 09:27:00,-3.076837310718114e-07
2013-04-28 09:28:00,-3.076542551823407e-07
2013-04-28 09:29:00,-3.0762478211663986e-07
2013-04-28 09:30:00,-3.0759531187443845e-07
2013-04-28 09:31:00,-3.0756584445546593e-07
2013-04-28 09:32:00,-3.075363798594518e-07
2013-04-28 09:33:00,-3.0750691808612564e-07
2013-04-28 09:34:00,-3.074774591352171e-07
2013-04-28 09:35:00,-3.074480030064558e-07
2013-04-28 09:36:00,-3.074185496995713e-07
2013-04-28 09:37:00,-3.0738909921429326e-07
2013-04-28 09:38:00,-3.073596515503515e-07
2013-04-28 09:39:00,-3.0733020670747563e-07
2013-04-28 09:40:00,-3.073007646853954e-07
2013-04-28 09:41:00,-3.072713254838407e-07
2013-04-28 09:42:00,-3.0724188910254124e-07
2013-04-28 09:43:00,-3.0721245554122676e-07
2013-04-28 09:44:00,-3.071830247996271e-07
2013-04-28 09:45:00,-3.071535968774723e-07
2013-04-28 09:46:00,-3.071241717744922e-07
2013-04-28 09:47:00,-3.0709474949041667e-07
2013-04-28 09:48:00,-3.070653300249757e-07
2013-04-28 09:49:00,-3.0703591337789917e-07
2013-04-28 09:50:00,-3.070064995489172e-07
2013-04-28 09:51:00,-3.0697708853775976e-07
2013-04-28 09:52:00,-3.0694768034415693e-07
2013-04-28 09:53:00,-3.069182749678388e-07
2013-04-28 09:54:00,-3.068888724085355e-07
2013-04-28 09:55:00,-3.068594726659771e-07
2013-04-28 09:56:00,-3.0683007573989377e-07
2013-04-28 09:57:00,-3.0680068163001575e-07
2013-04-28 09:58:00,-3.067712903360732e-07
2013-04-28 09:59:00,-3.0674190185779637e-07
2013-04-28 10:00:00,-3.067125161949155e-07
2013-04-28 10:01:00,-3.066831333471608e-07
2013-04-28 10:02:00,-3.066537533142628e-07
2013-04-28 10:03:00,-3.0662437609595165e-07
2013-04-28 10:04:00,-3.0659500169195787e-07
2013-04-28 10:05:00,-3.065656301020116e-07
2013-04-28 10:06:00,-3.065362613258435e-07
2013-04-28 10:07:00,-3.0650689536318393e-07
2013-04-28 10:08:00,-3.0647753221376324e-07
2013-04-28 10:09:00,-3.0644817187731213e-07
2013-04-28 10:10:00,-3.0641881435356103e-07
2013-04-28 10:11:00,-3.063894596422405e-07
2013-04-28 10:12:00,-3.063601077430811e-07
2013-04-28 10:13:00,-3.0633075865581337e-07
2013-04-28 10:14:00,-3.06301412380168e-07
2013-04-28 10:15:00,-3.062720689158757e-07
2013-04-28 10:16:00,-3.0624272826266695e-07
2013-04-28 10:17:00,-3.0621339042027255e-07
2013-04-28 10:18:00,-3.061840553884233e-07
2013-04-28 10:19:00,-3.0615472316685e-07
2013-04-28 10:20:00,-3.0612539375528315e-07
2013-04-28 10:21:00,-3.0609606715345383e-07
2013-04-28 10:22:00,-3.0606674336109277e-07
2013-04-28 10:23:00,-3.060374223779307e-07
2013-04-28 10:24:00,-3.0600810420369864e-07
2013-04-28 10:25:00,-3.059787888381275e-07
2013-04-28 10:26:00,-3.0594947628094814e-07
2013-04-28 10:27:00,-3.0592016653189164e-07
2013-04-28 10:28:00,-3.058908595906889e-07
2013-04-28 10:29:00,-3.058615554570709e-07
2013-04-28 10:30:00,-3.058322541307687e-07
2013-04-28 10:31:00,-3.058029556115135e-07
2013-04-28 10:32:00,-3.057736598990362e-07
2013-04-28 10:33:00,-3.05744366993068e-07
2013-04-28 10:34:00,-3.0571507689334e-07
2013-04-28 10:35:00,-3.056857895995833e-07
2013-04-28 10:36:00,-3.056565051115293e-07
2013-04-28 10:37:00,-3.0562722342890895e-07
2013-04-28 10:38:00,-3.0559794455145364e-07
2013-04-28 10:39:00,-3.0556866847889463e-07
2013-04-28 10:40:00,-3.055393952109632e-07
2013-04-28 10:41:00,-3.055101247473907e-07
2013-04-28 10:42:00,-3.0548085708790846e-07
2013-04-28 10:43:00,-3.054515922322478e-07
2013-04-28 10:44:00,-3.054223301801401e-07
2013-04-28 10:45:00,-3.053930709313169e-07
2013-04-28 10:46:00,-3.053638144855096e-07
2013-04-28 10:47:00,-3.053345608424496e-07
2013-04-28 10:48:00,-3.053053100018685e-07
2013-04-28 10:49:00,-3.0527606196349775e-07
2013-04-28 10:50:00,-3.0524681672706894e-07
2013-04-28 10:51:00,-3.0521757429231363e-07
2013-04-28 10:52:00,-3.051883346589634e-07
2013-04-28 10:53:00,-3.051590978267499e-07
2013-04-28 10:54:00,-3.051298637954048e-07
2013-04-28 10:55:00,-3.0510063256465976e-07
2013-04-28 10:56:00,-3.0507140413424644e-07
2013-04-28 10:57:00,-3.050421785038967e-07
2013-04-28 10:58:00,-3.050129556733421e-07
2013-04-28 10:59:00,-3.0498373564231463e-07
2013-04-28 11:00:00,-3.04954518410546e-07
2013-04-28 11:01:00,-3.0492530397776796e-07
2013-04-28 11:02:00,-3.048960923437125e-07
2013-04-28 11:03:00,-3.0486688350811153e-07
2013-04-28 11:04:00,-3.048376774706969e-07
2013-04-28 11:05:00,-3.0480847423120046e-07
2013-04-28 11:06:00,-3.0477927378935426e-07
2013-04-28 11:07:00,-3.047500761448903e-07
2013-04-28 11:08:00,-3.0472088129754056e-07
2013-04-28 11:09:00,-3.0469168924703705e-07
2013-04-28 11:10:00,-3.0466249999311187e-07
2013-04-28 11:11:00,-3.046333135354971e-07
2013-04-28 11:12:00,-3.0460412987392493e-07
2013-04-28 11:13:00,-3.0457494900812737e-07
2013-04-28 11:14:00,-3.045457709378367e-07
2013-04-28 11:15:00,-3.0451659566278503e-07
2013-04-28 11:16:00,-3.044874231827046e-07
2013-04-28 11:17:00,0.01836010790659187
2013-04-28 11:18:00,0.0183168143818717
2013-04-28 11:19:00,0.01839041203971009
2013-04-28 11:20:00,0.01830112496078797
2013-04-28 11:21:00,0.018331252033543702
2013-04-28 11:22:00,0.018335328133997002
2013-04-28 11:23:00,-3.0781500926441755e-07
2013-04-28 11:24:00,-3.077855208007571e-07
2013-04-28 11:25:00,-3.077560351591867e-07
2013-04-28 11:26:00,-3.077265523417709e-07
2013-04-28 11:27:00,-3.076970723485361e-07
2013-04-28 11:28:00,-3.0766759518030474e-07
2013-04-28 11:29:00,-3.076381208362286e-07
2013-04-28 11:30:00,-3.0760864931618703e-07
2013-04-28 11:31:00,-3.0757918061949676e-07
2013-04-28 11:32:00,-3.075497147458873e-07
2013-04-28 11:33:00,-3.0752025169508826e-07
2013-04-28 11:34:00,-3.0749079146682915e-07
2013-04-28 11:35:00,-3.0746133406083967e-07
2013-04-28 11:36:00,-3.0743187947684946e-07
2013-04-28 11:37:00,-3.0740242771458794e-07
2013-04-28 11:38:00,-3.0737297877378507e-07
2013-04-28 11:39:00,-3.0734353265417037e-07
2013-04-28 11:40:00,-3.0731408935547366e-07
2013-04-28 11:41:00,-3.0728464887742466e-07
2013-04-28 11:42:00,-3.072552112197531e-07
2013-04-28 11:43:00,-3.07225776382189e-07
2013-04-28 11:44:00,-3.0719634436446205e-07
2013-04-28 11:45:00,-3.071669151663021e-07
2013-04-28 11:46:00,-3.071374887874391e-07
2013-04-28 11:47:00,-3.071080652276029e-07
2013-04-28 11:48:00,-3.0707864448652347e-07
2013-04-28 11:49:00,-3.070492265639308e-07
2013-04-28 11:50:00,-3.0701981145955477e-07
2013-04-28 11:51:00,-3.069903991731255e-07
2013-04-28 11:52:00,-3.06960989704373e-07
2013-04-28 11:53:00,-3.069315830530274e-07
2013-04-28 11:54:00,-3.0690217921881867e-07
2013-04-28 11:55:00,-3.0687277820147707e-07
2013-04-28 11:56:00,-3.068433800007326e-07
2013-04-28 11:57:00,-3.068139846163156e-07
2013-04-28 11:58:00,-3.067845920479561e-07
2013-04-28 11:59:00,-3.067552022953844e-07
2013-04-28 12:00:00,-3.067258153583308e-07
2013-04-28 12:01:00,-3.066964312365254e-07
2013-04-28 12:02:00,-3.066670499296988e-07
2013-04-28 12:03:00,-3.0663767143758105e-07
2013-04-28 12:04:00,-3.066082957599026e-07
2013-04-28 12:05:00,-3.065789228963939e-07
2013-04-28 12:06:00,-3.065495528467852e-07
2013-04-28 12:07:00,-3.065201856108071e-07
2013-04-28 12:08:00,-3.0649082118818997e-07
2013-04-28 12:09:00,-3.0646145957866433e-07
2013-04-28 12:10:00,-3.064321007819605e-07
2013-04-28 12:11:00,-3.064027447978093e-07
2013-04-28 12:12:00,-3.063733916259411e-07
2013-04-28 12:13:00,-3.0634404126608664e-07
2013-04-28 12:14:00,-3.0631469371797633e-07
2013-04-28 12:15:00,-3.0628534898134096e-07
2013-04-28 12:16:00,-3.062560070559111e-07
2013-04-28 12:17:00,-3.062266679414175e-07
2013-04-28 12:18:00,-3.061973316375909e-07
2013-04-28 12:19:00,-3.06167998144162e-07
2013-04-28 12:20:00,-3.0613866746086146e-07
2013-04-28 12:21:00,-3.061093395874202e-07
2013-04-28 12:22:00,-3.0608001452356906e-07
2013-04-28 12:23:00,-3.060506922690389e-07
2013-04-28 12:24:00,-3.0602137282356043e-07
2013-04-28 12:25:00,-3.059920561868646e-07
2013-04-28 12:26:00,-3.059627423586825e-07
2013-04-28 12:27:00,-3.059334313387448e-07
2013-04-28 12:28:00,-3.059041231267827e-07
2013-04-28 12:29:00,-3.0587481772252713e-07
2013-04-28 12:30:00,-3.0584551512570905e-07
2013-04-28 12:31:00,-3.0581621533605953e-07
2013-04-28 12:32:00,-3.0578691835330975e-07
2013-04-28 12:33:00,-3.0575762417719063e-07
2013-04-28 12:34:00,-3.0572833280743353e-07
2013-04-28 12:35:00,-3.056990442437695e-07
2013-04-28 12:36:00,-3.056697584859296e-07
2013-04-28 12:37:00,-3.0564047553364516e-07
2013-04-28 12:38:00,-3.0561119538664734e-07
2013-04-28 12:39:00,-3.0558191804466747e-07
2013-04-28 12:40:00,-3.055526435074367e-07
2013-04-28 12:41:00,-3.0552337177468654e-07
2013-04-28 12:42:00,-3.0549410284614824e-07
2013-04-28 12:43:00,-3.0546483672155296e-07
2013-04-28 12:44:00,-3.0543557340063244e-07
2013-04-28 12:45:00,-3.0540631288311787e-07
2013-04-28 12:46:00,-3.0537705516874067e-07
2013-04-28 12:47:00,-3.0534780025723234e-07
2013-04-28 12:48:00,-3.053185481483244e-07
2013-04-28 12:49:00,-3.052892988417484e-07
2013-04-28 12:50:00,-3.0526005233723574e-07
2013-04-28 12:51:00,-3.0523080863451805e-07
2013-04-28 12:52:00,-3.0520156773332695e-07
2013-04-28 12:53:00,-3.051723296333941e-07
2013-04-28 12:54:00,-3.05143094334451e-07
2013-04-28 12:55:00,-3.051138618362294e-07
2013-04-28 12:56:00,-3.05084632138461e-07
2013-04-28 12:57:00,-3.050554052408775e-07
2013-04-28 12:58:00,-3.050261811432107e-07
2013-04-28 12:59:00,-3.0499695984519226e-07
2013-04-28 13:00:00,-3.049677413465541e-07
2013-04-28 13:01:00,-3.0493852564702795e-07
2013-04-28 13:02:00,-3.049093127463457e-07
2013-04-28 13:03:00,-3.048801026442392e-07
2013-04-28 13:04:00,-3.048508953404404e-07
2013-04-28 13:05:00,-3.048216908346812e-07
2013-04-28 13:06:00,-3.047924891266934e-07
2013-04-28 13:07:00,-3.047632902162093e-07
2013-04-28 13:08:00,-3.047340941029606e-07
2013-04-28 13:09:00,-3.047049007866794e-07
2013-04-28 13:10:00,-3.0467571026709787e-07
2013-04-28 13:11:00,-3.04646522543948e-07
2013-04-28 13:12:00,-3.0461733761696187e-07
2013-04-28 13:13:00,-3.0458815548587163e-07
2013-04-28 13:14:00,-3.0455897615040945e-07
2013-04-28 13:15:00,-3.0452979961030757e-07
2013-04-28 13:16:00,-3.0450062586529805e-07
2013-04-28 13:17:00,-3.0447145491511323e-07
2013-04-28 13:18:00,-3.044422867594853e-07
2013-04-28 13:19:00,-3.0441312139814657e-07
2013-04-28 13:20:00,-3.043839588308294e-07
2013-04-28 13:21:00,-3.043547990572661e-07
2013-04-28 13:22:00,-3.043256420771891e-07
2013-04-28 13:23:00,-3.042964878903306e-07
2013-04-28 13:24:00,-3.04267336496423e-07
2013-04-28 13:25:00,-3.04238187895199e-07
2013-04-28 13:26:00,-3.042090420863909e-07
2013-04-28 13:27:00,-3.0417989906973127e-07
2013-04-28 13:28:00,-3.041507588449525e-07
2013-04-28 13:29:00,-3.041216214117872e-07
2013-04-28 13:30:00,-3.0409248676996786e-07
2013-04-28 13:31:00,-3.0406335491922713e-07
2013-04-28 13:32:00,-3.040342258592977e-07
2013-04-28 13:33:00,-3.0400509958991217e-07
2013-04-28 13:34:00,-3.039759761108032e-07
2013-04-28 13:35:00,-3.039468554217034e-07
2013-04-28 13:36:00,-3.0391773752234556e-07
2013-04-28 13:37:00,-3.038886224124624e-07
2013-04-28 13:38:00,-3.038595100917868e-07
2013-04-28 13:39:00,-3.038304005600514e-07
2013-04-28 13:40:00,-3.038012938169891e-07
2013-04-28 13:41:00,-3.037721898623327e-07
2013-04-28 13:42:00,-3.037430886958151e-07
2013-04-28 13:43:00,-3.0371399031716924e-07
2013-04-28 13:44:00,-3.0368489472612794e-07
2013-04-28 13:45:00,-3.036558019224243e-07
2013-04-28 13:46:00,-3.0362671190579115e-07
2013-04-28 13:47:00,-3.035976246759616e-07
2013-04-28 13:48:00,-3.0356854023266863e-07
2013-04-28 13:49:00,-3.0353945857564525e-07
2013-04-28 13:50:00,-3.0351037970462463e-07
2013-04-28 13:51:00,-3.0348130361933983e-07
2013-04-28 13:52:00,-3.0345223031952393e-07
2013-04-28 13:53:00,-3.0342315980491013e-07
2013-04-28 13:54:00,-3.033940920752316e-07
2013-04-28 13:55:00,-3.0336502713022153e-07
2013-04-28 13:56:00,-3.033359649696132e-07
2013-04-28 13:57:00,-3.033069055931399e-07
2013-04-28 13:58:00,-3.032778490005347e-07
2013-04-28 13:59:00,-3.0324879519153113e-07
2013-04-28 14:00:00,-3.032197441658624e-07
2013-04-28 14:01:00,-3.03190695923262e-07
2013-04-28 14:02:00,-3.0316165046346316e-07
2013-04-28 14:03:00,-3.0313260778619933e-07
2013-04-28 14:04:00,-3.0310356789120405e-07
2013-04-28 14:05:00,-3.030745307782107e-07
2013-04-28 14:06:00,-3.030454964469528e-07
2013-04-28 14:07:00,-3.0301646489716375e-07
2013-04-28 14:08:00,-3.0298743612857717e-07
2013-04-28 14:09:00,-3.029584101409267e-07
2013-04-28 14:10:00,-3.0292938693394575e-07
2013-04-28 14:11:00,-3.0290036650736807e-07
2013-04-28 14:12:00,-3.028713488609273e-07
2013-04-28 14:13:00,-3.028423339943571e-07
2013-04-28 14:14:00,-3.0281332190739106e-07
2013-04-28 14:15:00,-3.02784312599763e-07
2013-04-28 14:16:00,-3.0275530607120663e-07
2013-04-28 14:17:00,-3.027263023214556e-07
2013-04-28 14:18:00,-3.02697301350244e-07
2013-04-28 14:19:00,-3.0266830315730543e-07
2013-04-28 14:20:00,-3.026393077423737e-07
2013-04-28 14:21:00,-3.026103151051828e-07
2013-04-28 14:22:00,-3.025813252454666e-07
2013-04-28 14:23:00,-3.0255233816295885e-07
2013-04-28 14:24:00,-3.025233538573937e-07
2013-04-28 14:25:00,-3.024943723285051e-07
2013-04-28 14:26:00,-3.02465393576027e-07
2013-04-28 14:27:00,-3.024364175996933e-07
2013-04-28 14:28:00,-3.0240744439923835e-07
2013-04-28 14:29:00,-3.0237847397439595e-07
2013-04-28 14:30:00,-3.023495063249003e-07
2013-04-28 14:31:00,-3.023205414504855e-07
2013-04-28 14:32:00,-3.0229157935088573e-07
2013-04-28 14:33:00,-3.022626200258352e-07
2013-04-28 14:34:00,-3.02233663475068e-07
2013-04-28 14:35:00,-3.022047096983184e-07
2013-04-28 14:36:00,-3.0217575869532065e-07
2013-04-28 14:37:00,-3.0214681046580905e-07
2013-04-28 14:38:00,-3.0211786500951794e-07
2013-04-28 14:39:00,-3.0208892232618157e-07
2013-04-28 14:40:00,-3.020599824155343e-07
2013-04-28 14:41:00,-3.020310452773106e-07
2013-04-28 14:42:00,-3.020021109112447e-07
2013-04-28 14:43:00,-3.0197317931707126e-07
2013-04-28 14:44:00,-3.0194425049452454e-07
2013-04-28 14:45:00,-3.019153244433392e-07
2013-04-28 14:46:00,-3.0188640116324954e-07
2013-04-28 14:47:00,-3.018574806539902e-07
2013-04-28 14:48:00,-3.018285629152958e-07
2013-04-28 14:49:00,-3.0179964794690073e-07
2013-04-28 14:50:00,-3.0177073574853975e-07
2013-04-28 14:51:00,-3.017418263199475e-07
2013-04-28 14:52:00,-3.0171291966085857e-07
2013-04-28 14:53:00,-3.016840157710076e-07
2013-04-28 14:54:00,-3.0165511465012947e-07
2013-04-28 14:55:00,-3.0162621629795873e-07
2013-04-28 14:56:00,-3.015973207142303e-07
2013-04-28 14:57:00,-3.0156842789867885e-07
2013-04-28 14:58:00,-3.0153953785103925e-07
2013-04-28 14:59:00,-3.0151065057104625e-07
2013-04-28 15:00:00,-3.0148176605843476e-07
2013-04-28 15:01:00,-3.0145288431293973e-07
2013-04-28 15:02:00,-3.01424005334296e-07
2013-04-28 15:03:00,-3.013951291222385e-07
2013-04-28 15:04:00,-3.013662556765022e-07
2013-04-28 15:05:00,-3.013373849968221e-07
2013-04-28 15:06:00,-3.013085170829333e-07
2013-04-28 15:07:00,-3.012796519345708e-07
2013-04-28 15:08:00,-3.0125078955146957e-07
2013-04-28 15:09:00,-3.012219299333647e-07
2013-04-28 15:10:00,-3.011930730799915e-07
2013-04-28 15:11:00,-3.0116421899108486e-07
2013-04-28 15:12:00,-3.0113536766638013e-07
2013-04-28 15:13:00,-3.0110651910561246e-07
2013-04-28 15:14:00,-3.0107767330851695e-07
2013-04-28 15:15:00,-3.01048830274829e-07
2013-04-28 15:16:00,-3.0101999000428376e-07
2013-04-28 15:17:00,-3.009911524966165e-07
2013-04-28 15:18:00,-3.009623177515627e-07
2013-04-28 15:19:00,-3.009334857688576e-07
2013-04-28 15:20:00,-3.0090465654823657e-07
2013-04-28 15:21:00,-3.00875830089435e-07
2013-04-28 15:22:00,-3.0084700639218837e-07
2013-04-28 15:23:00,-3.0081818545623206e-07
2013-04-28 15:24:00,0.018360111575478122
2013-04-28 15:25:00,0.018316818050406414
2013-04-28 15:26:00,0.018390415707893362
2013-04-28 15:27:00,0.018301128628619837
2013-04-28 15:28:00,0.018331255701024188
2013-04-28 15:29:00,0.018335331801126138
2013-04-28 15:30:00,-3.041482314414912e-07
2013-04-28 15:31:00,-3.0411909424799774e-07
2013-04-28 15:32:00,-3.0408995984756444e-07
2013-04-28 15:33:00,-3.040608282370595e-07
2013-04-28 15:34:00,-3.0403169941824684e-07
2013-04-28 15:35:00,-3.040025733902171e-07
2013-04-28 15:36:00,-3.039734501527036e-07
2013-04-28 15:37:00,-3.039443297055888e-07
2013-04-28 15:38:00,-3.039152120481928e-07
2013-04-28 15:39:00,-3.038860971802484e-07
2013-04-28 15:40:00,-3.0385698510148825e-07
2013-04-28 15:41:00,-3.0382787581164514e-07
2013-04-28 15:42:00,-3.03798769310452e-07
2013-04-28 15:43:00,-3.037696655976416e-07
2013-04-28 15:44:00,-3.037405646729469e-07
2013-04-28 15:45:00,-3.037114665361007e-07
2013-04-28 15:46:00,-3.03682371186836e-07
2013-04-28 15:47:00,-3.036532786248856e-07
2013-04-28 15:48:00,-3.0362418884998265e-07
2013-04-28 15:49:00,-3.0359510186186016e-07
2013-04-28 15:50:00,-3.0356601766025103e-07
2013-04-28 15:51:00,-3.035369362448884e-07
2013-04-28 15:52:00,-3.0350785761550534e-07
2013-04-28 15:53:00,-3.0347878177183494e-07
2013-04-28 15:54:00,-3.034497087136103e-07
2013-04-28 15:55:00,-3.034206384405646e-07
2013-04-28 15:56:00,-3.033915709524311e-07
2013-04-28 15:57:00,-3.033625062489429e-07
2013-04-28 15:58:00,-3.0333344432983326e-07
2013-04-28 15:59:00,-3.033043851948355e-07
2013-04-28 16:00:00,-3.0327532884368277e-07
2013-04-28 16:01:00,-3.0324627527610845e-07
2013-04-28 16:02:00,-3.032172244918459e-07
2013-04-28 16:03:00,-3.031881764906285e-07
2013-04-28 16:04:00,-3.031591312721896e-07
2013-04-28 16:05:00,-3.0313008883626265e-07
2013-04-28 16:06:00,-3.03101049182581e-07
2013-04-28 16:07:00,-3.0307201231087816e-07
2013-04-28 16:08:00,-3.0304297822088766e-07
2013-04-28 16:09:00,-3.030139469123429e-07
2013-04-28 16:10:00,-3.0298491838497767e-07
2013-04-28 16:11:00,-3.0295589263852523e-07
2013-04-28 16:12:00,-3.029268696727194e-07
2013-04-28 16:13:00,-3.028978494872937e-07
2013-04-28 16:14:00,-3.028688320819817e-07
2013-04-28 16:15:00,-3.0283981745651714e-07
2013-04-28 16:16:00,-3.0281080561063373e-07
2013-04-28 16:17:00,-3.0278179654406516e-07
2013-04-28 16:18:00,-3.0275279025654525e-07
2013-04-28 16:19:00,-3.027237867478076e-07
2013-04-28 16:20:00,-3.026947860175861e-07
2013-04-28 16:21:00,-3.026657880656147e-07
2013-04-28 16:22:00,-3.0263679289162703e-07
2013-04-28 16:23:00,-3.026078004953571e-07
2013-04-28 16:24:00,-3.0257881087653873e-07
2013-04-28 16:25:00,-3.025498240349059e-07
2013-04-28 16:26:00,-3.025208399701925e-07
2013-04-28 16:27:00,-3.0249185868213254e-07
2013-04-28 16:28:00,-3.0246288017045997e-07
2013-04-28 16:29:00,-3.024339044349088e-07
2013-04-28 16:30:00,-3.0240493147521333e-07
2013-04-28 16:31:00,-3.0237596129110733e-07
2013-04-28 16:32:00,-3.02346993882325e-07
2013-04-28 16:33:00,-3.023180292486005e-07
2013-04-28 16:34:00,-3.022890673896679e-07
2013-04-28 16:35:00,-3.0226010830526154e-07
2013-04-28 16:36:00,-3.0223115199511545e-07
2013-04-28 16:37:00,-3.0220219845896393e-07
2013-04-28 16:38:00,-3.021732476965412e-07
2013-04-28 16:39:00,-3.021442997075816e-07
2013-04-28 16:40:00,-3.021153544918194e-07
2013-04-28 16:41:00,-3.02086412048989e-07
2013-04-28 16:42:00,-3.0205747237882456e-07
2013-04-28 16:43:00,-3.020285354810607e-07
2013-04-28 16:44:00,-3.0199960135543166e-07
2013-04-28 16:45:00,-3.019706700016719e-07
2013-04-28 16:46:00,-3.0194174141951586e-07
2013-04-28 16:47:00,-3.0191281560869813e-07
2013-04-28 16:48:00,-3.0188389256895307e-07
2013-04-28 16:49:00,-3.0185497230001537e-07
2013-04-28 16:50:00,-3.0182605480161957e-07
2013-04-28 16:51:00,-3.0179714007350014e-07
2013-04-28 16:52:00,-3.017682281153917e-07
2013-04-28 16:53:00,-3.017393189270289e-07
2013-04-28 16:54:00,-3.017104125081465e-07
2013-04-28 16:55:00,-3.01681508858479e-07
2013-04-28 16:56:00,-3.016526079777614e-07
2013-04-28 16:57:00,-3.0162370986572816e-07
2013-04-28 16:58:00,-3.015948145221142e-07
2013-04-28 16:59:00,-3.0156592194665423e-07
2013-04-28 17:00:00,-3.015370321390831e-07
2013-04-28 17:01:00,-3.0150814509913557e-07
2013-04-28 17:02:00,-3.014792608265466e-07
2013-04-28 17:03:00,-3.01450379321051e-07
2013-04-28 17:04:00,-3.0142150058238385e-07
2013-04-28 17:05:00,-3.013926246102799e-07
2013-04-28 17:06:00,-3.013637514044742e-07
2013-04-28 17:07:00,-3.013348809647018e-07
2013-04-28 17:08:00,-3.0130601329069756e-07
2013-04-28 17:09:00,-3.012771483821966e-07
2013-04-28 17:10:00,-3.0124828623893397e-07
2013-04-28 17:11:00,-3.012194268606448e-07
2013-04-28 17:12:00,-3.011905702470642e-07
2013-04-28 17:13:00,-3.0116171639792725e-07
2013-04-28 17:14:00,-3.0113286531296916e-07
2013-04-28 17:15:00,-3.0110401699192516e-07
2013-04-28 17:16:00,-3.0107517143453044e-07
2013-04-28 17:17:00,-3.0104632864052026e-07
2013-04-28 17:18:00,-3.0101748860962986e-07
2013-04-28 17:19:00,-3.0098865134159454e-07
2013-04-28 17:20:00,-3.0095981683614967e-07
2013-04-28 17:21:00,-3.0093098509303054e-07
2013-04-28 17:22:00,-3.0090215611197255e-07
2013-04-28 17:23:00,-3.008733298927111e-07
2013-04-28 17:24:00,-3.0084450643498157e-07
2013-04-28 17:25:00,-3.008156857385195e-07
2013-04-28 17:26:00,-3.0078686780306013e-07
2013-04-28 17:27:00,-3.007580526283392e-07
2013-04-28 17:28:00,-3.007292402140922e-07
2013-04-28 17:29:00,-3.007004305600546e-07
2013-04-28 17:30:00,-3.006716236659621e-07
2013-04-28 17:31:00,-3.006428195315501e-07
2013-04-28 17:32:00,-3.0061401815655435e-07
2013-04-28 17:33:00,-3.005852195407105e-07
2013-04-28 17:34:00,-3.0055642368375425e-07
2013-04-28 17:35:00,-3.005276305854212e-07
2013-04-28 17:36:00,-3.004988402454471e-07
2013-04-28 17:37:00,-3.004700526635678e-07
2013-04-28 17:38:00,-3.004412678395191e-07
2013-04-28 17:39:00,-3.004124857730366e-07
2013-04-28 17:40:00,-3.0038370646385625e-07
2013-04-28 17:41:00,-3.0035492991171386e-07
2013-04-28 17:42:00,-3.0032615611634545e-07
2013-04-28 17:43:00,-3.0029738507748673e-07
2013-04-28 17:44:00,-3.002686167948738e-07
2013-04-28 17:45:00,-3.0023985126824245e-07
2013-04-28 17:46:00,-3.002110884973288e-07
2013-04-28 17:47:00,-3.0018232848186874e-07
2013-04-28 17:48:00,-3.001535712215983e-07
2013-04-28 17:49:00,-3.001248167162536e-07
2013-04-28 17:50:00,-3.000960649655707e-07
2013-04-28 17:51:00,-3.0006731596928576e-07
2013-04-28 17:52:00,-3.0003856972713483e-07
2013-04-28 17:53:00,-3.000098262388541e-07
2013-04-28 17:54:00,-2.999810855041797e-07
2013-04-28 17:55:00,-2.9995234752284784e-07
2013-04-28 17:56:00,-2.999236122945949e-07
2013-04-28 17:57:00,-2.99894879819157e-07
2013-04-28 17:58:00,-2.9986615009627044e-07
2013-04-28 17:59:00,-2.9983742312567156e-07
2013-04-28 18:00:00,-2.998086989070967e-07
2013-04-28 18:01:00,-2.9977997744028224e-07
2013-04-28 18:02:00,-2.997512587249644e-07
2013-04-28 18:03:00,-2.997225427608797e-07
2013-04-28 18:04:00,-2.996938295477646e-07
2013-04-28 18:05:00,-2.996651190853555e-07
2013-04-28 18:06:00,-2.99636411373389e-07
2013-04-28 18:07:00,-2.996077064116015e-07
2013-04-28 18:08:00,-2.9957900419972955e-07
2013-04-28 18:09:00,-2.995503047375098e-07
2013-04-28 18:10:00,-2.9952160802467866e-07
2013-04-28 18:11:00,-2.994929140609729e-07
2013-04-28 18:12:00,-2.994642228461291e-07
2013-04-28 18:13:00,-2.9943553437988383e-07
2013-04-28 18:14:00,-2.9940684866197394e-07
2013-04-28 18:15:00,-2.99378165692136e-07
2013-04-28 18:16:00,-2.9934948547010686e-07
2013-04-28 18:17:00,-2.993208079956232e-07
2013-04-28 18:18:00,-2.992921332684219e-07
2013-04-28 18:19:00,-2.992634612882397e-07
2013-04-28 18:20:00,-2.9923479205481344e-07
2013-04-28 18:21:00,-2.9920612556787997e-07
2013-04-28 18:22:00,-2.9917746182717623e-07
2013-04-28 18:23:00,-2.9914880083243906e-07
2013-04-28 18:24:00,-2.9912014258340546e-07
2013-04-28 18:25:00,-2.990914870798124e-07
2013-04-28 18:26:00,-2.9906283432139685e-07
2013-04-28 18:27:00,-2.9903418430789577e-07
2013-04-28 18:28:00,-2.9900553703904635e-07
2013-04-28 18:29:00,-2.989768925145855e-07
2013-04-28 18:30:00,-2.9894825073425026e-07
2013-04-28 18:31:00,-2.989196116977779e-07
2013-04-28 18:32:00,-2.988909754049055e-07
2013-04-28 18:33:00,-2.988623418553702e-07
2013-04-28 18:34:00,-2.9883371104890927e-07
2013-04-28 18:35:00,-2.988050829852599e-07
2013-04-28 18:36:00,-2.9877645766415927e-07
2013-04-28 18:37:00,-2.987478350853447e-07
2013-04-28 18:38:00,-2.9871921524855343e-07
2013-04-28 18:39:00,-2.986905981535228e-07
2013-04-28 18:40:00,-2.9866198379999016e-07
2013-04-28 18:41:00,-2.986333721876929e-07
2013-04-28 18:42:00,-2.9860476331636835e-07
2013-04-28 18:43:00,-2.98576157185754e-07
2013-04-28 18:44:00,-2.985475537955873e-07
2013-04-28 18:45:00,-2.985189531456056e-07
2013-04-28 18:46:00,-2.984903552355465e-07
2013-04-28 18:47:00,-2.9846176006514755e-07
2013-04-28 18:48:00,-2.984331676341461e-07
2013-04-28 18:49:00,-2.9840457794227995e-07
2013-04-28 18:50:00,-2.983759909892865e-07
2013-04-28 18:51:00,-2.983474067749035e-07
2013-04-28 18:52:00,-2.9831882529886855e-07
2013-04-28 18:53:00,-2.982902465609193e-07
2013-04-28 18:54:00,-2.982616705607934e-07
2013-04-28 18:55:00,-2.982330972982287e-07
2013-04-28 18:56:00,-2.9820452677296284e-07
2013-04-28 18:57:00,-2.981759589847336e-07
2013-04-28 18:58:00,-2.981473939332788e-07
2013-04-28 18:59:00,-2.981188316183363e-07
2013-04-28 19:00:00,-2.9809027203964387e-07
2013-04-28 19:01:00,-2.980617151969394e-07
2013-04-28 19:02:00,-2.980331610899608e-07
2013-04-28 19:03:00,-2.9800460971844587e-07
2013-04-28 19:04:00,-2.9797606108213274e-07
2013-04-28 19:05:00,-2.9794751518075935e-07
2013-04-28 19:06:00,-2.979189720140636e-07
2013-04-28 19:07:00,-2.978904315817835e-07
2013-04-28 19:08:00,-2.978618938836573e-07
2013-04-28 19:09:00,-2.9783335891942284e-07
2013-04-28 19:10:00,-2.9780482668881827e-07
2013-04-28 19:11:00,-2.977762971915817e-07
2013-04-28 19:12:00,-2.9774777042745135e-07
2013-04-28 19:13:00,-2.9771924639616537e-07
2013-04-28 19:14:00,-2.9769072509746194e-07
2013-04-28 19:15:00,-2.976622065310793e-07
2013-04-28 19:16:00,-2.9763369069675563e-07
2013-04-28 19:17:00,-2.9760517759422924e-07
2013-04-28 19:18:00,-2.975766672232385e-07
2013-04-28 19:19:00,-2.9754815958352153e-07
2013-04-28 19:20:00,-2.9751965467481696e-07
2013-04-28 19:21:00,-2.9749115249686296e-07
2013-04-28 19:22:00,-2.9746265304939796e-07
2013-04-28 19:23:00,-2.9743415633216034e-07
2013-04-28 19:24:00,-2.974056623448887e-07
2013-04-28 19:25:00,-2.9737717108732125e-07
2013-04-28 19:26:00,-2.973486825591968e-07
2013-04-28 19:27:00,-2.9732019676025367e-07
2013-04-28 19:28:00,-2.972917136902304e-07
2013-04-28 19:29:00,-2.972632333488657e-07
2013-04-28 19:30:00,-2.97234755735898e-07
2013-04-28 19:31:00,-2.972062808510661e-07
2013-04-28 19:32:00,-2.971778086941085e-07
2013-04-28 19:33:00,-2.97149339264764e-07
2013-04-28 19:34:00,-2.971208725627711e-07
2013-04-28 19:35:00,-2.970924085878687e-07
2013-04-28 19:36:00,-2.970639473397955e-07
2013-04-28 19:37:00,-2.970354888182902e-07
2013-04-28 19:38:00,-2.970070330230917e-07
2013-04-28 19:39:00,-2.9697857995393876e-07
2013-04-28 19:40:00,-2.9695012961057027e-07
2013-04-28 19:41:00,-2.9692168199272505e-07
2013-04-28 19:42:00,-2.9689323710014205e-07
2013-04-28 19:43:00,-2.9686479493256014e-07
2013-04-28 19:44:00,-2.9683635548971826e-07
2013-04-28 19:45:00,-2.968079187713554e-07
2013-04-28 19:46:00,-2.967794847772106e-07
