2014-07-29 16:23:00,0.0
2014-07-29 16:24:00,0.06493141998838724
2014-07-29 16:25:00,0.14283364421255507
2014-07-29 16:26:00,0.16229450683393007
2014-07-29 16:27:00,0.03242703718547274
2014-07-29 16:28:00,0.06492368969194541
2014-07-29 16:29:00,0.0
2014-07-29 16:30:00,0.03246571183184524
2014-07-29 16:31:00,0.16232080491396528
2014-07-29 16:32:00,0.09735844721077778
2014-07-29 16:33:00,0.03244250991977432
2014-07-29 16:34:00,0.09738939415091628
2014-07-29 16:35:00,0.0973739138086471
2014-07-29 16:36:00,0.0
2014-07-29 16:37:00,6.828946212455473e-06
2014-07-29 16:38:00,0.1940731610811322
2014-07-29 16:39:00,0.13179773996699118
2014-07-29 16:40:00,0.1521165420676831
2014-07-29 16:41:00,0.015463498280194495
2014-07-29 16:42:00,0.12500217342046688
2014-07-29 16:43:00,0.0
2014-07-29 16:44:00,0.0847888765164741
2014-07-29 16:45:00,0.0
2014-07-29 16:46:00,0.20405888253671073
2014-07-29 16:47:00,0.0
2014-07-29 16:48:00,0.0866772403182581
2014-07-29 16:49:00,0.1668157538437141
2014-07-29 16:50:00,0.01067024652354253
2014-07-29 16:51:00,0.06804149524979439
2014-07-29 16:52:00,0.10787328640828836
2014-07-29 16:53:00,0.029873336073355804
2014-07-29 16:54:00,0.0
2014-07-29 16:55:00,0.13320773094505395
2014-07-29 16:56:00,0.24269214877720194
2014-07-29 16:57:00,0.050969063264013036
2014-07-29 16:58:00,0.24347727059795968
2014-07-29 16:59:00,0.050717554750860705
2014-07-29 17:00:00,0.054993455398368314
2014-07-29 17:01:00,0.30718405226237655
2014-07-29 17:02:00,0.029963570386400754
2014-07-29 17:03:00,0.0
2014-07-29 17:04:00,0.0747025117581267
2014-07-29 17:05:00,0.17072399008877776
2014-07-29 17:06:00,0.20445703591044256
2014-07-29 17:07:00,0.12844372283244837
2014-07-29 17:08:00,0.0
2014-07-29 17:09:00,0.013625401118838268
2014-07-29 17:10:00,0.060579590324960526
2014-07-29 17:11:00,0.04528334051211884
2014-07-29 17:12:00,0.1152776078365651
2014-07-29 17:13:00,0.03396591713894844
2014-07-29 17:14:00,0.1839958939171652
2014-07-29 17:15:00,0.13511523478360804
2014-07-29 17:16:00,0.0
2014-07-29 17:17:00,0.08585758928294907
2014-07-29 17:18:00,0.0
2014-07-29 17:19:00,0.3342155469372728
2014-07-29 17:20:00,0.0
2014-07-29 17:21:00,0.07930697174844124
2014-07-29 17:22:00,0.18872780575879375
2014-07-29 17:23:00,0.13357243888444092
2014-07-29 17:24:00,0.21656361389213485
2014-07-29 17:25:00,0.0
2014-07-29 17:26:00,0.0017998427475751201
2014-07-29 17:27:00,0.06443571003473506
2014-07-29 17:28:00,0.04402570460231077
2014-07-29 17:29:00,0.0
2014-07-29 17:30:00,0.004661672026794261
2014-07-29 17:31:00,0.06350263072403221
2014-07-29 17:32:00,0.10935057749629196
2014-07-29 17:33:00,0.2244492491602755
2014-07-29 17:34:00,0.2519745014995962
2014-07-29 17:35:00,0.42506091716877387
2014-07-29 17:36:00,0.31666374671629827
2014-07-29 17:37:00,0.0
2014-07-29 17:38:00,0.2074838901151691
2014-07-29 17:39:00,0.0
2014-07-29 17:40:00,0.022022112998962957
2014-07-29 17:41:00,0.06434759847869537
2014-07-29 17:42:00,0.04405462303661191
2014-07-29 17:43:00,0.11568423557349042
2014-07-29 17:44:00,0.027325099909729034
2014-07-29 17:45:00,0.12113007091963365
2014-07-29 17:46:00,0.0
2014-07-29 17:47:00,0.1428906643297176
2014-07-29 17:48:00,0.08349161432562988
2014-07-29 17:49:00,0.23287425023250352
2014-07-29 17:50:00,0.11919601740776167
2014-07-29 17:51:00,0.03269018015454048
2014-07-29 17:52:00,0.0
2014-07-29 17:53:00,0.263548857766555
2014-07-29 17:54:00,0.0
2014-07-29 17:55:00,0.22135540352824853
2014-07-29 17:56:00,0.1034369889681474
2014-07-29 17:57:00,0.22638352108206145
2014-07-29 17:58:00,0.0
2014-07-29 17:59:00,0.19578479022608994
2014-07-29 18:00:00,0.0012298558246575005
2014-07-29 18:01:00,0.2596756511268755
2014-07-29 18:02:00,0.0
2014-07-29 18:03:00,0.20143876546974004
2014-07-29 18:04:00,0.1294264870164944
2014-07-29 18:05:00,0.0
2014-07-29 18:06:00,0.013729901753485685
2014-07-29 18:07:00,0.25560352856125157
2014-07-29 18:08:00,0.0
2014-07-29 18:09:00,0.02713064151457002
2014-07-29 18:10:00,0.2512356572464397
2014-07-29 18:11:00,0.1327180801353877
2014-07-29 18:12:00,0.0867950904230105
2014-07-29 18:13:00,0.1667843998173762
2014-07-29 18:14:00,0.07569906323961416
2014-07-29 18:15:00,0.23541430088342016
2014-07-29 18:16:00,0.18338850407400314
2014-07-29 18:17:00,0.005275484668496474
2014-07-29 18:18:00,0.06979479417771187
2014-07-29 18:19:00,0.0
2014-07-29 18:20:00,0.007406649529595515
2014-07-29 18:21:00,0.12761848965274064
2014-07-29 18:22:00,0.28351997394439477
2014-07-29 18:23:00,0.0
2014-07-29 18:24:00,0.2689842068096735
2014-07-29 18:25:00,0.19845579008013575
2014-07-29 18:26:00,0.0
2014-07-29 18:27:00,0.151099304995745
2014-07-29 18:28:00,0.02229732858600679
2014-07-29 18:29:00,0.05775428411937402
2014-07-29 18:30:00,0.11122548370669313
2014-07-29 18:31:00,0.09380481771246134
2014-07-29 18:32:00,0.0
2014-07-29 18:33:00,0.07496790489059442
2014-07-29 18:34:00,0.04059819101900854
2014-07-29 18:35:00,0.11680600631513441
2014-07-29 18:36:00,0.09198016655973562
2014-07-29 18:37:00,0.10007762465410289
2014-07-29 18:38:00,0.09743230962030783
2014-07-29 18:39:00,0.03977942093670945
2014-07-29 18:40:00,0.24711919379176905
2014-07-29 18:41:00,0.04952964294949257
2014-07-29 18:42:00,0.0
2014-07-29 18:43:00,0.2003190309538865
2014-07-29 18:44:00,0.129797679229287
2014-07-29 18:45:00,0.022732918434826815
2014-07-29 18:46:00,0.35670239722462166
2014-07-29 18:47:00,0.14387017681126282
2014-07-29 18:48:00,0.018146923083041812
2014-07-29 18:49:00,0.0
2014-07-29 18:50:00,0.19698593099360273
2014-07-29 18:51:00,0.007339922278232942
2014-07-29 18:52:00,0.06262728025552668
2014-07-29 18:53:00,0.3697185260579713
2014-07-29 18:54:00,0.0
2014-07-29 18:55:00,0.23262088554903348
2014-07-29 18:56:00,0.11927642417528396
2014-07-29 18:57:00,0.1561906993433332
2014-07-29 18:58:00,0.20919131558820547
2014-07-29 18:59:00,0.12691002698432752
2014-07-29 19:00:00,0.24474375218053324
2014-07-29 19:01:00,0.0
2014-07-29 19:02:00,0.1560172531423094
2014-07-29 19:03:00,0.01419114694961775
2014-07-29 19:04:00,0.20993063540271323
2014-07-29 19:05:00,0.19169054293277396
2014-07-29 19:06:00,0.1976244472604206
2014-07-29 19:07:00,0.000633565168544202
2014-07-29 19:08:00,0.06480925728961937
2014-07-29 19:09:00,0.0
2014-07-29 19:10:00,0.006876891582780095
2014-07-29 19:11:00,0.32285226011183565
2014-07-29 19:12:00,0.2849438165622853
2014-07-29 19:13:00,0.0
2014-07-29 19:14:00,0.13698213543726068
2014-07-29 19:15:00,0.08540743631439127
2014-07-29 19:16:00,0.1022095951454583
2014-07-29 19:17:00,0.3568162038355689
2014-07-29 19:18:00,0.0
2014-07-29 19:19:00,0.2329283949900382
2014-07-29 19:20:00,0.11917699298324946
2014-07-29 19:21:00,0.09121436633786209
2014-07-29 19:22:00,0.334385341472373
2014-07-29 19:23:00,0.0
2014-07-29 19:24:00,0.2955742215055728
2014-07-29 19:25:00,0.0
2014-07-29 19:26:00,0.15323021811311396
2014-07-29 19:27:00,0.08011758605956903
2014-07-29 19:28:00,0.03890777154162972
2014-07-29 19:29:00,0.1823887013100587
2014-07-29 19:30:00,0.012096796253020993
2014-07-29 19:31:00,0.2561347152482166
2014-07-29 19:32:00,0.04659394183948699
2014-07-29 19:33:00,0.17986996855276755
2014-07-29 19:34:00,0.0
2014-07-29 19:35:00,0.23364634966990094
2014-07-29 19:36:00,0.0
2014-07-29 19:37:00,0.1986711290061418
2014-07-29 19:38:00,0.1953539106240328
2014-07-29 19:39:00,0.007878630791510677
2014-07-29 19:40:00,0.0
2014-07-29 19:41:00,0.0008377754047079303
2014-07-29 19:42:00,0.32481922774566463
2014-07-29 19:43:00,0.1802664897899509
2014-07-29 19:44:00,543.1182407624394
2014-07-29 19:45:00,181.64759150343647
2014-07-29 19:46:00,211.89097344880332
2014-07-29 19:47:00,0.0
2014-07-29 19:48:00,13.041386032271848
2014-07-29 19:49:00,0.0
2014-07-29 19:50:00,1.384127911398845
2014-07-29 19:51:00,0.0
2014-07-29 19:52:00,0.14690181970794886
2014-07-29 19:53:00,0.017151482371423662
2014-07-29 19:54:00,0.0
2014-07-29 19:55:00,0.0
2014-07-29 19:56:00,0.0
2014-07-29 19:57:00,0.060191492096914004
2014-07-29 19:58:00,0.1773857769437161
2014-07-29 19:59:00,0.15708589420894398
2014-07-29 20:00:00,0.013844376843597322
2014-07-29 20:01:00,0.3205897000730128
2014-07-29 20:02:00,0.025597919832178247
2014-07-29 20:03:00,0.06318266831266248
2014-07-29 20:04:00,0.10945412267169372
2014-07-29 20:05:00,0.09438258583419819
2014-07-29 20:06:00,0.0
2014-07-29 20:07:00,0.14005672951381304
2014-07-29 20:08:00,0.0
2014-07-29 20:09:00,0.14489957503480788
2014-07-29 20:10:00,0.21286948519941898
2014-07-29 20:11:00,0.2947632376116571
2014-07-29 20:12:00,0.0
2014-07-29 20:13:00,0.29136658991380926
2014-07-29 20:14:00,0.03511729276264278
2014-07-29 20:15:00,0.053575930576676256
2014-07-29 20:16:00,0.1971090496679459
2014-07-29 20:17:00,0.19586693736893324
2014-07-29 20:18:00,0.0
2014-07-29 20:19:00,0.1508307554694387
2014-07-29 20:20:00,0.0
2014-07-29 20:21:00,0.2760823524289935
2014-07-29 20:22:00,0.0
2014-07-29 20:23:00,0.33322605752272094
2014-07-29 20:24:00,0.0
2014-07-29 20:25:00,0.014185384095403448
2014-07-29 20:26:00,0.3854978440899858
2014-07-29 20:27:00,0.1995056851450301
2014-07-29 20:28:00,0.06503854607889095
2014-07-29 20:29:00,0.0
2014-07-29 20:30:00,0.07191757113873183
2014-07-29 20:31:00,0.10661197642743606
2014-07-29 20:32:00,0.0
2014-07-29 20:33:00,0.011318498296140875
2014-07-29 20:34:00,0.06132265383838163
2014-07-29 20:35:00,0.04504355564231077
2014-07-29 20:36:00,0.050346341927514866
2014-07-29 20:37:00,0.0
2014-07-29 20:38:00,0.13538105246774013
2014-07-29 20:39:00,0.15095457106705876
2014-07-29 20:40:00,0.1458832052982616
2014-07-29 20:41:00,0.0
2014-07-29 20:42:00,0.015480185073811072
2014-07-29 20:43:00,0.25503818271584855
2014-07-29 20:44:00,0.17699333734781508
2014-07-29 20:45:00,0.007356774259696761
2014-07-29 20:46:00,0.21216781769703957
2014-07-29 20:47:00,0.0
2014-07-29 20:48:00,0.001336952957047822
2014-07-29 20:49:00,0.19462013811046608
2014-07-29 20:50:00,0.0016114118861234074
2014-07-29 20:51:00,0.14251467798398282
2014-07-29 20:52:00,0.0836134681423346
2014-07-29 20:53:00,0.10280028950439432
2014-07-29 20:54:00,0.0
2014-07-29 20:55:00,0.08242953353549967
2014-07-29 20:56:00,0.03816664124723876
2014-07-29 20:57:00,0.0
2014-07-29 20:58:00,0.264132920541138
2014-07-29 20:59:00,0.12851714557535554
2014-07-29 21:00:00,0.023145130448888773
2014-07-29 21:01:00,0.18751965916760588
2014-07-29 21:02:00,0.003925628724511323
2014-07-29 21:03:00,0.07024034457466868
2014-07-29 21:04:00,0.1071541158032353
2014-07-29 21:05:00,0.0
2014-07-29 21:06:00,0.07638980801432936
2014-07-29 21:07:00,0.0
2014-07-29 21:08:00,0.07963062846192027
2014-07-29 21:09:00,0.23412925900719586
2014-07-29 21:10:00,0.05376082032132461
2014-07-29 21:11:00,0.1125258676969739
2014-07-29 21:12:00,0.3989694055133294
2014-07-29 21:13:00,0.0
2014-07-29 21:14:00,0.042342304006066575
2014-07-29 21:15:00,0.05122215864503199
2014-07-29 21:16:00,0.05483616141039775
2014-07-29 21:17:00,0.04715326941222469
2014-07-29 21:18:00,0.11467902447092872
2014-07-29 21:19:00,0.027657384099431
2014-07-29 21:20:00,0.05600195829770556
2014-07-29 21:21:00,0.11179409729320866
2014-07-29 21:22:00,0.035098701269903845
2014-07-29 21:23:00,0.0
2014-07-29 21:24:00,0.003733989035592578
2014-07-29 21:25:00,0.06380352428065658
2014-07-29 21:26:00,0.10925185951655583
2014-07-29 21:27:00,0.029426144164701084
2014-07-29 21:28:00,0.0
2014-07-29 21:29:00,0.1461639361914892
2014-07-29 21:30:00,0.34250173058298217
2014-07-29 21:31:00,0.14849792739035045
2014-07-29 21:32:00,0.21169855865965212
2014-07-29 21:33:00,0.002553640476950038
2014-07-29 21:34:00,0.32426877006422417
2014-07-29 21:35:00,0.02439934819959265
2014-07-29 21:36:00,0.12208899418466834
2014-07-29 21:37:00,0.1032661122813251
2014-07-29 21:38:00,0.16141706773054396
2014-07-29 21:39:00,0.0
2014-07-29 21:40:00,0.017126804817036018
2014-07-29 21:41:00,0.20897508463004189
2014-07-29 21:42:00,0.12697545207472985
2014-07-29 21:43:00,0.0
2014-07-29 21:44:00,0.1435185998224232
2014-07-29 21:45:00,0.14829440754298276
2014-07-29 21:46:00,0.09473165485036833
2014-07-29 21:47:00,0.22921528499065047
2014-07-29 21:48:00,0.0
2014-07-29 21:49:00,0.21938353535843236
2014-07-29 21:50:00,0.3641649896196133
2014-07-29 21:51:00,0.07642190272283943
2014-07-29 21:52:00,0.04011613374878714
2014-07-29 21:53:00,0.0519467914803161
2014-07-29 21:54:00,0.054600782240444096
2014-07-29 21:55:00,0.17726779111646587
2014-07-29 21:56:00,0.007264478155474562
2014-07-29 21:57:00,0.06265073888977278
2014-07-29 21:58:00,0.0
2014-07-29 21:59:00,0.2667343341538542
2014-07-29 22:00:00,0.30321652324332143
2014-07-29 22:01:00,0.2913254960747524
2014-07-29 22:02:00,0.04813387685669444
2014-07-29 22:03:00,0.6345187092895859
2014-07-29 22:04:00,0.0
2014-07-29 22:05:00,0.08999780664226953
2014-07-29 22:06:00,0.16573473802353028
2014-07-29 22:07:00,0.3101186314058808
2014-07-29 22:08:00,0.22406771515537857
2014-07-29 22:09:00,0.18708362196648456
2014-07-29 22:10:00,0.004063146457196583
2014-07-29 22:11:00,0.0
2014-07-29 22:12:00,0.19548581400077425
2014-07-29 22:13:00,0.06635385596479051
2014-07-29 22:14:00,0.04338333422200211
2014-07-29 22:15:00,0.11590916141408271
2014-07-29 22:16:00,0.10528221193518222
2014-07-29 22:17:00,0.2907952732539799
2014-07-29 22:18:00,0.10031449060588303
2014-07-29 22:19:00,0.1623726047098955
2014-07-29 22:20:00,0.018618989471845798
2014-07-29 22:21:00,0.05895490840229518
2014-07-29 22:22:00,0.24087424822372816
2014-07-29 22:23:00,0.1165812878467422
2014-07-29 22:24:00,0.03353981764968916
2014-07-29 22:25:00,0.24915256165244243
2014-07-29 22:26:00,0.11388719702473513
2014-07-29 22:27:00,0.027914383502309625
2014-07-29 22:28:00,0.13394084450774518
2014-07-29 22:29:00,0.08640164170280958
2014-07-29 22:30:00,0.16690761600876208
2014-07-29 22:31:00,0.0106443752581784
2014-07-29 22:32:00,0.19159085272776438
2014-07-29 22:33:00,0.30168740988082293
2014-07-29 22:34:00,0.03175229424164848
2014-07-29 22:35:00,0.18471539465158432
2014-07-29 22:36:00,0.0
2014-07-29 22:37:00,0.09112534069181774
2014-07-29 22:38:00,0.1653729937445848
2014-07-29 22:39:00,0.0761605802708276
2014-07-29 22:40:00,0.0
2014-07-29 22:41:00,0.2226450074129277
2014-07-29 22:42:00,0.18754636356800664
2014-07-29 22:43:00,0.26399517017668217
2014-07-29 22:44:00,0.1740654440917837
2014-07-29 22:45:00,0.0
2014-07-29 22:46:00,0.45410316349131763
2014-07-29 22:47:00,0.0
2014-07-29 22:48:00,0.3732923799314647
2014-07-29 22:49:00,0.13846271671318502
2014-07-29 22:50:00,0.46204517692422503
2014-07-29 22:51:00,0.0
2014-07-29 22:52:00,0.48298851517842256
2014-07-29 22:53:00,0.16774516879108273
2014-07-29 22:54:00,0.08838786860793871
2014-07-29 22:55:00,0.2312797785829323
2014-07-29 22:56:00,0.18473614565305857
2014-07-29 22:57:00,0.39494206967123097
2014-07-29 22:58:00,0.1314199397194557
2014-07-29 22:59:00,0.0
2014-07-29 23:00:00,0.2090063951014078
2014-07-29 23:01:00,0.0
2014-07-29 23:02:00,0.022190328112310084
2014-07-29 23:03:00,0.06427854716723246
2014-07-29 23:04:00,0.0
2014-07-29 23:05:00,0.006822758729024058
2014-07-29 23:06:00,0.0627902463734521
2014-07-29 23:07:00,0.3046382939786497
2014-07-29 23:08:00,0.186830382832888
2014-07-29 23:09:00,0.00415049445976268
2014-07-29 23:10:00,0.32375055373945505
2014-07-29 23:11:00,0.15460174379569014
2014-07-29 23:12:00,0.23572370012065652
2014-07-29 23:13:00,0.0
2014-07-29 23:14:00,0.1338734807173037
2014-07-29 23:15:00,0.0
2014-07-29 23:16:00,0.0857301725276128
2014-07-29 23:17:00,0.03708858544611314
2014-07-29 23:18:00,0.05292724739249642
2014-07-29 23:19:00,0.047771362099375686
2014-07-29 23:20:00,0.1274818787289127
2014-07-29 23:21:00,0.0234788239148732
2014-07-29 23:22:00,0.12238594218235735
2014-07-29 23:23:00,0.0
2014-07-29 23:24:00,0.012992294345589043
2014-07-29 23:25:00,0.2103297375131462
2014-07-29 23:26:00,0.0
2014-07-29 23:27:00,0.34742012668213906
2014-07-29 23:28:00,0.3419556380064949
2014-07-29 23:29:00,0.10316184296701283
2014-07-29 23:30:00,0.03141036958191396
2014-07-29 23:31:00,0.1848230540870209
2014-07-29 23:32:00,0.004807524335774506
2014-07-29 23:33:00,0.06995220853611478
2014-07-29 23:34:00,0.10725225421552795
2014-07-29 23:35:00,0.16011920767021937
2014-07-29 23:36:00,0.4029690598330796
2014-07-29 23:37:00,0.32386250540372774
2014-07-29 23:38:00,0.0
2014-07-29 23:39:00,0.03436459478484993
2014-07-29 23:40:00,0.18386243055322982
2014-07-29 23:41:00,0.20018120066175726
2014-07-29 23:42:00,0.2988909717688074
2014-07-29 23:43:00,0.09768688472680137
2014-07-29 23:44:00,0.09821378126966729
2014-07-29 23:45:00,0.033020289141289565
2014-07-29 23:46:00,0.06075958202421616
2014-07-29 23:47:00,0.11023278797317387
2014-07-29 23:48:00,0.09411812407526
2014-07-29 23:49:00,0.03436293200723335
2014-07-29 23:50:00,0.11884518154176661
2014-07-29 23:51:00,0.1043200576108411
2014-07-29 23:52:00,0.22608798808177166
2014-07-29 23:53:00,0.18641557888013227
2014-07-29 23:54:00,0.2643667438967977
2014-07-29 23:55:00,0.1284380861245546
2014-07-29 23:56:00,0.023176540810724088
2014-07-29 23:57:00,0.057467853347681834
2014-07-29 23:58:00,0.0
2014-07-29 23:59:00,0.2206634691291236
2014-07-30 00:00:00,0.18819121858114105
2014-07-30 00:01:00,0.13374724895183437
2014-07-30 00:02:00,0.021444354535210583
2014-07-30 00:03:00,0.1880667817495318
2014-07-30 00:04:00,0.010247620428862101
2014-07-30 00:05:00,0.12669359034863187
2014-07-30 00:06:00,0.023742032355213
2014-07-30 00:07:00,0.12230542041345713
2014-07-30 00:08:00,0.0
2014-07-30 00:09:00,0.14302181506810457
2014-07-30 00:10:00,0.01841914325844068
2014-07-30 00:11:00,0.059013125726006116
2014-07-30 00:12:00,0.19533696485087565
2014-07-30 00:13:00,0.06640283240235904
2014-07-30 00:14:00,0.043381490114427664
2014-07-30 00:15:00,0.05088684836783908
2014-07-30 00:16:00,0.05494050652150527
2014-07-30 00:17:00,0.11214064780774465
2014-07-30 00:18:00,0.0
2014-07-30 00:19:00,0.14194438217703043
2014-07-30 00:20:00,0.1488129000130409
2014-07-30 00:21:00,0.0
2014-07-30 00:22:00,0.2108527682811352
2014-07-30 00:23:00,0.1263617698261367
2014-07-30 00:24:00,0.28393167979345557
2014-07-30 00:25:00,0.0
2014-07-30 00:26:00,0.16017338359172717
2014-07-30 00:27:00,0.07785686299445452
2014-07-30 00:28:00,0.3647521237753113
2014-07-30 00:29:00,0.2452839772990612
2014-07-30 00:30:00,0.1151468163901057
2014-07-30 00:31:00,0.35260225168760717
2014-07-30 00:32:00,0.0
2014-07-30 00:33:00,0.3803454086840403
2014-07-30 00:34:00,0.0
2014-07-30 00:35:00,0.47431775810014687
2014-07-30 00:36:00,0.0
2014-07-30 00:37:00,0.20303091332734016
2014-07-30 00:38:00,0.005375474039687692
2014-07-30 00:39:00,0.12827732386902202
2014-07-30 00:40:00,0.08824185197923087
2014-07-30 00:41:00,0.16630991113462087
2014-07-30 00:42:00,0.38144256358484235
2014-07-30 00:43:00,0.07079521658990146
2014-07-30 00:44:00,0.17198495896219684
2014-07-30 00:45:00,0.33409222315194553
2014-07-30 00:46:00,0.28126475218577685
2014-07-30 00:47:00,0.0
2014-07-30 00:48:00,0.13658581570618739
2014-07-30 00:49:00,0.08554263098708356
2014-07-30 00:50:00,0.0
2014-07-30 00:51:00,0.009077180238695848
2014-07-30 00:52:00,0.2571177563196229
2014-07-30 00:53:00,0.0
2014-07-30 00:54:00,0.20116865601117484
2014-07-30 00:55:00,0.2205466779685435
2014-07-30 00:56:00,0.05817931174919924
2014-07-30 00:57:00,0.17609759063941072
2014-07-30 00:58:00,0.39777245620570234
2014-07-30 00:59:00,0.0
2014-07-30 01:00:00,0.04221516321896396
2014-07-30 01:01:00,0.0
2014-07-30 01:02:00,0.1345199578752736
2014-07-30 01:03:00,0.027689391847607284
2014-07-30 01:04:00,0.18603991734415753
2014-07-30 01:05:00,0.0
2014-07-30 01:06:00,0.3448395129490939
2014-07-30 01:07:00,0.0
2014-07-30 01:08:00,0.2511602936337849
2014-07-30 01:09:00,0.17824381520401794
2014-07-30 01:10:00,0.07197636178123967
2014-07-30 01:11:00,0.4316913744769285
2014-07-30 01:12:00,0.0
2014-07-30 01:13:00,0.0875320408195456
2014-07-30 01:14:00,0.10152272968794351
2014-07-30 01:15:00,0.0
2014-07-30 01:16:00,0.15382283032396551
2014-07-30 01:17:00,0.14493672246023775
2014-07-30 01:18:00,0.2128657711925201
2014-07-30 01:19:00,0.12570527917647217
2014-07-30 01:20:00,0.21912129547482828
2014-07-30 01:21:00,0.1431788888420096
2014-07-30 01:22:00,0.08338144582764391
2014-07-30 01:23:00,0.03785839034118987
2014-07-30 01:24:00,0.3127650163902371
2014-07-30 01:25:00,0.11266946013283184
2014-07-30 01:26:00,0.15835576970717383
2014-07-30 01:27:00,0.013425979221355685
2014-07-30 01:28:00,0.3857411130903686
2014-07-30 01:29:00,0.0
2014-07-30 01:30:00,0.14767791540091274
2014-07-30 01:31:00,0.016902857154431412
2014-07-30 01:32:00,0.38460901805107905
2014-07-30 01:33:00,0.017743651523694698
2014-07-30 01:34:00,0.25429865323194933
2014-07-30 01:35:00,0.11220429434652834
2014-07-30 01:36:00,0.028462370693597323
2014-07-30 01:37:00,0.0557433670092404
2014-07-30 01:38:00,0.05336179528682952
2014-07-30 01:39:00,0.30770355798316806
2014-07-30 01:40:00,0.029797787848562497
2014-07-30 01:41:00,0.1853488988555615
2014-07-30 01:42:00,0.15418204605839234
2014-07-30 01:43:00,0.0
2014-07-30 01:44:00,0.2764472045871899
2014-07-30 01:45:00,0.10499168122849467
2014-07-30 01:46:00,0.180358021973408
2014-07-30 01:47:00,0.0
2014-07-30 01:48:00,0.08416055639965266
2014-07-30 01:49:00,0.16764039008639217
2014-07-30 01:50:00,0.15994198115301958
2014-07-30 01:51:00,0.14295308538682144
2014-07-30 01:52:00,0.14848353406567893
2014-07-30 01:53:00,0.016641896176211913
2014-07-30 01:54:00,0.2546606194641674
2014-07-30 01:55:00,0.0
2014-07-30 01:56:00,0.0037266118857398702
2014-07-30 01:57:00,0.12882094790060264
2014-07-30 01:58:00,0.4131747698641335
2014-07-30 01:59:00,0.0
2014-07-30 02:00:00,0.23890654894973137
2014-07-30 02:01:00,0.0
2014-07-30 02:02:00,0.06919114696477147
2014-07-30 02:03:00,0.0424744951150389
2014-07-30 02:04:00,0.49331845673350727
2014-07-30 02:05:00,0.03433830218264283
2014-07-30 02:06:00,0.05383364050161635
2014-07-30 02:07:00,0.1125027551683857
2014-07-30 02:08:00,0.10638843485998364
2014-07-30 02:09:00,0.09536707897721358
2014-07-30 02:10:00,0.0
2014-07-30 02:11:00,0.010113639877089619
2014-07-30 02:12:00,0.06822709633407094
2014-07-30 02:13:00,0.23785141037134147
2014-07-30 02:14:00,0.052551045919138464
2014-07-30 02:15:00,0.0
2014-07-30 02:16:00,0.22014757039615787
2014-07-30 02:17:00,0.05832000676012128
2014-07-30 02:18:00,0.11103684362144833
2014-07-30 02:19:00,0.0
2014-07-30 02:20:00,0.0833050258552327
2014-07-30 02:21:00,0.2979621206026505
2014-07-30 02:22:00,0.032969556913455364
2014-07-30 02:23:00,0.18431675595811153
2014-07-30 02:24:00,0.15451127153263414
2014-07-30 02:25:00,0.01468164104052231
2014-07-30 02:26:00,0.19027834596821952
2014-07-30 02:27:00,0.0
2014-07-30 02:28:00,0.34529511657706213
2014-07-30 02:29:00,0.2516184325834996
2014-07-30 02:30:00,0.1781088123420647
2014-07-30 02:31:00,0.006993160076508131
2014-07-30 02:32:00,0.06273183652881936
2014-07-30 02:33:00,0.12260632055648048
2014-07-30 02:34:00,0.09009213757191742
2014-07-30 02:35:00,0.1657046820920966
2014-07-30 02:36:00,0.07605667676797509
2014-07-30 02:37:00,0.11826043509113304
2014-07-30 02:38:00,0.0
2014-07-30 02:39:00,0.14257999486644912
2014-07-30 02:40:00,0.018561632856140008
2014-07-30 02:41:00,0.058968298109780076
2014-07-30 02:42:00,0.0
2014-07-30 02:43:00,0.1362968255212641
2014-07-30 02:44:00,0.15065303245686826
2014-07-30 02:45:00,0.21099729740455964
2014-07-30 02:46:00,0.0
2014-07-30 02:47:00,0.3474932195770133
2014-07-30 02:48:00,0.14686992577365715
2014-07-30 02:49:00,0.017174069487303434
2014-07-30 02:50:00,0.13744471593278212
2014-07-30 02:51:00,0.28032230000632496
2014-07-30 02:52:00,0.1037348212924467
2014-07-30 02:53:00,0.09624582606921325
2014-07-30 02:54:00,0.0
2014-07-30 02:55:00,0.08173324533927889
2014-07-30 02:56:00,0.10340636941925743
2014-07-30 02:57:00,0.16137489428770294
2014-07-30 02:58:00,0.07745641580315245
2014-07-30 02:59:00,0.0
2014-07-30 03:00:00,0.26830294320132114
2014-07-30 03:01:00,0.04262795159865336
2014-07-30 03:02:00,0.18116343228833456
2014-07-30 03:03:00,0.0840214142110531
2014-07-30 03:04:00,0.23270517110516165
2014-07-30 03:05:00,0.054230420511625535
2014-07-30 03:06:00,0.0
2014-07-30 03:07:00,0.07727489699396586
2014-07-30 03:08:00,0.039840269762864776
2014-07-30 03:09:00,0.247098551581175
2014-07-30 03:10:00,0.0
2014-07-30 03:11:00,0.005034114948981528
2014-07-30 03:12:00,0.06337846867075353
2014-07-30 03:13:00,0.3044474119224059
2014-07-30 03:14:00,0.16089412724945862
2014-07-30 03:15:00,0.0190987103474848
2014-07-30 03:16:00,0.0
2014-07-30 03:17:00,0.13206885715723682
2014-07-30 03:18:00,0.0
2014-07-30 03:19:00,0.2090762578069708
2014-07-30 03:20:00,0.07492303930426633
2014-07-30 03:21:00,0.17065208933084947
2014-07-30 03:22:00,0.07444544720616557
2014-07-30 03:23:00,0.1057849223624617
2014-07-30 03:24:00,0.03704928028202492
2014-07-30 03:25:00,0.0
2014-07-30 03:26:00,0.003934238126031877
2014-07-30 03:27:00,0.0637390485422096
2014-07-30 03:28:00,0.19379671322432138
2014-07-30 03:29:00,0.0018860722412603025
2014-07-30 03:30:00,0.12941912380330317
2014-07-30 03:31:00,0.08787505547056469
2014-07-30 03:32:00,0.10140706451155627
2014-07-30 03:33:00,0.3310732349849429
2014-07-30 03:34:00,0.022179698388843247
2014-07-30 03:35:00,0.25285325992919655
2014-07-30 03:36:00,0.04766593113735209
2014-07-30 03:37:00,0.19903729978736945
2014-07-30 03:38:00,0.13021524307665105
2014-07-30 03:39:00,0.02259197455986061
2014-07-30 03:40:00,0.05766010021035339
2014-07-30 03:41:00,0.34532378267458386
2014-07-30 03:42:00,0.1475771140328097
2014-07-30 03:43:00,0.4070591964922557
2014-07-30 03:44:00,0.12745720033309396
2014-07-30 03:45:00,0.029998451964704274
2014-07-30 03:46:00,0.18527988033152898
2014-07-30 03:47:00,0.1997177724854397
2014-07-30 03:48:00,0.0
2014-07-30 03:49:00,0.1512344064902636
2014-07-30 03:50:00,0.165296594338749
2014-07-30 03:51:00,0.07618803126520546
2014-07-30 03:52:00,0.23524806921582403
2014-07-30 03:53:00,0.1184159340507266
2014-07-30 03:54:00,0.0329321440478956
2014-07-30 03:55:00,0.18432760159608086
2014-07-30 03:56:00,0.13500994063292865
2014-07-30 03:57:00,0.0
2014-07-30 03:58:00,0.3784363563626193
2014-07-30 03:59:00,0.26683529331436556
2014-07-30 04:00:00,0.0
2014-07-30 04:01:00,0.2883957915905172
2014-07-30 04:02:00,0.2701560556740925
2014-07-30 04:03:00,0.04202109272785845
2014-07-30 04:04:00,0.0
2014-07-30 04:05:00,0.0044607506674210415
2014-07-30 04:06:00,0.1415851013237351
2014-07-30 04:07:00,0.14892988977664864
2014-07-30 04:08:00,0.08152351357798746
2014-07-30 04:09:00,0.2335091774501492
2014-07-30 04:10:00,0.0669621729336725
2014-07-30 04:11:00,0.0
2014-07-30 04:12:00,0.07211701148334915
2014-07-30 04:13:00,0.17155642060736276
2014-07-30 04:14:00,0.07414974942099295
2014-07-30 04:15:00,0.19041075820129588
2014-07-30 04:16:00,0.1330277415632019
2014-07-30 04:17:00,0.021677371373488425
2014-07-30 04:18:00,0.18799300394099122
2014-07-30 04:19:00,0.4459091470039314
2014-07-30 04:20:00,0.0
2014-07-30 04:21:00,0.09116392139725568
2014-07-30 04:22:00,0.23038199261463962
2014-07-30 04:23:00,0.0
2014-07-30 04:24:00,0.06616566409299088
2014-07-30 04:25:00,0.04346227462425552
2014-07-30 04:26:00,0.0
2014-07-30 04:27:00,0.07613250582364489
2014-07-30 04:28:00,0.040217401134642505
2014-07-30 04:29:00,0.18195218225616544
2014-07-30 04:30:00,0.1357688127301988
2014-07-30 04:31:00,0.39140627260440775
2014-07-30 04:32:00,0.002525778970500797
2014-07-30 04:33:00,0.32426923898619087
2014-07-30 04:34:00,0.0
2014-07-30 04:35:00,0.20829193604662505
2014-07-30 04:36:00,0.0036629744817967824
2014-07-30 04:37:00,0.06382735195262276
2014-07-30 04:38:00,0.1742638705763528
2014-07-30 04:39:00,0.0
2014-07-30 04:40:00,0.3045778799029023
2014-07-30 04:41:00,0.09582992839078536
2014-07-30 04:42:00,0.0
2014-07-30 04:43:00,0.07519508740811413
2014-07-30 04:44:00,0.04051356315746843
2014-07-30 04:45:00,0.0
2014-07-30 04:46:00,0.12132967130315483
2014-07-30 04:47:00,0.090512794053076
2014-07-30 04:48:00,0.11355524432732489
2014-07-30 04:49:00,0.028020127124434004
2014-07-30 04:50:00,0.05589363780955019
2014-07-30 04:51:00,0.0
2014-07-30 04:52:00,0.20099184099498132
2014-07-30 04:53:00,0.07756671289390021
2014-07-30 04:54:00,0.03974808580257094
2014-07-30 04:55:00,0.11708935849830346
2014-07-30 04:56:00,0.28695513223206776
2014-07-30 04:57:00,0.0
2014-07-30 04:58:00,0.07217320339039013
2014-07-30 04:59:00,0.1065240000155932
2014-07-30 05:00:00,0.09533586089357018
2014-07-30 05:01:00,0.040461925185869885
2014-07-30 05:02:00,0.11685893782811221
2014-07-30 05:03:00,0.02694315359452419
2014-07-30 05:04:00,0.05623979914512081
2014-07-30 05:05:00,0.0
2014-07-30 05:06:00,0.14900950980326794
2014-07-30 05:07:00,0.0
2014-07-30 05:08:00,0.40593893528174274
2014-07-30 05:09:00,0.06281136915232366
2014-07-30 05:10:00,0.12257764015775832
2014-07-30 05:11:00,0.09010361568157066
2014-07-30 05:12:00,0.03566497205749658
2014-07-30 05:13:00,0.05339750700075731
2014-07-30 05:14:00,0.3467152819942909
2014-07-30 05:15:00,0.0
2014-07-30 05:16:00,0.14565689426119
2014-07-30 05:17:00,0.0
2014-07-30 05:18:00,0.2300280586196937
2014-07-30 05:19:00,0.2501483415673218
2014-07-30 05:20:00,0.0
2014-07-30 05:21:00,0.2654448518665185
2014-07-30 05:22:00,0.05656431893214641
2014-07-30 05:23:00,0.2416516150041082
2014-07-30 05:24:00,0.0
2014-07-30 05:25:00,0.1995141733044537
2014-07-30 05:26:00,0.0
2014-07-30 05:27:00,0.2812509024165562
2014-07-30 05:28:00,0.16845511478879127
2014-07-30 05:29:00,0.07515344292360475
2014-07-30 05:30:00,0.04052803048192589
2014-07-30 05:31:00,0.12984203453162488
2014-07-30 05:32:00,0.1527520389482699
2014-07-30 05:33:00,0.08027432596882
2014-07-30 05:34:00,0.36396105259758615
2014-07-30 05:35:00,0.1675169590454083
2014-07-30 05:36:00,0.010440422072942442
2014-07-30 05:37:00,0.3867207087641048
2014-07-30 05:38:00,0.004045150679771001
2014-07-30 05:39:00,0.07019838383842056
2014-07-30 05:40:00,0.1721891580573282
2014-07-30 05:41:00,0.0
2014-07-30 05:42:00,0.14831121900698083
2014-07-30 05:43:00,0.0
2014-07-30 05:44:00,0.27582010653776323
2014-07-30 05:45:00,0.0
2014-07-30 05:46:00,0.2031498638388081
2014-07-30 05:47:00,0.1483844908300471
2014-07-30 05:48:00,0.1467069883750608
2014-07-30 05:49:00,0.21228547549569451
2014-07-30 05:50:00,0.06088042242666062
2014-07-30 05:51:00,0.04518065592911743
2014-07-30 05:52:00,0.05680506116234278
2014-07-30 05:53:00,0.37160964052794854
2014-07-30 05:54:00,0.0
2014-07-30 05:55:00,0.343348824198409
2014-07-30 05:56:00,0.25225601743630355
2014-07-30 05:57:00,0.11287401541750271
2014-07-30 05:58:00,0.223302764768885
2014-07-30 05:59:00,0.05728804281453902
2014-07-30 06:00:00,0.05285216491808724
2014-07-30 06:01:00,0.17784022773615282
2014-07-30 06:02:00,0.20214222005575716
2014-07-30 06:03:00,0.0
2014-07-30 06:04:00,0.28634817787826594
2014-07-30 06:05:00,0.10177516706105368
2014-07-30 06:06:00,0.22691354562703542
2014-07-30 06:07:00,0.18614732019697738
2014-07-30 06:08:00,0.13441416320314062
2014-07-30 06:09:00,0.0
2014-07-30 06:10:00,0.07928641202079997
2014-07-30 06:11:00,0.0
2014-07-30 06:12:00,0.07342958752778014
2014-07-30 06:13:00,0.11911554141869636
2014-07-30 06:14:00,0.15625500886290888
2014-07-30 06:15:00,0.014106363707781358
2014-07-30 06:16:00,0.0
2014-07-30 06:17:00,0.2875797314192667
2014-07-30 06:18:00,0.23140613555236378
2014-07-30 06:19:00,0.0
2014-07-30 06:20:00,0.28464310793499026
2014-07-30 06:21:00,0.0
2014-07-30 06:22:00,0.07193097969740013
2014-07-30 06:23:00,0.10660408843248442
2014-07-30 06:24:00,0.09530637690868649
2014-07-30 06:25:00,0.1640060679273067
2014-07-30 06:26:00,0.0
2014-07-30 06:27:00,0.08242720396095807
2014-07-30 06:28:00,0.1031773594317065
2014-07-30 06:29:00,0.16143910508751574
2014-07-30 06:30:00,0.0
2014-07-30 06:31:00,0.01712439888572199
2014-07-30 06:32:00,0.05944160428301229
2014-07-30 06:33:00,0.0
2014-07-30 06:34:00,0.14934957622108563
2014-07-30 06:35:00,0.0813818258063904
2014-07-30 06:36:00,330.66513729642935
2014-07-30 06:37:00,381.29088462184745
2014-07-30 06:38:00,0.0
2014-07-30 06:39:00,9.011971359920693
2014-07-30 06:40:00,34.06043805927138
2014-07-30 06:41:00,0.0
2014-07-30 06:42:00,3.832661527597337
2014-07-30 06:43:00,0.0
2014-07-30 06:44:00,0.6435538579038889
2014-07-30 06:45:00,0.0
2014-07-30 06:46:00,0.26336124282095796
2014-07-30 06:47:00,0.33898036555485744
2014-07-30 06:48:00,0.07209403674851925
2014-07-30 06:49:00,0.04357160669174275
2014-07-30 06:50:00,0.0
2014-07-30 06:51:00,0.003074752064562959
2014-07-30 06:52:00,0.14243205057577313
2014-07-30 06:53:00,0.08363115548417636
2014-07-30 06:54:00,0.037774962101553816
2014-07-30 06:55:00,0.31278579173729837
2014-07-30 06:56:00,0.041147052948076676
2014-07-30 06:57:00,0.1166286395612856
2014-07-30 06:58:00,0.02701235990988023
2014-07-30 06:59:00,0.2512778376336943
2014-07-30 07:00:00,0.0
2014-07-30 07:01:00,0.15670976327485125
2014-07-30 07:02:00,0.0
2014-07-30 07:03:00,0.01662739559189092
2014-07-30 07:04:00,0.06610235782264204
2014-07-30 07:05:00,0.1085043279955338
2014-07-30 07:06:00,0.15970132516163718
2014-07-30 07:07:00,0.14303105971523603
2014-07-30 07:08:00,0.0
2014-07-30 07:09:00,0.14522047808019686
2014-07-30 07:10:00,0.017702058555801425
2014-07-30 07:11:00,0.0
2014-07-30 07:12:00,0.14491757809706146
2014-07-30 07:13:00,0.01780996903037385
2014-07-30 07:14:00,0.2542777981423222
2014-07-30 07:15:00,0.0
2014-07-30 07:16:00,0.0058023193758320185
2014-07-30 07:17:00,0.0
2014-07-30 07:18:00,0.0006131277946865537
2014-07-30 07:19:00,0.19486229375148412
2014-07-30 07:20:00,0.0
2014-07-30 07:21:00,0.020682020255834627
2014-07-30 07:22:00,0.058282868937835845
2014-07-30 07:23:00,0.0
2014-07-30 07:24:00,0.13622664658685713
2014-07-30 07:25:00,0.020632078867959043
2014-07-30 07:26:00,0.12331906919039075
2014-07-30 07:27:00,0.15488563615371972
2014-07-30 07:28:00,0.0
2014-07-30 07:29:00,0.4520724385175235
2014-07-30 07:30:00,0.0
2014-07-30 07:31:00,0.3957394669838265
2014-07-30 07:32:00,0.0
2014-07-30 07:33:00,0.0208167215835402
2014-07-30 07:34:00,0.058238985977821
2014-07-30 07:35:00,0.17608253324329748
2014-07-30 07:36:00,0.26773483086547756
2014-07-30 07:37:00,0.0
2014-07-30 07:38:00,0.005111219622984555
2014-07-30 07:39:00,0.1933969006366561
2014-07-30 07:40:00,0.0670206236057067
2014-07-30 07:41:00,0.04968830624489231
2014-07-30 07:42:00,0.0
2014-07-30 07:43:00,0.005279326009696215
2014-07-30 07:44:00,0.19334074970297704
2014-07-30 07:45:00,0.08005508141594146
2014-07-30 07:46:00,0.10395383316190007
2014-07-30 07:47:00,0.09616518795067325
2014-07-30 07:48:00,0.0
2014-07-30 07:49:00,0.010206727721541072
2014-07-30 07:50:00,0.0
2014-07-30 07:51:00,0.00108316835991941
2014-07-30 07:52:00,0.0
2014-07-30 07:53:00,0.06513602308207754
2014-07-30 07:54:00,0.19334587445498136
2014-07-30 07:55:00,0.13206513243027523
2014-07-30 07:56:00,0.1520330232150856
2014-07-30 07:57:00,0.015487760870531903
2014-07-30 07:58:00,0.0
2014-07-30 07:59:00,0.06666607897661175
2014-07-30 08:00:00,0.0
2014-07-30 08:01:00,0.2021354528595874
2014-07-30 08:02:00,0.0
2014-07-30 08:03:00,0.0864732906215161
2014-07-30 08:04:00,0.10186647886084169
2014-07-30 08:05:00,0.0
2014-07-30 08:06:00,0.08233136254235643
2014-07-30 08:07:00,0.0
2014-07-30 08:08:00,0.07375943907572204
2014-07-30 08:09:00,0.04099125090217739
2014-07-30 08:10:00,0.11668366625561137
2014-07-30 08:11:00,0.17655332104683022
2014-07-30 08:12:00,0.13753582835657077
2014-07-30 08:13:00,0.020215495842948697
2014-07-30 08:14:00,0.12345201397115452
2014-07-30 08:15:00,0.0
2014-07-30 08:16:00,0.07812490754914467
2014-07-30 08:17:00,0.10458601042714097
2014-07-30 08:18:00,0.1609885812427835
2014-07-30 08:19:00,0.09059480533462574
2014-07-30 08:20:00,0.035504472724503106
2014-07-30 08:21:00,0.0
2014-07-30 08:22:00,0.003763712880794804
2014-07-30 08:23:00,0.0
2014-07-30 08:24:00,0.1304407142537501
2014-07-30 08:25:00,0.2826012442499508
2014-07-30 08:26:00,0.03797522449573658
2014-07-30 08:27:00,0.13067022798498507
2014-07-30 08:28:00,0.15248649857767088
2014-07-30 08:29:00,0.0
2014-07-30 08:30:00,0.01618291229553062
2014-07-30 08:31:00,0.2808152461569978
2014-07-30 08:32:00,0.10357636356934938
2014-07-30 08:33:00,0.0962967560980574
2014-07-30 08:34:00,0.033648327129403625
2014-07-30 08:35:00,0.24911369155170976
2014-07-30 08:36:00,0.06187815938998921
2014-07-30 08:37:00,0.10988043485693605
2014-07-30 08:38:00,0.0
2014-07-30 08:39:00,0.07667815904294992
2014-07-30 08:40:00,0.0
2014-07-30 08:41:00,0.07315741664394397
2014-07-30 08:42:00,0.0
2014-07-30 08:43:00,0.07928612728700304
2014-07-30 08:44:00,0.16922785076349034
2014-07-30 08:45:00,0.009888007793327238
2014-07-30 08:46:00,0.0
2014-07-30 08:47:00,0.45618998730168736
2014-07-30 08:48:00,0.0
2014-07-30 08:49:00,0.13185818669898863
2014-07-30 08:50:00,0.08708093893426219
2014-07-30 08:51:00,0.2317113200605142
2014-07-30 08:52:00,0.21059864801987932
2014-07-30 08:53:00,0.0
2014-07-30 08:54:00,0.0661866627405224
2014-07-30 08:55:00,0.043451983348612236
2014-07-30 08:56:00,0.05736609529614801
2014-07-30 08:57:00,0.046331891975401995
2014-07-30 08:58:00,0.0
2014-07-30 08:59:00,0.06994236340336615
2014-07-30 09:00:00,0.2372913052575395
2014-07-30 09:01:00,0.06573607299221959
2014-07-30 09:02:00,0.0
2014-07-30 09:03:00,0.07199248196146095
2014-07-30 09:04:00,0.0
2014-07-30 09:05:00,0.15068303246987486
2014-07-30 09:06:00,0.21098882756033216
2014-07-30 09:07:00,0.0
2014-07-30 09:08:00,0.261289775875133
2014-07-30 09:09:00,0.3505113448539217
2014-07-30 09:10:00,0.0
2014-07-30 09:11:00,0.14605147008438762
2014-07-30 09:12:00,0.017437257226467568
2014-07-30 09:13:00,0.1373647670881336
2014-07-30 09:14:00,0.2803469608605488
2014-07-30 09:15:00,0.1037289219423759
2014-07-30 09:16:00,0.03122237212095476
2014-07-30 09:17:00,0.0
2014-07-30 09:18:00,0.0033166542857776178
2014-07-30 09:19:00,0.19397161235856866
2014-07-30 09:20:00,0.2618961251038264
2014-07-30 09:21:00,0.0
2014-07-30 09:22:00,0.28787145685711957
2014-07-30 09:23:00,0.0
2014-07-30 09:24:00,0.2906289381322351
2014-07-30 09:25:00,0.0
2014-07-30 09:26:00,0.13758491428196346
2014-07-30 09:27:00,0.0
2014-07-30 09:28:00,0.1446430269363897
2014-07-30 09:29:00,0.14793800182339603
2014-07-30 09:30:00,0.023320181895739645
2014-07-30 09:31:00,0.0
2014-07-30 09:32:00,0.002481310669964681
2014-07-30 09:33:00,0.12922307184696066
2014-07-30 09:34:00,0.0
2014-07-30 09:35:00,0.01370543050179709
2014-07-30 09:36:00,0.06055543932185477
2014-07-30 09:37:00,0.11030865106367221
2014-07-30 09:38:00,0.0
2014-07-30 09:39:00,0.14174267549481306
2014-07-30 09:40:00,0.018837888238982563
2014-07-30 09:41:00,91.4574787168981
2014-07-30 09:42:00,518.9735778379592
2014-07-30 09:43:00,2.906100173437025
2014-07-30 09:44:00,9.651501231017992
2014-07-30 09:45:00,444.2582570379449
2014-07-30 09:46:00,0.0
2014-07-30 09:47:00,58.37178482663497
2014-07-30 09:48:00,0.0
2014-07-30 09:49:00,6.412908304600794
2014-07-30 09:50:00,0.0
2014-07-30 09:51:00,0.6397323690234779
2014-07-30 09:52:00,0.0
2014-07-30 09:53:00,0.05183267055887083
2014-07-30 09:54:00,0.0
2014-07-30 09:55:00,0.006920200506249917
2014-07-30 09:56:00,0.0
2014-07-30 09:57:00,0.008350461642131093
2014-07-30 09:58:00,0.0
2014-07-30 09:59:00,0.0013229353414419681
2014-07-30 10:00:00,0.0
2014-07-30 10:01:00,0.00013483488072105692
2014-07-30 10:02:00,0.0
2014-07-30 10:03:00,1.4570383617230685e-05
2014-07-30 10:04:00,0.0
2014-07-30 10:05:00,1.2034877569632421e-06
2014-07-30 10:06:00,0.0
2014-07-30 10:07:00,1.5802140353146732e-07
2014-07-30 10:08:00,0.0
2014-07-30 10:09:00,0.2600801282046089
2014-07-30 10:10:00,0.11033077201444272
2014-07-30 10:11:00,0.15911629173933922
2014-07-30 10:12:00,0.0
2014-07-30 10:13:00,0.01688753759762568
2014-07-30 10:14:00,0.18955832165212438
2014-07-30 10:15:00,0.0682854621296191
2014-07-30 10:16:00,0.2378338381338559
2014-07-30 10:17:00,0.06556221027351355
2014-07-30 10:18:00,0.04366106038729151
2014-07-30 10:19:00,0.1158160275841558
2014-07-30 10:20:00,0.09230076676576235
2014-07-30 10:21:00,0.0
2014-07-30 10:22:00,0.009793042769237146
2014-07-30 10:23:00,0.12685166406663506
2014-07-30 10:24:00,0.1537340911548436
2014-07-30 10:25:00,0.0
2014-07-30 10:26:00,0.14635617596402273
2014-07-30 10:27:00,0.21239272411243945
2014-07-30 10:28:00,0.19088449439578398
2014-07-30 10:29:00,0.0
2014-07-30 10:30:00,0.306343768069568
2014-07-30 10:31:00,0.03023609049572045
2014-07-30 10:32:00,0.05517102624513262
2014-07-30 10:33:00,0.24210627297512904
2014-07-30 10:34:00,0.0
2014-07-30 10:35:00,0.09071189783838504
2014-07-30 10:36:00,0.0354698458951674
2014-07-30 10:37:00,0.0
2014-07-30 10:38:00,0.21832472703276523
2014-07-30 10:39:00,0.18894811763239477
2014-07-30 10:40:00,0.0034670378575164217
2014-07-30 10:41:00,0.06388109945098204
2014-07-30 10:42:00,0.0
2014-07-30 10:43:00,0.2213455184649051
2014-07-30 10:44:00,0.0
2014-07-30 10:45:00,0.21855741895566513
2014-07-30 10:46:00,0.058835970508424665
2014-07-30 10:47:00,0.19539687031319541
2014-07-30 10:48:00,0.0
2014-07-30 10:49:00,0.02073084532241597
2014-07-30 10:50:00,0.2533199785133636
2014-07-30 10:51:00,0.0
2014-07-30 10:52:00,0.1569240116033369
2014-07-30 10:53:00,0.0789177947880507
2014-07-30 10:54:00,0.0
2014-07-30 10:55:00,0.07990237244203394
2014-07-30 10:56:00,0.03898290293708985
2014-07-30 10:57:00,0.0
2014-07-30 10:58:00,0.06915242615105918
2014-07-30 10:59:00,0.0
2014-07-30 11:00:00,0.267418579817158
2014-07-30 11:01:00,0.10793151258799885
2014-07-30 11:02:00,0.15990068824232231
2014-07-30 11:03:00,0.09094708573373929
2014-07-30 11:04:00,0.0353882642815649
2014-07-30 11:05:00,0.11851253298270746
2014-07-30 11:06:00,0.1564484739136932
2014-07-30 11:07:00,0.07907065081593687
2014-07-30 11:08:00,0.0457629573169762
2014-07-30 11:09:00,0.0
2014-07-30 11:10:00,0.13489833612008245
2014-07-30 11:11:00,0.02106412476812474
2014-07-30 11:12:00,0.20770003089609307
2014-07-30 11:13:00,0.06237091014814792
2014-07-30 11:14:00,0.0
2014-07-30 11:15:00,0.13665984707609297
2014-07-30 11:16:00,0.09851920421554924
2014-07-30 11:17:00,0.09793926406751746
2014-07-30 11:18:00,0.16315101189259087
2014-07-30 11:19:00,0.011867513351320642
2014-07-30 11:20:00,0.06765653655933485
2014-07-30 11:21:00,0.0
2014-07-30 11:22:00,0.13722122744968404
2014-07-30 11:23:00,0.15034953172508403
2014-07-30 11:24:00,0.01603697226513601
2014-07-30 11:25:00,0.059796830224747285
2014-07-30 11:26:00,0.1755750171264341
2014-07-30 11:27:00,0.0
2014-07-30 11:28:00,0.2331986473212681
2014-07-30 11:29:00,0.0
2014-07-30 11:30:00,0.3936893632931603
2014-07-30 11:31:00,0.0668017651313309
2014-07-30 11:32:00,0.10827798588616155
2014-07-30 11:33:00,0.2508087565637609
2014-07-30 11:34:00,0.24338617278646557
2014-07-30 11:35:00,0.11576929732090845
2014-07-30 11:36:00,0.027303099819202127
2014-07-30 11:37:00,0.25117940446458087
2014-07-30 11:38:00,0.0482125574675787
2014-07-30 11:39:00,0.17934617880833226
2014-07-30 11:40:00,0.006592548303070548
2014-07-30 11:41:00,0.3229400931682985
2014-07-30 11:42:00,0.08984994463996741
2014-07-30 11:43:00,0.0
2014-07-30 11:44:00,0.3736407065024151
2014-07-30 11:45:00,0.0
2014-07-30 11:46:00,0.21353294643930265
2014-07-30 11:47:00,0.060474926177826904
2014-07-30 11:48:00,0.30539050397908163
2014-07-30 11:49:00,0.0
2014-07-30 11:50:00,0.07624527909648564
2014-07-30 11:51:00,0.04018066158709897
2014-07-30 11:52:00,0.1169398948951572
2014-07-30 11:53:00,0.0
2014-07-30 11:54:00,0.1424542276424957
2014-07-30 11:55:00,0.4087190661176696
2014-07-30 11:56:00,0.06190877141476428
2014-07-30 11:57:00,0.0
2014-07-30 11:58:00,0.2211362091748535
2014-07-30 11:59:00,0.18802867044109192
2014-07-30 12:00:00,0.0037651340892968614
2014-07-30 12:01:00,0.0
2014-07-30 12:02:00,0.0003986337124179767
2014-07-30 12:03:00,0.3249664919771171
2014-07-30 12:04:00,0.08919341592836313
2014-07-30 12:05:00,0.11398217628686111
2014-07-30 12:06:00,0.0928931819419033
2014-07-30 12:07:00,0.0
2014-07-30 12:08:00,0.20492160663198825
2014-07-30 12:09:00,0.3688672901827986
2014-07-30 12:10:00,0.07488372888539026
2014-07-30 12:11:00,0.1706648957695749
2014-07-30 12:12:00,0.13946126232427866
2014-07-30 12:13:00,0.31867808950536747
2014-07-30 12:14:00,0.0
2014-07-30 12:15:00,0.09884288140352546
2014-07-30 12:16:00,0.09783621640777049
2014-07-30 12:17:00,0.03964605310405723
2014-07-30 12:18:00,0.18214541290685238
2014-07-30 12:19:00,0.005674056240393077
2014-07-30 12:20:00,0.2582192242157595
2014-07-30 12:21:00,0.0
2014-07-30 12:22:00,0.19916136031517778
2014-07-30 12:23:00,0.06515264755784528
2014-07-30 12:24:00,0.2388445733487889
2014-07-30 12:25:00,0.0
2014-07-30 12:26:00,0.06706544366141101
2014-07-30 12:27:00,0.2382277202124937
2014-07-30 12:28:00,0.0
2014-07-30 12:29:00,0.06911627291059462
2014-07-30 12:30:00,0.0
2014-07-30 12:31:00,0.07234769797340637
2014-07-30 12:32:00,0.23651086031337878
2014-07-30 12:33:00,0.24804353339483268
2014-07-30 12:34:00,0.0
2014-07-30 12:35:00,0.2863991889292766
2014-07-30 12:36:00,0.03673696278633971
2014-07-30 12:37:00,0.0
2014-07-30 12:38:00,0.19895157798010613
2014-07-30 12:39:00,0.0
2014-07-30 12:40:00,0.021113739113102766
2014-07-30 12:41:00,0.25320218479867185
2014-07-30 12:42:00,0.24260932345477404
2014-07-30 12:43:00,0.0
2014-07-30 12:44:00,0.24030953981911307
2014-07-30 12:45:00,0.0
2014-07-30 12:46:00,0.13435287232740512
2014-07-30 12:47:00,0.3463488017966768
2014-07-30 12:48:00,0.0
2014-07-30 12:49:00,0.2513182451786878
2014-07-30 12:50:00,0.0
2014-07-30 12:51:00,0.35177249495475904
2014-07-30 12:52:00,0.08045060421605527
2014-07-30 12:53:00,0.2598707568994321
2014-07-30 12:54:00,0.0
2014-07-30 12:55:00,0.07141047581565843
2014-07-30 12:56:00,0.04175595669716596
2014-07-30 12:57:00,0.37651304645055217
2014-07-30 12:58:00,0.0
2014-07-30 12:59:00,0.0816879283221231
2014-07-30 13:00:00,0.23346052408305942
2014-07-30 13:01:00,0.1385112243164613
2014-07-30 13:02:00,0.019884979542152938
2014-07-30 13:03:00,0.0
2014-07-30 13:04:00,0.1321440761586265
2014-07-30 13:05:00,0.08699084855283637
2014-07-30 13:06:00,0.0
2014-07-30 13:07:00,0.13927162809362642
2014-07-30 13:08:00,0.14967578664722592
2014-07-30 13:09:00,0.0
2014-07-30 13:10:00,0.23044958174566638
2014-07-30 13:11:00,0.11997600499056466
2014-07-30 13:12:00,0.09094978907954797
2014-07-30 13:13:00,0.03539041858822691
2014-07-30 13:14:00,0.2030371217663372
2014-07-30 13:15:00,0.0
2014-07-30 13:16:00,0.15158748140130973
2014-07-30 13:17:00,0.015637040817912375
2014-07-30 13:18:00,0.20946743663386458
2014-07-30 13:19:00,0.0
2014-07-30 13:20:00,0.13109287705614853
2014-07-30 13:21:00,0.02230536552735031
2014-07-30 13:22:00,0.057749202769770566
2014-07-30 13:23:00,0.41681812552754405
2014-07-30 13:24:00,0.0
2014-07-30 13:25:00,0.1530898707360559
2014-07-30 13:26:00,0.1451884655182274
2014-07-30 13:27:00,0.024218063312132623
2014-07-30 13:28:00,0.18716942546359067
2014-07-30 13:29:00,0.1340773546858914
2014-07-30 13:30:00,0.1513802485308453
2014-07-30 13:31:00,0.0
2014-07-30 13:32:00,0.40618682489818936
2014-07-30 13:33:00,0.0
2014-07-30 13:34:00,0.1519545034076003
2014-07-30 13:35:00,0.02202059084876767
2014-07-30 13:36:00,0.12286250604884025
2014-07-30 13:37:00,0.02498868983863293
2014-07-30 13:38:00,0.18691884909724726
2014-07-30 13:39:00,0.010621721540341515
2014-07-30 13:40:00,0.06155530503320356
2014-07-30 13:41:00,0.0
2014-07-30 13:42:00,0.13657652937697196
2014-07-30 13:43:00,0.0
2014-07-30 13:44:00,0.014501511324376645
2014-07-30 13:45:00,0.32037204142928766
2014-07-30 13:46:00,0.02566786552433735
2014-07-30 13:47:00,0.12167436233437828
2014-07-30 13:48:00,0.0
2014-07-30 13:49:00,0.20796819639345876
2014-07-30 13:50:00,0.06228760291667038
2014-07-30 13:51:00,0.04472649246898234
2014-07-30 13:52:00,0.12847361985392064
2014-07-30 13:53:00,0.15320141927637226
2014-07-30 13:54:00,0.14515122486875037
2014-07-30 13:55:00,0.14777244043501186
2014-07-30 13:56:00,0.08188783788536438
2014-07-30 13:57:00,0.044843671950303754
2014-07-30 13:58:00,0.11542787084786345
2014-07-30 13:59:00,0.02741715723727834
2014-07-30 14:00:00,0.12110157972200838
2014-07-30 14:01:00,0.10358917813760352
2014-07-30 14:02:00,0.16131181903091946
2014-07-30 14:03:00,0.07748363414428716
2014-07-30 14:04:00,0.16981238023727652
2014-07-30 14:05:00,0.3087859434751728
2014-07-30 14:06:00,0.1594790083156824
2014-07-30 14:07:00,0.2731425028188175
2014-07-30 14:08:00,0.17109432950559805
2014-07-30 14:09:00,0.0
2014-07-30 14:10:00,0.14819917388704312
2014-07-30 14:11:00,0.01673592544653092
2014-07-30 14:12:00,0.12458441545292756
2014-07-30 14:13:00,0.0
2014-07-30 14:14:00,0.22778791161580147
2014-07-30 14:15:00,0.0
2014-07-30 14:16:00,0.15420761654759563
2014-07-30 14:17:00,0.14481737918703236
2014-07-30 14:18:00,0.09585730828133011
2014-07-30 14:19:00,0.033786414986465514
2014-07-30 14:20:00,0.054015782946364846
2014-07-30 14:21:00,0.04741839842982615
2014-07-30 14:22:00,0.056073219868606874
2014-07-30 14:23:00,0.0
2014-07-30 14:24:00,0.07097377353071616
2014-07-30 14:25:00,0.30197097994543753
2014-07-30 14:26:00,0.04466982904875749
2014-07-30 14:27:00,0.0
2014-07-30 14:28:00,0.2648172771649272
2014-07-30 14:29:00,0.0
2014-07-30 14:30:00,0.14996786542830837
2014-07-30 14:31:00,0.14620182816948962
2014-07-30 14:32:00,0.0173887575448593
2014-07-30 14:33:00,0.25441336518400237
2014-07-30 14:34:00,0.1771976530088421
2014-07-30 14:35:00,0.15683618258928927
2014-07-30 14:36:00,0.46905565808848326
2014-07-30 14:37:00,0.042249275023496735
2014-07-30 14:38:00,0.11627748411958341
2014-07-30 14:39:00,0.0
2014-07-30 14:40:00,0.14238430503433047
2014-07-30 14:41:00,0.0186298726113331
2014-07-30 14:42:00,0.0
2014-07-30 14:43:00,0.28806672650053056
2014-07-30 14:44:00,0.03618544275229262
2014-07-30 14:45:00,0.24828564815198984
2014-07-30 14:46:00,0.0
2014-07-30 14:47:00,0.3514379127199771
2014-07-30 14:48:00,0.0
2014-07-30 14:49:00,0.14403682196310852
2014-07-30 14:50:00,0.018096902720400716
2014-07-30 14:51:00,0.059120089453159115
2014-07-30 14:52:00,0.0
2014-07-30 14:53:00,0.07129553426279744
2014-07-30 14:54:00,0.17182383384718591
2014-07-30 14:55:00,0.13908178748158778
2014-07-30 14:56:00,0.0
2014-07-30 14:57:00,0.07978629731259831
2014-07-30 14:58:00,0.03901644879400026
2014-07-30 14:59:00,0.18235025549138917
2014-07-30 15:00:00,0.012112217562746733
2014-07-30 15:01:00,0.19111328082532508
2014-07-30 15:02:00,0.0677774437565713
2014-07-30 15:03:00,0.10796005890299659
2014-07-30 15:04:00,0.03634850807198562
2014-07-30 15:05:00,0.1832125944818236
2014-07-30 15:06:00,0.13536844051125524
2014-07-30 15:07:00,0.020921589742026174
2014-07-30 15:08:00,0.0
2014-07-30 15:09:00,0.2883076745907063
2014-07-30 15:10:00,0.03610908087872891
2014-07-30 15:11:00,0.053256061782906164
2014-07-30 15:12:00,0.11268451553882151
2014-07-30 15:13:00,0.10633129839536341
2014-07-30 15:14:00,0.09539636627805283
2014-07-30 15:15:00,0.033940694147859614
2014-07-30 15:16:00,0.0
2014-07-30 15:17:00,0.2896876933643712
2014-07-30 15:18:00,0.1657051257943622
2014-07-30 15:19:00,0.011037087066400813
2014-07-30 15:20:00,0.1264349079234376
2014-07-30 15:21:00,0.0
2014-07-30 15:22:00,0.14345857736362194
2014-07-30 15:23:00,0.3433802580785279
2014-07-30 15:24:00,0.01816987620690269
2014-07-30 15:25:00,0.2541578013970742
2014-07-30 15:26:00,0.13176540837522197
2014-07-30 15:27:00,0.0
2014-07-30 15:28:00,0.20903504156823716
2014-07-30 15:29:00,0.19197479834500145
2014-07-30 15:30:00,0.008980866696971457
2014-07-30 15:31:00,0.06209061411449395
2014-07-30 15:32:00,0.04479342552893005
2014-07-30 15:33:00,0.1154428551342746
2014-07-30 15:34:00,0.0
2014-07-30 15:35:00,0.1422959131371208
2014-07-30 15:36:00,0.21371548079839864
2014-07-30 15:37:00,0.19045121713806404
2014-07-30 15:38:00,0.0
2014-07-30 15:39:00,0.08522605564385138
2014-07-30 15:40:00,0.03724849062125899
2014-07-30 15:41:00,0.44300547932810486
2014-07-30 15:42:00,0.0
2014-07-30 15:43:00,0.22089432095399644
2014-07-30 15:44:00,0.0710772075161931
2014-07-30 15:45:00,0.17190573807908205
2014-07-30 15:46:00,0.07403207008644916
2014-07-30 15:47:00,0.3009745357178343
2014-07-30 15:48:00,0.044986397773209515
2014-07-30 15:49:00,0.050367040531395665
2014-07-30 15:50:00,0.04860922440061119
2014-07-30 15:51:00,0.0
2014-07-30 15:52:00,0.2912332210200479
2014-07-30 15:53:00,0.10018440511382509
2014-07-30 15:54:00,0.22743605499178202
2014-07-30 15:55:00,0.0
2014-07-30 15:56:00,0.19801219336509407
2014-07-30 15:57:00,0.22157712837366442
2014-07-30 15:58:00,0.05784505279484714
2014-07-30 15:59:00,0.046173930406573374
2014-07-30 16:00:00,0.0
2014-07-30 16:01:00,0.2909872925801551
2014-07-30 16:02:00,0.0
2014-07-30 16:03:00,0.030873824616026557
2014-07-30 16:04:00,0.054958522521639804
2014-07-30 16:05:00,0.19665505071371486
2014-07-30 16:06:00,0.3260540663166403
2014-07-30 16:07:00,0.0
2014-07-30 16:08:00,0.2946796897979379
2014-07-30 16:09:00,0.03403768836455559
2014-07-30 16:10:00,0.0
2014-07-30 16:11:00,0.0036134690837893576
2014-07-30 16:12:00,0.19387336935903016
2014-07-30 16:13:00,0.0018627611125478435
2014-07-30 16:14:00,0.07091513364776186
2014-07-30 16:15:00,0.10693503166265586
2014-07-30 16:16:00,0.3552761626628157
2014-07-30 16:17:00,0.014287204307969072
2014-07-30 16:18:00,0.43098356880793454
2014-07-30 16:19:00,0.054645135955193706
2014-07-30 16:20:00,0.0
2014-07-30 16:21:00,0.2658814911512907
2014-07-30 16:22:00,0.12794680187035753
