2013-03-16 14:40:00,152.71831939070927
2013-03-16 14:41:00,152.50547639692317
2013-03-16 14:42:00,151.08594469825243
2013-03-16 14:43:00,150.10139074336354
2013-03-16 14:44:00,151.03161051679348
2013-03-16 14:45:00,150.52794460854955
2013-03-16 14:46:00,150.81556002800735
2013-03-16 14:47:00,150.4584155558981
2013-03-16 14:48:00,148.68516017778464
2013-03-16 14:49:00,147.56100384330102
2013-03-16 14:50:00,149.62866386249877
2013-03-16 14:51:00,150.60871684660248
2013-03-16 14:52:00,151.1872472652768
2013-03-16 14:53:00,150.83975996265755
2013-03-16 14:54:00,158.61767101332356
2013-03-16 14:55:00,148.68389904409807
2013-03-16 14:56:00,155.45958517157933
2013-03-16 14:57:00,146.513134651887
2013-03-16 14:58:00,148.22713344467638
2013-03-16 14:59:00,99.49030775067787
2013-03-16 15:00:00,81.9955879223091
2013-03-16 15:01:00,793.89238485668
2013-03-16 15:02:00,979.9019061532908
2013-03-16 15:03:00,552.5519157693755
2013-03-16 15:04:00,0.0
2013-03-16 15:05:00,26.745929221631652
2013-03-16 15:06:00,17.932760405732683
2013-03-16 15:07:00,19.80891691462937
2013-03-16 15:08:00,18.846551381411835
2013-03-16 15:09:00,19.382195231260212
2013-03-16 15:10:00,39.50159495424562
2013-03-16 15:11:00,51.588416998141454
2013-03-16 15:12:00,86.33723890065961
2013-03-16 15:13:00,64.68174400201093
2013-03-16 15:14:00,34.28701639491186
2013-03-16 15:15:00,18.789767958368728
2013-03-16 15:16:00,53.63358564656841
2013-03-16 15:17:00,48.38067562483448
2013-03-16 15:18:00,49.50406572844674
2013-03-16 15:19:00,49.22612001975552
2013-03-16 15:20:00,57.60876255082067
2013-03-16 15:21:00,123.3475185093129
2013-03-16 15:22:00,100.76234309633557
2013-03-16 15:23:00,120.7798675296543
2013-03-16 15:24:00,116.14716680707043
2013-03-16 15:25:00,729.6603140038652
2013-03-16 15:26:00,2806.1749204074313
2013-03-16 15:27:00,2238.740447550336
2013-03-16 15:28:00,2065.288820495317
2013-03-16 15:29:00,0.0
2013-03-16 15:30:00,228.3378909953376
2013-03-16 15:31:00,179.0670537204735
2013-03-16 15:32:00,188.1875150902079
2013-03-16 15:33:00,182.55331568730514
2013-03-16 15:34:00,182.7942243468799
2013-03-16 15:35:00,180.63585491887557
2013-03-16 15:36:00,209.72858474743214
2013-03-16 15:37:00,292.1851205857121
2013-03-16 15:38:00,194.59170871899374
2013-03-16 15:39:00,201.61854485530264
2013-03-16 15:40:00,96.02994593424116
2013-03-16 15:41:00,191.9961690374385
2013-03-16 15:42:00,177.05260039336625
2013-03-16 15:43:00,177.63219838825614
2013-03-16 15:44:00,179.84924068358652
2013-03-16 15:45:00,174.77634501635353
2013-03-16 15:46:00,174.42320517600103
2013-03-16 15:47:00,173.29665379521037
2013-03-16 15:48:00,126.65151902324295
2013-03-16 15:49:00,52.442475352982015
2013-03-16 15:50:00,38.899482822154
2013-03-16 15:51:00,47.5510551141152
2013-03-16 15:52:00,49.89762737458898
2013-03-16 15:53:00,45.73406976180094
2013-03-16 15:54:00,46.465264290316554
2013-03-16 15:55:00,46.54442028154584
2013-03-16 15:56:00,49.25183649022501
2013-03-16 15:57:00,50.845859590401545
2013-03-16 15:58:00,50.59858941907276
2013-03-16 15:59:00,44.5115978200664
2013-03-16 16:00:00,41.98940489667074
2013-03-16 16:01:00,43.96979588525716
2013-03-16 16:02:00,44.79034801426282
2013-03-16 16:03:00,44.28831333110145
2013-03-16 16:04:00,45.4536715621067
2013-03-16 16:05:00,45.205972351056595
2013-03-16 16:06:00,44.0504079433043
2013-03-16 16:07:00,44.45218622745749
2013-03-16 16:08:00,44.5637611043657
2013-03-16 16:09:00,47.35686178489576
2013-03-16 16:10:00,48.7911094353064
2013-03-16 16:11:00,48.85210096936967
2013-03-16 16:12:00,45.93686648412188
2013-03-16 16:13:00,44.24846710964025
2013-03-16 16:14:00,44.523460023064644
2013-03-16 16:15:00,158.42421864419174
2013-03-16 16:16:00,111.99352366003343
2013-03-16 16:17:00,117.53796689059169
2013-03-16 16:18:00,114.49594743475316
2013-03-16 16:19:00,113.83231498608829
2013-03-16 16:20:00,112.926887457472
2013-03-16 16:21:00,111.91674923767746
2013-03-16 16:22:00,111.57762845038899
2013-03-16 16:23:00,110.01600898942871
2013-03-16 16:24:00,109.22362606569395
2013-03-16 16:25:00,110.09817650518849
2013-03-16 16:26:00,115.44078373678693
2013-03-16 16:27:00,109.05622656223619
2013-03-16 16:28:00,111.0994588481332
2013-03-16 16:29:00,110.05025983124759
2013-03-16 16:30:00,110.74318266764637
2013-03-16 16:31:00,109.59816304909842
2013-03-16 16:32:00,102.53343288417511
2013-03-16 16:33:00,30.324321230055265
2013-03-16 16:34:00,24.674485064489573
2013-03-16 16:35:00,16.841861867421137
2013-03-16 16:36:00,17.20617886272427
2013-03-16 16:37:00,17.10281805947167
2013-03-16 16:38:00,16.70944514948536
2013-03-16 16:39:00,17.27236124159787
2013-03-16 16:40:00,16.92075042520727
2013-03-16 16:41:00,16.958582496014095
2013-03-16 16:42:00,17.04958123458032
2013-03-16 16:43:00,16.362014890883188
2013-03-16 16:44:00,13.267237923255612
2013-03-16 16:45:00,15.468631763533175
2013-03-16 16:46:00,15.178433661767208
2013-03-16 16:47:00,15.517547736088499
2013-03-16 16:48:00,15.665548351227875
2013-03-16 16:49:00,15.72239049764484
2013-03-16 16:50:00,15.404921692031685
2013-03-16 16:51:00,15.59033032823778
2013-03-16 16:52:00,15.460303470757808
2013-03-16 16:53:00,15.428590197877533
2013-03-16 16:54:00,15.327843447443726
2013-03-16 16:55:00,15.624455118040476
2013-03-16 16:56:00,15.737081910537528
2013-03-16 16:57:00,15.620411166131722
2013-03-16 16:58:00,15.483933468898975
2013-03-16 16:59:00,115.0302361335297
2013-03-16 17:00:00,84.45583031084328
2013-03-16 17:01:00,85.88438918246032
2013-03-16 17:02:00,84.59575892141473
2013-03-16 17:03:00,93.16444554587699
2013-03-16 17:04:00,83.27993975886942
2013-03-16 17:05:00,85.29850508850495
2013-03-16 17:06:00,83.86176607659563
2013-03-16 17:07:00,83.51696505919462
2013-03-16 17:08:00,83.2285457205619
2013-03-16 17:09:00,82.41878935639396
2013-03-16 17:10:00,87.10723003757374
2013-03-16 17:11:00,81.9620059845127
2013-03-16 17:12:00,82.24322724160452
2013-03-16 17:13:00,82.47498249989911
2013-03-16 17:14:00,82.32243638476317
2013-03-16 17:15:00,80.65810156067793
2013-03-16 17:16:00,51.31749114905187
2013-03-16 17:17:00,11.303846001996103
2013-03-16 17:18:00,17.232622530657192
2013-03-16 17:19:00,16.413244715706476
2013-03-16 17:20:00,16.669596485228787
2013-03-16 17:21:00,16.63287519911232
2013-03-16 17:22:00,16.517613832091236
2013-03-16 17:23:00,16.107535439383515
2013-03-16 17:24:00,17.361718618705112
2013-03-16 17:25:00,16.206910291671072
2013-03-16 17:26:00,16.58049776624532
2013-03-16 17:27:00,14.703230982939308
2013-03-16 17:28:00,13.701332151476702
2013-03-16 17:29:00,15.61119918329762
2013-03-16 17:30:00,15.4163333017242
2013-03-16 17:31:00,15.451897965218084
2013-03-16 17:32:00,15.526744980689317
2013-03-16 17:33:00,15.494881438062823
2013-03-16 17:34:00,15.416187975542362
2013-03-16 17:35:00,15.502637711002281
2013-03-16 17:36:00,15.228497028512164
2013-03-16 17:37:00,15.401863656738977
2013-03-16 17:38:00,15.402927938861605
2013-03-16 17:39:00,15.256861339954616
2013-03-16 17:40:00,15.5952697544249
2013-03-16 17:41:00,15.474290871154503
2013-03-16 17:42:00,15.573619516877296
2013-03-16 17:43:00,131.7191944632628
2013-03-16 17:44:00,81.57819191899193
2013-03-16 17:45:00,85.0371372102294
2013-03-16 17:46:00,83.77772670334618
2013-03-16 17:47:00,83.35409495280177
2013-03-16 17:48:00,84.19292078549329
2013-03-16 17:49:00,83.64525695938563
2013-03-16 17:50:00,83.4578324334821
2013-03-16 17:51:00,82.90939651463368
2013-03-16 17:52:00,82.46789829888935
2013-03-16 17:53:00,81.77622010978433
2013-03-16 17:54:00,87.63995740074442
2013-03-16 17:55:00,80.2350980270313
2013-03-16 17:56:00,81.98603510580207
2013-03-16 17:57:00,80.89896609100288
2013-03-16 17:58:00,80.88334049186747
2013-03-16 17:59:00,72.70678850466446
2013-03-16 18:00:00,8.574430004330235
2013-03-16 18:01:00,17.75540192379112
2013-03-16 18:02:00,16.577894129804985
2013-03-16 18:03:00,16.488117895363832
2013-03-16 18:04:00,16.65016657969408
2013-03-16 18:05:00,16.55628344508178
2013-03-16 18:06:00,16.45343428057306
2013-03-16 18:07:00,16.395348886745655
2013-03-16 18:08:00,16.577251855733838
2013-03-16 18:09:00,741.3484434550641
2013-03-16 18:10:00,884.6434393550646
2013-03-16 18:11:00,852.8064177696284
2013-03-16 18:12:00,837.9940332466618
2013-03-16 18:13:00,541.9772131910241
2013-03-16 18:14:00,0.0
2013-03-16 18:15:00,26.51978414676914
2013-03-16 18:16:00,14.00884742090147
2013-03-16 18:17:00,15.657637776697964
2013-03-16 18:18:00,15.408290947359685
2013-03-16 18:19:00,15.71249468684207
2013-03-16 18:20:00,53.148043566348974
2013-03-16 18:21:00,34.36096958857537
2013-03-16 18:22:00,27.279896107427682
2013-03-16 18:23:00,27.856835980258708
2013-03-16 18:24:00,12.668260483856184
2013-03-16 18:25:00,0.0
2013-03-16 18:26:00,43.726038963322594
2013-03-16 18:27:00,95.03201337921585
2013-03-16 18:28:00,85.63357278666926
2013-03-16 18:29:00,951.4893300846043
2013-03-16 18:30:00,883.5787345992411
2013-03-16 18:31:00,150.1999123369663
2013-03-16 18:32:00,69.92709421143903
2013-03-16 18:33:00,81.50004567473609
2013-03-16 18:34:00,80.60863848708382
2013-03-16 18:35:00,80.14786052594927
2013-03-16 18:36:00,80.38460557824858
2013-03-16 18:37:00,82.60966986323999
2013-03-16 18:38:00,82.63338478587028
2013-03-16 18:39:00,64.21197159401792
2013-03-16 18:40:00,54.57423871204742
2013-03-16 18:41:00,27.18039139767324
2013-03-16 18:42:00,0.0
2013-03-16 18:43:00,13.667175897813456
2013-03-16 18:44:00,17.035210772918735
2013-03-16 18:45:00,16.723899232528026
2013-03-16 18:46:00,16.460495095133016
2013-03-16 18:47:00,16.408859098748497
2013-03-16 18:48:00,16.574587792178598
2013-03-16 18:49:00,16.327031719890527
2013-03-16 18:50:00,15.469496183549506
2013-03-16 18:51:00,13.012248090330075
2013-03-16 18:52:00,13.806753803652986
2013-03-16 18:53:00,14.709777750448303
2013-03-16 18:54:00,16.70563347239081
2013-03-16 18:55:00,15.322748079767521
2013-03-16 18:56:00,15.465304624066235
2013-03-16 18:57:00,15.340697770753849
2013-03-16 18:58:00,15.366012498467994
2013-03-16 18:59:00,15.374451805617648
2013-03-16 19:00:00,15.609011656786272
2013-03-16 19:01:00,15.192582246428723
2013-03-16 19:02:00,15.3352597791357
2013-03-16 19:03:00,15.612934140519558
2013-03-16 19:04:00,15.797200931680894
2013-03-16 19:05:00,15.656752253443017
2013-03-16 19:06:00,90.24331113891394
2013-03-16 19:07:00,87.42896032945877
2013-03-16 19:08:00,83.93546261692724
2013-03-16 19:09:00,84.44400457512194
2013-03-16 19:10:00,165.0799376791708
2013-03-16 19:11:00,150.29120349930668
2013-03-16 19:12:00,151.90685335052365
2013-03-16 19:13:00,151.52089653988264
2013-03-16 19:14:00,150.22578581438478
2013-03-16 19:15:00,149.85465628013282
2013-03-16 19:16:00,149.50592799306784
2013-03-16 19:17:00,153.44844308409887
2013-03-16 19:18:00,149.63816237449464
2013-03-16 19:19:00,149.01752494879273
2013-03-16 19:20:00,149.5884798128275
2013-03-16 19:21:00,156.04641727694437
2013-03-16 19:22:00,152.1940518474455
2013-03-16 19:23:00,151.73732330280708
2013-03-16 19:24:00,152.32236968973405
2013-03-16 19:25:00,160.31178063466552
2013-03-16 19:26:00,151.56482004736637
2013-03-16 19:27:00,152.8622805740169
2013-03-16 19:28:00,153.23310012973172
2013-03-16 19:29:00,153.2146147154778
2013-03-16 19:30:00,154.08058003151862
2013-03-16 19:31:00,154.87572978366896
2013-03-16 19:32:00,154.07599042001306
2013-03-16 19:33:00,157.76340741816622
2013-03-16 19:34:00,156.4555720661684
2013-03-16 19:35:00,153.40073381061484
2013-03-16 19:36:00,153.76162271316346
2013-03-16 19:37:00,153.0548827004892
2013-03-16 19:38:00,153.88473494922368
2013-03-16 19:39:00,151.50271801305541
2013-03-16 19:40:00,148.36355078634094
2013-03-16 19:41:00,148.84841329245535
2013-03-16 19:42:00,148.69728219647476
2013-03-16 19:43:00,133.99438196609634
2013-03-16 19:44:00,78.60635158125321
2013-03-16 19:45:00,86.43444631337252
2013-03-16 19:46:00,84.82095785999466
2013-03-16 19:47:00,84.89242100938954
2013-03-16 19:48:00,84.8837698250731
2013-03-16 19:49:00,84.00476291142652
2013-03-16 19:50:00,84.15401138443724
2013-03-16 19:51:00,83.94976853766313
2013-03-16 19:52:00,84.72476827208612
2013-03-16 19:53:00,84.24199693971461
2013-03-16 19:54:00,83.30085939852023
2013-03-16 19:55:00,80.64232951051873
2013-03-16 19:56:00,82.7823834947228
2013-03-16 19:57:00,82.44630553881711
2013-03-16 19:58:00,82.68685695508938
2013-03-16 19:59:00,82.31819203777697
2013-03-16 20:00:00,82.23824864721063
2013-03-16 20:01:00,82.29028694593708
2013-03-16 20:02:00,81.48174245677288
2013-03-16 20:03:00,82.43492800910778
2013-03-16 20:04:00,81.9958858746065
2013-03-16 20:05:00,81.7205684894974
2013-03-16 20:06:00,81.95483528199391
2013-03-16 20:07:00,81.93043025159005
2013-03-16 20:08:00,81.60750531061946
2013-03-16 20:09:00,81.58009628148378
2013-03-16 20:10:00,81.30509769709884
2013-03-16 20:11:00,81.01344332883075
2013-03-16 20:12:00,81.89162417739253
2013-03-16 20:13:00,81.06041220756205
2013-03-16 20:14:00,563.6441335257563
2013-03-16 20:15:00,2420.500296221731
2013-03-16 20:16:00,540.2972893444589
2013-03-16 20:17:00,14.465244668504312
2013-03-16 20:18:00,90.74414810998867
2013-03-16 20:19:00,79.54290351550293
2013-03-16 20:20:00,81.16893747678992
2013-03-16 20:21:00,81.00828561980434
2013-03-16 20:22:00,80.85470845858649
2013-03-16 20:23:00,126.20402555150942
2013-03-16 20:24:00,147.65079298044202
2013-03-16 20:25:00,170.20352556845597
2013-03-16 20:26:00,198.07668770084393
2013-03-16 20:27:00,18.03764321086053
2013-03-16 20:28:00,61.30923800387172
2013-03-16 20:29:00,83.21692443737658
2013-03-16 20:30:00,79.9386702664378
2013-03-16 20:31:00,80.7665710696644
2013-03-16 20:32:00,81.2444799083127
2013-03-16 20:33:00,80.82491763183044
2013-03-16 20:34:00,83.14551314843891
2013-03-16 20:35:00,82.47630295420181
2013-03-16 20:36:00,81.64412233798008
2013-03-16 20:37:00,77.99040133536056
2013-03-16 20:38:00,75.70047886116609
2013-03-16 20:39:00,83.50654135109662
2013-03-16 20:40:00,81.89276758175889
2013-03-16 20:41:00,80.80877830714994
2013-03-16 20:42:00,80.98767563258866
2013-03-16 20:43:00,81.14918484117159
2013-03-16 20:44:00,74.98236755439055
2013-03-16 20:45:00,82.73129436498473
2013-03-16 20:46:00,1608.6479762346298
2013-03-16 20:47:00,796.9249589372465
2013-03-16 20:48:00,57.68929459973353
2013-03-16 20:49:00,164.29663377177673
2013-03-16 20:50:00,149.10297039999983
2013-03-16 20:51:00,150.23905822199598
2013-03-16 20:52:00,150.58694465580163
2013-03-16 20:53:00,149.57671984007237
2013-03-16 20:54:00,149.39132991369763
2013-03-16 20:55:00,148.24693713231792
2013-03-16 20:56:00,149.18659783207636
2013-03-16 20:57:00,235.56742747567276
2013-03-16 20:58:00,127.9468028924691
2013-03-16 20:59:00,119.71869756613081
2013-03-16 21:00:00,158.05055412716553
2013-03-16 21:01:00,154.39674349611457
2013-03-16 21:02:00,184.62645268197474
2013-03-16 21:03:00,223.64857629589648
2013-03-16 21:04:00,219.72097435358918
2013-03-16 21:05:00,274.8945408404396
2013-03-16 21:06:00,286.80788169293476
2013-03-16 21:07:00,262.7776032779511
2013-03-16 21:08:00,211.92767675799342
2013-03-16 21:09:00,221.17438662211558
2013-03-16 21:10:00,1218.958036291045
2013-03-16 21:11:00,1639.9632452379979
2013-03-16 21:12:00,1587.6658411590797
2013-03-16 21:13:00,1635.7762870182141
2013-03-16 21:14:00,1571.1535626672508
2013-03-16 21:15:00,1624.2696751166657
2013-03-16 21:16:00,1599.4423797448433
2013-03-16 21:17:00,1571.1084126943817
2013-03-16 21:18:00,1641.9541918745751
2013-03-16 21:19:00,1589.734676287437
2013-03-16 21:20:00,1571.679217965717
2013-03-16 21:21:00,1653.4589858668578
2013-03-16 21:22:00,1620.1790830592477
2013-03-16 21:23:00,1582.2544440859156
2013-03-16 21:24:00,1647.0240623526952
2013-03-16 21:25:00,1582.0072575758145
2013-03-16 21:26:00,1623.6467009011963
2013-03-16 21:27:00,1638.837324864426
2013-03-16 21:28:00,1656.9140558143163
2013-03-16 21:29:00,1063.1280497854434
2013-03-16 21:30:00,667.3774024601307
2013-03-16 21:31:00,1379.9573122311524
2013-03-16 21:32:00,137.91374274700559
2013-03-16 21:33:00,357.64535810178097
2013-03-16 21:34:00,351.8520181878851
2013-03-16 21:35:00,394.3449118394446
2013-03-16 21:36:00,284.5300964857353
2013-03-16 21:37:00,291.6037425613448
2013-03-16 21:38:00,311.66704538211866
2013-03-16 21:39:00,293.4849071872756
2013-03-16 21:40:00,224.81330628568898
2013-03-16 21:41:00,296.88797076835294
2013-03-16 21:42:00,414.4222517608251
2013-03-16 21:43:00,333.5389582805814
2013-03-16 21:44:00,265.93483442616684
2013-03-16 21:45:00,236.62327841207625
2013-03-16 21:46:00,241.23628328460728
2013-03-16 21:47:00,308.5823026752585
2013-03-16 21:48:00,349.6794996902967
2013-03-16 21:49:00,298.0767632797573
2013-03-16 21:50:00,352.19032916655055
2013-03-16 21:51:00,320.91423621931926
2013-03-16 21:52:00,290.11455088380393
2013-03-16 21:53:00,296.35707018108303
2013-03-16 21:54:00,254.90036325861294
2013-03-16 21:55:00,334.8287197644744
2013-03-16 21:56:00,351.293353890101
2013-03-16 21:57:00,197.0290743244207
2013-03-16 21:58:00,164.91856320504832
2013-03-16 21:59:00,186.0439172938615
2013-03-16 22:00:00,271.2554516092834
2013-03-16 22:01:00,264.03511140632276
2013-03-16 22:02:00,272.42393633274565
2013-03-16 22:03:00,272.72314399849523
2013-03-16 22:04:00,226.44861835820802
2013-03-16 22:05:00,196.99643220890297
2013-03-16 22:06:00,196.93572938523144
2013-03-16 22:07:00,250.63509397728876
2013-03-16 22:08:00,319.90779405843585
2013-03-16 22:09:00,298.3875701738726
2013-03-16 22:10:00,153.73513987353866
2013-03-16 22:11:00,189.16954492972246
2013-03-16 22:12:00,177.26850219428243
2013-03-16 22:13:00,240.15270108578707
2013-03-16 22:14:00,326.1918819909274
2013-03-16 22:15:00,303.2885653079593
2013-03-16 22:16:00,300.3978451383397
2013-03-16 22:17:00,307.7165149300333
2013-03-16 22:18:00,342.88197061992196
2013-03-16 22:19:00,459.68136373807477
2013-03-16 22:20:00,392.0358219297607
2013-03-16 22:21:00,316.91463605519056
2013-03-16 22:22:00,278.47643331496016
2013-03-16 22:23:00,354.4076304337971
2013-03-16 22:24:00,299.0498872541566
2013-03-16 22:25:00,423.94701243848687
2013-03-16 22:26:00,418.81253632203226
2013-03-16 22:27:00,412.3474514478798
2013-03-16 22:28:00,412.9753011591431
2013-03-16 22:29:00,411.12926619067474
2013-03-16 22:30:00,355.5813075277518
2013-03-16 22:31:00,220.57724878406074
2013-03-16 22:32:00,230.81643428654468
2013-03-16 22:33:00,220.38616077715065
2013-03-16 22:34:00,227.67180560343513
2013-03-16 22:35:00,222.06375348865987
2013-03-16 22:36:00,229.4790517672895
2013-03-16 22:37:00,224.65662540743895
2013-03-16 22:38:00,223.68596757596856
2013-03-16 22:39:00,223.11177455385965
2013-03-16 22:40:00,191.3019939638039
2013-03-16 22:41:00,151.8824052979493
2013-03-16 22:42:00,152.6040551952082
2013-03-16 22:43:00,158.07535293299088
2013-03-16 22:44:00,157.99055645284093
2013-03-16 22:45:00,158.55652104676403
2013-03-16 22:46:00,152.88187232626137
2013-03-16 22:47:00,150.97583991510635
2013-03-16 22:48:00,157.88838665284484
2013-03-16 22:49:00,157.00830250013763
2013-03-16 22:50:00,156.9844443593469
2013-03-16 22:51:00,147.90681894451967
2013-03-16 22:52:00,157.33204636578543
2013-03-16 22:53:00,154.8899908905458
2013-03-16 22:54:00,156.30242849161482
2013-03-16 22:55:00,149.67026963377748
2013-03-16 22:56:00,150.2753150090065
2013-03-16 22:57:00,149.97177120421313
2013-03-16 22:58:00,150.4109214863114
2013-03-16 22:59:00,150.63649686569434
2013-03-16 23:00:00,149.85560676137905
2013-03-16 23:01:00,157.754085918368
2013-03-16 23:02:00,148.01675837084144
2013-03-16 23:03:00,185.75065075652694
2013-03-16 23:04:00,235.7065414204494
2013-03-16 23:05:00,224.01561233734725
2013-03-16 23:06:00,224.83204351961552
2013-03-16 23:07:00,225.61061097370475
2013-03-16 23:08:00,225.3459603238043
2013-03-16 23:09:00,225.556023813786
2013-03-16 23:10:00,224.8492602210569
2013-03-16 23:11:00,224.48711217633303
2013-03-16 23:12:00,224.83716090370223
2013-03-16 23:13:00,223.35637813145343
2013-03-16 23:14:00,226.73633709530898
2013-03-16 23:15:00,227.489734222435
2013-03-16 23:16:00,224.4502682173184
2013-03-16 23:17:00,225.11035165295024
2013-03-16 23:18:00,224.99990914099436
2013-03-16 23:19:00,224.80319433691903
2013-03-16 23:20:00,224.75971875846474
2013-03-16 23:21:00,222.9453257332664
2013-03-16 23:22:00,220.327774934036
2013-03-16 23:23:00,221.81818213482845
2013-03-16 23:24:00,214.4554395505505
2013-03-16 23:25:00,149.47554194539293
2013-03-16 23:26:00,159.22171757846468
2013-03-16 23:27:00,157.29793737978224
2013-03-16 23:28:00,157.44110407591006
2013-03-16 23:29:00,157.77150035251304
2013-03-16 23:30:00,157.27416556696272
2013-03-16 23:31:00,157.26490398295064
2013-03-16 23:32:00,157.26125740995207
2013-03-16 23:33:00,157.58598749731016
2013-03-16 23:34:00,156.63296454438745
2013-03-16 23:35:00,157.78644512265453
2013-03-16 23:36:00,154.11253832195823
2013-03-16 23:37:00,156.48318979088705
2013-03-16 23:38:00,156.1830682027108
2013-03-16 23:39:00,154.62997350612335
2013-03-16 23:40:00,152.92723436031395
2013-03-16 23:41:00,152.79851257549217
2013-03-16 23:42:00,152.91394789168928
2013-03-16 23:43:00,152.73503989215448
2013-03-16 23:44:00,152.53697040658713
2013-03-16 23:45:00,152.4905283993082
2013-03-16 23:46:00,152.94200608870258
2013-03-16 23:47:00,147.5689328614333
2013-03-16 23:48:00,168.40590486919132
2013-03-16 23:49:00,229.19589121977177
2013-03-16 23:50:00,216.286992391902
2013-03-16 23:51:00,154.77866295313513
2013-03-16 23:52:00,152.18556155271747
2013-03-16 23:53:00,153.1549315562066
2013-03-16 23:54:00,153.18901799762907
2013-03-16 23:55:00,152.3294190291327
2013-03-16 23:56:00,152.1220240971709
2013-03-16 23:57:00,150.81632824556334
2013-03-16 23:58:00,152.0719141820299
2013-03-16 23:59:00,152.43985479925396
2013-03-17 00:00:00,153.77887122780257
2013-03-17 00:01:00,150.2025623179026
2013-03-17 00:02:00,146.99400777702274
2013-03-17 00:03:00,149.4080155001331
2013-03-17 00:04:00,148.84600609122427
2013-03-17 00:05:00,148.23679506029714
2013-03-17 00:06:00,148.44414712850852
2013-03-17 00:07:00,143.59542160635516
2013-03-17 00:08:00,108.03681686795673
2013-03-17 00:09:00,70.56313652901173
2013-03-17 00:10:00,80.39728717988285
2013-03-17 00:11:00,81.93813350979502
2013-03-17 00:12:00,80.07553333736979
2013-03-17 00:13:00,77.1497414348837
2013-03-17 00:14:00,77.25219626086903
2013-03-17 00:15:00,77.5261156711668
2013-03-17 00:16:00,78.64272432903122
2013-03-17 00:17:00,83.85657495612915
2013-03-17 00:18:00,82.98465413899561
2013-03-17 00:19:00,81.5283515410358
2013-03-17 00:20:00,81.01576147518556
2013-03-17 00:21:00,82.8753515901456
2013-03-17 00:22:00,82.51951580723005
2013-03-17 00:23:00,82.04540519059931
2013-03-17 00:24:00,82.03705439110585
2013-03-17 00:25:00,82.43362223234853
2013-03-17 00:26:00,82.40782369143169
2013-03-17 00:27:00,82.63299229535849
2013-03-17 00:28:00,82.74215232488201
2013-03-17 00:29:00,82.54566590631494
2013-03-17 00:30:00,62.74812594580995
2013-03-17 00:31:00,43.39001706749434
2013-03-17 00:32:00,52.40804387550953
2013-03-17 00:33:00,98.92279913623545
2013-03-17 00:34:00,85.4922151343984
2013-03-17 00:35:00,85.84365712145583
2013-03-17 00:36:00,85.72756646391585
2013-03-17 00:37:00,85.8140242218618
2013-03-17 00:38:00,85.20701028056924
2013-03-17 00:39:00,85.18813495518714
2013-03-17 00:40:00,84.52309899922665
2013-03-17 00:41:00,83.59881163969371
2013-03-17 00:42:00,82.3666962215005
2013-03-17 00:43:00,83.43754190671649
2013-03-17 00:44:00,85.26746591590825
2013-03-17 00:45:00,82.31975137680554
2013-03-17 00:46:00,82.48294897708087
2013-03-17 00:47:00,82.0040553404274
2013-03-17 00:48:00,82.08833613779987
2013-03-17 00:49:00,82.45795015838749
2013-03-17 00:50:00,81.65833705843986
2013-03-17 00:51:00,14.683267266514939
2013-03-17 00:52:00,17.005850341930994
2013-03-17 00:53:00,16.751651850871514
2013-03-17 00:54:00,16.74431642883524
2013-03-17 00:55:00,16.520738506438843
2013-03-17 00:56:00,16.517801145464414
2013-03-17 00:57:00,16.779293247897357
2013-03-17 00:58:00,16.53700635321693
2013-03-17 00:59:00,16.605599100869462
2013-03-17 01:00:00,16.701403932358744
2013-03-17 01:01:00,16.549566755404523
2013-03-17 01:02:00,13.12239970877371
2013-03-17 01:03:00,15.75769107855385
2013-03-17 01:04:00,15.657762290809451
2013-03-17 01:05:00,15.58008522073894
2013-03-17 01:06:00,15.753375061030274
2013-03-17 01:07:00,15.571783812367208
2013-03-17 01:08:00,15.608985497128202
2013-03-17 01:09:00,15.660041455322052
2013-03-17 01:10:00,15.754394135337336
2013-03-17 01:11:00,15.743810870847682
2013-03-17 01:12:00,15.6521548242294
2013-03-17 01:13:00,15.662345660055273
2013-03-17 01:14:00,15.74010400406635
2013-03-17 01:15:00,24.283294534125865
2013-03-17 01:16:00,99.5033905068648
2013-03-17 01:17:00,83.98784871985922
2013-03-17 01:18:00,84.01851370770316
2013-03-17 01:19:00,84.35033371869362
2013-03-17 01:20:00,84.98411103080764
2013-03-17 01:21:00,84.21726006141445
2013-03-17 01:22:00,83.985136314587
2013-03-17 01:23:00,83.83609997322978
2013-03-17 01:24:00,83.53000938940318
2013-03-17 01:25:00,82.72254574731386
2013-03-17 01:26:00,82.94426307346286
2013-03-17 01:27:00,86.14113846916946
2013-03-17 01:28:00,82.04840224700189
2013-03-17 01:29:00,82.6189076237193
2013-03-17 01:30:00,82.29522583099387
2013-03-17 01:31:00,82.02571834316805
2013-03-17 01:32:00,81.58071300895108
2013-03-17 01:33:00,81.8893923471677
2013-03-17 01:34:00,22.180572248405458
2013-03-17 01:35:00,15.873424024307957
2013-03-17 01:36:00,16.752412573479237
2013-03-17 01:37:00,16.638952188610595
2013-03-17 01:38:00,16.702511163221185
2013-03-17 01:39:00,16.44075409323313
2013-03-17 01:40:00,16.62966975155918
2013-03-17 01:41:00,16.66991938844461
2013-03-17 01:42:00,16.654591256218822
2013-03-17 01:43:00,16.637713542741388
2013-03-17 01:44:00,16.679027746429636
2013-03-17 01:45:00,13.571131949054491
2013-03-17 01:46:00,15.50664972481705
2013-03-17 01:47:00,15.771553646154418
2013-03-17 01:48:00,15.734697933762128
2013-03-17 01:49:00,15.658604151018503
2013-03-17 01:50:00,15.579359240993913
2013-03-17 01:51:00,15.770892293718491
2013-03-17 01:52:00,15.740981011707412
2013-03-17 01:53:00,15.556454156726183
2013-03-17 01:54:00,15.684821055705006
2013-03-17 01:55:00,15.582715465991916
2013-03-17 01:56:00,15.680597834452037
2013-03-17 01:57:00,15.722394478892728
2013-03-17 01:58:00,15.72796179775448
2013-03-17 01:59:00,158.98839732923693
2013-03-17 02:00:00,78.77627513569745
2013-03-17 02:01:00,85.86747964451266
2013-03-17 02:02:00,84.5162200761984
2013-03-17 02:03:00,84.18760063836851
2013-03-17 02:04:00,84.48831254961071
2013-03-17 02:05:00,84.0331580844705
2013-03-17 02:06:00,83.66690277615274
2013-03-17 02:07:00,83.70180371690988
2013-03-17 02:08:00,83.12980711805055
2013-03-17 02:09:00,82.95047413447676
2013-03-17 02:10:00,89.81040763181346
2013-03-17 02:11:00,79.91801705578997
2013-03-17 02:12:00,83.02970100292033
2013-03-17 02:13:00,82.30265697828516
2013-03-17 02:14:00,82.13835874284592
2013-03-17 02:15:00,82.02530247869414
2013-03-17 02:16:00,37.24712956166046
2013-03-17 02:17:00,13.865651165057676
2013-03-17 02:18:00,17.172617381601476
2013-03-17 02:19:00,16.666550547567184
2013-03-17 02:20:00,16.74675037253509
2013-03-17 02:21:00,16.629168603776133
2013-03-17 02:22:00,16.395392606816056
2013-03-17 02:23:00,16.412740752064703
2013-03-17 02:24:00,16.61760809460243
2013-03-17 02:25:00,16.75341620522154
2013-03-17 02:26:00,16.6501625702695
2013-03-17 02:27:00,14.340957608953573
2013-03-17 02:28:00,14.769467186995076
2013-03-17 02:29:00,15.79151509265902
2013-03-17 02:30:00,15.73112228624925
2013-03-17 02:31:00,15.656314665092705
2013-03-17 02:32:00,15.653935258810238
2013-03-17 02:33:00,15.755954092649063
2013-03-17 02:34:00,15.563099500767574
2013-03-17 02:35:00,15.68935718274278
2013-03-17 02:36:00,15.673081503108193
2013-03-17 02:37:00,15.56330358473257
2013-03-17 02:38:00,15.768275433194566
2013-03-17 02:39:00,15.841182248590973
2013-03-17 02:40:00,15.741762472369828
2013-03-17 02:41:00,15.628102724448407
2013-03-17 02:42:00,162.025009116757
2013-03-17 02:43:00,78.17073165709017
2013-03-17 02:44:00,85.96437376117457
2013-03-17 02:45:00,83.97829901870125
2013-03-17 02:46:00,84.04721963042631
2013-03-17 02:47:00,84.60159501012811
2013-03-17 02:48:00,83.83792763905156
2013-03-17 02:49:00,83.53817148822743
2013-03-17 02:50:00,85.35491541745938
2013-03-17 02:51:00,84.57492802652068
2013-03-17 02:52:00,84.09301366585564
2013-03-17 02:53:00,91.41676444348519
2013-03-17 02:54:00,81.3474108922056
2013-03-17 02:55:00,84.60966515469036
2013-03-17 02:56:00,83.59912009763701
2013-03-17 02:57:00,83.65446797675331
2013-03-17 02:58:00,31.3750734862763
2013-03-17 02:59:00,16.40421275173013
2013-03-17 03:00:00,18.569614447172775
2013-03-17 03:01:00,18.36397578838845
2013-03-17 03:02:00,18.387482796155624
2013-03-17 03:03:00,18.287482684524946
2013-03-17 03:04:00,18.306034435885085
2013-03-17 03:05:00,17.960047150184973
2013-03-17 03:06:00,18.482946445676017
2013-03-17 03:07:00,18.283749251166565
2013-03-17 03:08:00,18.24084386692892
2013-03-17 03:09:00,15.538690148492758
2013-03-17 03:10:00,16.763162621269977
2013-03-17 03:11:00,17.484158689954807
2013-03-17 03:12:00,17.210327414630903
2013-03-17 03:13:00,17.24956642241142
2013-03-17 03:14:00,17.240411074337896
2013-03-17 03:15:00,17.33012327403427
2013-03-17 03:16:00,17.232205499885232
2013-03-17 03:17:00,17.266270228123194
2013-03-17 03:18:00,17.32560431794776
2013-03-17 03:19:00,17.23323160659558
2013-03-17 03:20:00,17.24908927044929
2013-03-17 03:21:00,17.370655845915692
2013-03-17 03:22:00,17.49064930155012
2013-03-17 03:23:00,17.34086218086008
2013-03-17 03:24:00,17.199127171829527
2013-03-17 03:25:00,127.33071651787634
2013-03-17 03:26:00,84.56968631218777
2013-03-17 03:27:00,86.41476921257232
2013-03-17 03:28:00,85.64268719844915
2013-03-17 03:29:00,85.41861054301786
2013-03-17 03:30:00,85.35113580375165
2013-03-17 03:31:00,85.45718702791184
2013-03-17 03:32:00,84.9330836711611
2013-03-17 03:33:00,85.26646942112157
2013-03-17 03:34:00,84.61569088232831
2013-03-17 03:35:00,83.85829601847175
2013-03-17 03:36:00,89.00316288258453
2013-03-17 03:37:00,82.85322816920973
2013-03-17 03:38:00,83.56385960111342
2013-03-17 03:39:00,83.41478714741923
2013-03-17 03:40:00,75.80703088649462
2013-03-17 03:41:00,10.794055808694598
2013-03-17 03:42:00,19.51490948068826
2013-03-17 03:43:00,18.140576325806855
2013-03-17 03:44:00,18.3708216533577
2013-03-17 03:45:00,18.297382036930248
2013-03-17 03:46:00,18.201303900010025
2013-03-17 03:47:00,18.29587155288834
2013-03-17 03:48:00,17.971062872052187
2013-03-17 03:49:00,18.29202734448177
2013-03-17 03:50:00,18.152484566659446
2013-03-17 03:51:00,17.94738603460683
2013-03-17 03:52:00,14.658205753248247
2013-03-17 03:53:00,17.67803627728663
2013-03-17 03:54:00,17.177027365555727
2013-03-17 03:55:00,17.16901975111807
2013-03-17 03:56:00,17.25356085145612
2013-03-17 03:57:00,17.238720848138453
2013-03-17 03:58:00,17.249312737471605
2013-03-17 03:59:00,17.240476882414473
2013-03-17 04:00:00,17.343966109028084
2013-03-17 04:01:00,19.263134013726606
2013-03-17 04:02:00,16.963477833762937
2013-03-17 04:03:00,17.298022699185296
2013-03-17 04:04:00,17.403070720045037
2013-03-17 04:05:00,17.272939667051027
2013-03-17 04:06:00,17.289555180149517
2013-03-17 04:07:00,17.294447275032738
2013-03-17 04:08:00,17.383967974532165
2013-03-17 04:09:00,36.098857573617025
2013-03-17 04:10:00,98.08174011495282
2013-03-17 04:11:00,84.64027095273698
2013-03-17 04:12:00,85.28861793003401
2013-03-17 04:13:00,84.96823221685142
2013-03-17 04:14:00,85.34249182280676
2013-03-17 04:15:00,85.45788690032298
2013-03-17 04:16:00,85.09536254935462
2013-03-17 04:17:00,84.92387448396401
2013-03-17 04:18:00,84.75374834877272
2013-03-17 04:19:00,84.27416063238542
2013-03-17 04:20:00,84.63271458217686
2013-03-17 04:21:00,86.84431011914513
2013-03-17 04:22:00,83.40791048284564
2013-03-17 04:23:00,83.82625305097811
2013-03-17 04:24:00,83.30093531497249
2013-03-17 04:25:00,8.96352514737798
2013-03-17 04:26:00,19.697202177485366
2013-03-17 04:27:00,18.207838267649514
2013-03-17 04:28:00,18.254200368475104
2013-03-17 04:29:00,18.330298784250196
2013-03-17 04:30:00,18.300044093028756
2013-03-17 04:31:00,18.287604360179653
2013-03-17 04:32:00,18.250515652238107
2013-03-17 04:33:00,18.12611076570501
2013-03-17 04:34:00,18.26833473220593
2013-03-17 04:35:00,18.22358270518087
2013-03-17 04:36:00,14.388152941213331
2013-03-17 04:37:00,17.739811992077755
2013-03-17 04:38:00,17.175472822081712
2013-03-17 04:39:00,17.246150425716177
2013-03-17 04:40:00,17.246483374917517
2013-03-17 04:41:00,17.24343149108924
2013-03-17 04:42:00,17.15993974440948
2013-03-17 04:43:00,17.257517245308044
2013-03-17 04:44:00,17.245131905937278
2013-03-17 04:45:00,17.252623467429515
2013-03-17 04:46:00,17.246080796197035
2013-03-17 04:47:00,17.248089733079574
2013-03-17 04:48:00,17.421032575507407
2013-03-17 04:49:00,17.26934461451574
2013-03-17 04:50:00,17.294145301577657
2013-03-17 04:51:00,17.206260170030923
2013-03-17 04:52:00,17.38804935780339
2013-03-17 04:53:00,17.272749714722597
2013-03-17 04:54:00,17.390109217746055
2013-03-17 04:55:00,52.03621073612617
2013-03-17 04:56:00,96.03412877998986
2013-03-17 04:57:00,84.93112880484159
2013-03-17 04:58:00,85.68731020807846
2013-03-17 04:59:00,85.59499539890048
2013-03-17 05:00:00,85.92287706955385
2013-03-17 05:01:00,85.45719024740588
2013-03-17 05:02:00,85.3503747760241
2013-03-17 05:03:00,84.9537672048006
2013-03-17 05:04:00,84.28835297456558
2013-03-17 05:05:00,84.25693219226146
2013-03-17 05:06:00,85.37648878341071
2013-03-17 05:07:00,85.98245311851261
2013-03-17 05:08:00,83.58246787104173
2013-03-17 05:09:00,90.78126773130222
2013-03-17 05:10:00,7.876624872836937
2013-03-17 05:11:00,19.867568379872438
2013-03-17 05:12:00,18.102195606814842
2013-03-17 05:13:00,18.363609352090496
2013-03-17 05:14:00,18.310257755619233
2013-03-17 05:15:00,18.295982499698603
2013-03-17 05:16:00,18.317441169756485
2013-03-17 05:17:00,18.28377339535715
2013-03-17 05:18:00,18.208188947173
2013-03-17 05:19:00,18.167058720806473
2013-03-17 05:20:00,18.621026609268235
2013-03-17 05:21:00,14.059417431442121
2013-03-17 05:22:00,17.796055522736808
2013-03-17 05:23:00,17.162366573400988
2013-03-17 05:24:00,17.34014371459127
2013-03-17 05:25:00,17.229404058566786
2013-03-17 05:26:00,17.330863796213897
2013-03-17 05:27:00,17.139138700259306
2013-03-17 05:28:00,17.17445722441886
2013-03-17 05:29:00,17.255478247049428
2013-03-17 05:30:00,17.247310856270385
2013-03-17 05:31:00,17.250777889342224
2013-03-17 05:32:00,36.13632851133692
2013-03-17 05:33:00,97.1952233398833
2013-03-17 05:34:00,87.47338835436402
2013-03-17 05:35:00,88.54633287374328
2013-03-17 05:36:00,88.10403412383101
2013-03-17 05:37:00,87.69217750578711
2013-03-17 05:38:00,87.23064210508038
2013-03-17 05:39:00,87.55853231217417
2013-03-17 05:40:00,87.40508159158587
2013-03-17 05:41:00,178.16317359558252
2013-03-17 05:42:00,154.71074441519897
2013-03-17 05:43:00,156.53478186232957
2013-03-17 05:44:00,158.79411020665088
2013-03-17 05:45:00,156.13499415338526
2013-03-17 05:46:00,155.9928602930874
2013-03-17 05:47:00,155.75657061606094
2013-03-17 05:48:00,155.09795023812802
2013-03-17 05:49:00,155.01444517143423
2013-03-17 05:50:00,154.7281408902715
2013-03-17 05:51:00,153.89793736846568
2013-03-17 05:52:00,158.47096250717723
2013-03-17 05:53:00,153.45746080083933
2013-03-17 05:54:00,148.69581744750747
2013-03-17 05:55:00,96.84038730029911
2013-03-17 05:56:00,81.83054927058352
2013-03-17 05:57:00,91.10990232653725
2013-03-17 05:58:00,88.58855148472747
2013-03-17 05:59:00,88.73197163433939
2013-03-17 06:00:00,88.32937058875915
2013-03-17 06:01:00,91.34423331820692
2013-03-17 06:02:00,94.35095623788551
2013-03-17 06:03:00,94.67294614790958
2013-03-17 06:04:00,94.42789968716785
2013-03-17 06:05:00,94.18414669337724
2013-03-17 06:06:00,91.26762064794684
2013-03-17 06:07:00,92.35882675244223
2013-03-17 06:08:00,93.47190009029266
2013-03-17 06:09:00,92.82021046360754
2013-03-17 06:10:00,92.86247000810792
2013-03-17 06:11:00,92.08094110615549
2013-03-17 06:12:00,92.34448280298355
2013-03-17 06:13:00,93.24362410267372
2013-03-17 06:14:00,92.77239991849844
2013-03-17 06:15:00,92.89884800690497
2013-03-17 06:16:00,92.96548895096146
2013-03-17 06:17:00,92.7244623110213
2013-03-17 06:18:00,92.93229428552193
2013-03-17 06:19:00,92.70703485491465
2013-03-17 06:20:00,93.01469099664165
2013-03-17 06:21:00,92.64704619375348
2013-03-17 06:22:00,92.97592482477451
2013-03-17 06:23:00,93.23567764438168
2013-03-17 06:24:00,92.98189904700001
2013-03-17 06:25:00,92.8858796095138
2013-03-17 06:26:00,92.88332872769627
2013-03-17 06:27:00,168.20391881561542
2013-03-17 06:28:00,162.39673355403983
2013-03-17 06:29:00,161.29676757520323
2013-03-17 06:30:00,161.2700779351946
2013-03-17 06:31:00,161.66337243494505
2013-03-17 06:32:00,161.21488413627205
2013-03-17 06:33:00,160.9684729913821
2013-03-17 06:34:00,161.77180854845332
2013-03-17 06:35:00,159.7829970053974
2013-03-17 06:36:00,159.63261721355295
2013-03-17 06:37:00,158.89476432914122
2013-03-17 06:38:00,162.05823757089732
2013-03-17 06:39:00,159.03406164122646
2013-03-17 06:40:00,135.04836797169818
2013-03-17 06:41:00,87.25791444365402
2013-03-17 06:42:00,94.52573199818673
2013-03-17 06:43:00,93.44267639967684
2013-03-17 06:44:00,93.76557750335422
2013-03-17 06:45:00,93.60854564062335
2013-03-17 06:46:00,93.75325644050756
2013-03-17 06:47:00,93.52362887843185
2013-03-17 06:48:00,93.61795600408726
2013-03-17 06:49:00,93.32523717454345
2013-03-17 06:50:00,93.48525036998119
2013-03-17 06:51:00,101.56408617990577
2013-03-17 06:52:00,89.5582811865207
2013-03-17 06:53:00,93.20368585799366
2013-03-17 06:54:00,92.38387056660295
2013-03-17 06:55:00,92.34297956133098
2013-03-17 06:56:00,92.50404831237054
2013-03-17 06:57:00,92.3276149114856
2013-03-17 06:58:00,92.3279153641587
2013-03-17 06:59:00,92.34801300625881
2013-03-17 07:00:00,92.66855006019121
2013-03-17 07:01:00,93.74830054981389
2013-03-17 07:02:00,92.80494352696199
2013-03-17 07:03:00,92.26888990302973
2013-03-17 07:04:00,92.57801269782377
2013-03-17 07:05:00,92.26549850535787
2013-03-17 07:06:00,92.05830523666148
2013-03-17 07:07:00,91.8653717801886
2013-03-17 07:08:00,92.03150308971658
2013-03-17 07:09:00,92.1820872976136
2013-03-17 07:10:00,91.99226123053455
2013-03-17 07:11:00,92.29077429058701
2013-03-17 07:12:00,92.45419258188477
2013-03-17 07:13:00,167.10752325612788
2013-03-17 07:14:00,162.45812979244812
2013-03-17 07:15:00,160.183377716186
2013-03-17 07:16:00,160.1864366879527
2013-03-17 07:17:00,160.23418050065172
2013-03-17 07:18:00,160.22416414387797
2013-03-17 07:19:00,159.56330508902897
2013-03-17 07:20:00,158.9843833145404
2013-03-17 07:21:00,159.324104695106
2013-03-17 07:22:00,158.51436790239444
2013-03-17 07:23:00,158.03621413835964
2013-03-17 07:24:00,160.44791865286922
2013-03-17 07:25:00,157.2023967217309
2013-03-17 07:26:00,135.82745220158523
2013-03-17 07:27:00,86.9519501330404
2013-03-17 07:28:00,93.94147201112594
2013-03-17 07:29:00,92.67582186437082
2013-03-17 07:30:00,92.92534883242867
2013-03-17 07:31:00,93.03077983927233
2013-03-17 07:32:00,93.22373082408718
2013-03-17 07:33:00,93.40054360599764
2013-03-17 07:34:00,93.37183073947085
2013-03-17 07:35:00,93.21684900540183
2013-03-17 07:36:00,92.8619871974256
2013-03-17 07:37:00,91.7545959283383
2013-03-17 07:38:00,89.84590136827147
2013-03-17 07:39:00,92.02800382043671
2013-03-17 07:40:00,91.76990412551754
2013-03-17 07:41:00,91.90658638402418
2013-03-17 07:42:00,92.06214225763742
2013-03-17 07:43:00,91.53471357015978
2013-03-17 07:44:00,92.17574293392782
2013-03-17 07:45:00,92.36430992525781
2013-03-17 07:46:00,92.0776016122581
2013-03-17 07:47:00,92.28249876709226
2013-03-17 07:48:00,1077.5616877916714
2013-03-17 07:49:00,1853.2502034263453
2013-03-17 07:50:00,0.0
2013-03-17 07:51:00,128.51450349934876
2013-03-17 07:52:00,87.24870867239471
2013-03-17 07:53:00,93.12947308742113
2013-03-17 07:54:00,92.33202431963129
2013-03-17 07:55:00,92.74893368528183
2013-03-17 07:56:00,92.42868563423585
2013-03-17 07:57:00,92.62111918349773
2013-03-17 07:58:00,92.44205352122765
2013-03-17 07:59:00,143.90982426009924
2013-03-17 08:00:00,148.0174649397226
2013-03-17 08:01:00,15.299136921064303
2013-03-17 08:02:00,104.07811812988098
2013-03-17 08:03:00,156.36577585279724
2013-03-17 08:04:00,165.3753184462228
2013-03-17 08:05:00,154.16207584072654
2013-03-17 08:06:00,152.14776491631156
2013-03-17 08:07:00,154.00802246411686
2013-03-17 08:08:00,154.1984880958476
2013-03-17 08:09:00,122.78876392263982
2013-03-17 08:10:00,81.56962485281423
2013-03-17 08:11:00,84.75064016277908
2013-03-17 08:12:00,112.10776096212571
2013-03-17 08:13:00,156.5265298489779
2013-03-17 08:14:00,106.25555776495807
2013-03-17 08:15:00,83.85578757146872
2013-03-17 08:16:00,88.50833898307897
2013-03-17 08:17:00,24.4328219228992
2013-03-17 08:18:00,18.642763253896504
2013-03-17 08:19:00,19.44490738717565
2013-03-17 08:20:00,17.686140752965958
2013-03-17 08:21:00,16.7113380993678
2013-03-17 08:22:00,18.493818291592877
2013-03-17 08:23:00,19.907434712864642
2013-03-17 08:24:00,20.81378434515343
2013-03-17 08:25:00,16.58613027399675
2013-03-17 08:26:00,17.4275738903667
2013-03-17 08:27:00,18.436934522293612
2013-03-17 08:28:00,14.952284987207186
2013-03-17 08:29:00,16.974928895951777
2013-03-17 08:30:00,17.229703304291185
2013-03-17 08:31:00,17.19440543053791
2013-03-17 08:32:00,17.27170401888255
2013-03-17 08:33:00,17.31454236050798
2013-03-17 08:34:00,17.240603136887827
2013-03-17 08:35:00,17.26734176688662
2013-03-17 08:36:00,16.951225342098688
2013-03-17 08:37:00,17.351315947593964
2013-03-17 08:38:00,17.279247743357743
2013-03-17 08:39:00,17.239259866061477
2013-03-17 08:40:00,17.391767300658547
2013-03-17 08:41:00,17.302970058166096
2013-03-17 08:42:00,17.376539513864422
2013-03-17 08:43:00,17.19628881685954
2013-03-17 08:44:00,17.39718764398523
2013-03-17 08:45:00,17.27253925517408
2013-03-17 08:46:00,17.298355225430285
2013-03-17 08:47:00,17.280995391213146
2013-03-17 08:48:00,17.304046935329986
2013-03-17 08:49:00,65.18660587585939
2013-03-17 08:50:00,94.1325730488443
2013-03-17 08:51:00,86.90174496602836
2013-03-17 08:52:00,85.98980785494564
2013-03-17 08:53:00,85.36584627385096
2013-03-17 08:54:00,85.20776661051507
2013-03-17 08:55:00,84.97472038226896
2013-03-17 08:56:00,85.59064988026921
2013-03-17 08:57:00,85.33563035129474
2013-03-17 08:58:00,86.3046925960646
2013-03-17 08:59:00,84.63929504300134
2013-03-17 09:00:00,86.93803452799531
2013-03-17 09:01:00,85.87137514845875
2013-03-17 09:02:00,84.05952554075536
2013-03-17 09:03:00,16.16045313477743
2013-03-17 09:04:00,18.623929793080407
2013-03-17 09:05:00,18.36807269542731
2013-03-17 09:06:00,18.315317451848557
2013-03-17 09:07:00,18.362913920688648
2013-03-17 09:08:00,18.326104366373364
2013-03-17 09:09:00,18.385790466830283
2013-03-17 09:10:00,18.26407959980242
2013-03-17 09:11:00,18.3152977842228
2013-03-17 09:12:00,18.170328829789163
2013-03-17 09:13:00,19.632521277049282
2013-03-17 09:14:00,14.528975916271675
2013-03-17 09:15:00,17.453600270909032
2013-03-17 09:16:00,17.30307542431776
2013-03-17 09:17:00,19.503965103090607
2013-03-17 09:18:00,17.086851507724237
2013-03-17 09:19:00,17.34944676274698
2013-03-17 09:20:00,17.228053566716845
2013-03-17 09:21:00,17.4297124520865
2013-03-17 09:22:00,17.219040447606265
2013-03-17 09:23:00,17.24799191813883
2013-03-17 09:24:00,59.62933921668868
2013-03-17 09:25:00,93.14186388847534
2013-03-17 09:26:00,87.83164185114735
2013-03-17 09:27:00,87.48581148735583
2013-03-17 09:28:00,86.78940536899262
2013-03-17 09:29:00,86.36250197904097
2013-03-17 09:30:00,85.97065045510863
2013-03-17 09:31:00,86.3820957991048
2013-03-17 09:32:00,87.60705410009693
2013-03-17 09:33:00,87.66809333964873
2013-03-17 09:34:00,87.83541671923649
2013-03-17 09:35:00,97.8632741038522
2013-03-17 09:36:00,171.98492619764244
2013-03-17 09:37:00,156.493071022944
2013-03-17 09:38:00,155.55673321934222
2013-03-17 09:39:00,155.07043360684932
2013-03-17 09:40:00,154.49674984304423
2013-03-17 09:41:00,153.80999710654413
2013-03-17 09:42:00,153.6045286159045
2013-03-17 09:43:00,152.8394074316374
2013-03-17 09:44:00,144.40436133336058
2013-03-17 09:45:00,79.02050055717812
2013-03-17 09:46:00,88.7807698643364
2013-03-17 09:47:00,90.62433304969525
2013-03-17 09:48:00,88.86881019148822
2013-03-17 09:49:00,89.4590163881049
2013-03-17 09:50:00,89.99179374372046
2013-03-17 09:51:00,84.13870152336631
2013-03-17 09:52:00,84.12019774773654
2013-03-17 09:53:00,83.14148537476585
2013-03-17 09:54:00,83.98733338019565
2013-03-17 09:55:00,83.28295644112393
2013-03-17 09:56:00,80.41362494453837
2013-03-17 09:57:00,82.99761144324019
2013-03-17 09:58:00,25.124908947401387
2013-03-17 09:59:00,17.12788605600065
2013-03-17 10:00:00,18.460264383428214
2013-03-17 10:01:00,18.283054851744268
2013-03-17 10:02:00,17.986652859785178
2013-03-17 10:03:00,18.196196327898814
2013-03-17 10:04:00,18.146131225089057
2013-03-17 10:05:00,18.227298038740937
2013-03-17 10:06:00,18.181347777029256
2013-03-17 10:07:00,18.221090486021044
2013-03-17 10:08:00,19.690469924920386
2013-03-17 10:09:00,15.045373683273155
2013-03-17 10:10:00,16.968699951900227
2013-03-17 10:11:00,17.292148853362807
2013-03-17 10:12:00,17.238273475518515
2013-03-17 10:13:00,17.160606410995808
2013-03-17 10:14:00,17.27075460329304
2013-03-17 10:15:00,108.46983569049286
2013-03-17 10:16:00,86.31120058411648
2013-03-17 10:17:00,85.34592079786395
2013-03-17 10:18:00,85.3257709638801
2013-03-17 10:19:00,85.8214367202126
2013-03-17 10:20:00,85.87919453132488
2013-03-17 10:21:00,85.74182208418269
2013-03-17 10:22:00,85.08773887335683
2013-03-17 10:23:00,84.98623411447772
2013-03-17 10:24:00,84.65769899213515
2013-03-17 10:25:00,85.6537162192345
2013-03-17 10:26:00,88.53073645660362
2013-03-17 10:27:00,83.89986671256754
2013-03-17 10:28:00,61.451109012402235
2013-03-17 10:29:00,12.104594528631898
2013-03-17 10:30:00,19.260052619919943
2013-03-17 10:31:00,18.22121138188082
2013-03-17 10:32:00,18.266443372125064
2013-03-17 10:33:00,18.400708936023694
2013-03-17 10:34:00,18.31272993277661
2013-03-17 10:35:00,18.22194524863192
2013-03-17 10:36:00,18.304860256098475
2013-03-17 10:37:00,18.25469003632026
2013-03-17 10:38:00,17.924888425474485
2013-03-17 10:39:00,17.204799449967407
2013-03-17 10:40:00,16.748376315432377
2013-03-17 10:41:00,17.314775971560355
2013-03-17 10:42:00,17.14696448283386
2013-03-17 10:43:00,17.251820634557685
2013-03-17 10:44:00,17.15617908239918
2013-03-17 10:45:00,17.169158826498865
2013-03-17 10:46:00,17.24960832103022
2013-03-17 10:47:00,17.327056558274954
2013-03-17 10:48:00,17.139224286423
2013-03-17 10:49:00,17.168356881278388
2013-03-17 10:50:00,17.19087552202636
2013-03-17 10:51:00,17.292262431132386
2013-03-17 10:52:00,17.323601268744184
2013-03-17 10:53:00,17.960318024942822
2013-03-17 10:54:00,17.282435345567762
2013-03-17 10:55:00,17.203049217013
2013-03-17 10:56:00,17.302573710806453
2013-03-17 10:57:00,17.385950104558983
2013-03-17 10:58:00,17.366840752509372
2013-03-17 10:59:00,17.272313541985532
2013-03-17 11:00:00,99.86768607266787
2013-03-17 11:01:00,86.32667006232575
2013-03-17 11:02:00,84.46631859756287
2013-03-17 11:03:00,84.31093088272446
2013-03-17 11:04:00,83.60413461771375
2013-03-17 11:05:00,83.39802293906614
2013-03-17 11:06:00,86.29736611758814
2013-03-17 11:07:00,81.76075543431362
2013-03-17 11:08:00,82.41762873694904
2013-03-17 11:09:00,37.47056478124063
2013-03-17 11:10:00,14.455503563542333
2013-03-17 11:11:00,21.979095464429985
2013-03-17 11:12:00,17.797956603395022
2013-03-17 11:13:00,18.17807680909127
2013-03-17 11:14:00,18.325123500822524
2013-03-17 11:15:00,18.27979578410691
2013-03-17 11:16:00,18.206236710849268
2013-03-17 11:17:00,18.46985904490154
2013-03-17 11:18:00,18.113044625270938
2013-03-17 11:19:00,18.407891666552153
2013-03-17 11:20:00,15.94719863625299
2013-03-17 11:21:00,16.408590237217563
2013-03-17 11:22:00,17.413396969581594
2013-03-17 11:23:00,17.167862029603153
2013-03-17 11:24:00,17.25014308701631
2013-03-17 11:25:00,17.251853856144976
2013-03-17 11:26:00,17.158587312133836
2013-03-17 11:27:00,17.253062425129922
2013-03-17 11:28:00,17.331851701581364
2013-03-17 11:29:00,17.22527202735772
2013-03-17 11:30:00,17.344287176830022
2013-03-17 11:31:00,17.312268000250203
2013-03-17 11:32:00,17.422462248922496
2013-03-17 11:33:00,17.14755148352907
2013-03-17 11:34:00,17.31412617870468
2013-03-17 11:35:00,17.290718220561853
2013-03-17 11:36:00,17.29140713557911
2013-03-17 11:37:00,17.286315483875946
2013-03-17 11:38:00,17.29489871476002
2013-03-17 11:39:00,154.7220597364259
2013-03-17 11:40:00,80.85977998558543
2013-03-17 11:41:00,88.3148861676393
2013-03-17 11:42:00,84.36860764289702
2013-03-17 11:43:00,84.58319292174644
2013-03-17 11:44:00,83.60180434897367
2013-03-17 11:45:00,83.59226618339719
2013-03-17 11:46:00,82.5719888126051
2013-03-17 11:47:00,82.4649930846048
2013-03-17 11:48:00,67.135547778181
2013-03-17 11:49:00,10.089377944785817
2013-03-17 11:50:00,25.53739039742983
2013-03-17 11:51:00,15.411324812767283
2013-03-17 11:52:00,18.6762521983762
2013-03-17 11:53:00,18.258009441042717
2013-03-17 11:54:00,18.31983185546497
2013-03-17 11:55:00,18.19073522663546
2013-03-17 11:56:00,18.32015602314081
2013-03-17 11:57:00,18.25410553130705
2013-03-17 11:58:00,18.28774301906067
2013-03-17 11:59:00,17.496724280227124
2013-03-17 12:00:00,15.191829775613439
2013-03-17 12:01:00,17.596479167663563
2013-03-17 12:02:00,16.928612835901365
2013-03-17 12:03:00,17.456171765764353
2013-03-17 12:04:00,17.22038074574292
2013-03-17 12:05:00,17.341591388791706
2013-03-17 12:06:00,17.225735102391898
2013-03-17 12:07:00,17.251510369072108
2013-03-17 12:08:00,17.24355398408055
2013-03-17 12:09:00,17.246784386685455
2013-03-17 12:10:00,17.245258797731424
2013-03-17 12:11:00,17.36964149349917
2013-03-17 12:12:00,17.45385315015729
2013-03-17 12:13:00,17.265166681022183
2013-03-17 12:14:00,17.310901937144653
2013-03-17 12:15:00,17.281590959113757
2013-03-17 12:16:00,17.297037468302975
2013-03-17 12:17:00,17.28684040329109
2013-03-17 12:18:00,160.22103230609653
2013-03-17 12:19:00,79.89901208632963
2013-03-17 12:20:00,89.04242642809305
2013-03-17 12:21:00,85.43261183524814
2013-03-17 12:22:00,85.63629898861272
2013-03-17 12:23:00,86.26333341931007
2013-03-17 12:24:00,86.07909957250514
2013-03-17 12:25:00,85.68893784480075
2013-03-17 12:26:00,85.32058562340222
2013-03-17 12:27:00,84.61177677055036
2013-03-17 12:28:00,84.45932800674346
2013-03-17 12:29:00,91.72110501068603
2013-03-17 12:30:00,82.19798861916918
2013-03-17 12:31:00,85.27424351986903
2013-03-17 12:32:00,46.4044223206529
2013-03-17 12:33:00,14.274111960077533
2013-03-17 12:34:00,18.96088685820588
2013-03-17 12:35:00,18.348887246611866
2013-03-17 12:36:00,18.240757313716998
2013-03-17 12:37:00,18.33432343829007
2013-03-17 12:38:00,18.381526366391064
2013-03-17 12:39:00,18.304520235171474
2013-03-17 12:40:00,18.316148390200787
2013-03-17 12:41:00,18.071025987578636
2013-03-17 12:42:00,18.374778381468513
2013-03-17 12:43:00,16.263216690067225
2013-03-17 12:44:00,16.00937625908825
2013-03-17 12:45:00,17.506466299328444
2013-03-17 12:46:00,17.208265563785545
2013-03-17 12:47:00,17.324731669840332
2013-03-17 12:48:00,17.23482843125343
2013-03-17 12:49:00,17.249418074402765
2013-03-17 12:50:00,17.240882491674746
2013-03-17 12:51:00,17.244565142128423
2013-03-17 12:52:00,17.163626567998886
2013-03-17 12:53:00,17.267035154684415
2013-03-17 12:54:00,17.239670973309025
2013-03-17 12:55:00,17.33449141626066
2013-03-17 12:56:00,18.112761067696063
2013-03-17 12:57:00,37.991142594323904
2013-03-17 12:58:00,101.63645255002302
2013-03-17 12:59:00,91.83452004389086
2013-03-17 13:00:00,93.16812234656638
2013-03-17 13:01:00,93.06020362763331
2013-03-17 13:02:00,93.19476480297412
2013-03-17 13:03:00,93.30647284944901
2013-03-17 13:04:00,190.28492860633938
2013-03-17 13:05:00,161.86138393939146
2013-03-17 13:06:00,161.44026146208253
2013-03-17 13:07:00,160.38365176540356
2013-03-17 13:08:00,160.10571148588792
2013-03-17 13:09:00,162.52601405575814
2013-03-17 13:10:00,159.6437168234884
2013-03-17 13:11:00,159.13685001274706
2013-03-17 13:12:00,158.62398120956797
2013-03-17 13:13:00,128.60454261192396
2013-03-17 13:14:00,88.43425225058978
2013-03-17 13:15:00,99.19142931840125
2013-03-17 13:16:00,93.16763232089201
2013-03-17 13:17:00,94.15910135773024
2013-03-17 13:18:00,93.69726389899385
2013-03-17 13:19:00,94.13667747026183
2013-03-17 13:20:00,94.50461115289885
2013-03-17 13:21:00,94.00125570272094
2013-03-17 13:22:00,93.28812182843686
2013-03-17 13:23:00,93.57192646241927
2013-03-17 13:24:00,91.72932504252196
2013-03-17 13:25:00,89.9376482550964
2013-03-17 13:26:00,92.06991149055834
2013-03-17 13:27:00,91.35595991303448
2013-03-17 13:28:00,91.48426012617062
2013-03-17 13:29:00,91.35237189479257
2013-03-17 13:30:00,91.4033451910586
2013-03-17 13:31:00,91.57506076888069
2013-03-17 13:32:00,91.50006554393283
2013-03-17 13:33:00,90.48380401727482
2013-03-17 13:34:00,91.34624315210608
2013-03-17 13:35:00,92.47312192506617
2013-03-17 13:36:00,91.67385928113504
2013-03-17 13:37:00,92.98022711436425
2013-03-17 13:38:00,92.36275988391483
2013-03-17 13:39:00,92.6296638055303
2013-03-17 13:40:00,92.50810350844606
2013-03-17 13:41:00,91.92807705083771
2013-03-17 13:42:00,92.1888014902721
2013-03-17 13:43:00,91.97410460546328
2013-03-17 13:44:00,260.32664247368734
2013-03-17 13:45:00,152.9988520573555
2013-03-17 13:46:00,163.3694470851352
2013-03-17 13:47:00,163.31733473644226
2013-03-17 13:48:00,162.8958355682463
2013-03-17 13:49:00,163.18323934164235
2013-03-17 13:50:00,165.25238577028574
2013-03-17 13:51:00,163.07787941245513
2013-03-17 13:52:00,162.9399470757395
2013-03-17 13:53:00,161.60003716949043
2013-03-17 13:54:00,161.3882957893556
2013-03-17 13:55:00,169.64452013846395
2013-03-17 13:56:00,157.75436029798342
2013-03-17 13:57:00,161.9583904047682
2013-03-17 13:58:00,160.8710145395156
2013-03-17 13:59:00,160.27136223652136
2013-03-17 14:00:00,159.70973148612873
2013-03-17 14:01:00,156.25414264055183
2013-03-17 14:02:00,155.8927382033945
2013-03-17 14:03:00,154.46540566253606
2013-03-17 14:04:00,94.76214097869152
2013-03-17 14:05:00,87.98509918968905
2013-03-17 14:06:00,89.48661548906594
2013-03-17 14:07:00,88.10280680826335
2013-03-17 14:08:00,88.75684329352838
2013-03-17 14:09:00,88.93628688689203
2013-03-17 14:10:00,88.03445607394164
2013-03-17 14:11:00,87.82709880504933
2013-03-17 14:12:00,88.03104511983662
2013-03-17 14:13:00,88.34852229257362
2013-03-17 14:14:00,88.26471535570177
2013-03-17 14:15:00,84.79540850493893
2013-03-17 14:16:00,86.08790721675939
2013-03-17 14:17:00,86.82929885732318
2013-03-17 14:18:00,86.40803470924921
2013-03-17 14:19:00,86.33622573771333
2013-03-17 14:20:00,86.69620689359785
2013-03-17 14:21:00,86.42140267364498
2013-03-17 14:22:00,91.13888961388638
2013-03-17 14:23:00,91.76759412773495
2013-03-17 14:24:00,91.4220445266774
2013-03-17 14:25:00,91.45905331383453
2013-03-17 14:26:00,91.85692171195463
2013-03-17 14:27:00,92.69841723329891
2013-03-17 14:28:00,92.36871287770455
2013-03-17 14:29:00,92.11056750950058
2013-03-17 14:30:00,91.98097006174902
2013-03-17 14:31:00,92.1069833336308
2013-03-17 14:32:00,92.12657626998309
2013-03-17 14:33:00,92.3146295480558
2013-03-17 14:34:00,259.7066792881831
2013-03-17 14:35:00,150.94196080865254
2013-03-17 14:36:00,161.43044166359473
2013-03-17 14:37:00,158.8952285086715
2013-03-17 14:38:00,159.03296571200153
2013-03-17 14:39:00,158.0371657665032
