2013-04-04 19:47:00,9.666253820382563e-13
2013-04-04 19:48:00,1.132550286526704e-12
2013-04-04 19:49:00,1.4500313710685465e-12
2013-04-04 19:50:00,1.65238393729468e-12
2013-04-04 19:51:00,1.5259037548943519e-12
2013-04-04 19:52:00,6.966579803402843e-13
2013-04-04 19:53:00,2.0856869914581724e-12
2013-04-04 19:54:00,2.1479088902621496e-12
2013-04-04 19:55:00,2.4744070633085203e-12
2013-04-04 19:56:00,2.521534387522805e-12
2013-04-04 19:57:00,1.027266115643393e-12
2013-04-04 19:58:00,6.792644119372027e-13
2013-04-04 19:59:00,4.740762444498039e-13
2013-04-04 20:00:00,2.7012350552763905e-13
2013-04-04 20:01:00,3.975112387101202e-13
2013-04-04 20:02:00,4.595126122891918e-13
2013-04-04 20:03:00,4.0031876046807884e-13
2013-04-04 20:04:00,6.187428836043686e-13
2013-04-04 20:05:00,2.0819222579558015e-12
2013-04-04 20:06:00,2.459979087832152e-12
2013-04-04 20:07:00,2.492495137857388e-12
2013-04-04 20:08:00,2.066326132147511e-12
2013-04-04 20:09:00,8.408884149500291e-13
2013-04-04 20:10:00,9.19807593930445e-13
2013-04-04 20:11:00,9.960533907628718e-13
2013-04-04 20:12:00,7.288890397806433e-13
2013-04-04 20:13:00,8.00720108878188e-13
2013-04-04 20:14:00,9.275795872347827e-13
2013-04-04 20:15:00,9.391570165554225e-13
2013-04-04 20:16:00,8.924889963400832e-13
2013-04-04 20:17:00,9.582755695684697e-13
2013-04-04 20:18:00,9.092922860034863e-13
2013-04-04 20:19:00,1.1435742316531063e-12
2013-04-04 20:20:00,9.22272232516746e-13
2013-04-04 20:21:00,1.0981388833156761e-12
2013-04-04 20:22:00,9.891422006343952e-13
2013-04-04 20:23:00,8.795775385635849e-13
2013-04-04 20:24:00,7.695136796027907e-13
2013-04-04 20:25:00,8.863847521104232e-13
2013-04-04 20:26:00,9.460267938287879e-13
2013-04-04 20:27:00,8.347996647735153e-13
2013-04-04 20:28:00,7.232746641522254e-13
2013-04-04 20:29:00,7.820181208965007e-13
2013-04-04 20:30:00,8.973749012599869e-13
2013-04-04 20:31:00,8.419991944123978e-13
2013-04-04 20:32:00,8.43289165995694e-13
2013-04-04 20:33:00,9.012663404371097e-13
2013-04-04 20:34:00,8.45419378965909e-13
2013-04-04 20:35:00,9.599820027443141e-13
2013-04-04 20:36:00,8.47064893086603e-13
2013-04-04 20:37:00,9.614282445386786e-13
2013-04-04 20:38:00,9.620228322235532e-13
2013-04-04 20:39:00,8.488585774135426e-13
2013-04-04 20:40:00,1.0198481319371266e-12
2013-04-04 20:41:00,1.020251808739542e-12
2013-04-04 20:42:00,9.069197624206411e-13
2013-04-04 20:43:00,7.935447507407678e-13
2013-04-04 20:44:00,7.938188145415387e-13
2013-04-04 20:45:00,9.077465268433316e-13
2013-04-04 20:46:00,6.805845559857185e-13
2013-04-04 20:47:00,4.533969476299276e-13
2013-04-04 20:48:00,5.104039007898515e-13
2013-04-04 20:49:00,4.5370421216825517e-13
2013-04-04 20:50:00,4.538305366260327e-13
2013-04-04 20:51:00,5.107849820093061e-13
2013-04-04 20:52:00,5.677259820424984e-13
2013-04-04 20:53:00,5.109683272405159e-13
2013-04-04 20:54:00,3.4051344865987734e-13
2013-04-04 20:55:00,1.7048217510190972e-12
2013-04-04 20:56:00,1.4775063024142433e-12
2013-04-04 20:57:00,1.7049311534056867e-12
2013-04-04 20:58:00,1.5912892938557813e-12
2013-04-04 20:59:00,1.7050156628770343e-12
2013-04-04 21:00:00,1.5913635692010643e-12
2013-04-04 21:01:00,1.8187677811740574e-12
2013-04-04 21:02:00,1.7051077819979388e-12
2013-04-04 21:03:00,1.70513137038634e-12
2013-04-04 21:04:00,1.5914652644911715e-12
2013-04-04 21:05:00,1.5914834856863015e-12
2013-04-04 21:06:00,1.5914995002884303e-12
2013-04-04 21:07:00,1.7052004132383456e-12
2013-04-04 21:08:00,1.705212783951654e-12
2013-04-04 21:09:00,1.705223656567323e-12
2013-04-04 21:10:00,1.7052332125054928e-12
2013-04-04 21:11:00,1.7052416112162616e-12
2013-04-04 21:12:00,1.5915621551186497e-12
2013-04-04 21:13:00,1.8189423182686785e-12
2013-04-04 21:14:00,1.9326348580335656e-12
2013-04-04 21:15:00,1.7052661941142019e-12
2013-04-04 21:16:00,1.8189574364624212e-12
2013-04-04 21:17:00,1.9326481454088426e-12
2013-04-04 21:18:00,1.7052778723837602e-12
2013-04-04 21:19:00,4.263039383997204e-13
2013-04-04 21:20:00,5.682434405206029e-14
2013-04-04 21:21:00,6.393208137556535e-14
2013-04-04 21:22:00,5.6828684246202434e-14
2013-04-04 21:23:00,5.683046861310218e-14
2013-04-04 21:24:00,7.814831896535927e-14
2013-04-04 21:25:00,9.236055204083372e-14
2013-04-04 21:26:00,6.394005405079881e-14
2013-04-04 21:27:00,1.0657368293092829e-13
2013-04-04 21:28:00,1.1368004608333555e-13
2013-04-04 21:29:00,1.065754411954677e-13
2013-04-04 21:30:00,1.1368159142143411e-13
2013-04-04 21:31:00,1.1368222675019168e-13
2013-04-04 21:32:00,1.1368278514041806e-13
2013-04-04 21:33:00,1.2789413062459785e-13
2013-04-04 21:34:00,1.2078913460368254e-13
2013-04-04 21:35:00,1.2078951370534713e-13
2013-04-04 21:36:00,1.1368441954006869e-13
2013-04-04 21:37:00,9.947385766748429e-14
2013-04-04 21:38:00,1.0657954240436113e-13
2013-04-04 21:39:00,9.947434125731709e-14
2013-04-04 21:40:00,7.815825800089474e-14
2013-04-04 21:41:00,7.815843274054327e-14
2013-04-04 21:42:00,7.105315896155923e-14
2013-04-04 21:43:00,7.105329394175283e-14
2013-04-04 21:44:00,9.236969464860152e-14
2013-04-04 21:45:00,7.105351684322045e-14
2013-04-04 21:46:00,4.2631899053417693e-14
2013-04-04 21:47:00,0.0
2013-04-04 21:48:00,0.0
2013-04-04 21:49:00,0.0
2013-04-04 21:50:00,0.0
2013-04-04 21:51:00,0.0
2013-04-04 21:52:00,0.0
2013-04-04 21:53:00,0.0
2013-04-04 21:54:00,0.0
2013-04-04 21:55:00,0.0
2013-04-04 21:56:00,0.0
2013-04-04 21:57:00,2.1316121299443994e-14
2013-04-04 21:58:00,2.13161407691531e-14
2013-04-04 21:59:00,3.552701259627574e-14
2013-04-04 22:00:00,3.552702763593689e-14
2013-04-04 22:01:00,2.8421613496688908e-14
2013-04-04 22:02:00,7.105418925990083e-14
2013-04-04 22:03:00,4.2632490040206666e-14
2013-04-04 22:04:00,4.9737926371997034e-14
2013-04-04 22:05:00,4.9737934259408974e-14
2013-04-04 22:06:00,4.2632513834051616e-14
2013-04-04 22:07:00,3.5527092569197166e-14
2013-04-04 22:08:00,2.8421670566509014e-14
2013-04-04 22:09:00,5.684338470334408e-14
2013-04-04 22:10:00,3.552710676702171e-14
2013-04-04 22:11:00,5.684339247537613e-14
2013-04-04 22:12:00,6.394882302826201e-14
2013-04-04 22:13:00,5.6843398478995794e-14
2013-04-04 22:14:00,5.684340094724027e-14
2013-04-04 22:15:00,7.10542578317815e-14
2013-04-04 22:16:00,4.831690464792711e-13
2013-04-04 22:17:00,4.4053648400940283e-13
2013-04-04 22:18:00,5.115907590582182e-13
2013-04-04 22:19:00,5.968558886438783e-13
2013-04-04 22:20:00,6.536993086423763e-13
2013-04-04 22:21:00,6.536993096422917e-13
2013-04-04 22:22:00,6.252776010907129e-13
2013-04-04 22:23:00,5.115907641414961e-13
2013-04-04 22:24:00,4.405364912443475e-13
2013-04-04 22:25:00,3.6948221826498855e-13
2013-04-04 22:26:00,3.5527136407418296e-13
2013-04-04 22:27:00,3.694822192502768e-13
2013-04-04 22:28:00,3.6948221965535446e-13
2013-04-04 22:29:00,3.9790392944178106e-13
2013-04-04 22:30:00,3.8369307503948723e-13
2013-04-04 22:31:00,3.5527136588409806e-13
2013-04-04 22:32:00,3.694822208410106e-13
2013-04-04 22:33:00,3.6948222105344984e-13
2013-04-04 22:34:00,3.694822212401626e-13
2013-04-04 22:35:00,3.694822214042644e-13
2013-04-04 22:36:00,3.979039309788974e-13
2013-04-04 22:37:00,3.6948222167525626e-13
2013-04-04 22:38:00,3.8369307650187006e-13
2013-04-04 22:39:00,4.689582048910019e-13
2013-04-04 22:40:00,4.5474735026186157e-13
2013-04-04 22:41:00,3.9790393147669313e-13
2013-04-04 22:42:00,4.263256409735768e-13
2013-04-04 22:43:00,4.2632564103200565e-13
2013-04-04 22:44:00,3.836930769377528e-13
2013-04-04 22:45:00,3.5527136755248304e-13
2013-04-04 22:46:00,1.932676240979574e-12
2013-04-04 22:47:00,2.7284841050657506e-12
2013-04-04 22:48:00,5.115907695248807e-13
2013-04-04 22:49:00,3.268496582541863e-13
2013-04-04 22:50:00,2.9842794884745256e-13
2013-04-04 22:51:00,1.2789769228583228e-13
2013-04-04 22:52:00,0.0
2013-04-04 22:53:00,0.0
2013-04-04 22:54:00,0.0
2013-04-04 22:55:00,0.0
2013-04-04 22:56:00,0.0
2013-04-04 22:57:00,2.8421709360810014e-14
2013-04-04 22:58:00,0.0
2013-04-04 22:59:00,0.0
2013-04-04 23:00:00,0.0
2013-04-04 23:01:00,0.0
2013-04-04 23:02:00,0.0
2013-04-04 23:03:00,0.0
2013-04-04 23:04:00,0.0
2013-04-04 23:05:00,0.0
2013-04-04 23:06:00,0.0
2013-04-04 23:07:00,0.0
2013-04-04 23:08:00,0.0
2013-04-04 23:09:00,5.684341884602227e-14
2013-04-04 23:10:00,2.8421709417408818e-14
2013-04-04 23:11:00,2.8421709418982542e-14
2013-04-04 23:12:00,2.8421709420365683e-14
2013-04-04 23:13:00,2.842170942158133e-14
2013-04-04 23:14:00,0.0
2013-04-04 23:15:00,2.84217094235888e-14
2013-04-04 23:16:00,0.0
2013-04-04 23:17:00,2.84217094251395e-14
2013-04-04 23:18:00,0.0
2013-04-04 23:19:00,0.0
2013-04-04 23:20:00,0.0
2013-04-04 23:21:00,0.0
2013-04-04 23:22:00,2.8421709427643086e-14
2013-04-04 23:23:00,2.8421709427977433e-14
2013-04-04 23:24:00,2.8421709428271294e-14
2013-04-04 23:25:00,2.8421709428529567e-14
2013-04-04 23:26:00,1.0658141036236758e-13
2013-04-04 23:27:00,9.237055564736508e-14
2013-04-04 23:28:00,9.237055564754043e-14
2013-04-04 23:29:00,1.1368683772049755e-13
2013-04-04 23:30:00,0.0
2013-04-04 23:31:00,0.0
2013-04-04 23:32:00,0.0
2013-04-04 23:33:00,0.0
2013-04-04 23:34:00,0.0
2013-04-04 23:35:00,0.0
2013-04-04 23:36:00,0.0
2013-04-04 23:37:00,0.0
2013-04-04 23:38:00,0.0
2013-04-04 23:39:00,0.0
2013-04-04 23:40:00,0.0
2013-04-04 23:41:00,0.0
2013-04-04 23:42:00,9.947598300620517e-14
2013-04-04 23:43:00,7.105427357582646e-14
2013-04-04 23:44:00,9.237055564865169e-14
2013-04-04 23:45:00,7.815970093346923e-14
2013-04-04 23:46:00,3.552713678788039e-14
2013-04-04 23:47:00,6.394884621829948e-14
2013-04-04 23:48:00,4.9737991503110747e-14
2013-04-04 23:49:00,4.97379915031224e-14
2013-04-04 23:50:00,6.394884621833465e-14
2013-04-04 23:51:00,7.815970093354566e-14
2013-04-04 23:52:00,5.6843418860750573e-14
2013-04-04 23:53:00,6.394884621835853e-14
2013-04-04 23:54:00,7.815970093356664e-14
2013-04-04 23:55:00,8.526512829117302e-14
2013-04-04 23:56:00,1.4210854715167728e-14
2013-04-04 23:57:00,0.0
2013-04-04 23:58:00,0.0
2013-04-04 23:59:00,0.0
2013-04-05 00:00:00,0.0
2013-04-05 00:01:00,0.0
2013-04-05 00:02:00,0.0
2013-04-05 00:03:00,0.0
2013-04-05 00:04:00,0.0
2013-04-05 00:05:00,0.0
2013-04-05 00:06:00,0.0
2013-04-05 00:07:00,0.0
2013-04-05 00:08:00,0.0
2013-04-05 00:09:00,2.8421709430397608e-14
2013-04-05 00:10:00,2.842170943039838e-14
2013-04-05 00:11:00,0.0
2013-04-05 00:12:00,0.0
2013-04-05 00:13:00,2.842170943040019e-14
2013-04-05 00:14:00,2.842170943040065e-14
2013-04-05 00:15:00,2.8421709430401057e-14
2013-04-05 00:16:00,0.0
2013-04-05 00:17:00,0.0
2013-04-05 00:18:00,0.0
2013-04-05 00:19:00,0.0
2013-04-05 00:20:00,0.0
2013-04-05 00:21:00,5.684341886080666e-14
2013-04-05 00:22:00,2.842170943040281e-14
2013-04-05 00:23:00,7.105427357600897e-14
2013-04-05 00:24:00,7.81597009336101e-14
2013-04-05 00:25:00,9.947598300641322e-14
2013-04-05 00:26:00,7.81597009336103e-14
2013-04-05 00:27:00,7.105427357600939e-14
2013-04-05 00:28:00,1.1368683772161547e-13
2013-04-05 00:29:00,8.526512829121154e-14
2013-04-05 00:30:00,7.105427357600959e-14
2013-04-05 00:31:00,7.105427357600964e-14
2013-04-05 00:32:00,9.23705556488127e-14
2013-04-05 00:33:00,7.815970093361073e-14
2013-04-05 00:34:00,7.105427357600977e-14
2013-04-05 00:35:00,8.52651282912118e-14
2013-04-05 00:36:00,9.947598300641382e-14
2013-04-05 00:37:00,9.947598300641385e-14
2013-04-05 00:38:00,9.947598300641387e-14
2013-04-05 00:39:00,1.0658141036401489e-13
2013-04-05 00:40:00,9.947598300641391e-14
2013-04-05 00:41:00,9.947598300641393e-14
2013-04-05 00:42:00,9.237055564881294e-14
2013-04-05 00:43:00,9.237055564881295e-14
2013-04-05 00:44:00,8.526512829121195e-14
2013-04-05 00:45:00,8.526512829121196e-14
2013-04-05 00:46:00,1.0658141036401498e-13
2013-04-05 00:47:00,1.1368683772161598e-13
2013-04-05 00:48:00,8.526512829121198e-14
2013-04-05 00:49:00,1.0658141036401499e-13
2013-04-05 00:50:00,8.526512829121198e-14
2013-04-05 00:51:00,8.5265128291212e-14
2013-04-05 00:52:00,9.2370555648813e-14
2013-04-05 00:53:00,9.2370555648813e-14
2013-04-05 00:54:00,8.5265128291212e-14
2013-04-05 00:55:00,8.526512829121201e-14
2013-04-05 00:56:00,9.947598300641401e-14
2013-04-05 00:57:00,7.105427357601e-14
2013-04-05 00:58:00,9.237055564881301e-14
2013-04-05 00:59:00,9.237055564881301e-14
2013-04-05 01:00:00,1.0658141036401502e-13
2013-04-05 01:01:00,8.526512829121201e-14
2013-04-05 01:02:00,9.237055564881301e-14
2013-04-05 01:03:00,9.947598300641403e-14
2013-04-05 01:04:00,1.0658141036401503e-13
2013-04-05 01:05:00,9.947598300641403e-14
2013-04-05 01:06:00,3.836930773104541e-13
2013-04-05 01:07:00,4.547473508864641e-13
2013-04-05 01:08:00,4.689582056016661e-13
2013-04-05 01:09:00,64.44000000001483
2013-04-05 01:10:00,73.780000000017
2013-04-05 01:11:00,64.22000000001486
2013-04-05 01:12:00,33.620000000008076
2013-04-05 01:13:00,156.4400000000352
2013-04-05 01:14:00,128.4400000000289
2013-04-05 01:15:00,3.836930773104541e-13
2013-04-05 01:16:00,3.410605131648481e-13
2013-04-05 01:17:00,3.552713678800501e-13
2013-04-05 01:18:00,3.552713678800501e-13
2013-04-05 01:19:00,3.694822225952521e-13
2013-04-05 01:20:00,3.694822225952521e-13
2013-04-05 01:21:00,5.684341886080802e-14
2013-04-05 01:22:00,3.126388037344441e-13
2013-04-05 01:23:00,2.5579538487363607e-13
2013-04-05 01:24:00,2.8421709430404007e-13
2013-04-05 01:25:00,2.8421709430404007e-13
2013-04-05 01:26:00,2.8421709430404007e-13
2013-04-05 01:27:00,2.5579538487363607e-13
2013-04-05 01:28:00,2.2737367544323206e-13
2013-04-05 01:29:00,3.694822225952521e-13
2013-04-05 01:30:00,3.694822225952521e-13
2013-04-05 01:31:00,73.12000000001657
2013-04-05 01:32:00,35.44000000000821
2013-04-05 01:33:00,38.78000000000907
2013-04-05 01:34:00,4.121147867408581e-13
2013-04-05 01:35:00,3.126388037344441e-13
2013-04-05 01:36:00,3.126388037344441e-13
2013-04-05 01:37:00,2.2737367544323206e-13
2013-04-05 01:38:00,1.0658141036401503e-13
2013-04-05 01:39:00,63.44000000001414
2013-04-05 01:40:00,26.220000000005918
2013-04-05 01:41:00,85.38000000001884
2013-04-05 01:42:00,2.842170943040401e-14
2013-04-05 01:43:00,2.842170943040401e-14
2013-04-05 01:44:00,2.842170943040401e-14
2013-04-05 01:45:00,5.684341886080802e-14
2013-04-05 01:46:00,1.220000000000283
2013-04-05 01:47:00,0.0
2013-04-05 01:48:00,0.0
2013-04-05 01:49:00,0.0
2013-04-05 01:50:00,2.842170943040401e-14
2013-04-05 01:51:00,0.0
2013-04-05 01:52:00,2.842170943040401e-14
2013-04-05 01:53:00,0.0
2013-04-05 01:54:00,0.0
2013-04-05 01:55:00,65.44000000001449
2013-04-05 01:56:00,146.5000000000324
2013-04-05 01:57:00,0.0
2013-04-05 01:58:00,0.0
2013-04-05 01:59:00,2.842170943040401e-14
2013-04-05 02:00:00,0.0
2013-04-05 02:01:00,2.842170943040401e-14
2013-04-05 02:02:00,2.842170943040401e-14
2013-04-05 02:03:00,2.842170943040401e-14
2013-04-05 02:04:00,2.842170943040401e-14
2013-04-05 02:05:00,2.842170943040401e-14
2013-04-05 02:06:00,0.0
2013-04-05 02:07:00,0.0
2013-04-05 02:08:00,73.7500000000164
2013-04-05 02:09:00,197.6700000000438
2013-04-05 02:10:00,38.780000000008684
2013-04-05 02:11:00,44.67000000000999
2013-04-05 02:12:00,48.75000000001089
2013-04-05 02:13:00,44.33000000000992
2013-04-05 02:14:00,79.33000000001765
2013-04-05 02:15:00,81.11000000001803
2013-04-05 02:16:00,65.62000000001461
2013-04-05 02:17:00,74.44000000001657
2013-04-05 02:18:00,88.89000000001974
2013-04-05 02:19:00,88.11000000001961
2013-04-05 02:20:00,83.62000000001859
2013-04-05 02:21:00,85.44000000001901
2013-04-05 02:22:00,83.67000000001863
2013-04-05 02:23:00,83.1200000000185
2013-04-05 02:24:00,84.33000000001876
2013-04-05 02:25:00,81.00000000001802
2013-04-05 02:26:00,78.11000000001738
2013-04-05 02:27:00,84.75000000001884
2013-04-05 02:28:00,84.33000000001874
2013-04-05 02:29:00,81.78000000001819
2013-04-05 02:30:00,86.22000000001917
2013-04-05 02:31:00,82.25000000001828
2013-04-05 02:32:00,26.890000000006047
2013-04-05 02:33:00,9.947598300641403e-14
2013-04-05 02:34:00,13.220000000003019
2013-04-05 02:35:00,57.88000000001289
2013-04-05 02:36:00,68.78000000001532
2013-04-05 02:37:00,70.89000000001579
2013-04-05 02:38:00,82.62000000001838
2013-04-05 02:39:00,72.00000000001603
2013-04-05 02:40:00,64.44000000001435
2013-04-05 02:41:00,1.0658141036401503e-13
2013-04-05 02:42:00,9.947598300641403e-14
2013-04-05 02:43:00,1.0658141036401503e-13
2013-04-05 02:44:00,9.947598300641403e-14
2013-04-05 02:45:00,9.947598300641403e-14
2013-04-05 02:46:00,1.0658141036401503e-13
2013-04-05 02:47:00,9.947598300641403e-14
2013-04-05 02:48:00,9.947598300641403e-14
2013-04-05 02:49:00,1.0658141036401503e-13
2013-04-05 02:50:00,9.237055564881302e-14
2013-04-05 02:51:00,1.0658141036401503e-13
2013-04-05 02:52:00,0.0
2013-04-05 02:53:00,0.0
2013-04-05 02:54:00,2.842170943040401e-14
2013-04-05 02:55:00,2.842170943040401e-14
2013-04-05 02:56:00,5.684341886080802e-14
2013-04-05 02:57:00,2.842170943040401e-14
2013-04-05 02:58:00,2.842170943040401e-14
2013-04-05 02:59:00,0.0
2013-04-05 03:00:00,5.684341886080802e-14
2013-04-05 03:01:00,5.684341886080802e-14
2013-04-05 03:02:00,9.237055564881302e-14
2013-04-05 03:03:00,1.0658141036401503e-13
2013-04-05 03:04:00,1.0658141036401503e-13
2013-04-05 03:05:00,9.947598300641403e-14
2013-04-05 03:06:00,9.947598300641403e-14
2013-04-05 03:07:00,1.0658141036401503e-13
2013-04-05 03:08:00,1.0658141036401503e-13
2013-04-05 03:09:00,1.2079226507921703e-13
2013-04-05 03:10:00,1.0658141036401503e-13
2013-04-05 03:11:00,9.947598300641403e-14
2013-04-05 03:12:00,1.0658141036401503e-13
2013-04-05 03:13:00,1.0658141036401503e-13
2013-04-05 03:14:00,9.947598300641403e-14
2013-04-05 03:15:00,9.947598300641403e-14
2013-04-05 03:16:00,1.0658141036401503e-13
2013-04-05 03:17:00,72.11000000001604
2013-04-05 03:18:00,74.1100000000165
2013-04-05 03:19:00,9.237055564881302e-14
2013-04-05 03:20:00,9.947598300641403e-14
2013-04-05 03:21:00,8.526512829121202e-14
2013-04-05 03:22:00,9.947598300641403e-14
2013-04-05 03:23:00,1.1368683772161603e-13
2013-04-05 03:24:00,7.815970093361102e-14
2013-04-05 03:25:00,1.0658141036401503e-13
2013-04-05 03:26:00,9.947598300641403e-14
2013-04-05 03:27:00,59.12000000001319
2013-04-05 03:28:00,92.44000000002053
2013-04-05 03:29:00,93.44000000002076
2013-04-05 03:30:00,0.890000000000299
2013-04-05 03:31:00,9.947598300641403e-14
2013-04-05 03:32:00,1.0658141036401503e-13
2013-04-05 03:33:00,1.0658141036401503e-13
2013-04-05 03:34:00,3.979039320256561e-13
2013-04-05 03:35:00,4.689582056016661e-13
2013-04-05 03:36:00,4.547473508864641e-13
2013-04-05 03:37:00,5.684341886080801e-13
2013-04-05 03:38:00,71.88000000001657
2013-04-05 03:39:00,9.220000000002727
2013-04-05 03:40:00,100.44000000002285
2013-04-05 03:41:00,72.12000000001652
2013-04-05 03:42:00,59.3300000000136
2013-04-05 03:43:00,64.33000000001459
2013-04-05 03:44:00,84.89000000001917
2013-04-05 03:45:00,144.25000000003226
2013-04-05 03:46:00,3.552713678800501e-13
2013-04-05 03:47:00,3.410605131648481e-13
2013-04-05 03:48:00,3.552713678800501e-13
2013-04-05 03:49:00,3.694822225952521e-13
2013-04-05 03:50:00,3.694822225952521e-13
2013-04-05 03:51:00,3.694822225952521e-13
2013-04-05 03:52:00,3.552713678800501e-13
2013-04-05 03:53:00,3.694822225952521e-13
2013-04-05 03:54:00,64.56000000001468
2013-04-05 03:55:00,125.7800000000282
2013-04-05 03:56:00,77.62000000001757
2013-04-05 03:57:00,127.67000000002866
2013-04-05 03:58:00,4.263256414560601e-13
2013-04-05 03:59:00,21.670000000005217
2013-04-05 04:00:00,89.75000000002018
2013-04-05 04:01:00,127.44000000002848
2013-04-05 04:02:00,88.56000000001978
2013-04-05 04:03:00,94.33000000002107
2013-04-05 04:04:00,30.250000000006736
2013-04-05 04:05:00,63.33000000001405
2013-04-05 04:06:00,63.22000000001404
2013-04-05 04:07:00,142.3800000000315
2013-04-05 04:08:00,54.670000000012124
2013-04-05 04:09:00,92.5600000000205
2013-04-05 04:10:00,62.670000000013964
2013-04-05 04:11:00,0.12000000000013245
2013-04-05 04:12:00,63.44000000001414
2013-04-05 04:13:00,9.947598300641403e-14
2013-04-05 04:14:00,8.526512829121202e-14
2013-04-05 04:15:00,1.0658141036401503e-13
2013-04-05 04:16:00,118.33000000002629
2013-04-05 04:17:00,106.44000000002367
2013-04-05 04:18:00,127.22000000002822
2013-04-05 04:19:00,33.62000000000753
2013-04-05 04:20:00,125.22000000002782
2013-04-05 04:21:00,74.67000000001663
2013-04-05 04:22:00,63.670000000014184
2013-04-05 04:23:00,9.947598300641403e-14
2013-04-05 04:24:00,1.0658141036401503e-13
2013-04-05 04:25:00,1.0658141036401503e-13
2013-04-05 04:26:00,72.12000000001606
2013-04-05 04:27:00,63.330000000014095
2013-04-05 04:28:00,105.67000000002346
2013-04-05 04:29:00,120.1100000000267
2013-04-05 04:30:00,102.7500000000228
2013-04-05 04:31:00,63.33000000001409
2013-04-05 04:32:00,1.0658141036401503e-13
2013-04-05 04:33:00,9.947598300641403e-14
2013-04-05 04:34:00,9.947598300641403e-14
2013-04-05 04:35:00,63.67000000001414
2013-04-05 04:36:00,118.8900000000263
2013-04-05 04:37:00,143.12000000003172
2013-04-05 04:38:00,116.8900000000259
2013-04-05 04:39:00,64.00000000001421
2013-04-05 04:40:00,2.89000000000064
2013-04-05 04:41:00,2.842170943040401e-14
2013-04-05 04:42:00,2.842170943040401e-14
2013-04-05 04:43:00,2.842170943040401e-14
2013-04-05 04:44:00,117.12000000002593
2013-04-05 04:45:00,91.56000000002027
2013-04-05 04:46:00,91.33000000002022
2013-04-05 04:47:00,123.33000000002733
2013-04-05 04:48:00,69.88000000001549
2013-04-05 04:49:00,127.67000000002824
2013-04-05 04:50:00,563.1100000001247
2013-04-05 04:51:00,565.8800000001252
2013-04-05 04:52:00,568.5600000001257
2013-04-05 04:53:00,567.0000000001254
2013-04-05 04:54:00,567.5600000001255
2013-04-05 04:55:00,566.4400000001253
2013-04-05 04:56:00,568.2500000001257
2013-04-05 04:57:00,523.7800000001159
2013-04-05 04:58:00,564.110000000125
2013-04-05 04:59:00,564.1100000001248
2013-04-05 05:00:00,522.0000000001155
2013-04-05 05:01:00,560.3300000001238
2013-04-05 05:02:00,524.3300000001161
2013-04-05 05:03:00,504.22000000011167
2013-04-05 05:04:00,522.3800000001157
2013-04-05 05:05:00,503.67000000011154
2013-04-05 05:06:00,567.2200000001255
2013-04-05 05:07:00,527.2200000001168
2013-04-05 05:08:00,527.8800000001169
2013-04-05 05:09:00,576.1100000001277
2013-04-05 05:10:00,534.2200000001183
2013-04-05 05:11:00,209.25000000004633
2013-04-05 05:12:00,159.44000000003535
2013-04-05 05:13:00,386.6700000000856
2013-04-05 05:14:00,579.7800000001284
2013-04-05 05:15:00,508.00000000011244
2013-04-05 05:16:00,537.6700000001191
2013-04-05 05:17:00,584.7800000001293
2013-04-05 05:18:00,564.220000000125
2013-04-05 05:19:00,143.7500000000319
2013-04-05 05:20:00,127.89000000002838
2013-04-05 05:21:00,436.56000000009664
2013-04-05 05:22:00,540.4400000001198
2013-04-05 05:23:00,508.00000000011244
2013-04-05 05:24:00,475.00000000010516
2013-04-05 05:25:00,192.00000000004258
2013-04-05 05:26:00,196.50000000004354
2013-04-05 05:27:00,282.11000000006254
2013-04-05 05:28:00,524.4400000001161
2013-04-05 05:29:00,464.3300000001028
2013-04-05 05:30:00,520.5000000001152
2013-04-05 05:31:00,334.3300000000743
2013-04-05 05:32:00,129.89000000002918
2013-04-05 05:33:00,330.11000000007357
2013-04-05 05:34:00,563.6200000001253
2013-04-05 05:35:00,560.6700000001246
2013-04-05 05:36:00,253.2200000000566
2013-04-05 05:37:00,229.78000000005136
2013-04-05 05:38:00,380.5000000000847
2013-04-05 05:39:00,553.670000000123
2013-04-05 05:40:00,253.22000000005653
2013-04-05 05:41:00,286.00000000006384
2013-04-05 05:42:00,308.2200000000687
2013-04-05 05:43:00,253.67000000005655
2013-04-05 05:44:00,253.11000000005646
2013-04-05 05:45:00,312.2500000000696
2013-04-05 05:46:00,188.3300000000422
2013-04-05 05:47:00,251.33000000005603
2013-04-05 05:48:00,170.1200000000381
2013-04-05 05:49:00,204.33000000004566
2013-04-05 05:50:00,153.5600000000344
2013-04-05 05:51:00,125.78000000002828
2013-04-05 05:52:00,141.00000000003175
2013-04-05 05:53:00,63.00000000001447
2013-04-05 05:54:00,125.11000000002824
2013-04-05 05:55:00,141.75000000003197
2013-04-05 05:56:00,122.11000000002761
2013-04-05 05:57:00,27.780000000006794
2013-04-05 05:58:00,53.89000000001306
2013-04-05 05:59:00,1.7053025658242404e-12
2013-04-05 06:00:00,1.5916157281026244e-12
2013-04-05 06:01:00,1.8189894035458565e-12
2013-04-05 06:02:00,1.8189894035458565e-12
2013-04-05 06:03:00,1.8189894035458565e-12
2013-04-05 06:04:00,1.9326762412674725e-12
2013-04-05 06:05:00,1.8189894035458565e-12
2013-04-05 06:06:00,4.092726157978177e-12
2013-04-05 06:07:00,5.6843418860808015e-12
2013-04-05 06:08:00,5.9117155615240335e-12
2013-04-05 06:09:00,3.865352482534945e-12
2013-04-05 06:10:00,1.4779288903810084e-12
2013-04-05 06:11:00,1.5916157281026244e-12
2013-04-05 06:12:00,2.1600499167107046e-12
2013-04-05 06:13:00,1.4779288903810084e-12
2013-04-05 06:14:00,3.410605131648481e-13
2013-04-05 06:15:00,0.0
2013-04-05 06:16:00,0.0
2013-04-05 06:17:00,0.0
2013-04-05 06:18:00,0.0
2013-04-05 06:19:00,1.7053025658242404e-12
2013-04-05 06:20:00,1.5916157281026244e-12
2013-04-05 06:21:00,1.4779288903810084e-12
2013-04-05 06:22:00,1.5916157281026244e-12
2013-04-05 06:23:00,1.4779288903810084e-12
2013-04-05 06:24:00,1.4779288903810084e-12
2013-04-05 06:25:00,1.4779288903810084e-12
2013-04-05 06:26:00,1.3642420526593924e-12
2013-04-05 06:27:00,1.4779288903810084e-12
2013-04-05 06:28:00,1.8189894035458565e-12
2013-04-05 06:29:00,1.3642420526593924e-12
2013-04-05 06:30:00,1.7053025658242404e-12
2013-04-05 06:31:00,1.7053025658242404e-12
2013-04-05 06:32:00,1.7053025658242404e-12
2013-04-05 06:33:00,1.8189894035458565e-12
2013-04-05 06:34:00,1.7053025658242404e-12
2013-04-05 06:35:00,1.5916157281026244e-12
2013-04-05 06:36:00,1.4779288903810084e-12
2013-04-05 06:37:00,1.4779288903810084e-12
2013-04-05 06:38:00,1.5916157281026244e-12
2013-04-05 06:39:00,1.4779288903810084e-12
2013-04-05 06:40:00,1.7053025658242404e-12
2013-04-05 06:41:00,1.5916157281026244e-12
2013-04-05 06:42:00,1.4779288903810084e-12
2013-04-05 06:43:00,1.7053025658242404e-12
2013-04-05 06:44:00,1.7053025658242404e-12
2013-04-05 06:45:00,1.7053025658242404e-12
2013-04-05 06:46:00,1.7053025658242404e-12
2013-04-05 06:47:00,3.694822225952521e-13
2013-04-05 06:48:00,3.410605131648481e-13
2013-04-05 06:49:00,1.0000000000000568
2013-04-05 06:50:00,1.0000000000001705
2013-04-05 06:51:00,1.0000000000002842
2013-04-05 06:52:00,1.0000000000001137
2013-04-05 06:53:00,1.0000000000000568
2013-04-05 06:54:00,1.0000000000001705
2013-04-05 06:55:00,1.0000000000002842
2013-04-05 06:56:00,1.0000000000001137
2013-04-05 06:57:00,1.0000000000002274
2013-04-05 06:58:00,1.0000000000002842
2013-04-05 06:59:00,1.0000000000002842
2013-04-05 07:00:00,1.0000000000002842
2013-04-05 07:01:00,1.0000000000002274
2013-04-05 07:02:00,1.0000000000002842
2013-04-05 07:03:00,1.0000000000002842
2013-04-05 07:04:00,1.0000000000002842
2013-04-05 07:05:00,1.0000000000000853
2013-04-05 07:06:00,1.0000000000002842
2013-04-05 07:07:00,1.0000000000002842
2013-04-05 07:08:00,1.0000000000002842
2013-04-05 07:09:00,1.0000000000002274
2013-04-05 07:10:00,1.000000000000341
2013-04-05 07:11:00,1.0000000000001705
2013-04-05 07:12:00,1.0000000000001705
2013-04-05 07:13:00,1.0000000000000568
2013-04-05 07:14:00,1.0000000000002274
2013-04-05 07:15:00,1.0000000000001705
2013-04-05 07:16:00,1.0000000000000568
2013-04-05 07:17:00,1.0000000000001137
2013-04-05 07:18:00,1.000000000000341
2013-04-05 07:19:00,1.0000000000001705
2013-04-05 07:20:00,1.0000000000003695
2013-04-05 07:21:00,1.0000000000002842
2013-04-05 07:22:00,1.000000000000341
2013-04-05 07:23:00,1.0000000000001705
2013-04-05 07:24:00,1.000000000000142
2013-04-05 07:25:00,1.0000000000002274
2013-04-05 07:26:00,1.000000000000199
2013-04-05 07:27:00,1.0000000000002842
2013-04-05 07:28:00,1.0000000000002274
2013-04-05 07:29:00,1.0000000000002558
2013-04-05 07:30:00,1.0000000000002842
2013-04-05 07:31:00,1.0000000000002558
2013-04-05 07:32:00,1.000000000000199
2013-04-05 07:33:00,1.0000000000006253
2013-04-05 07:34:00,1.0000000000031832
2013-04-05 07:35:00,1.0000000000040927
2013-04-05 07:36:00,1.000000000001478
2013-04-05 07:37:00,1.0000000000013642
2013-04-05 07:38:00,1.0000000000010232
2013-04-05 07:39:00,0.9999999999977263
2013-04-05 07:40:00,0.9999999999977263
2013-04-05 07:41:00,0.9999999999986358
2013-04-05 07:42:00,1.0000000000020464
2013-04-05 07:43:00,1.0000000000017053
2013-04-05 07:44:00,1.0000000000012506
2013-04-05 07:45:00,1.0000000000015916
2013-04-05 07:46:00,1.0000000000015916
2013-04-05 07:47:00,1.0000000000013642
2013-04-05 07:48:00,1.0000000000012506
2013-04-05 07:49:00,1.0000000000015916
2013-04-05 07:50:00,1.0000000000015916
2013-04-05 07:51:00,1.000000000001478
2013-04-05 07:52:00,1.000000000001478
2013-04-05 07:53:00,1.0000000000013642
2013-04-05 07:54:00,1.0000000000013642
2013-04-05 07:55:00,1.0000000000013642
2013-04-05 07:56:00,1.000000000001478
2013-04-05 07:57:00,1.000000000001478
2013-04-05 07:58:00,1.0000000000013642
2013-04-05 07:59:00,1.000000000001819
2013-04-05 08:00:00,1.0000000000027285
2013-04-05 08:01:00,1.0000000000015916
2013-04-05 08:02:00,1.0000000000012506
2013-04-05 08:03:00,1.000000000001478
2013-04-05 08:04:00,1.000000000001478
2013-04-05 08:05:00,1.0000000000015916
2013-04-05 08:06:00,1.000000000001819
2013-04-05 08:07:00,1.000000000001478
2013-04-05 08:08:00,1.0000000000015916
2013-04-05 08:09:00,1.0000000000017053
2013-04-05 08:10:00,1.0000000000013642
2013-04-05 08:11:00,1.0000000000012506
2013-04-05 08:12:00,1.000000000001478
2013-04-05 08:13:00,1.0000000000013642
2013-04-05 08:14:00,1.0000000000011369
2013-04-05 08:15:00,1.000000000001478
2013-04-05 08:16:00,1.0000000000012506
2013-04-05 08:17:00,1.0000000000015916
2013-04-05 08:18:00,1.0000000000011369
2013-04-05 08:19:00,1.0000000000013642
2013-04-05 08:20:00,1.000000000001478
2013-04-05 08:21:00,1.000000000001478
2013-04-05 08:22:00,1.000000000001478
2013-04-05 08:23:00,1.000000000001478
2013-04-05 08:24:00,1.000000000001478
2013-04-05 08:25:00,1.000000000001478
2013-04-05 08:26:00,1.000000000000341
2013-04-05 08:27:00,1.0000000000002558
2013-04-05 08:28:00,1.0000000000003126
2013-04-05 08:29:00,1.0000000000002558
2013-04-05 08:30:00,1.0000000000002558
2013-04-05 08:31:00,1.0000000000002274
2013-04-05 08:32:00,1.0000000000003126
2013-04-05 08:33:00,1.0000000000002558
2013-04-05 08:34:00,1.0000000000002274
2013-04-05 08:35:00,1.0000000000002274
2013-04-05 08:36:00,1.0000000000002558
2013-04-05 08:37:00,1.000000000000341
2013-04-05 08:38:00,1.0000000000003126
2013-04-05 08:39:00,1.0000000000001705
2013-04-05 08:40:00,1.0000000000001137
2013-04-05 08:41:00,1.0000000000001705
2013-04-05 08:42:00,1.0000000000001705
2013-04-05 08:43:00,1.0000000000001137
2013-04-05 08:44:00,1.0000000000001705
2013-04-05 08:45:00,1.0000000000001137
2013-04-05 08:46:00,1.0000000000001137
2013-04-05 08:47:00,1.0000000000001137
2013-04-05 08:48:00,1.0000000000000568
2013-04-05 08:49:00,1.0000000000002274
2013-04-05 08:50:00,1.0000000000001705
2013-04-05 08:51:00,1.0000000000002274
2013-04-05 08:52:00,1.0000000000001705
2013-04-05 08:53:00,1.0000000000000568
2013-04-05 08:54:00,1.0000000000000568
2013-04-05 08:55:00,1.0000000000001137
2013-04-05 08:56:00,1.0000000000001137
2013-04-05 08:57:00,1.0000000000001705
2013-04-05 08:58:00,1.0000000000002842
2013-04-05 08:59:00,1.0000000000002274
2013-04-05 09:00:00,1.0000000000001705
2013-04-05 09:01:00,1.0000000000001137
2013-04-05 09:02:00,1.0000000000002842
2013-04-05 09:03:00,1.0000000000001137
2013-04-05 09:04:00,1.0000000000001137
2013-04-05 09:05:00,1.0000000000001705
2013-04-05 09:06:00,1.0000000000001705
2013-04-05 09:07:00,1.0000000000001705
2013-04-05 09:08:00,1.0000000000002274
2013-04-05 09:09:00,1.0000000000001705
2013-04-05 09:10:00,1.000000000000142
2013-04-05 09:11:00,1.000000000000199
2013-04-05 09:12:00,1.0000000000002558
2013-04-05 09:13:00,1.220000000000283
2013-04-05 09:14:00,1.0000000000001705
2013-04-05 09:15:00,1.0000000000001705
2013-04-05 09:16:00,1.000000000000199
2013-04-05 09:17:00,1.0000000000001705
2013-04-05 09:18:00,1.0000000000001705
2013-04-05 09:19:00,1.0000000000001705
2013-04-05 09:20:00,1.0000000000001705
2013-04-05 09:21:00,1.000000000000142
2013-04-05 09:22:00,1.0000000000001705
2013-04-05 09:23:00,1.000000000000199
2013-04-05 09:24:00,1.2200000000001978
2013-04-05 09:25:00,1.0000000000001705
2013-04-05 09:26:00,1.0000000000002274
2013-04-05 09:27:00,1.0000000000000853
2013-04-05 09:28:00,1.0000000000000284
2013-04-05 09:29:00,0.9999999999999716
2013-04-05 09:30:00,1.0000000000000568
2013-04-05 09:31:00,1.0000000000000568
2013-04-05 09:32:00,1.0000000000000568
2013-04-05 09:33:00,1.0000000000001137
2013-04-05 09:34:00,1.0000000000001705
2013-04-05 09:35:00,1.000000000000199
2013-04-05 09:36:00,1.000000000000142
2013-04-05 09:37:00,1.0000000000002274
2013-04-05 09:38:00,1.000000000000199
2013-04-05 09:39:00,1.0000000000002558
2013-04-05 09:40:00,1.0000000000002842
2013-04-05 09:41:00,1.000000000000199
2013-04-05 09:42:00,1.000000000000142
2013-04-05 09:43:00,1.0000000000001705
2013-04-05 09:44:00,1.000000000000199
2013-04-05 09:45:00,1.000000000000142
2013-04-05 09:46:00,1.0000000000002558
2013-04-05 09:47:00,1.0000000000002842
2013-04-05 09:48:00,1.0000000000001705
2013-04-05 09:49:00,1.000000000000199
2013-04-05 09:50:00,1.0000000000001705
2013-04-05 09:51:00,1.0000000000001137
2013-04-05 09:52:00,1.0000000000001137
2013-04-05 09:53:00,1.0
2013-04-05 09:54:00,1.0000000000001137
2013-04-05 09:55:00,1.0000000000000568
2013-04-05 09:56:00,1.0000000000001137
2013-04-05 09:57:00,1.0
2013-04-05 09:58:00,1.0000000000001137
2013-04-05 09:59:00,1.0000000000000568
2013-04-05 10:00:00,1.000000000000199
2013-04-05 10:01:00,1.000000000000199
2013-04-05 10:02:00,1.0000000000002558
2013-04-05 10:03:00,1.0000000000002558
2013-04-05 10:04:00,1.0000000000002842
2013-04-05 10:05:00,1.0000000000003695
2013-04-05 10:06:00,1.0000000000002842
2013-04-05 10:07:00,1.0000000000002558
2013-04-05 10:08:00,1.0000000000002558
2013-04-05 10:09:00,1.0000000000002558
2013-04-05 10:10:00,1.0000000000001705
2013-04-05 10:11:00,1.0000000000001137
2013-04-05 10:12:00,1.0000000000001137
2013-04-05 10:13:00,1.0000000000001705
2013-04-05 10:14:00,1.0000000000001137
2013-04-05 10:15:00,1.0000000000001137
2013-04-05 10:16:00,1.000000000000142
2013-04-05 10:17:00,1.000000000000142
2013-04-05 10:18:00,1.0000000000002558
2013-04-05 10:19:00,1.000000000000199
2013-04-05 10:20:00,1.000000000000142
2013-04-05 10:21:00,1.0000000000000853
2013-04-05 10:22:00,1.0000000000000853
2013-04-05 10:23:00,1.0
2013-04-05 10:24:00,1.0
2013-04-05 10:25:00,1.000000000000142
2013-04-05 10:26:00,1.0000000000002558
2013-04-05 10:27:00,1.000000000000199
2013-04-05 10:28:00,1.000000000000142
2013-04-05 10:29:00,1.0000000000002274
2013-04-05 10:30:00,1.0000000000002558
2013-04-05 10:31:00,1.000000000000142
2013-04-05 10:32:00,1.0000000000001705
2013-04-05 10:33:00,1.0000000000001137
2013-04-05 10:34:00,1.000000000000341
2013-04-05 10:35:00,1.0000000000003126
2013-04-05 10:36:00,1.0000000000003126
2013-04-05 10:37:00,1.000000000000341
2013-04-05 10:38:00,1.000000000000341
2013-04-05 10:39:00,1.0000000000001137
2013-04-05 10:40:00,1.0000000000001137
2013-04-05 10:41:00,1.0000000000001137
2013-04-05 10:42:00,1.0000000000000853
2013-04-05 10:43:00,1.0000000000000853
2013-04-05 10:44:00,1.0000000000000284
2013-04-05 10:45:00,1.0
2013-04-05 10:46:00,1.0000000000000853
2013-04-05 10:47:00,1.0
2013-04-05 10:48:00,1.0000000000000568
2013-04-05 10:49:00,1.0000000000000568
2013-04-05 10:50:00,1.000000000000142
2013-04-05 10:51:00,1.0000000000001705
2013-04-05 10:52:00,1.0
2013-04-05 10:53:00,1.0000000000000568
2013-04-05 10:54:00,1.0000000000000853
2013-04-05 10:55:00,1.0000000000001137
2013-04-05 10:56:00,1.0000000000000853
2013-04-05 10:57:00,0.9999999999970441
2013-04-05 10:58:00,0.9999999999956799
2013-04-05 10:59:00,0.999999999996362
2013-04-05 11:00:00,0.9999999999959073
2013-04-05 11:01:00,0.9999999999994884
2013-04-05 11:02:00,0.9999999999999432
2013-04-05 11:03:00,0.9999999999999432
2013-04-05 11:04:00,0.9999999999998863
2013-04-05 11:05:00,0.9999999999998863
2013-04-05 11:06:00,0.9999999999999432
2013-04-05 11:07:00,0.9999999999998863
2013-04-05 11:08:00,0.9999999999998863
2013-04-05 11:09:00,0.9999999999998579
2013-04-05 11:10:00,0.9999999999998863
2013-04-05 11:11:00,1.0
2013-04-05 11:12:00,0.9999999999998295
2013-04-05 11:13:00,0.9999999999998579
2013-04-05 11:14:00,0.9999999999998863
2013-04-05 11:15:00,0.9999999999998863
2013-04-05 11:16:00,1.0000000000001705
2013-04-05 11:17:00,1.0000000000001137
2013-04-05 11:18:00,1.0000000000002274
2013-04-05 11:19:00,1.0000000000002274
2013-04-05 11:20:00,1.0000000000001137
2013-04-05 11:21:00,1.0000000000000568
2013-04-05 11:22:00,1.0000000000001137
2013-04-05 11:23:00,1.0000000000000568
2013-04-05 11:24:00,1.0
2013-04-05 11:25:00,1.0000000000013642
2013-04-05 11:26:00,1.0000000000009095
2013-04-05 11:27:00,1.0000000000006821
2013-04-05 11:28:00,1.0
2013-04-05 11:29:00,1.0000000000009095
2013-04-05 11:30:00,1.0000000000013642
2013-04-05 11:31:00,1.0000000000002274
2013-04-05 11:32:00,0.9999999999998295
2013-04-05 11:33:00,0.9999999999996021
2013-04-05 11:34:00,0.9999999999995453
2013-04-05 11:35:00,0.9999999999996589
2013-04-05 11:36:00,1.0000000000001137
2013-04-05 11:37:00,1.000000000001819
2013-04-05 11:38:00,0.9999999999997442
2013-04-05 11:39:00,0.9999999999997442
2013-04-05 11:40:00,0.9999999999996305
2013-04-05 11:41:00,0.9999999999997442
2013-04-05 11:42:00,0.9999999999996589
2013-04-05 11:43:00,0.9999999999996589
2013-04-05 11:44:00,0.9999999999996732
2013-04-05 11:45:00,0.9999999999996874
2013-04-05 11:46:00,0.9999999999996305
2013-04-05 11:47:00,0.9999999999996021
2013-04-05 11:48:00,0.9999999999996305
2013-04-05 11:49:00,0.9999999999996163
2013-04-05 11:50:00,0.9999999999996163
2013-04-05 11:51:00,0.9999999999996447
2013-04-05 11:52:00,0.9999999999996305
2013-04-05 11:53:00,0.9999999999996732
2013-04-05 11:54:00,0.9999999999996874
2013-04-05 11:55:00,0.9999999999996447
2013-04-05 11:56:00,0.9999999999996447
2013-04-05 11:57:00,0.9999999999996874
2013-04-05 11:58:00,0.9999999999996589
2013-04-05 11:59:00,0.9999999999996447
2013-04-05 12:00:00,0.9999999999996874
2013-04-05 12:01:00,0.9999999999996447
2013-04-05 12:02:00,0.9999999999996305
2013-04-05 12:03:00,0.9999999999996305
2013-04-05 12:04:00,0.99999999999973
2013-04-05 12:05:00,0.9999999999997868
2013-04-05 12:06:00,0.9999999999997868
2013-04-05 12:07:00,0.9999999999997868
2013-04-05 12:08:00,0.999999999999801
2013-04-05 12:09:00,0.9999999999997868
2013-04-05 12:10:00,0.999999999999801
2013-04-05 12:11:00,0.999999999999801
2013-04-05 12:12:00,0.9999999999997868
2013-04-05 12:13:00,0.9999999999997726
2013-04-05 12:14:00,1.000000000000341
2013-04-05 12:15:00,1.0000000000001705
2013-04-05 12:16:00,0.9999999999996305
2013-04-05 12:17:00,0.9999999999997726
2013-04-05 12:18:00,0.9999999999998295
2013-04-05 12:19:00,0.9999999999998579
2013-04-05 12:20:00,0.999999999999801
2013-04-05 12:21:00,0.9999999999998579
2013-04-05 12:22:00,0.9999999999998579
2013-04-05 12:23:00,0.9999999999997158
2013-04-05 12:24:00,0.9999999999996589
2013-04-05 12:25:00,0.9999999999996589
2013-04-05 12:26:00,0.9999999999997158
2013-04-05 12:27:00,0.9999999999997158
2013-04-05 12:28:00,0.9999999999996589
2013-04-05 12:29:00,0.9999999999996589
2013-04-05 12:30:00,0.9999999999996589
2013-04-05 12:31:00,1.1099999999997294
2013-04-05 12:32:00,0.9999999999996021
2013-04-05 12:33:00,0.9999999999996589
2013-04-05 12:34:00,0.9999999999996589
2013-04-05 12:35:00,0.9999999999997158
2013-04-05 12:36:00,0.9999999999996589
2013-04-05 12:37:00,0.9999999999996021
2013-04-05 12:38:00,0.9999999999995453
2013-04-05 12:39:00,0.9999999999997158
2013-04-05 12:40:00,0.9999999999996589
2013-04-05 12:41:00,0.9999999999997158
2013-04-05 12:42:00,0.9999999999996589
2013-04-05 12:43:00,0.9999999999997158
2013-04-05 12:44:00,0.9999999999997726
2013-04-05 12:45:00,0.9999999999996021
2013-04-05 12:46:00,0.9999999999995453
2013-04-05 12:47:00,0.9999999999996589
2013-04-05 12:48:00,0.9999999999997158
2013-04-05 12:49:00,0.9999999999997158
2013-04-05 12:50:00,0.9999999999996589
2013-04-05 12:51:00,0.9999999999996589
2013-04-05 12:52:00,0.9999999999996021
2013-04-05 12:53:00,0.9999999999995453
2013-04-05 12:54:00,0.9999999999995453
2013-04-05 12:55:00,0.9999999999995453
2013-04-05 12:56:00,1.0000000000009095
2013-04-05 12:57:00,0.9999999999997726
2013-04-05 12:58:00,0.9999999999996021
2013-04-05 12:59:00,0.9999999999995453
2013-04-05 13:00:00,0.9999999999994884
2013-04-05 13:01:00,0.9999999999995453
2013-04-05 13:02:00,0.9999999999994884
2013-04-05 13:03:00,0.9999999999996589
2013-04-05 13:04:00,0.9999999999996589
2013-04-05 13:05:00,0.9999999999996589
2013-04-05 13:06:00,0.9999999999996021
2013-04-05 13:07:00,0.9999999999996589
2013-04-05 13:08:00,0.9999999999997158
2013-04-05 13:09:00,0.9999999999996874
2013-04-05 13:10:00,0.9999999999996589
2013-04-05 13:11:00,0.9999999999996305
2013-04-05 13:12:00,0.9999999999996589
2013-04-05 13:13:00,0.9999999999996305
2013-04-05 13:14:00,0.9999999999996874
2013-04-05 13:15:00,0.9999999999996305
2013-04-05 13:16:00,0.9999999999996305
2013-04-05 13:17:00,0.9999999999996874
2013-04-05 13:18:00,0.9999999999996305
2013-04-05 13:19:00,0.9999999999996589
2013-04-05 13:20:00,0.9999999999996589
2013-04-05 13:21:00,0.9999999999997158
2013-04-05 13:22:00,0.9999999999997158
2013-04-05 13:23:00,0.9999999999996021
2013-04-05 13:24:00,0.9999999999997442
2013-04-05 13:25:00,0.9999999999996589
2013-04-05 13:26:00,0.9999999999996874
2013-04-05 13:27:00,1.2199999999998
2013-04-05 13:28:00,0.9999999999997442
2013-04-05 13:29:00,0.9999999999997442
2013-04-05 13:30:00,0.999999999999801
2013-04-05 13:31:00,0.9999999999997726
2013-04-05 13:32:00,0.9999999999997158
2013-04-05 13:33:00,0.9999999999996305
2013-04-05 13:34:00,0.9999999999996305
2013-04-05 13:35:00,0.9999999999997442
2013-04-05 13:36:00,0.9999999999997158
2013-04-05 13:37:00,0.9999999999997726
2013-04-05 13:38:00,0.9999999999998295
2013-04-05 13:39:00,0.999999999999801
2013-04-05 13:40:00,0.9999999999997726
2013-04-05 13:41:00,0.9999999999997158
2013-04-05 13:42:00,0.9999999999996874
2013-04-05 13:43:00,0.9999999999997442
2013-04-05 13:44:00,0.9999999999997726
2013-04-05 13:45:00,0.9999999999998295
2013-04-05 13:46:00,0.9999999999998579
2013-04-05 13:47:00,1.0000000000002842
2013-04-05 13:48:00,0.9999999999996589
2013-04-05 13:49:00,0.9999999999994884
2013-04-05 13:50:00,1.0000000000006821
2013-04-05 13:51:00,1.0000000000010232
2013-04-05 13:52:00,1.0000000000010232
2013-04-05 13:53:00,0.9999999999995453
2013-04-05 13:54:00,0.9999999999997158
2013-04-05 13:55:00,0.9999999999997158
2013-04-05 13:56:00,0.9999999999996021
2013-04-05 13:57:00,0.9999999999996021
2013-04-05 13:58:00,0.9999999999996021
2013-04-05 13:59:00,0.9999999999996021
2013-04-05 14:00:00,0.9999999999997158
2013-04-05 14:01:00,0.9999999999997726
2013-04-05 14:02:00,0.9999999999997442
2013-04-05 14:03:00,0.9999999999997158
2013-04-05 14:04:00,0.9999999999996874
2013-04-05 14:05:00,0.9999999999997726
2013-04-05 14:06:00,0.999999999999801
2013-04-05 14:07:00,0.9999999999997442
2013-04-05 14:08:00,0.999999999999801
2013-04-05 14:09:00,0.9999999999994884
2013-04-05 14:10:00,0.9999999999994316
2013-04-05 14:11:00,0.9999999999994884
2013-04-05 14:12:00,0.9999999999994316
2013-04-05 14:13:00,0.9999999999995453
2013-04-05 14:14:00,0.9999999999994316
2013-04-05 14:15:00,0.9999999999994316
2013-04-05 14:16:00,0.9999999999994884
2013-04-05 14:17:00,0.9999999999994884
2013-04-05 14:18:00,0.9999999999993179
2013-04-05 14:19:00,0.9999999999994884
2013-04-05 14:20:00,0.9999999999997158
2013-04-05 14:21:00,0.9999999999997158
2013-04-05 14:22:00,0.9999999999996589
2013-04-05 14:23:00,0.9999999999997158
2013-04-05 14:24:00,0.9999999999996874
2013-04-05 14:25:00,0.9999999999997442
2013-04-05 14:26:00,0.9999999999997726
2013-04-05 14:27:00,0.9999999999997726
2013-04-05 14:28:00,0.9999999999997442
2013-04-05 14:29:00,0.9999999999997158
2013-04-05 14:30:00,0.9999999999997726
2013-04-05 14:31:00,0.9999999999997726
2013-04-05 14:32:00,0.9999999999997442
2013-04-05 14:33:00,0.999999999999801
2013-04-05 14:34:00,0.9999999999996589
2013-04-05 14:35:00,0.9999999999997158
2013-04-05 14:36:00,0.9999999999997726
2013-04-05 14:37:00,0.9999999999996589
2013-04-05 14:38:00,0.9999999999996589
2013-04-05 14:39:00,0.9999999999996589
2013-04-05 14:40:00,0.9999999999997158
2013-04-05 14:41:00,0.9999999999996589
2013-04-05 14:42:00,0.9999999999997158
2013-04-05 14:43:00,0.9999999999997158
2013-04-05 14:44:00,0.9999999999997158
2013-04-05 14:45:00,0.9999999999997158
2013-04-05 14:46:00,0.9999999999995453
2013-04-05 14:47:00,0.9999999999996589
2013-04-05 14:48:00,0.9999999999996021
2013-04-05 14:49:00,0.9999999999997158
2013-04-05 14:50:00,0.9999999999997158
2013-04-05 14:51:00,0.9999999999997158
2013-04-05 14:52:00,0.9999999999996021
2013-04-05 14:53:00,0.9999999999996589
2013-04-05 14:54:00,0.9999999999996021
2013-04-05 14:55:00,0.9999999999997158
2013-04-05 14:56:00,0.9999999999996589
2013-04-05 14:57:00,0.9999999999996021
2013-04-05 14:58:00,0.9999999999996021
2013-04-05 14:59:00,0.9999999999997158
2013-04-05 15:00:00,0.9999999999997158
2013-04-05 15:01:00,0.9999999999997158
2013-04-05 15:02:00,0.9999999999996589
2013-04-05 15:03:00,0.9999999999996589
2013-04-05 15:04:00,0.9999999999994884
2013-04-05 15:05:00,0.9999999999996021
2013-04-05 15:06:00,0.9999999999996589
2013-04-05 15:07:00,0.9999999999996589
2013-04-05 15:08:00,0.9999999999997158
2013-04-05 15:09:00,0.9999999999998295
2013-04-05 15:10:00,0.9999999999995453
2013-04-05 15:11:00,0.9999999999996021
2013-04-05 15:12:00,0.9999999999996589
2013-04-05 15:13:00,0.9999999999997726
2013-04-05 15:14:00,0.9999999999996589
2013-04-05 15:15:00,0.9999999999997158
2013-04-05 15:16:00,0.9999999999997158
2013-04-05 15:17:00,0.9999999999997158
2013-04-05 15:18:00,0.9999999999996021
2013-04-05 15:19:00,0.9999999999995453
2013-04-05 15:20:00,0.9999999999997158
2013-04-05 15:21:00,0.9999999999997726
2013-04-05 15:22:00,0.9999999999996021
2013-04-05 15:23:00,0.9999999999995453
2013-04-05 15:24:00,0.9999999999996589
2013-04-05 15:25:00,0.9999999999996589
2013-04-05 15:26:00,0.9999999999996589
2013-04-05 15:27:00,0.9999999999996589
2013-04-05 15:28:00,0.999999999999801
2013-04-05 15:29:00,0.9999999999998863
2013-04-05 15:30:00,0.9999999999998863
2013-04-05 15:31:00,1.0000000000001137
2013-04-05 15:32:00,1.0000000000002558
2013-04-05 15:33:00,1.0000000000002842
2013-04-05 15:34:00,1.000000000000341
2013-04-05 15:35:00,1.0000000000003126
2013-04-05 15:36:00,1.0000000000003126
2013-04-05 15:37:00,1.0000000000002558
2013-04-05 15:38:00,1.0000000000002274
2013-04-05 15:39:00,1.0000000000000568
2013-04-05 15:40:00,1.0
2013-04-05 15:41:00,1.000000000000142
2013-04-05 15:42:00,1.000000000000142
2013-04-05 15:43:00,1.0000000000002274
2013-04-05 15:44:00,1.0000000000002558
2013-04-05 15:45:00,1.0000000000002842
2013-04-05 15:46:00,1.0000000000002558
2013-04-05 15:47:00,1.0000000000002274
2013-04-05 15:48:00,1.0000000000002842
2013-04-05 15:49:00,1.0000000000002558
2013-04-05 15:50:00,1.0000000000003126
2013-04-05 15:51:00,1.0000000000002558
2013-04-05 15:52:00,1.0000000000001705
2013-04-05 15:53:00,1.000000000000199
2013-04-05 15:54:00,1.0000000000002558
2013-04-05 15:55:00,1.0000000000002274
2013-04-05 15:56:00,1.0000000000000284
2013-04-05 15:57:00,1.0000000000000853
2013-04-05 15:58:00,1.0000000000000284
2013-04-05 15:59:00,1.0000000000001705
2013-04-05 16:00:00,1.0000000000002842
2013-04-05 16:01:00,1.0000000000000853
2013-04-05 16:02:00,1.0000000000000284
2013-04-05 16:03:00,1.0000000000000568
2013-04-05 16:04:00,1.0
2013-04-05 16:05:00,0.9999999999998863
2013-04-05 16:06:00,0.9999999999999432
2013-04-05 16:07:00,0.9999999999999716
2013-04-05 16:08:00,0.9999999999999432
2013-04-05 16:09:00,0.9999999999999432
2013-04-05 16:10:00,1.0
2013-04-05 16:11:00,1.0000000000000568
2013-04-05 16:12:00,1.0000000000002558
2013-04-05 16:13:00,1.0000000000001705
2013-04-05 16:14:00,1.0000000000000568
2013-04-05 16:15:00,1.0000000000001137
2013-04-05 16:16:00,1.0000000000001705
2013-04-05 16:17:00,1.000000000000398
2013-04-05 16:18:00,1.000000000000341
2013-04-05 16:19:00,1.000000000000398
2013-04-05 16:20:00,1.0000000000002274
2013-04-05 16:21:00,1.0000000000001705
2013-04-05 16:22:00,1.0000000000004547
2013-04-05 16:23:00,1.0000000000009095
2013-04-05 16:24:00,1.0000000000011369
2013-04-05 16:25:00,1.0000000000001705
2013-04-05 16:26:00,1.0000000000002274
2013-04-05 16:27:00,1.0000000000004547
2013-04-05 16:28:00,1.0000000000001137
2013-04-05 16:29:00,1.0000000000002274
2013-04-05 16:30:00,1.0000000000000284
2013-04-05 16:31:00,1.0000000000003695
2013-04-05 16:32:00,1.0000000000003695
2013-04-05 16:33:00,1.000000000000341
2013-04-05 16:34:00,1.000000000000341
2013-04-05 16:35:00,1.0000000000004832
2013-04-05 16:36:00,1.0000000000002842
2013-04-05 16:37:00,1.0000000000002274
2013-04-05 16:38:00,1.0000000000003126
2013-04-05 16:39:00,1.0000000000005116
2013-04-05 16:40:00,1.000000000000398
2013-04-05 16:41:00,1.000000000000341
2013-04-05 16:42:00,1.0000000000003695
2013-04-05 16:43:00,5.115907697472721e-13
2013-04-05 16:44:00,4.547473508864641e-13
2013-04-05 16:45:00,1.5916157281026244e-12
2013-04-05 16:46:00,2.2737367544323206e-12
2013-04-05 16:47:00,2.1600499167107046e-12
2013-04-05 16:48:00,1.9326762412674725e-12
2013-04-05 16:49:00,1.9326762412674725e-12
2013-04-05 16:50:00,2.1600499167107046e-12
2013-04-05 16:51:00,2.0463630789890885e-12
2013-04-05 16:52:00,2.0463630789890885e-12
2013-04-05 16:53:00,2.0463630789890885e-12
2013-04-05 16:54:00,1.8189894035458565e-12
2013-04-05 16:55:00,2.1600499167107046e-12
2013-04-05 16:56:00,2.1600499167107046e-12
2013-04-05 16:57:00,2.0463630789890885e-12
2013-04-05 16:58:00,1.9326762412674725e-12
2013-04-05 16:59:00,2.1600499167107046e-12
2013-04-05 17:00:00,2.0463630789890885e-12
2013-04-05 17:01:00,2.0463630789890885e-12
2013-04-05 17:02:00,2.0463630789890885e-12
2013-04-05 17:03:00,2.1600499167107046e-12
2013-04-05 17:04:00,1.9326762412674725e-12
2013-04-05 17:05:00,1.8189894035458565e-12
2013-04-05 17:06:00,1.8189894035458565e-12
2013-04-05 17:07:00,1.8189894035458565e-12
2013-04-05 17:08:00,1.8189894035458565e-12
2013-04-05 17:09:00,1.9326762412674725e-12
2013-04-05 17:10:00,1.7053025658242404e-12
2013-04-05 17:11:00,1.7053025658242404e-12
2013-04-05 17:12:00,1.5916157281026244e-12
2013-04-05 17:13:00,1.5916157281026244e-12
2013-04-05 17:14:00,0.0
2013-04-05 17:15:00,2.842170943040401e-14
2013-04-05 17:16:00,2.842170943040401e-14
2013-04-05 17:17:00,2.842170943040401e-14
2013-04-05 17:18:00,0.0
2013-04-05 17:19:00,0.0
2013-04-05 17:20:00,0.0
2013-04-05 17:21:00,0.0
2013-04-05 17:22:00,0.0
2013-04-05 17:23:00,0.0
2013-04-05 17:24:00,0.0
2013-04-05 17:25:00,0.0
2013-04-05 17:26:00,8.526512829121202e-14
2013-04-05 17:27:00,9.237055564881302e-14
2013-04-05 17:28:00,8.526512829121202e-14
2013-04-05 17:29:00,6.821210263296962e-13
2013-04-05 17:30:00,1.1368683772161603e-12
2013-04-05 17:31:00,8.526512829121202e-14
2013-04-05 17:32:00,9.947598300641403e-14
2013-04-05 17:33:00,1.1368683772161603e-13
2013-04-05 17:34:00,9.947598300641403e-14
2013-04-05 17:35:00,7.389644451905042e-13
2013-04-05 17:36:00,6.821210263296962e-13
2013-04-05 17:37:00,1.2789769243681803e-13
2013-04-05 17:38:00,1.0658141036401503e-13
2013-04-05 17:39:00,1.0658141036401503e-13
2013-04-05 17:40:00,9.947598300641403e-14
2013-04-05 17:41:00,7.815970093361102e-14
2013-04-05 17:42:00,9.237055564881302e-14
2013-04-05 17:43:00,9.947598300641403e-14
2013-04-05 17:44:00,9.237055564881302e-14
2013-04-05 17:45:00,7.815970093361102e-14
2013-04-05 17:46:00,7.105427357601002e-14
2013-04-05 17:47:00,6.394884621840902e-14
2013-04-05 17:48:00,0.0
2013-04-05 17:49:00,0.0
2013-04-05 17:50:00,7.105427357601002e-15
2013-04-05 17:51:00,6.394884621840902e-14
2013-04-05 17:52:00,7.815970093361102e-14
2013-04-05 17:53:00,7.815970093361102e-14
2013-04-05 17:54:00,0.0
2013-04-05 17:55:00,0.0
2013-04-05 17:56:00,0.0
2013-04-05 17:57:00,0.0
2013-04-05 17:58:00,0.0
2013-04-05 17:59:00,0.0
2013-04-05 18:00:00,0.0
2013-04-05 18:01:00,9.947598300641403e-14
2013-04-05 18:02:00,1.7053025658242404e-13
2013-04-05 18:03:00,1.9895196601282805e-13
2013-04-05 18:04:00,9.094947017729282e-13
2013-04-05 18:05:00,5.115907697472721e-13
2013-04-05 18:06:00,2.5579538487363607e-13
2013-04-05 18:07:00,2.8421709430404007e-13
2013-04-05 18:08:00,1.1368683772161603e-13
2013-04-05 18:09:00,1.1368683772161603e-13
2013-04-05 18:10:00,2.2737367544323206e-13
2013-04-05 18:11:00,5.684341886080802e-14
2013-04-05 18:12:00,2.842170943040401e-14
2013-04-05 18:13:00,2.842170943040401e-14
2013-04-05 18:14:00,0.0
2013-04-05 18:15:00,2.842170943040401e-14
2013-04-05 18:16:00,0.0
2013-04-05 18:17:00,0.0
2013-04-05 18:18:00,8.526512829121202e-14
2013-04-05 18:19:00,5.684341886080802e-14
2013-04-05 18:20:00,1.4210854715202004e-13
2013-04-05 18:21:00,1.1368683772161603e-13
2013-04-05 18:22:00,1.4210854715202004e-13
2013-04-05 18:23:00,1.9895196601282805e-13
2013-04-05 18:24:00,1.4210854715202004e-13
2013-04-05 18:25:00,2.842170943040401e-14
2013-04-05 18:26:00,1.1368683772161603e-13
2013-04-05 18:27:00,1.1368683772161603e-13
2013-04-05 18:28:00,2.2737367544323206e-13
2013-04-05 18:29:00,1.7053025658242404e-13
2013-04-05 18:30:00,3.126388037344441e-13
2013-04-05 18:31:00,2.2737367544323206e-13
2013-04-05 18:32:00,2.2737367544323206e-13
2013-04-05 18:33:00,0.0
2013-04-05 18:34:00,0.0
2013-04-05 18:35:00,0.0
2013-04-05 18:36:00,0.0
2013-04-05 18:37:00,0.0
2013-04-05 18:38:00,0.0
2013-04-05 18:39:00,0.0
2013-04-05 18:40:00,0.0
2013-04-05 18:41:00,0.0
2013-04-05 18:42:00,0.0
2013-04-05 18:43:00,0.0
2013-04-05 18:44:00,0.0
2013-04-05 18:45:00,0.0
2013-04-05 18:46:00,0.0
2013-04-05 18:47:00,0.0
2013-04-05 18:48:00,0.0
2013-04-05 18:49:00,4.547473508864641e-13
2013-04-05 18:50:00,4.547473508864641e-13
2013-04-05 18:51:00,7.958078640513122e-13
2013-04-05 18:52:00,1.0231815394945443e-12
2013-04-05 18:53:00,1.5916157281026244e-12
2013-04-05 18:54:00,1.8189894035458565e-12
2013-04-05 18:55:00,0.0
2013-04-05 18:56:00,1.3642420526593924e-12
2013-04-05 18:57:00,1.8189894035458565e-12
2013-04-05 18:58:00,3.410605131648481e-13
2013-04-05 18:59:00,3.410605131648481e-13
2013-04-05 19:00:00,4.547473508864641e-13
2013-04-05 19:01:00,0.0
2013-04-05 19:02:00,0.0
2013-04-05 19:03:00,4.547473508864641e-13
2013-04-05 19:04:00,3.410605131648481e-13
2013-04-05 19:05:00,4.547473508864641e-13
2013-04-05 19:06:00,1.1368683772161603e-13
2013-04-05 19:07:00,4.547473508864641e-13
2013-04-05 19:08:00,0.0
2013-04-05 19:09:00,4.547473508864641e-13
2013-04-05 19:10:00,5.684341886080801e-13
2013-04-05 19:11:00,4.547473508864641e-13
2013-04-05 19:12:00,3.979039320256561e-13
2013-04-05 19:13:00,4.547473508864641e-13
2013-04-05 19:14:00,3.410605131648481e-13
2013-04-05 19:15:00,4.547473508864641e-13
2013-04-05 19:16:00,5.684341886080801e-13
2013-04-05 19:17:00,5.684341886080801e-13
2013-04-05 19:18:00,3.979039320256561e-13
2013-04-05 19:19:00,3.410605131648481e-13
2013-04-05 19:20:00,5.684341886080801e-13
2013-04-05 19:21:00,5.684341886080801e-13
2013-04-05 19:22:00,3.410605131648481e-13
2013-04-05 19:23:00,4.547473508864641e-13
2013-04-05 19:24:00,5.115907697472721e-13
2013-04-05 19:25:00,6.252776074688882e-13
2013-04-05 19:26:00,3.979039320256561e-13
2013-04-05 19:27:00,5.684341886080801e-13
2013-04-05 19:28:00,3.410605131648481e-13
2013-04-05 19:29:00,5.115907697472721e-13
2013-04-05 19:30:00,4.547473508864641e-13
2013-04-05 19:31:00,3.979039320256561e-13
2013-04-05 19:32:00,3.979039320256561e-13
2013-04-05 19:33:00,5.684341886080801e-13
2013-04-05 19:34:00,5.115907697472721e-13
2013-04-05 19:35:00,5.115907697472721e-13
2013-04-05 19:36:00,4.547473508864641e-13
2013-04-05 19:37:00,5.115907697472721e-13
2013-04-05 19:38:00,3.410605131648481e-13
2013-04-05 19:39:00,2.2737367544323206e-13
2013-04-05 19:40:00,5.115907697472721e-13
2013-04-05 19:41:00,4.547473508864641e-13
2013-04-05 19:42:00,5.684341886080801e-13
2013-04-05 19:43:00,4.547473508864641e-13
2013-04-05 19:44:00,3.410605131648481e-13
2013-04-05 19:45:00,4.547473508864641e-13
2013-04-05 19:46:00,5.115907697472721e-13
