2013-04-07 00:01:00,3.0782153296840247
2013-04-07 00:02:00,2.6512378683999698
2013-04-07 00:03:00,5.157596501225633e-06
2013-04-07 00:04:00,1.0033351585125238e-11
2013-04-07 00:05:00,1.9518421810447307e-17
2013-04-07 00:06:00,3.797024222042928e-23
2013-04-07 00:07:00,7.386556700963351e-29
2013-04-07 00:08:00,1.4369468485294727e-34
2013-04-07 00:09:00,2.795370467039793e-40
2013-04-07 00:10:00,5.4379854453176025e-46
2013-04-07 00:11:00,1.0578807372520006e-51
2013-04-07 00:12:00,2.057952647171675e-57
2013-04-07 00:13:00,1.9955101414034345e-08
2013-04-07 00:14:00,0.0
2013-04-07 00:15:00,2.0168859962993007e-09
2013-04-07 00:16:00,4.654512105855424e-10
2013-04-07 00:17:00,1.076650870745e-10
2013-04-07 00:18:00,2.490779475638979e-11
2013-04-07 00:19:00,5.7623396486043085e-12
2013-04-07 00:20:00,1.3330996025121661e-12
2013-04-07 00:21:00,3.084085104335937e-13
2013-04-07 00:22:00,7.134936447045268e-14
2013-04-07 00:23:00,1.650645533746054e-14
2013-04-07 00:24:00,2.9728669258000524e-15
2013-04-07 00:25:00,0.0
2013-04-07 00:26:00,2.8826494330518112e-09
2013-04-07 00:27:00,0.0
2013-04-07 00:28:00,0.0
2013-04-07 00:29:00,0.0
2013-04-07 00:30:00,0.0
2013-04-07 00:31:00,0.0
2013-04-07 00:32:00,0.0
2013-04-07 00:33:00,0.0
2013-04-07 00:34:00,0.0
2013-04-07 00:35:00,0.0
2013-04-07 00:36:00,0.0
2013-04-07 00:37:00,7.699653905243329e-12
2013-04-07 00:38:00,0.0
2013-04-07 00:39:00,2.6911297144119956e-13
2013-04-07 00:40:00,6.227399156003072e-14
2013-04-07 00:41:00,1.4406897281101643e-14
2013-04-07 00:42:00,3.332991568962481e-15
2013-04-07 00:43:00,7.710773931337475e-16
2013-04-07 00:44:00,1.7838639369466364e-16
2013-04-07 00:45:00,4.126914592329107e-17
2013-04-07 00:46:00,9.547490534244521e-18
2013-04-07 00:47:00,2.208782478445153e-18
2013-04-07 00:48:00,3.9780876305198407e-19
2013-04-07 00:49:00,0.0
2013-04-07 00:50:00,3.8578649402812293e-13
2013-04-07 00:51:00,0.0
2013-04-07 00:52:00,0.0
2013-04-07 00:53:00,0.0
2013-04-07 00:54:00,0.0
2013-04-07 00:55:00,0.0
2013-04-07 00:56:00,0.0
2013-04-07 00:57:00,0.0
2013-04-07 00:58:00,0.0
2013-04-07 00:59:00,0.0
2013-04-07 01:00:00,0.0
2013-04-07 01:01:00,1.030455731909132e-15
2013-04-07 01:02:00,0.0
2013-04-07 01:03:00,3.6015775173122934e-17
2013-04-07 01:04:00,8.33421766048318e-18
2013-04-07 01:05:00,1.928095738591933e-18
2013-04-07 01:06:00,4.460590448767751e-19
2013-04-07 01:07:00,1.0319439410181046e-19
2013-04-07 01:08:00,2.3873707071631302e-20
2013-04-07 01:09:00,5.523109024521317e-21
2013-04-07 01:10:00,1.2777593628814579e-21
2013-04-07 01:11:00,2.9558401766944286e-22
2013-04-07 01:12:00,5.323474730458865e-23
2013-04-07 01:13:00,0.0
2013-04-07 01:14:00,5.163036013540159e-17
2013-04-07 01:15:00,0.0
2013-04-07 01:16:00,0.0
2013-04-07 01:17:00,0.0
2013-04-07 01:18:00,0.0
2013-04-07 01:19:00,0.0
2013-04-07 01:20:00,0.0
2013-04-07 01:21:00,0.0
2013-04-07 01:22:00,0.0
2013-04-07 01:23:00,0.0
2013-04-07 01:24:00,0.0
2013-04-07 01:25:00,1.3790736941389662e-19
2013-04-07 01:26:00,0.0
2013-04-07 01:27:00,4.820042878017729e-21
2013-04-07 01:28:00,1.1153803100156419e-21
2013-04-07 01:29:00,2.580398197225213e-22
2013-04-07 01:30:00,5.969672211871697e-23
2013-04-07 01:31:00,1.3810653857663508e-23
2013-04-07 01:32:00,3.1950524787087804e-24
2013-04-07 01:33:00,7.391656069997006e-25
2013-04-07 01:34:00,1.7100503881624227e-25
2013-04-07 01:35:00,3.955568822802394e-26
2013-04-07 01:36:00,7.123870972457657e-27
2013-04-07 01:37:00,0.0
2013-04-07 01:38:00,6.909765191305383e-21
2013-04-07 01:39:00,0.0
2013-04-07 01:40:00,0.0
2013-04-07 01:41:00,0.0
2013-04-07 01:42:00,0.0
2013-04-07 01:43:00,0.0
2013-04-07 01:44:00,0.0
2013-04-07 01:45:00,0.0
2013-04-07 01:46:00,0.0
2013-04-07 01:47:00,0.0
2013-04-07 01:48:00,0.0
2013-04-07 01:49:00,1.8456341160260572e-23
2013-04-07 01:50:00,0.0
2013-04-07 01:51:00,6.450732556568042e-25
2013-04-07 01:52:00,1.4927294758203973e-25
2013-04-07 01:53:00,3.453383938862842e-26
2013-04-07 01:54:00,7.989297992385445e-27
2013-04-07 01:55:00,1.8482996255399667e-27
2013-04-07 01:56:00,4.275984584662076e-28
2013-04-07 01:57:00,9.892359396591868e-29
2013-04-07 01:58:00,2.2885939363537113e-29
2013-04-07 01:59:00,5.2934271480373575e-30
2013-04-07 02:00:00,9.533160168439205e-31
2013-04-07 02:01:00,0.0
2013-04-07 02:02:00,9.24743791710221e-25
2013-04-07 02:03:00,0.0
2013-04-07 02:04:00,0.0
2013-04-07 02:05:00,0.0
2013-04-07 02:06:00,0.0
2013-04-07 02:07:00,0.0
2013-04-07 02:08:00,0.0
2013-04-07 02:09:00,0.0
2013-04-07 02:10:00,0.0
2013-04-07 02:11:00,0.0
2013-04-07 02:12:00,0.0
2013-04-07 02:13:00,2.4700386242709616e-27
2013-04-07 02:14:00,0.0
2013-04-07 02:15:00,8.633107955562296e-29
2013-04-07 02:16:00,1.997741279789811e-29
2013-04-07 02:17:00,4.6217132851898315e-30
2013-04-07 02:18:00,1.069219215825597e-30
2013-04-07 02:19:00,2.4736059139411992e-31
2013-04-07 02:20:00,5.722611534586306e-32
2013-04-07 02:21:00,1.3239086546322175e-32
2013-04-07 02:22:00,3.0628701011920822e-33
2013-04-07 02:23:00,7.083777856445836e-34
2013-04-07 02:24:00,1.2757269534834719e-34
2013-04-07 02:25:00,0.0
2013-04-07 02:26:00,1.2375978873821076e-28
2013-04-07 02:27:00,0.0
2013-04-07 02:28:00,0.0
2013-04-07 02:29:00,0.0
2013-04-07 02:30:00,0.0
2013-04-07 02:31:00,0.0
2013-04-07 02:32:00,0.0
2013-04-07 02:33:00,0.0
2013-04-07 02:34:00,0.0
2013-04-07 02:35:00,0.0
2013-04-07 02:36:00,0.0
2013-04-07 02:37:00,3.305688138517402e-31
2013-04-07 02:38:00,0.0
2013-04-07 02:39:00,1.1553812271523608e-32
2013-04-07 02:40:00,2.6736058245133782e-33
2013-04-07 02:41:00,6.1853052161740716e-34
2013-04-07 02:42:00,1.4309514209888097e-34
2013-04-07 02:43:00,3.3104622935241406e-35
2013-04-07 02:44:00,7.658653142307372e-36
2013-04-07 02:45:00,1.771805951989508e-36
2013-04-07 02:46:00,4.099099061487088e-37
2013-04-07 02:47:00,9.479663566607576e-38
2013-04-07 02:48:00,1.7071770735903231e-38
2013-04-07 02:49:00,0.0
2013-04-07 02:50:00,1.656295013368001e-32
2013-04-07 02:51:00,0.0
2013-04-07 02:52:00,0.0
2013-04-07 02:53:00,0.0
2013-04-07 02:54:00,0.0
2013-04-07 02:55:00,0.0
2013-04-07 02:56:00,0.0
2013-04-07 02:57:00,0.0
2013-04-07 02:58:00,0.0
2013-04-07 02:59:00,0.0
2013-04-07 03:00:00,0.0
2013-04-07 03:01:00,4.4240498758840026e-35
2013-04-07 03:02:00,0.0
2013-04-07 03:03:00,1.546263277289445e-36
2013-04-07 03:04:00,3.5781250441118937e-37
2013-04-07 03:05:00,8.277882736652689e-38
2013-04-07 03:06:00,1.9150628224062392e-38
2013-04-07 03:07:00,4.430439196106299e-39
2013-04-07 03:08:00,1.0249685410179875e-39
2013-04-07 03:09:00,2.3712333328447337e-40
2013-04-07 03:10:00,5.485904579853898e-41
2013-04-07 03:11:00,1.2685889185717184e-41
2013-04-07 03:12:00,2.2845433587007812e-42
2013-04-07 03:13:00,0.0
2013-04-07 03:14:00,2.21664338576938e-36
2013-04-07 03:15:00,0.0
2013-04-07 03:16:00,0.0
2013-04-07 03:17:00,0.0
2013-04-07 03:18:00,0.0
2013-04-07 03:19:00,0.0
2013-04-07 03:20:00,0.0
2013-04-07 03:21:00,0.0
2013-04-07 03:22:00,0.0
2013-04-07 03:23:00,0.0
2013-04-07 03:24:00,0.0
2013-04-07 03:25:00,5.920769438670455e-39
2013-04-07 03:26:00,0.0
2013-04-07 03:27:00,2.0693863345751998e-40
2013-04-07 03:28:00,4.788656096539811e-41
2013-04-07 03:29:00,1.1078409263068773e-41
2013-04-07 03:30:00,2.5629560584440794e-42
2013-04-07 03:31:00,5.929320357701053e-43
2013-04-07 03:32:00,1.3717301078346e-43
2013-04-07 03:33:00,3.173455599062728e-44
2013-04-07 03:34:00,7.341893574019072e-45
2013-04-07 03:35:00,1.697652902194853e-45
2013-04-07 03:36:00,3.057174560284895e-46
2013-04-07 03:37:00,0.0
2013-04-07 03:38:00,2.966565654076168e-40
2013-04-07 03:39:00,0.0
2013-04-07 03:40:00,0.0
2013-04-07 03:41:00,0.0
2013-04-07 03:42:00,0.0
2013-04-07 03:43:00,0.0
2013-04-07 03:44:00,0.0
2013-04-07 03:45:00,0.0
2013-04-07 03:46:00,0.0
2013-04-07 03:47:00,0.0
2013-04-07 03:48:00,0.0
2013-04-07 03:49:00,7.923850709049558e-43
2013-04-07 03:50:00,0.0
2013-04-07 03:51:00,2.7694894295319863e-44
2013-04-07 03:52:00,6.408727176447705e-45
2013-04-07 03:53:00,1.4826394103968338e-45
2013-04-07 03:54:00,3.4300408742005397e-46
2013-04-07 03:55:00,7.935294526814859e-47
2013-04-07 03:56:00,1.8358060891030933e-47
2013-04-07 03:57:00,4.247081170683792e-48
2013-04-07 03:58:00,9.825800005590353e-49
2013-04-07 03:59:00,2.271835517597086e-49
2013-04-07 04:00:00,4.0911091433207358e-50
2013-04-07 04:01:00,0.0
2013-04-07 04:02:00,3.970197387835468e-44
2013-04-07 04:03:00,0.0
2013-04-07 04:04:00,0.0
2013-04-07 04:05:00,0.0
2013-04-07 04:06:00,0.0
2013-04-07 04:07:00,0.0
2013-04-07 04:08:00,0.0
2013-04-07 04:09:00,0.0
2013-04-07 04:10:00,0.0
2013-04-07 04:11:00,0.0
2013-04-07 04:12:00,0.0
2013-04-07 04:13:00,1.0604603119523683e-46
2013-04-07 04:14:00,0.0
2013-04-07 04:15:00,3.7064474487621043e-48
2013-04-07 04:16:00,8.576891552479004e-49
2013-04-07 04:17:00,1.9842376004196784e-49
2013-04-07 04:18:00,4.59047292673009e-50
2013-04-07 04:19:00,1.0619918545219665e-50
2013-04-07 04:20:00,2.4568856348193288e-51
2013-04-07 04:21:00,5.6839296808514415e-52
2013-04-07 04:22:00,1.3150060645121605e-52
2013-04-07 04:23:00,3.0402189914474464e-53
2013-04-07 04:24:00,5.474719735169437e-54
2013-04-07 04:25:00,0.0
2013-04-07 04:26:00,5.31337214017744e-48
2013-04-07 04:27:00,0.0
2013-04-07 04:28:00,0.0
2013-04-07 04:29:00,0.0
2013-04-07 04:30:00,0.0
2013-04-07 04:31:00,0.0
2013-04-07 04:32:00,0.0
2013-04-07 04:33:00,0.0
2013-04-07 04:34:00,0.0
2013-04-07 04:35:00,0.0
2013-04-07 04:36:00,0.0
2013-04-07 04:37:00,1.419229254208152e-50
2013-04-07 04:38:00,0.0
2013-04-07 04:39:00,4.960391812275947e-52
2013-04-07 04:40:00,1.1478577052450175e-52
2013-04-07 04:41:00,2.65553365660601e-53
2013-04-07 04:42:00,6.143495796082492e-54
2013-04-07 04:43:00,1.421278939628362e-54
2013-04-07 04:44:00,3.2880853040043786e-55
2013-04-07 04:45:00,7.606884662310978e-56
2013-04-07 04:46:00,1.759898378445951e-56
2013-04-07 04:47:00,4.068486208533833e-57
2013-04-07 04:48:00,7.326266522702298e-58
2013-04-07 04:49:00,0.0
2013-04-07 04:50:00,7.110962187047758e-52
2013-04-07 04:51:00,0.0
2013-04-07 04:52:00,0.0
2013-04-07 04:53:00,0.0
2013-04-07 04:54:00,0.0
2013-04-07 04:55:00,0.0
2013-04-07 04:56:00,0.0
2013-04-07 04:57:00,0.0
2013-04-07 04:58:00,0.0
2013-04-07 04:59:00,0.0
2013-04-07 05:00:00,0.0
2013-04-07 05:01:00,1.8993748783412257e-54
2013-04-07 05:02:00,0.0
2013-04-07 05:03:00,6.638563549447371e-56
2013-04-07 05:04:00,1.5361944399419822e-56
2013-04-07 05:05:00,3.5539388024275873e-57
2013-04-07 05:06:00,8.221928589690715e-58
2013-04-07 05:07:00,1.902118001781098e-58
2013-04-07 05:08:00,4.400491749875301e-59
2013-04-07 05:09:00,1.0180402910444554e-59
2013-04-07 05:10:00,2.3553064780413987e-60
2013-04-07 05:11:00,5.444535408728708e-61
2013-04-07 05:12:00,9.804005202428829e-62
2013-04-07 05:13:00,0.0
2013-04-07 05:14:00,9.516702743868867e-56
2013-04-07 05:15:00,0.0
2013-04-07 05:16:00,0.0
2013-04-07 05:17:00,0.0
2013-04-07 05:18:00,0.0
2013-04-07 05:19:00,0.0
2013-04-07 05:20:00,0.0
2013-04-07 05:21:00,0.0
2013-04-07 05:22:00,0.0
2013-04-07 05:23:00,0.0
2013-04-07 05:24:00,0.0
2013-04-07 05:25:00,2.5419606577138884e-58
2013-04-07 05:26:00,0.0
2013-04-07 05:27:00,8.884484868914152e-60
2013-04-07 05:28:00,2.0559110650434888e-60
2013-04-07 05:29:00,4.756287302170071e-61
2013-04-07 05:30:00,1.1003525025129807e-61
2013-04-07 05:31:00,2.545631819216125e-62
2013-04-07 05:32:00,5.889241260601673e-63
2013-04-07 05:33:00,1.3624579314641773e-63
2013-04-07 05:34:00,3.152152802321083e-64
2013-04-07 05:35:00,7.285993894187415e-65
2013-04-07 05:36:00,1.3119713431353639e-65
2013-04-07 05:37:00,0.0
2013-04-07 05:38:00,1.2736339855684422e-59
2013-04-07 05:39:00,0.0
2013-04-07 05:40:00,0.0
2013-04-07 05:41:00,0.0
2013-04-07 05:42:00,0.0
2013-04-07 05:43:00,0.0
2013-04-07 05:44:00,0.0
2013-04-07 05:45:00,0.0
2013-04-07 05:46:00,0.0
2013-04-07 05:47:00,0.0
2013-04-07 05:48:00,0.0
2013-04-07 05:49:00,3.4019424280309937e-62
2013-04-07 05:50:00,0.0
2013-04-07 05:51:00,1.1890233602197556e-63
2013-04-07 05:52:00,2.7514552829183593e-64
2013-04-07 05:53:00,6.365407554381991e-65
2013-04-07 05:54:00,1.4726175453587878e-65
2013-04-07 05:55:00,3.406855596202519e-66
2013-04-07 05:56:00,7.88165609594778e-67
2013-04-07 05:57:00,1.8233970023967875e-67
2013-04-07 05:58:00,4.218587849038948e-68
2013-04-07 05:59:00,9.750273032482231e-69
2013-04-07 06:00:00,1.7556791912666653e-69
2013-04-07 06:01:00,0.0
2013-04-07 06:02:00,1.7045226407224084e-63
2013-04-07 06:03:00,0.0
2013-04-07 06:04:00,0.0
2013-04-07 06:05:00,0.0
2013-04-07 06:06:00,0.0
2013-04-07 06:07:00,0.0
2013-04-07 06:08:00,0.0
2013-04-07 06:09:00,0.0
2013-04-07 06:10:00,0.0
2013-04-07 06:11:00,0.0
2013-04-07 06:12:00,0.0
2013-04-07 06:13:00,4.552868372890468e-66
2013-04-07 06:14:00,0.0
2013-04-07 06:15:00,1.591287026775089e-67
2013-04-07 06:16:00,3.682312091519942e-68
2013-04-07 06:17:00,8.51891628054014e-69
2013-04-07 06:18:00,1.970825194604344e-69
2013-04-07 06:19:00,4.5594437364278163e-70
2013-04-07 06:20:00,1.0548133463366335e-70
2013-04-07 06:21:00,2.4402783759910754e-71
2013-04-07 06:22:00,5.645818764458906e-72
2013-04-07 06:23:00,1.3048024076063355e-72
2013-04-07 06:24:00,2.3494487253921282e-73
2013-04-07 06:25:00,0.0
2013-04-07 06:26:00,2.2811871115692386e-67
2013-04-07 06:27:00,0.0
2013-04-07 06:28:00,0.0
2013-04-07 06:29:00,0.0
2013-04-07 06:30:00,0.0
2013-04-07 06:31:00,0.0
2013-04-07 06:32:00,0.0
2013-04-07 06:33:00,0.0
2013-04-07 06:34:00,0.0
2013-04-07 06:35:00,0.0
2013-04-07 06:36:00,0.0
2013-04-07 06:37:00,6.093169081895306e-70
2013-04-07 06:38:00,0.0
2013-04-07 06:39:00,2.1296422646521576e-71
2013-04-07 06:40:00,4.928091117283984e-72
2013-04-07 06:41:00,1.140098791394642e-72
2013-04-07 06:42:00,2.6375836414070038e-73
2013-04-07 06:43:00,6.1019689853667725e-74
2013-04-07 06:44:00,1.4116718390972876e-74
2013-04-07 06:45:00,3.2658595711751825e-75
2013-04-07 06:46:00,7.555909859241052e-76
2013-04-07 06:47:00,1.7461145026510176e-76
2013-04-07 06:48:00,3.1440306975944836e-77
2013-04-07 06:49:00,0.0
2013-04-07 06:50:00,3.052945448576812e-71
2013-04-07 06:51:00,0.0
2013-04-07 06:52:00,0.0
2013-04-07 06:53:00,0.0
2013-04-07 06:54:00,0.0
2013-04-07 06:55:00,0.0
2013-04-07 06:56:00,0.0
2013-04-07 06:57:00,0.0
2013-04-07 06:58:00,0.0
2013-04-07 06:59:00,0.0
2013-04-07 07:00:00,0.0
2013-04-07 07:01:00,8.15457562569382e-74
2013-04-07 07:02:00,0.0
2013-04-07 07:03:00,2.850130805492821e-75
2013-04-07 07:04:00,6.595335065754498e-76
2013-04-07 07:05:00,1.525810574179168e-76
2013-04-07 07:06:00,3.529916039466122e-77
2013-04-07 07:07:00,8.166352662912698e-78
2013-04-07 07:08:00,1.8892606812583172e-78
2013-04-07 07:09:00,4.3707467326570024e-79
2013-04-07 07:10:00,1.0112222191668687e-79
2013-04-07 07:11:00,2.3366877803754987e-80
2013-04-07 07:12:00,4.207339725080588e-81
2013-04-07 07:13:00,0.0
2013-04-07 07:14:00,4.085800706446337e-75
2013-04-07 07:15:00,0.0
2013-04-07 07:16:00,0.0
2013-04-07 07:17:00,0.0
2013-04-07 07:18:00,0.0
2013-04-07 07:19:00,0.0
2013-04-07 07:20:00,0.0
2013-04-07 07:21:00,0.0
2013-04-07 07:22:00,0.0
2013-04-07 07:23:00,0.0
2013-04-07 07:24:00,0.0
2013-04-07 07:25:00,1.091338558661424e-77
2013-04-07 07:26:00,0.0
2013-04-07 07:27:00,3.814370959502876e-79
2013-04-07 07:28:00,8.826631568765309e-80
2013-04-07 07:29:00,2.0420141884626275e-80
2013-04-07 07:30:00,4.724137293721333e-81
2013-04-07 07:31:00,1.0929146964691187e-81
2013-04-07 07:32:00,2.5284246826309646e-82
2013-04-07 07:33:00,5.84943307717228e-83
2013-04-07 07:34:00,1.3533385066398862e-83
2013-04-07 07:35:00,3.1270055590968607e-84
2013-04-07 07:36:00,5.630259095426244e-85
2013-04-07 07:37:00,0.0
2013-04-07 07:38:00,5.468085720489863e-79
2013-04-07 07:39:00,0.0
2013-04-07 07:40:00,0.0
2013-04-07 07:41:00,0.0
2013-04-07 07:42:00,0.0
2013-04-07 07:43:00,0.0
2013-04-07 07:44:00,0.0
2013-04-07 07:45:00,0.0
2013-04-07 07:46:00,0.0
2013-04-07 07:47:00,0.0
2013-04-07 07:48:00,0.0
2013-04-07 07:49:00,1.4605540549142409e-81
2013-04-07 07:50:00,0.0
2013-04-07 07:51:00,5.104827395521323e-83
2013-04-07 07:52:00,1.1812807700288124e-83
2013-04-07 07:53:00,2.7328568935406234e-84
2013-04-07 07:54:00,6.322380736654655e-85
2013-04-07 07:55:00,1.4626634227821432e-85
2013-04-07 07:56:00,3.383827038352177e-86
2013-04-07 07:57:00,7.8283802327565795e-87
2013-04-07 07:58:00,1.8111994364949623e-87
2013-04-07 07:59:00,4.184625691782458e-88
2013-04-07 08:00:00,7.534408752012641e-89
2013-04-07 08:01:00,0.0
2013-04-07 08:02:00,7.318017591864117e-83
2013-04-07 08:03:00,0.0
2013-04-07 08:04:00,0.0
2013-04-07 08:05:00,0.0
2013-04-07 08:06:00,0.0
2013-04-07 08:07:00,0.0
2013-04-07 08:08:00,0.0
2013-04-07 08:09:00,0.0
2013-04-07 08:10:00,0.0
2013-04-07 08:11:00,0.0
2013-04-07 08:12:00,0.0
2013-04-07 08:13:00,1.954680452180596e-85
2013-04-07 08:14:00,0.0
2013-04-07 08:15:00,6.831863763314044e-87
2013-04-07 08:16:00,1.5809250071996202e-87
2013-04-07 08:17:00,3.657421600089546e-88
2013-04-07 08:18:00,8.461332872850229e-89
2013-04-07 08:19:00,1.957503449497474e-89
2013-04-07 08:20:00,4.528624286948771e-90
2013-04-07 08:21:00,1.0476833611068483e-90
2013-04-07 08:22:00,2.423963688770073e-91
2013-04-07 08:23:00,5.5999555372915155e-92
2013-04-07 08:24:00,1.008254040544635e-92
2013-04-07 08:25:00,0.0
2013-04-07 08:26:00,9.793807963572867e-87
2013-04-07 08:27:00,0.0
2013-04-07 08:28:00,0.0
2013-04-07 08:29:00,0.0
2013-04-07 08:30:00,0.0
2013-04-07 08:31:00,0.0
2013-04-07 08:32:00,0.0
2013-04-07 08:33:00,0.0
2013-04-07 08:34:00,0.0
2013-04-07 08:35:00,0.0
2013-04-07 08:36:00,0.0
2013-04-07 08:37:00,2.6159769008763474e-89
2013-04-07 08:38:00,0.0
2013-04-07 08:39:00,9.143181319202496e-91
2013-04-07 08:40:00,2.1157746251368902e-91
2013-04-07 08:41:00,4.8947798153715445e-92
2013-04-07 08:42:00,1.1323923212991849e-92
2013-04-07 08:43:00,2.6197549587354753e-93
2013-04-07 08:44:00,6.060722873805433e-94
2013-04-07 08:45:00,1.4021296775382088e-94
2013-04-07 08:46:00,3.244038092103347e-95
2013-04-07 08:47:00,7.493980149727949e-96
2013-04-07 08:48:00,1.3492448262605288e-96
2013-04-07 08:49:00,0.0
2013-04-07 08:50:00,1.310719374793276e-90
2013-04-07 08:51:00,0.0
2013-04-07 08:52:00,0.0
2013-04-07 08:53:00,0.0
2013-04-07 08:54:00,0.0
2013-04-07 08:55:00,0.0
2013-04-07 08:56:00,0.0
2013-04-07 08:57:00,0.0
2013-04-07 08:58:00,0.0
2013-04-07 08:59:00,0.0
2013-04-07 09:00:00,0.0
2013-04-07 09:01:00,3.5009994284663523e-93
2013-04-07 09:02:00,0.0
2013-04-07 09:03:00,1.2236450774197088e-94
2013-04-07 09:04:00,2.831571544498881e-95
2013-04-07 09:05:00,6.550754072317505e-96
2013-04-07 09:06:00,1.5154968946463403e-96
2013-04-07 09:07:00,3.5060556575677915e-97
2013-04-07 09:08:00,8.111152399842216e-98
2013-04-07 09:09:00,1.8764902694993708e-98
2013-04-07 09:10:00,4.341559731943005e-99
2013-04-07 09:11:00,1.0028604305765503e-99
2013-04-07 09:12:00,1.8055584351990232e-100
2013-04-07 09:13:00,0.0
2013-04-07 09:14:00,1.7541545493319442e-94
2013-04-07 09:15:00,0.0
2013-04-07 09:16:00,0.0
2013-04-07 09:17:00,0.0
2013-04-07 09:18:00,0.0
2013-04-07 09:19:00,0.0
2013-04-07 09:20:00,0.0
2013-04-07 09:21:00,0.0
2013-04-07 09:22:00,0.0
2013-04-07 09:23:00,0.0
2013-04-07 09:24:00,0.0
2013-04-07 09:25:00,4.685437778145386e-97
2013-04-07 09:26:00,0.0
2013-04-07 09:27:00,1.637621767763523e-98
2013-04-07 09:28:00,3.7895328341491e-99
2013-04-07 09:29:00,8.766968185417126e-100
2013-04-07 09:30:00,2.0282112431208215e-100
2013-04-07 09:31:00,4.69220460218023e-101
2013-04-07 09:32:00,1.0855271660384785e-101
2013-04-07 09:33:00,2.5113338572992674e-102
2013-04-07 09:34:00,5.810394443771386e-103
2013-04-07 09:35:00,1.3420492425461704e-103
2013-04-07 09:36:00,11.089270908534443
2013-04-07 09:37:00,18.026471575942335
2013-04-07 09:38:00,17.57498218425476
2013-04-07 09:39:00,18.871922874597693
2013-04-07 09:40:00,16.85662385418772
2013-04-07 09:41:00,18.599105269816512
2013-04-07 09:42:00,18.606177619874313
2013-04-07 09:43:00,19.080021750914877
2013-04-07 09:44:00,17.818717790999333
2013-04-07 09:45:00,17.664011617131408
2013-04-07 09:46:00,19.852168005275026
2013-04-07 09:47:00,19.23206565350772
2013-04-07 09:48:00,19.49804514906388
2013-04-07 09:49:00,18.875954908767408
2013-04-07 09:50:00,18.327362522212344
2013-04-07 09:51:00,19.60646383420198
2013-04-07 09:52:00,4.570777426471025
2013-04-07 09:53:00,1.05298872283215
2013-04-07 09:54:00,0.2523049558685828
2013-04-07 09:55:00,0.03912372169056447
2013-04-07 09:56:00,0.012564299800603194
2013-04-07 09:57:00,0.03813232931558234
2013-04-07 09:58:00,0.0
2013-04-07 09:59:00,0.005227384348010917
2013-04-07 10:00:00,0.0
2013-04-07 10:01:00,0.0
2013-04-07 10:02:00,0.02189707329251068
2013-04-07 10:03:00,0.0
2013-04-07 10:04:00,0.02328539751004259
2013-04-07 10:05:00,0.15776359642285903
2013-04-07 10:06:00,0.03639748730865544
2013-04-07 10:07:00,0.08480567351374797
2013-04-07 10:08:00,0.019578890848911557
2013-04-07 10:09:00,0.08790083941360413
2013-04-07 10:10:00,0.09670621054725723
2013-04-07 10:11:00,0.09845026682046702
2013-04-07 10:12:00,0.022869764093039906
2013-04-07 10:13:00,0.08151198931290433
2013-04-07 10:14:00,0.018586422306977483
2013-04-07 10:15:00,0.09191815974340263
2013-04-07 10:16:00,0.09859721297697782
2013-04-07 10:17:00,0.1728372664647035
2013-04-07 10:18:00,0.12492222434796614
2013-04-07 10:19:00,0.33239937220777394
2013-04-07 10:20:00,0.0781725879595481
2013-04-07 10:21:00,0.10176179255714306
2013-04-07 10:22:00,0.0997105768108941
2013-04-07 10:23:00,0.09808256899893468
2013-04-07 10:24:00,0.1914045394118334
2013-04-07 10:25:00,0.2716191755406387
2013-04-07 10:26:00,0.2926016667221235
2013-04-07 10:27:00,0.318877837347929
2013-04-07 10:28:00,0.3034105897214027
2013-04-07 10:29:00,0.1529736176475671
2013-04-07 10:30:00,0.11490297943461174
2013-04-07 10:31:00,0.09816344310178912
2013-04-07 10:32:00,0.023967625975254127
2013-04-07 10:33:00,0.08160184912687582
2013-04-07 10:34:00,0.17121155113561323
2013-04-07 10:35:00,0.20857656664677562
2013-04-07 10:36:00,0.27767127351719356
2013-04-07 10:37:00,0.06427608452692826
2013-04-07 10:38:00,0.015226762950811282
2013-04-07 10:39:00,0.1555293345384315
2013-04-07 10:40:00,0.1099568530958385
2013-04-07 10:41:00,0.19290065226778472
2013-04-07 10:42:00,0.1207589201150832
2013-04-07 10:43:00,0.026841482895089936
2013-04-07 10:44:00,0.00735199915579633
2013-04-07 10:45:00,0.07902964357707178
2013-04-07 10:46:00,0.01853080299802089
2013-04-07 10:47:00,0.17277177131465332
2013-04-07 10:48:00,0.18883843397023986
2013-04-07 10:49:00,0.11984933238669598
2013-04-07 10:50:00,0.11381519283991609
2013-04-07 10:51:00,0.02519388449113372
2013-04-07 10:52:00,0.08341275891073294
2013-04-07 10:53:00,0.01792804624102651
2013-04-07 10:54:00,0.07916180207771711
2013-04-07 10:55:00,0.01832651643549721
2013-04-07 10:56:00,0.17294108884746776
2013-04-07 10:57:00,0.03884717421629579
2013-04-07 10:58:00,0.08769196789071872
2013-04-07 10:59:00,0.020063057486044693
2013-04-07 11:00:00,0.0035409224606828184
2013-04-07 11:01:00,0.0009430017339033311
2013-04-07 11:02:00,0.08270667606008812
2013-04-07 11:03:00,0.020303944038263258
2013-04-07 11:04:00,0.0796946579086989
2013-04-07 11:05:00,0.10338864297795008
2013-04-07 11:06:00,0.022783205164118917
2013-04-07 11:07:00,0.08397833484446288
2013-04-07 11:08:00,0.01688770360798998
2013-04-07 11:09:00,0.1574023689010718
2013-04-07 11:10:00,0.03523642047032486
2013-04-07 11:11:00,0.008154431768567167
2013-04-07 11:12:00,0.0018992352205345615
2013-04-07 11:13:00,0.0017104907409135135
2013-04-07 11:14:00,0.0
2013-04-07 11:15:00,0.07710856659003312
2013-04-07 11:16:00,0.01797612523779038
2013-04-07 11:17:00,0.0028815567700792117
2013-04-07 11:18:00,0.0018366301146206007
2013-04-07 11:19:00,0.22773445651055466
2013-04-07 11:20:00,0.13880760136414869
2013-04-07 11:21:00,0.10596429817934569
2013-04-07 11:22:00,0.10830697763610683
2013-04-07 11:23:00,0.1012190325311301
2013-04-07 11:24:00,0.0995791408473349
2013-04-07 11:25:00,0.02302262441523952
2013-04-07 11:26:00,0.08266008927169871
2013-04-07 11:27:00,0.24644893094630935
2013-04-07 11:28:00,0.05701361719586845
2013-04-07 11:29:00,0.08936727562059948
2013-04-07 11:30:00,0.0241318765665604
2013-04-07 11:31:00,0.003422828983172217
2013-04-07 11:32:00,0.0006580117339146313
2013-04-07 11:33:00,0.07646535385806813
2013-04-07 11:34:00,0.017583124795855828
2013-04-07 11:35:00,0.15640108185207646
2013-04-07 11:36:00,0.03503418727004914
2013-04-07 11:37:00,0.17681974225520325
2013-04-07 11:38:00,0.11937757090481159
2013-04-07 11:39:00,0.024184900216338123
2013-04-07 11:40:00,0.006751976351603216
2013-04-07 11:41:00,0.0004131523410256838
2013-04-07 11:42:00,5.558868013656659e-05
2013-04-07 11:43:00,0.08381668083813158
2013-04-07 11:44:00,0.09671171118274109
2013-04-07 11:45:00,0.0973860657187222
2013-04-07 11:46:00,0.10862374792967186
2013-04-07 11:47:00,0.022832225828985784
2013-04-07 11:48:00,0.08400311134350559
2013-04-07 11:49:00,0.1018289685159816
2013-04-07 11:50:00,0.09854496560038932
2013-04-07 11:51:00,0.175162937649915
2013-04-07 11:52:00,0.04051002588214961
2013-04-07 11:53:00,0.08554773643188915
2013-04-07 11:54:00,0.1886218752526981
2013-04-07 11:55:00,0.19585521101055187
2013-04-07 11:56:00,0.045305231843857915
2013-04-07 11:57:00,0.010618351018785957
2013-04-07 11:58:00,0.08494497644663822
2013-04-07 11:59:00,0.02083519483231354
2013-04-07 12:00:00,0.004914376993829473
2013-04-07 12:01:00,0.08482502320198415
2013-04-07 12:02:00,0.09696516726022221
2013-04-07 12:03:00,0.020134683535569214
2013-04-07 12:04:00,0.1733727724041364
2013-04-07 12:05:00,0.04150546226293231
2013-04-07 12:06:00,0.009373948797591626
2013-04-07 12:07:00,0.0
2013-04-07 12:08:00,0.0
2013-04-07 12:09:00,0.0012641404779166613
2013-04-07 12:10:00,0.07520635940246558
2013-04-07 12:11:00,0.09354764524367043
2013-04-07 12:12:00,0.022913412200764552
2013-04-07 12:13:00,0.15752040427179095
2013-04-07 12:14:00,0.03527950287930749
2013-04-07 12:15:00,0.09451230269529066
2013-04-07 12:16:00,0.019324550145585886
2013-04-07 12:17:00,0.004454523459214478
2013-04-07 12:18:00,0.0010331804533435984
2013-04-07 12:19:00,0.07642816192293439
2013-04-07 12:20:00,0.09384399543719277
2013-04-07 12:21:00,0.19041033806533253
2013-04-07 12:22:00,0.12023599845224463
2013-04-07 12:23:00,0.10283023756809095
2013-04-07 12:24:00,0.026088462467894216
2013-04-07 12:25:00,0.07990183196979359
2013-04-07 12:26:00,0.09593360680691954
2013-04-07 12:27:00,0.020900597350960035
2013-04-07 12:28:00,0.004864680050379923
2013-04-07 12:29:00,0.07728819060964671
2013-04-07 12:30:00,0.10281604346749222
2013-04-07 12:31:00,0.09995657401166884
2013-04-07 12:32:00,0.10068357826926314
2013-04-07 12:33:00,0.10568811552149396
2013-04-07 12:34:00,0.024458490311716707
2013-04-07 12:35:00,0.00452295831350196
2013-04-07 12:36:00,0.07833920672159181
2013-04-07 12:37:00,0.018158229214756516
2013-04-07 12:38:00,0.0030372479192362946
2013-04-07 12:39:00,0.07688019510189269
2013-04-07 12:40:00,0.018942513074900327
2013-04-07 12:41:00,0.0882849377674525
2013-04-07 12:42:00,0.09646689914223962
2013-04-07 12:43:00,0.09848793572756498
2013-04-07 12:44:00,0.1066713760543377
2013-04-07 12:45:00,0.09959307847859765
2013-04-07 12:46:00,0.023040462704074605
2013-04-07 12:47:00,0.2578368284847792
2013-04-07 12:48:00,0.05848795946599568
2013-04-07 12:49:00,0.08969318388548762
2013-04-07 12:50:00,0.10569939241841997
2013-04-07 12:51:00,0.09946690680510752
2013-04-07 12:52:00,0.10043310092000292
2013-04-07 12:53:00,0.10690554743244973
2013-04-07 12:54:00,0.024741790297062343
2013-04-07 12:55:00,0.005847659541024536
2013-04-07 12:56:00,0.25258134688932865
2013-04-07 12:57:00,0.057299628199310254
2013-04-07 12:58:00,0.01707371729944715
2013-04-07 12:59:00,0.09154071192178789
2013-04-07 13:00:00,0.17467310895986932
2013-04-07 13:01:00,0.1928590584783309
2013-04-07 13:02:00,0.12827590315215018
2013-04-07 13:03:00,0.029697658068749758
2013-04-07 13:04:00,0.09075854310831795
2013-04-07 13:05:00,0.1720595139353896
2013-04-07 13:06:00,0.11596790646251103
2013-04-07 13:07:00,0.030645011481359216
2013-04-07 13:08:00,0.0033000837381270322
2013-04-07 13:09:00,0.07693916131729092
2013-04-07 13:10:00,0.019143701426725654
2013-04-07 13:11:00,0.08157066202178806
2013-04-07 13:12:00,0.018873843411980545
2013-04-07 13:13:00,0.08711889521015728
2013-04-07 13:14:00,0.17121763259418357
2013-04-07 13:15:00,0.11704554301903813
2013-04-07 13:16:00,0.11190580890328479
2013-04-07 13:17:00,0.024763073535830977
2013-04-07 13:18:00,0.15690528656239938
2013-04-07 13:19:00,0.03625540975220247
2013-04-07 13:20:00,0.23807599772428667
2013-04-07 13:21:00,0.053929275441848494
2013-04-07 13:22:00,0.09739651166091066
2013-04-07 13:23:00,0.09753490534716831
2013-04-07 13:24:00,0.0238369111150814
2013-04-07 13:25:00,0.17413424690252555
2013-04-07 13:26:00,0.11532200541076483
2013-04-07 13:27:00,0.19434615416869533
2013-04-07 13:28:00,0.19601080545243954
2013-04-07 13:29:00,0.12383581138555219
2013-04-07 13:30:00,0.02636487325920697
2013-04-07 13:31:00,0.009570509534889903
2013-04-07 13:32:00,0.22724176517345573
2013-04-07 13:33:00,0.13763635068298236
2013-04-07 13:34:00,0.03172180199858129
2013-04-07 13:35:00,0.006203436116647792
2013-04-07 13:36:00,0.00396550667318663
2013-04-07 13:37:00,0.0
2013-04-07 13:38:00,0.15362690496823078
2013-04-07 13:39:00,0.035326365948581455
2013-04-07 13:40:00,0.3116971084419051
2013-04-07 13:41:00,0.07093452878681915
2013-04-07 13:42:00,0.016436910474689717
2013-04-07 13:43:00,0.007233039681085408
2013-04-07 13:44:00,0.0
2013-04-07 13:45:00,0.16617270991139288
2013-04-07 13:46:00,0.0384449351852489
2013-04-07 13:47:00,0.00890725187296237
2013-04-07 13:48:00,0.0020313928300238725
2013-04-07 13:49:00,0.07896223717068108
2013-04-07 13:50:00,0.09211649060439416
2013-04-07 13:51:00,0.025940773831922594
2013-04-07 13:52:00,0.0014194397576819525
2013-04-07 13:53:00,0.07650455844852352
2013-04-07 13:54:00,0.017698789631109303
2013-04-07 13:55:00,0.004054875892369812
2013-04-07 13:56:00,0.07967042262394548
2013-04-07 13:57:00,0.09969793407819501
2013-04-07 13:58:00,0.09922737062084122
2013-04-07 13:59:00,0.10673462881133762
2013-04-07 14:00:00,0.0258499235443755
2013-04-07 14:01:00,0.08212405383372753
2013-04-07 14:02:00,0.017877189397603382
2013-04-07 14:03:00,0.004082271709251676
2013-04-07 14:04:00,0.07831685706320243
2013-04-07 14:05:00,0.016969481933419343
2013-04-07 14:06:00,0.0039258412174664825
2013-04-07 14:07:00,0.0020655458123105446
2013-04-07 14:08:00,0.08435077677452418
2013-04-07 14:09:00,0.09559919074471611
2013-04-07 14:10:00,0.09840297026238005
2013-04-07 14:11:00,0.10528046164447838
2013-04-07 14:12:00,0.025499780720079815
2013-04-07 14:13:00,0.15707593797987213
2013-04-07 14:14:00,0.3714673463471543
2013-04-07 14:15:00,0.08709530806214548
2013-04-07 14:16:00,0.09514908560658783
2013-04-07 14:17:00,0.022025740503977927
2013-04-07 14:18:00,0.08125816249831436
2013-04-07 14:19:00,0.09622055443925892
2013-04-07 14:20:00,0.022152499180996425
2013-04-07 14:21:00,0.005133941057197954
2013-04-07 14:22:00,0.1536352541420813
2013-04-07 14:23:00,0.11807289761514382
2013-04-07 14:24:00,0.029616285767066295
2013-04-07 14:25:00,0.17721530048629366
2013-04-07 14:26:00,0.11210624840116858
2013-04-07 14:27:00,0.10324147725504473
2013-04-07 14:28:00,0.02274932484186798
2013-04-07 14:29:00,0.08258226317507142
2013-04-07 14:30:00,0.09527585820673787
2013-04-07 14:31:00,0.020878485681151235
2013-04-07 14:32:00,0.004831421181961694
2013-04-07 14:33:00,0.15575649063764488
2013-04-07 14:34:00,0.1187862931059064
2013-04-07 14:35:00,0.10239427061290876
2013-04-07 14:36:00,0.026207069515639787
2013-04-07 14:37:00,0.004660122575086052
2013-04-07 14:38:00,0.07730728335277737
2013-04-07 14:39:00,0.16904799909084173
2013-04-07 14:40:00,0.12405755820018019
2013-04-07 14:41:00,0.18102023426042618
2013-04-07 14:42:00,0.11689223195975099
2013-04-07 14:43:00,0.02705611752462387
2013-04-07 14:44:00,0.008573046249929392
2013-04-07 14:45:00,0.0009316722537980261
2013-04-07 14:46:00,0.00012066964155308944
2013-04-07 14:47:00,0.0
2013-04-07 14:48:00,0.0
2013-04-07 14:49:00,0.07726970453344932
2013-04-07 14:50:00,0.019040323979449273
2013-04-07 14:51:00,0.0033934521099533363
2013-04-07 14:52:00,0.0018216420530245605
2013-04-07 14:53:00,0.0
2013-04-07 14:54:00,0.0
2013-04-07 14:55:00,0.0
2013-04-07 14:56:00,0.0760660987174786
2013-04-07 14:57:00,0.01760982537442475
2013-04-07 14:58:00,0.08023765160401396
2013-04-07 14:59:00,0.09473843183524058
2013-04-07 15:00:00,0.19063230334406706
2013-04-07 15:01:00,0.11910247787282865
2013-04-07 15:02:00,0.1037031001819873
2013-04-07 15:03:00,0.024003095893736167
2013-04-07 15:04:00,0.1578662008744103
2013-04-07 15:05:00,0.036535056497386455
2013-04-07 15:06:00,0.008465408789938098
2013-04-07 15:07:00,0.0031153035732911566
2013-04-07 15:08:00,0.15189744964258128
2013-04-07 15:09:00,0.03629772445636375
2013-04-07 15:10:00,0.008405484289716221
2013-04-07 15:11:00,0.17089845210715943
2013-04-07 15:12:00,0.1143156800854256
2013-04-07 15:13:00,0.10263073312615607
2013-04-07 15:14:00,0.10637356826618648
2013-04-07 15:15:00,0.02692277465641546
2013-04-07 15:16:00,0.003931188625793783
2013-04-07 15:17:00,0.08468814822467144
2013-04-07 15:18:00,0.019592191801346873
2013-04-07 15:19:00,0.08299549607740073
2013-04-07 15:20:00,0.016916587807505577
2013-04-07 15:21:00,0.08006279419301032
2013-04-07 15:22:00,0.021067270183825263
2013-04-07 15:23:00,0.003487355021655912
2013-04-07 15:24:00,0.0769935011476908
2013-04-07 15:25:00,0.09409835116324329
2013-04-07 15:26:00,0.10429788673350836
2013-04-07 15:27:00,0.10026480691299501
2013-04-07 15:28:00,0.024495073542765238
2013-04-07 15:29:00,0.004403263654935637
2013-04-07 15:30:00,0.0021755386925934534
2013-04-07 15:31:00,0.08310679937796889
2013-04-07 15:32:00,0.020409783414167836
2013-04-07 15:33:00,0.003573169911528168
2013-04-07 15:34:00,0.08457603250112206
2013-04-07 15:35:00,0.17306445106672838
2013-04-07 15:36:00,0.04004578114440976
2013-04-07 15:37:00,0.00938685448650122
2013-04-07 15:38:00,0.0020793413377802835
2013-04-07 15:39:00,0.0
2013-04-07 15:40:00,0.0
2013-04-07 15:41:00,0.0
2013-04-07 15:42:00,0.0012534718565093076
2013-04-07 15:43:00,0.0
2013-04-07 15:44:00,0.0
2013-04-07 15:45:00,0.0012312800161690177
2013-04-07 15:46:00,0.0851141382518524
2013-04-07 15:47:00,0.09354244989416718
2013-04-07 15:48:00,0.021640668518460797
2013-04-07 15:49:00,0.005005086568368788
2013-04-07 15:50:00,0.00115897898206094
2013-04-07 15:51:00,0.00028141175246984096
2013-04-07 15:52:00,0.0762278525311971
2013-04-07 15:53:00,0.09379748606911999
2013-04-07 15:54:00,0.02168519453949886
2013-04-07 15:55:00,0.005031264060391141
2013-04-07 15:56:00,0.077326700815064
2013-04-07 15:57:00,0.10292579359186717
2013-04-07 15:58:00,0.023692671950724248
2013-04-07 15:59:00,0.1566843863215038
2013-04-07 16:00:00,0.20380611885091973
2013-04-07 16:01:00,0.04714993787644823
2013-04-07 16:02:00,0.08707055631603224
2013-04-07 16:03:00,0.1888578730790037
2013-04-07 16:04:00,0.04369981818613603
2013-04-07 16:05:00,0.0851236702096644
2013-04-07 16:06:00,0.10347210136431688
2013-04-07 16:07:00,0.1012572167995387
2013-04-07 16:08:00,0.02354936032474481
2013-04-07 16:09:00,0.004169924659183071
2013-04-07 16:10:00,0.07944236041081802
2013-04-07 16:11:00,0.018639356863659064
2013-04-07 16:12:00,0.1541101112323565
2013-04-07 16:13:00,0.11297233241819314
2013-04-07 16:14:00,0.19508982415942833
2013-04-07 16:15:00,0.04259285531519611
2013-04-07 16:16:00,0.01101048799621438
2013-04-07 16:17:00,0.002684346876774462
2013-04-07 16:18:00,0.000514270486290367
2013-04-07 16:19:00,0.08273570032069741
2013-04-07 16:20:00,0.0953017934945875
2013-04-07 16:21:00,0.17554456962520576
2013-04-07 16:22:00,0.03943619064104968
2013-04-07 16:23:00,0.087596712726263
2013-04-07 16:24:00,0.01915387105832949
2013-04-07 16:25:00,0.005814162305523355
2013-04-07 16:26:00,0.1511268879351671
2013-04-07 16:27:00,0.187317283396794
2013-04-07 16:28:00,0.04332189785172123
2013-04-07 16:29:00,0.010020802309411032
2013-04-07 16:30:00,0.0035920577222705186
2013-04-07 16:31:00,0.08451654487092278
2013-04-07 16:32:00,0.020717645374616227
2013-04-07 16:33:00,0.15480710788444935
2013-04-07 16:34:00,0.036984604654473764
2013-04-07 16:35:00,0.007380817835714696
2013-04-07 16:36:00,0.07788296135639396
2013-04-07 16:37:00,0.10409452877586327
2013-04-07 16:38:00,0.10029020745054988
2013-04-07 16:39:00,0.020904040800046434
2013-04-07 16:40:00,0.08099881555885728
2013-04-07 16:41:00,0.09490142121320826
2013-04-07 16:42:00,0.10699179076775157
2013-04-07 16:43:00,0.0234897041321209
2013-04-07 16:44:00,0.007734504480731733
2013-04-07 16:45:00,0.0
2013-04-07 16:46:00,0.0
2013-04-07 16:47:00,0.07730413288235034
2013-04-07 16:48:00,0.01800774080708687
2013-04-07 16:49:00,0.08019528641764279
2013-04-07 16:50:00,0.017403679675067427
2013-04-07 16:51:00,0.1727673903230075
2013-04-07 16:52:00,0.03997733449378322
2013-04-07 16:53:00,0.08553502374680763
2013-04-07 16:54:00,0.186067781291547
2013-04-07 16:55:00,0.11922339186197412
2013-04-07 16:56:00,0.02755535624628653
2013-04-07 16:57:00,0.006401116193603796
2013-04-07 16:58:00,0.0788004655664653
2013-04-07 16:59:00,0.10084681257401165
2013-04-07 17:00:00,0.10064860092619833
2013-04-07 17:01:00,0.02213756219746261
2013-04-07 17:02:00,0.007679834251341123
2013-04-07 17:03:00,0.0
2013-04-07 17:04:00,0.000979970352008149
2013-04-07 17:05:00,0.08540046922485635
2013-04-07 17:06:00,0.01840158202011883
2013-04-07 17:07:00,0.003108254899036273
2013-04-07 17:08:00,0.08449822550964883
2013-04-07 17:09:00,0.02070495719834515
2013-04-07 17:10:00,0.004900458611117889
2013-04-07 17:11:00,0.0010404088390184995
2013-04-07 17:12:00,0.0
2013-04-07 17:13:00,0.0
2013-04-07 17:14:00,0.08370299149364623
2013-04-07 17:15:00,0.019393825157591277
2013-04-07 17:16:00,0.0057458609149026695
2013-04-07 17:17:00,4.9551712819533983e-05
2013-04-07 17:18:00,0.07618972036939325
2013-04-07 17:19:00,0.09507466537869062
2013-04-07 17:20:00,0.10451046318256692
2013-04-07 17:21:00,0.024164795995589357
2013-04-07 17:22:00,0.08936800645151327
2013-04-07 17:23:00,0.17300124378527623
2013-04-07 17:24:00,0.19236190155292965
2013-04-07 17:25:00,0.045774724249893574
2013-04-07 17:26:00,0.009326586308518802
2013-04-07 17:27:00,0.07831991205302707
2013-04-07 17:28:00,0.1018833375873638
2013-04-07 17:29:00,0.10090463314524797
2013-04-07 17:30:00,0.02335192605491681
2013-04-07 17:31:00,0.0892901689031044
2013-04-07 17:32:00,0.019408026830952618
2013-04-07 17:33:00,0.08192525818922831
2013-04-07 17:34:00,0.020003284766017787
2013-04-07 17:35:00,0.08080652028072771
2013-04-07 17:36:00,0.09255930884275203
2013-04-07 17:37:00,0.021398592982273222
2013-04-07 17:38:00,0.006121968375803294
2013-04-07 17:39:00,0.16909778251934737
2013-04-07 17:40:00,0.11517625461424977
2013-04-07 17:41:00,0.10164596853207244
2013-04-07 17:42:00,0.024787932518020965
2013-04-07 17:43:00,0.08063232856035986
2013-04-07 17:44:00,0.019825346566219974
2013-04-07 17:45:00,0.00342308418345049
2013-04-07 17:46:00,0.001936626962900442
2013-04-07 17:47:00,0.07661854927239777
2013-04-07 17:48:00,0.01660332095593489
2013-04-07 17:49:00,0.003841297745638298
2013-04-07 17:50:00,0.07958277700284352
2013-04-07 17:51:00,0.017039457992805956
2013-04-07 17:52:00,0.08011396384693412
2013-04-07 17:53:00,0.09356141524495153
2013-04-07 17:54:00,0.19034494671577665
2013-04-07 17:55:00,0.11906420226434045
2013-04-07 17:56:00,0.027531588297198154
2013-04-07 17:57:00,0.0063828080675398385
2013-04-07 17:58:00,0.23110798063257793
2013-04-07 17:59:00,0.052317305956517623
2013-04-07 18:00:00,0.16444157997227937
2013-04-07 18:01:00,0.03919990937232802
2013-04-07 18:02:00,0.007890767071173312
2013-04-07 18:03:00,0.0029982296090597083
2013-04-07 18:04:00,0.0007016525133555054
2013-04-07 18:05:00,0.08535064715093113
2013-04-07 18:06:00,0.09452463156737226
2013-04-07 18:07:00,0.020732378089938792
2013-04-07 18:08:00,0.0047965289410229145
2013-04-07 18:09:00,0.08074264761306817
2013-04-07 18:10:00,0.0913827318887458
2013-04-07 18:11:00,0.1910257809175489
2013-04-07 18:12:00,0.11805820262190736
2013-04-07 18:13:00,0.027299020535677863
2013-04-07 18:14:00,0.00632917269956541
2013-04-07 18:15:00,0.0014506679930055702
2013-04-07 18:16:00,0.07777063063350494
2013-04-07 18:17:00,0.10164778090983352
2013-04-07 18:18:00,0.022383182780147268
2013-04-07 18:19:00,0.00519141811234043
2013-04-07 18:20:00,0.0023578722414673223
2013-04-07 18:21:00,0.07667604339984446
2013-04-07 18:22:00,0.01917514421192451
2013-04-07 18:23:00,0.003038849500607485
2013-04-07 18:24:00,0.07574345758978734
2013-04-07 18:25:00,0.017523171793717804
2013-04-07 18:26:00,0.004053774479930968
2013-04-07 18:27:00,0.0020948406315483272
2013-04-07 18:28:00,0.08437256211624376
2013-04-07 18:29:00,0.09441973392998347
2013-04-07 18:30:00,0.021856820244034916
2013-04-07 18:31:00,0.08883518886676811
2013-04-07 18:32:00,0.021695221160532362
2013-04-07 18:33:00,0.0038707675957850205
2013-04-07 18:34:00,0.1684365382597563
2013-04-07 18:35:00,0.04014029700221531
2013-04-07 18:36:00,0.08431316553189845
2013-04-07 18:37:00,0.01950559086941892
2013-04-07 18:38:00,0.004512560541341767
2013-04-07 18:39:00,0.07846569793349706
2013-04-07 18:40:00,0.185602458702619
2013-04-07 18:41:00,0.1179670111379436
2013-04-07 18:42:00,0.028563696100843042
2013-04-07 18:43:00,0.17290219184447791
2013-04-07 18:44:00,0.11614973922004351
2013-04-07 18:45:00,0.029429253121576737
2013-04-07 18:46:00,0.004281363092159247
2013-04-07 18:47:00,0.0021337654713265222
2013-04-07 18:48:00,0.0
2013-04-07 18:49:00,0.07601406252460016
2013-04-07 18:50:00,0.09490505086555755
2013-04-07 18:51:00,0.10711661472828711
2013-04-07 18:52:00,0.023412008906099978
2013-04-07 18:53:00,0.08044326587972794
2013-04-07 18:54:00,0.10491949775344982
2013-04-07 18:55:00,0.02291708114471742
2013-04-07 18:56:00,0.08031579871266939
2013-04-07 18:57:00,0.17087636732820666
2013-04-07 18:58:00,0.039560958107974345
2013-04-07 18:59:00,0.009139080357376188
2013-04-07 19:00:00,0.0032842907244467904
2013-04-07 19:01:00,0.07693051510751099
2013-04-07 19:02:00,0.09407064599201596
2013-04-07 19:03:00,0.18804103704182404
2013-04-07 19:04:00,0.044675411881662346
2013-04-07 19:05:00,0.01047247216915198
2013-04-07 19:06:00,0.0011299033721771648
2013-04-07 19:07:00,0.0014339388155786127
2013-04-07 19:08:00,0.07767258455729087
2013-04-07 19:09:00,0.09183478032414215
2013-04-07 19:10:00,0.021245357017208102
2013-04-07 19:11:00,0.004915201295220966
2013-04-07 19:12:00,0.230768161783376
2013-04-07 19:13:00,0.2818832678673706
2013-04-07 19:14:00,0.06660790932572777
2013-04-07 19:15:00,0.012897142055921832
2013-04-07 19:16:00,0.0029701479495012006
2013-04-07 19:17:00,0.0006855502912089244
2013-04-07 19:18:00,0.07633613152959917
2013-04-07 19:19:00,0.10258225347469571
2013-04-07 19:20:00,0.02372658889007412
2013-04-07 19:21:00,0.0043669221276975935
2013-04-07 19:22:00,0.00101027797486132
2013-04-07 19:23:00,0.1560294389033694
2013-04-07 19:24:00,0.1122706700081235
2013-04-07 19:25:00,0.022527205389024293
2013-04-07 19:26:00,0.00519546094282315
2013-04-07 19:27:00,0.0012310187420251806
2013-04-07 19:28:00,0.2516214465999992
2013-04-07 19:29:00,0.13553129977277892
2013-04-07 19:30:00,0.18380354311378735
2013-04-07 19:31:00,0.12502439467934645
2013-04-07 19:32:00,0.02892407449963082
2013-04-07 19:33:00,0.006704477734503943
2013-04-07 19:34:00,0.08764360350479186
2013-04-07 19:35:00,0.019095333674937345
2013-04-07 19:36:00,0.15559394189604883
2013-04-07 19:37:00,0.03603605035881889
2013-04-07 19:38:00,0.08449959152673815
2013-04-07 19:39:00,0.1756911580754646
2013-04-07 19:40:00,0.12179050228927579
2013-04-07 19:41:00,0.10549003627783113
2013-04-07 19:42:00,0.09954103075530665
2013-04-07 19:43:00,0.021779685297421067
2013-04-07 19:44:00,0.00503866276273033
2013-04-07 19:45:00,0.0024380699307230613
2013-04-07 19:46:00,0.07543625028162598
2013-04-07 19:47:00,0.019779315762513773
2013-04-07 19:48:00,0.08607055556273369
2013-04-07 19:49:00,0.021068553615067282
2013-04-07 19:50:00,0.006039128158911038
2013-04-07 19:51:00,0.0003280626579790387
2013-04-07 19:52:00,0.0761621991129375
2013-04-07 19:53:00,0.09377727368062766
2013-04-07 19:54:00,0.09672080751502532
2013-04-07 19:55:00,0.10616934217829418
2013-04-07 19:56:00,0.024561952207614687
2013-04-07 19:57:00,0.00682446808054731
2013-04-07 19:58:00,0.08422385407178842
2013-04-07 19:59:00,0.09689312224993153
2013-04-07 20:00:00,0.02117875319793697
2013-04-07 20:01:00,0.08866509430384097
2013-04-07 20:02:00,0.020498920889297837
2013-04-07 20:03:00,0.005911585554216769
2013-04-07 20:04:00,0.08515547157172243
2013-04-07 20:05:00,0.17203379708384747
2013-04-07 20:06:00,0.19226160885391386
2013-04-07 20:07:00,0.12699420137688772
2013-04-07 20:08:00,0.029379719604792937
2013-04-07 20:09:00,0.09183506862782645
2013-04-07 20:10:00,0.021152135319021083
2013-04-07 20:11:00,0.07989292088549536
2013-04-07 20:12:00,0.01976983581894611
2013-04-07 20:13:00,0.07947282229448821
2013-04-07 20:14:00,0.09454852490725289
2013-04-07 20:15:00,0.02313252639931886
2013-04-07 20:16:00,0.08256422218983872
2013-04-07 20:17:00,0.09527971932215563
2013-04-07 20:18:00,0.10479500853815431
2013-04-07 20:19:00,0.17532017573598854
2013-04-07 20:20:00,0.1941574765395031
2013-04-07 20:21:00,0.11980214559626168
2013-04-07 20:22:00,0.028873798019281464
2013-04-07 20:23:00,0.005544594765901241
2013-04-07 20:24:00,0.0024246933611891926
2013-04-07 20:25:00,0.08436252359750665
2013-04-07 20:26:00,0.09453085882855936
2013-04-07 20:27:00,0.09917429002952828
2013-04-07 20:28:00,0.10671848322781041
2013-04-07 20:29:00,0.02481262242267941
2013-04-07 20:30:00,0.08296488657970251
2013-04-07 20:31:00,0.019224380497358202
2013-04-07 20:32:00,0.003292183898913336
2013-04-07 20:33:00,0.0
2013-04-07 20:34:00,0.08367930567778326
2013-04-07 20:35:00,0.01937208455613134
2013-04-07 20:36:00,0.005741002427227162
2013-04-07 20:37:00,0.0012211572017024658
2013-04-07 20:38:00,0.15262907952312382
2013-04-07 20:39:00,0.035420870638610165
2013-04-07 20:40:00,0.006930958066880896
2013-04-07 20:41:00,0.07892145601900818
2013-04-07 20:42:00,0.10087605814279164
2013-04-07 20:43:00,0.023337011899435944
2013-04-07 20:44:00,0.0054123115943794445
2013-04-07 20:45:00,0.0025377806595776316
2013-04-07 20:46:00,0.08310249680027536
2013-04-07 20:47:00,0.019225356222367394
2013-04-07 20:48:00,0.2329208834270659
2013-04-07 20:49:00,0.139979314189035
2013-04-07 20:50:00,0.03008608633330459
2013-04-07 20:51:00,0.006959044455780098
2013-04-07 20:52:00,0.08656025887773189
2013-04-07 20:53:00,0.020135899348804984
2013-04-07 20:54:00,0.003408211511307644
2013-04-07 20:55:00,0.08456731581973476
2013-04-07 20:56:00,0.09572680985411615
2013-04-07 20:57:00,0.023403772017967603
2013-04-07 20:58:00,0.08794424124989382
2013-04-07 20:59:00,0.023816198781467478
2013-04-07 21:00:00,0.07949891166488945
2013-04-07 21:01:00,0.017101450797561105
2013-04-07 21:02:00,0.003982949332137931
2013-04-07 21:03:00,0.07835657376297009
2013-04-07 21:04:00,0.18440806760987588
2013-04-07 21:05:00,0.19498611385695713
2013-04-07 21:06:00,0.1225590188064932
2013-04-07 21:07:00,0.1120257430706459
2013-04-07 21:08:00,0.024768088613848147
2013-04-07 21:09:00,0.006988012968271987
2013-04-07 21:10:00,0.16792517077976413
2013-04-07 21:11:00,0.3446159796420476
2013-04-07 21:12:00,0.15476484461540335
2013-04-07 21:13:00,0.03581930069655722
2013-04-07 21:14:00,0.009443233397140302
2013-04-07 21:15:00,0.1558914473734263
2013-04-07 21:16:00,0.03586629777425132
2013-04-07 21:17:00,0.0833195516603932
2013-04-07 21:18:00,0.019384649485954034
2013-04-07 21:19:00,0.08700104820843221
2013-04-07 21:20:00,0.020140715162746566
2013-04-07 21:21:00,0.007190021453285228
2013-04-07 21:22:00,0.08755689746731038
2013-04-07 21:23:00,0.09296762858335814
2013-04-07 21:24:00,0.09653462353805817
2013-04-07 21:25:00,0.10611164926545177
2013-04-07 21:26:00,0.026848936277985177
2013-04-07 21:27:00,0.08006055902614075
2013-04-07 21:28:00,0.10345975175430269
2013-04-07 21:29:00,0.09896214076394813
2013-04-07 21:30:00,0.024165869010345113
2013-04-07 21:31:00,0.08812053756219225
2013-04-07 21:32:00,0.09654883770659263
2013-04-07 21:33:00,0.023579544301740005
2013-04-07 21:34:00,0.005323848636513992
2013-04-07 21:35:00,0.15360485819713668
2013-04-07 21:36:00,0.03567296741967368
2013-04-07 21:37:00,0.0069892354064234
2013-04-07 21:38:00,0.23123490683981507
2013-04-07 21:39:00,0.12980864074683865
2013-04-07 21:40:00,0.029910678803232074
2013-04-07 21:41:00,0.08194672953306584
2013-04-07 21:42:00,0.02021595896754646
2013-04-07 21:43:00,0.004584606268763517
2013-04-07 21:44:00,0.07607448553447646
2013-04-07 21:45:00,0.09374779139953014
2013-04-07 21:46:00,0.024003493078872756
2013-04-07 21:47:00,0.07941770207239557
2013-04-07 21:48:00,0.09453403274378624
2013-04-07 21:49:00,0.02535534308875466
2013-04-07 21:50:00,0.0035634837043848635
2013-04-07 21:51:00,0.07583650820506245
2013-04-07 21:52:00,0.10248162172347706
2013-04-07 21:53:00,0.09873579562526232
2013-04-07 21:54:00,0.17515282248961003
2013-04-07 21:55:00,0.1254578246190732
2013-04-07 21:56:00,0.18137085204909997
2013-04-07 21:57:00,0.1169736067472686
2013-04-07 21:58:00,0.19574922207421613
2013-04-07 21:59:00,0.197645847150054
2013-04-07 22:00:00,0.044576054045338244
2013-04-07 22:01:00,0.010272215062372575
2013-04-07 22:02:00,0.0035599362768955704
2013-04-07 22:03:00,0.0009607047265521407
2013-04-07 22:04:00,0.08388094629219123
2013-04-07 22:05:00,0.09674629705931155
2013-04-07 22:06:00,0.02135721723903302
2013-04-07 22:07:00,0.08214021861148033
2013-04-07 22:08:00,0.18541970888678866
2013-04-07 22:09:00,0.19663107489995035
2013-04-07 22:10:00,0.12142601269130907
2013-04-07 22:11:00,0.10195625795761595
2013-04-07 22:12:00,0.17592570679241482
2013-04-07 22:13:00,0.040700339970764894
2013-04-07 22:14:00,0.009402207742532425
2013-04-07 22:15:00,0.07960870146887396
2013-04-07 22:16:00,0.09447445110438123
2013-04-07 22:17:00,0.020694020006256298
2013-04-07 22:18:00,2.671646330561265
2013-04-07 22:19:00,16.004301694221727
2013-04-07 22:20:00,16.817541301669205
2013-04-07 22:21:00,15.999379189913293
2013-04-07 22:22:00,13.754878022158065
2013-04-07 22:23:00,18.16451896480006
2013-04-07 22:24:00,20.42263669171526
2013-04-07 22:25:00,19.80490428908154
2013-04-07 22:26:00,15.497057960317916
2013-04-07 22:27:00,15.238064293142273
2013-04-07 22:28:00,15.405493692657437
2013-04-07 22:29:00,14.434835329399341
2013-04-07 22:30:00,14.576494176685959
2013-04-07 22:31:00,14.382952525924743
2013-04-07 22:32:00,14.890295151803663
2013-04-07 22:33:00,12.859054368932648
2013-04-07 22:34:00,12.19033336496404
2013-04-07 22:35:00,11.675497032567723
2013-04-07 22:36:00,11.215704227708084
2013-04-07 22:37:00,11.50499982290161
2013-04-07 22:38:00,11.35655310086804
2013-04-07 22:39:00,11.695364667913143
2013-04-07 22:40:00,11.746733846400282
2013-04-07 22:41:00,11.78484397636024
2013-04-07 22:42:00,12.55030040059297
2013-04-07 22:43:00,12.052639339219771
2013-04-07 22:44:00,12.049179525903517
2013-04-07 22:45:00,12.609239834461825
2013-04-07 22:46:00,12.509063290011317
2013-04-07 22:47:00,11.86196393782077
2013-04-07 22:48:00,12.577001880128464
2013-04-07 22:49:00,11.619924493654665
2013-04-07 22:50:00,11.834310850282222
2013-04-07 22:51:00,12.563600936289987
2013-04-07 22:52:00,12.641379834627147
2013-04-07 22:53:00,12.685844652574293
2013-04-07 22:54:00,12.293477301884318
2013-04-07 22:55:00,11.986744864948701
2013-04-07 22:56:00,11.465078633234487
2013-04-07 22:57:00,12.094186139018307
2013-04-07 22:58:00,13.071491063792287
2013-04-07 22:59:00,12.604028644063996
2013-04-07 23:00:00,13.029594280452768
2013-04-07 23:01:00,14.29385776397244
2013-04-07 23:02:00,12.457660480633429
2013-04-07 23:03:00,12.325852161956771
2013-04-07 23:04:00,12.144638140003226
2013-04-07 23:05:00,12.789650228751883
2013-04-07 23:06:00,13.543081876982042
2013-04-07 23:07:00,13.485258368001915
2013-04-07 23:08:00,14.046256237219078
2013-04-07 23:09:00,14.078405063455447
2013-04-07 23:10:00,13.833914153310706
2013-04-07 23:11:00,13.36232522477243
2013-04-07 23:12:00,13.848874457391846
2013-04-07 23:13:00,13.683055195397737
2013-04-07 23:14:00,13.323476272621186
2013-04-07 23:15:00,13.286828867835263
2013-04-07 23:16:00,13.59580717544339
2013-04-07 23:17:00,13.391859921397579
2013-04-07 23:18:00,13.530125324571278
2013-04-07 23:19:00,13.497883357099823
2013-04-07 23:20:00,13.358461819775957
2013-04-07 23:21:00,14.512350113076236
2013-04-07 23:22:00,14.014796164008446
2013-04-07 23:23:00,13.74736548097841
2013-04-07 23:24:00,13.764469138367087
2013-04-07 23:25:00,13.538524441786803
2013-04-07 23:26:00,13.629129163784638
2013-04-07 23:27:00,14.278525078754527
2013-04-07 23:28:00,14.952991127000042
2013-04-07 23:29:00,16.030135299424416
2013-04-07 23:30:00,14.287488028719288
2013-04-07 23:31:00,13.738782732481006
2013-04-07 23:32:00,13.433820522140351
2013-04-07 23:33:00,13.684150674914186
2013-04-07 23:34:00,13.674876669846888
2013-04-07 23:35:00,13.981120638158524
2013-04-07 23:36:00,13.894938761998999
2013-04-07 23:37:00,14.794496621146854
2013-04-07 23:38:00,14.933795600884283
2013-04-07 23:39:00,17.85121688219967
2013-04-07 23:40:00,17.01646235445358
2013-04-07 23:41:00,14.646730914926236
2013-04-07 23:42:00,14.133947030249313
2013-04-07 23:43:00,21.166166309906885
2013-04-07 23:44:00,19.373809664767197
2013-04-07 23:45:00,21.57304590138592
2013-04-07 23:46:00,20.533788256029982
2013-04-07 23:47:00,22.571284559028264
2013-04-07 23:48:00,22.24394768772766
2013-04-07 23:49:00,21.36873907226702
2013-04-07 23:50:00,25.32394978191101
2013-04-07 23:51:00,33.59066814670816
2013-04-07 23:52:00,34.85378142316942
2013-04-07 23:53:00,36.39738974515919
2013-04-07 23:54:00,32.39194755003998
2013-04-07 23:55:00,32.57730135623218
2013-04-07 23:56:00,27.684847494856278
2013-04-07 23:57:00,32.70481394227076
2013-04-07 23:58:00,33.726219159569425
2013-04-07 23:59:00,40.16108956936344
2013-04-08 00:00:00,46.090243201582474
