2013-04-04 19:47:00,0.0
2013-04-04 19:48:00,0.0
2013-04-04 19:49:00,0.0
2013-04-04 19:50:00,0.0
2013-04-04 19:51:00,0.0
2013-04-04 19:52:00,0.0
2013-04-04 19:53:00,0.0
2013-04-04 19:54:00,0.0
2013-04-04 19:55:00,0.0
2013-04-04 19:56:00,0.0
2013-04-04 19:57:00,6.640718541973726e-13
2013-04-04 19:58:00,1.1760082321101006e-12
2013-04-04 19:59:00,1.0888937878337583e-12
2013-04-04 20:00:00,8.064793188529852e-13
2013-04-04 20:01:00,7.705863980691217e-13
2013-04-04 20:02:00,5.242946989647718e-13
2013-04-04 20:03:00,4.63581775724052e-13
2013-04-04 20:04:00,3.025227691073425e-13
2013-04-04 20:05:00,0.0
2013-04-04 20:06:00,0.0
2013-04-04 20:07:00,0.0
2013-04-04 20:08:00,0.0
2013-04-04 20:09:00,4.7873489673009094e-14
2013-04-04 20:10:00,0.0
2013-04-04 20:11:00,0.0
2013-04-04 20:12:00,0.0
2013-04-04 20:13:00,0.0
2013-04-04 20:14:00,1.671698293826036e-14
2013-04-04 20:15:00,0.0
2013-04-04 20:16:00,0.0
2013-04-04 20:17:00,0.0
2013-04-04 20:18:00,0.0
2013-04-04 20:19:00,0.0
2013-04-04 20:20:00,0.0
2013-04-04 20:21:00,0.0
2013-04-04 20:22:00,0.0
2013-04-04 20:23:00,0.0
2013-04-04 20:24:00,0.0
2013-04-04 20:25:00,0.0
2013-04-04 20:26:00,0.0
2013-04-04 20:27:00,0.0
2013-04-04 20:28:00,0.0
2013-04-04 20:29:00,0.0
2013-04-04 20:30:00,0.0
2013-04-04 20:31:00,0.0
2013-04-04 20:32:00,0.0
2013-04-04 20:33:00,0.0
2013-04-04 20:34:00,0.0
2013-04-04 20:35:00,0.0
2013-04-04 20:36:00,0.0
2013-04-04 20:37:00,0.0
2013-04-04 20:38:00,0.0
2013-04-04 20:39:00,0.0
2013-04-04 20:40:00,0.0
2013-04-04 20:41:00,0.0
2013-04-04 20:42:00,0.0
2013-04-04 20:43:00,0.0
2013-04-04 20:44:00,0.0
2013-04-04 20:45:00,0.0
2013-04-04 20:46:00,0.0
2013-04-04 20:47:00,0.0
2013-04-04 20:48:00,0.0
2013-04-04 20:49:00,0.0
2013-04-04 20:50:00,0.0
2013-04-04 20:51:00,0.0
2013-04-04 20:52:00,0.0
2013-04-04 20:53:00,0.0
2013-04-04 20:54:00,0.0
2013-04-04 20:55:00,0.0
2013-04-04 20:56:00,0.0
2013-04-04 20:57:00,0.0
2013-04-04 20:58:00,0.0
2013-04-04 20:59:00,0.0
2013-04-04 21:00:00,0.0
2013-04-04 21:01:00,0.0
2013-04-04 21:02:00,0.0
2013-04-04 21:03:00,0.0
2013-04-04 21:04:00,0.0
2013-04-04 21:05:00,0.0
2013-04-04 21:06:00,0.0
2013-04-04 21:07:00,0.0
2013-04-04 21:08:00,0.0
2013-04-04 21:09:00,0.0
2013-04-04 21:10:00,0.0
2013-04-04 21:11:00,0.0
2013-04-04 21:12:00,0.0
2013-04-04 21:13:00,0.0
2013-04-04 21:14:00,0.0
2013-04-04 21:15:00,0.0
2013-04-04 21:16:00,0.0
2013-04-04 21:17:00,0.0
2013-04-04 21:18:00,0.0
2013-04-04 21:19:00,0.0
2013-04-04 21:20:00,0.0
2013-04-04 21:21:00,0.0
2013-04-04 21:22:00,0.0
2013-04-04 21:23:00,0.0
2013-04-04 21:24:00,0.0
2013-04-04 21:25:00,0.0
2013-04-04 21:26:00,0.0
2013-04-04 21:27:00,2.845874971241244e-14
2013-04-04 21:28:00,3.555997359366897e-14
2013-04-04 21:29:00,3.555624714429136e-14
2013-04-04 21:30:00,3.5552943586991195e-14
2013-04-04 21:31:00,4.2655442287919436e-14
2013-04-04 21:32:00,4.975827334428282e-14
2013-04-04 21:33:00,7.107225375428625e-14
2013-04-04 21:34:00,6.396478593559922e-14
2013-04-04 21:35:00,6.396297703403277e-14
2013-04-04 21:36:00,5.685594605610325e-14
2013-04-04 21:37:00,2.8432814990489395e-14
2013-04-04 21:38:00,4.9747836760816825e-14
2013-04-04 21:39:00,3.5535864767202665e-14
2013-04-04 21:40:00,0.0
2013-04-04 21:41:00,0.0
2013-04-04 21:42:00,0.0
2013-04-04 21:43:00,0.0
2013-04-04 21:44:00,2.1321061180234196e-14
2013-04-04 21:45:00,0.0
2013-04-04 21:46:00,0.0
2013-04-04 21:47:00,0.0
2013-04-04 21:48:00,0.0
2013-04-04 21:49:00,0.0
2013-04-04 21:50:00,0.0
2013-04-04 21:51:00,0.0
2013-04-04 21:52:00,0.0
2013-04-04 21:53:00,0.0
2013-04-04 21:54:00,0.0
2013-04-04 21:55:00,0.0
2013-04-04 21:56:00,0.0
2013-04-04 21:57:00,0.0
2013-04-04 21:58:00,0.0
2013-04-04 21:59:00,0.0
2013-04-04 22:00:00,0.0
2013-04-04 22:01:00,0.0
2013-04-04 22:02:00,0.0
2013-04-04 22:03:00,0.0
2013-04-04 22:04:00,0.0
2013-04-04 22:05:00,0.0
2013-04-04 22:06:00,0.0
2013-04-04 22:07:00,0.0
2013-04-04 22:08:00,0.0
2013-04-04 22:09:00,0.0
2013-04-04 22:10:00,0.0
2013-04-04 22:11:00,0.0
2013-04-04 22:12:00,0.0
2013-04-04 22:13:00,0.0
2013-04-04 22:14:00,0.0
2013-04-04 22:15:00,1.1419102105331125e-19
2013-04-04 22:16:00,6.110668539858627e-13
2013-04-04 22:17:00,5.968559877824366e-13
2013-04-04 22:18:00,6.536993964587492e-13
2013-04-04 22:19:00,7.958079345820504e-13
2013-04-04 22:20:00,9.379164737299658e-13
2013-04-04 22:21:00,9.379164666341985e-13
2013-04-04 22:22:00,8.242296226220705e-13
2013-04-04 22:23:00,6.536993604630065e-13
2013-04-04 22:24:00,5.542233725128114e-13
2013-04-04 22:25:00,4.4053653040845407e-13
2013-04-04 22:26:00,4.263256718078814e-13
2013-04-04 22:27:00,4.4053652307863975e-13
2013-04-04 22:28:00,3.836931011642771e-13
2013-04-04 22:29:00,4.405365173180598e-13
2013-04-04 22:30:00,4.2632566020303635e-13
2013-04-04 22:31:00,4.2632565807555604e-13
2013-04-04 22:32:00,4.1211480147430847e-13
2013-04-04 22:33:00,4.547473639479048e-13
2013-04-04 22:34:00,4.4053650775043935e-13
2013-04-04 22:35:00,4.547473611515909e-13
2013-04-04 22:36:00,4.121147958410581e-13
2013-04-04 22:37:00,4.2632564952353374e-13
2013-04-04 22:38:00,4.4053650332320726e-13
2013-04-04 22:39:00,6.110667590940005e-13
2013-04-04 22:40:00,5.684341942288708e-13
2013-04-04 22:41:00,4.547473558693854e-13
2013-04-04 22:42:00,5.11590774164712e-13
2013-04-04 22:43:00,5.684341925242117e-13
2013-04-04 22:44:00,4.4053649964297565e-13
2013-04-04 22:45:00,3.97903935103386e-13
2013-04-04 22:46:00,0.0
2013-04-04 22:47:00,0.0
2013-04-04 22:48:00,0.0
2013-04-04 22:49:00,3.5527136978102756e-13
2013-04-04 22:50:00,3.694822242804992e-13
2013-04-04 22:51:00,1.136868392156147e-13
2013-04-04 22:52:00,0.0
2013-04-04 22:53:00,0.0
2013-04-04 22:54:00,0.0
2013-04-04 22:55:00,0.0
2013-04-04 22:56:00,0.0
2013-04-04 22:57:00,0.0
2013-04-04 22:58:00,0.0
2013-04-04 22:59:00,0.0
2013-04-04 23:00:00,0.0
2013-04-04 23:01:00,0.0
2013-04-04 23:02:00,0.0
2013-04-04 23:03:00,0.0
2013-04-04 23:04:00,0.0
2013-04-04 23:05:00,0.0
2013-04-04 23:06:00,0.0
2013-04-04 23:07:00,0.0
2013-04-04 23:08:00,0.0
2013-04-04 23:09:00,0.0
2013-04-04 23:10:00,0.0
2013-04-04 23:11:00,0.0
2013-04-04 23:12:00,0.0
2013-04-04 23:13:00,0.0
2013-04-04 23:14:00,0.0
2013-04-04 23:15:00,0.0
2013-04-04 23:16:00,0.0
2013-04-04 23:17:00,0.0
2013-04-04 23:18:00,0.0
2013-04-04 23:19:00,0.0
2013-04-04 23:20:00,0.0
2013-04-04 23:21:00,0.0
2013-04-04 23:22:00,0.0
2013-04-04 23:23:00,0.0
2013-04-04 23:24:00,0.0
2013-04-04 23:25:00,0.0
2013-04-04 23:26:00,3.552713681005365e-14
2013-04-04 23:27:00,2.131628209234948e-14
2013-04-04 23:28:00,1.732826504173473e-23
2013-04-04 23:29:00,2.842170944576579e-14
2013-04-04 23:30:00,0.0
2013-04-04 23:31:00,0.0
2013-04-04 23:32:00,0.0
2013-04-04 23:33:00,0.0
2013-04-04 23:34:00,0.0
2013-04-04 23:35:00,0.0
2013-04-04 23:36:00,0.0
2013-04-04 23:37:00,0.0
2013-04-04 23:38:00,0.0
2013-04-04 23:39:00,0.0
2013-04-04 23:40:00,0.0
2013-04-04 23:41:00,0.0
2013-04-04 23:42:00,7.105427360809987e-15
2013-04-04 23:43:00,0.0
2013-04-04 23:44:00,7.105427360122978e-15
2013-04-04 23:45:00,0.0
2013-04-04 23:46:00,0.0
2013-04-04 23:47:00,0.0
2013-04-04 23:48:00,0.0
2013-04-04 23:49:00,0.0
2013-04-04 23:50:00,0.0
2013-04-04 23:51:00,0.0
2013-04-04 23:52:00,0.0
2013-04-04 23:53:00,0.0
2013-04-04 23:54:00,0.0
2013-04-04 23:55:00,0.0
2013-04-04 23:56:00,0.0
2013-04-04 23:57:00,0.0
2013-04-04 23:58:00,0.0
2013-04-04 23:59:00,0.0
2013-04-05 00:00:00,0.0
2013-04-05 00:01:00,0.0
2013-04-05 00:02:00,0.0
2013-04-05 00:03:00,0.0
2013-04-05 00:04:00,0.0
2013-04-05 00:05:00,0.0
2013-04-05 00:06:00,0.0
2013-04-05 00:07:00,0.0
2013-04-05 00:08:00,0.0
2013-04-05 00:09:00,0.0
2013-04-05 00:10:00,0.0
2013-04-05 00:11:00,0.0
2013-04-05 00:12:00,0.0
2013-04-05 00:13:00,0.0
2013-04-05 00:14:00,0.0
2013-04-05 00:15:00,0.0
2013-04-05 00:16:00,0.0
2013-04-05 00:17:00,0.0
2013-04-05 00:18:00,0.0
2013-04-05 00:19:00,0.0
2013-04-05 00:20:00,0.0
2013-04-05 00:21:00,0.0
2013-04-05 00:22:00,0.0
2013-04-05 00:23:00,0.0
2013-04-05 00:24:00,5.68434188608284e-14
2013-04-05 00:25:00,2.1316282072821074e-14
2013-04-05 00:26:00,7.105427357617019e-15
2013-04-05 00:27:00,0.0
2013-04-05 00:28:00,7.81597009336236e-14
2013-04-05 00:29:00,1.4210854715213165e-14
2013-04-05 00:30:00,9.892940748731618e-27
2013-04-05 00:31:00,0.0
2013-04-05 00:32:00,7.105427357608777e-15
2013-04-05 00:33:00,4.26325641456129e-14
2013-04-05 00:34:00,0.0
2013-04-05 00:35:00,2.1316282072808423e-14
2013-04-05 00:36:00,4.2632564145610814e-14
2013-04-05 00:37:00,2.1316282072807262e-14
2013-04-05 00:38:00,5.684341886081179e-14
2013-04-05 00:39:00,5.684341886081136e-14
2013-04-05 00:40:00,2.8421709430406974e-14
2013-04-05 00:41:00,8.526512829121465e-14
2013-04-05 00:42:00,7.105427357603334e-15
2013-04-05 00:43:00,1.421085471520407e-14
2013-04-05 00:44:00,1.4210854715203837e-14
2013-04-05 00:45:00,1.421085471520363e-14
2013-04-05 00:46:00,7.105427357601146e-14
2013-04-05 00:47:00,3.5527136788006284e-14
2013-04-05 00:48:00,1.4210854715203137e-14
2013-04-05 00:49:00,3.552713678800601e-14
2013-04-05 00:50:00,7.105427357601892e-15
2013-04-05 00:51:00,1.4210854715202793e-14
2013-04-05 00:52:00,1.42108547152027e-14
2013-04-05 00:53:00,0.0
2013-04-05 00:54:00,1.4210854715202553e-14
2013-04-05 00:55:00,4.869572789899294e-28
2013-04-05 00:56:00,3.552713678800544e-14
2013-04-05 00:57:00,0.0
2013-04-05 00:58:00,1.4210854715202345e-14
2013-04-05 00:59:00,3.552713678800531e-14
2013-04-05 01:00:00,7.105427357601268e-15
2013-04-05 01:01:00,0.0
2013-04-05 01:02:00,0.0
2013-04-05 01:03:00,0.0
2013-04-05 01:04:00,1.646912119339979e-28
2013-04-05 01:05:00,7.105427357601149e-15
2013-04-05 01:06:00,4.547473508864642e-13
2013-04-05 01:07:00,5.968558980384843e-13
2013-04-05 01:08:00,5.968558980384843e-13
2013-04-05 01:09:00,64.4400000000515
2013-04-05 01:10:00,73.780000000059
2013-04-05 01:11:00,64.22000000005147
2013-04-05 01:12:00,33.620000000027346
2013-04-05 01:13:00,156.44000000012394
2013-04-05 01:14:00,128.44000000010175
2013-04-05 01:15:00,4.547473508864641e-13
2013-04-05 01:16:00,4.1211478674085816e-13
2013-04-05 01:17:00,4.1211478674085816e-13
2013-04-05 01:18:00,4.547473508864641e-13
2013-04-05 01:19:00,4.1211478674085816e-13
2013-04-05 01:20:00,4.831690603168681e-13
2013-04-05 01:21:00,0.0
2013-04-05 01:22:00,1.8837772701583977e-29
2013-04-05 01:23:00,0.0
2013-04-05 01:24:00,0.0
2013-04-05 01:25:00,1.3124700652834205e-29
2013-04-05 01:26:00,0.0
2013-04-05 01:27:00,2.842170943040402e-14
2013-04-05 01:28:00,0.0
2013-04-05 01:29:00,1.1368683772161603e-13
2013-04-05 01:30:00,1.7053025658242404e-13
2013-04-05 01:31:00,73.12000000005793
2013-04-05 01:32:00,35.44000000002832
2013-04-05 01:33:00,38.78000000003114
2013-04-05 01:34:00,5.115907697472721e-13
2013-04-05 01:35:00,3.694822225952521e-13
2013-04-05 01:36:00,3.836930773104541e-13
2013-04-05 01:37:00,2.2737367544323206e-13
2013-04-05 01:38:00,2.842170943040401e-14
2013-04-05 01:39:00,63.44000000004998
2013-04-05 01:40:00,26.220000000020683
2013-04-05 01:41:00,85.3800000000667
2013-04-05 01:42:00,0.0
2013-04-05 01:43:00,0.0
2013-04-05 01:44:00,0.0
2013-04-05 01:45:00,0.0
2013-04-05 01:46:00,1.2200000000005389
2013-04-05 01:47:00,0.0
2013-04-05 01:48:00,0.0
2013-04-05 01:49:00,0.0
2013-04-05 01:50:00,0.0
2013-04-05 01:51:00,0.0
2013-04-05 01:52:00,0.0
2013-04-05 01:53:00,0.0
2013-04-05 01:54:00,0.0
2013-04-05 01:55:00,65.44000000005113
2013-04-05 01:56:00,146.5000000001149
2013-04-05 01:57:00,0.0
2013-04-05 01:58:00,0.0
2013-04-05 01:59:00,0.0
2013-04-05 02:00:00,0.0
2013-04-05 02:01:00,0.0
2013-04-05 02:02:00,0.0
2013-04-05 02:03:00,0.0
2013-04-05 02:04:00,0.0
2013-04-05 02:05:00,0.0
2013-04-05 02:06:00,0.0
2013-04-05 02:07:00,0.0
2013-04-05 02:08:00,73.75000000005801
2013-04-05 02:09:00,197.67000000015562
2013-04-05 02:10:00,38.78000000003058
2013-04-05 02:11:00,44.670000000035174
2013-04-05 02:12:00,48.75000000003842
2013-04-05 02:13:00,44.33000000003493
2013-04-05 02:14:00,79.33000000006248
2013-04-05 02:15:00,81.11000000006388
2013-04-05 02:16:00,65.62000000005172
2013-04-05 02:17:00,74.44000000005867
2013-04-05 02:18:00,88.89000000006997
2013-04-05 02:19:00,88.11000000006942
2013-04-05 02:20:00,83.62000000006587
2013-04-05 02:21:00,85.44000000006727
2013-04-05 02:22:00,83.67000000006587
2013-04-05 02:23:00,83.12000000006545
2013-04-05 02:24:00,84.33000000006642
2013-04-05 02:25:00,81.00000000006378
2013-04-05 02:26:00,78.11000000006152
2013-04-05 02:27:00,84.75000000006679
2013-04-05 02:28:00,84.33000000006639
2013-04-05 02:29:00,81.78000000006438
2013-04-05 02:30:00,86.22000000006793
2013-04-05 02:31:00,82.25000000006476
2013-04-05 02:32:00,26.890000000021196
2013-04-05 02:33:00,2.842170943040401e-14
2013-04-05 02:34:00,13.220000000010415
2013-04-05 02:35:00,57.880000000045584
2013-04-05 02:36:00,68.78000000005417
2013-04-05 02:37:00,70.89000000005584
2013-04-05 02:38:00,82.62000000006506
2013-04-05 02:39:00,72.0000000000567
2013-04-05 02:40:00,64.44000000005074
2013-04-05 02:41:00,4.263256414560601e-14
2013-04-05 02:42:00,2.842170943040401e-14
2013-04-05 02:43:00,4.973799150320701e-14
2013-04-05 02:44:00,6.394884621840902e-14
2013-04-05 02:45:00,2.842170943040401e-14
2013-04-05 02:46:00,4.973799150320701e-14
2013-04-05 02:47:00,3.552713678800501e-14
2013-04-05 02:48:00,2.1316282072803006e-14
2013-04-05 02:49:00,4.263256414560601e-14
2013-04-05 02:50:00,2.842170943040401e-14
2013-04-05 02:51:00,4.263256414560601e-14
2013-04-05 02:52:00,0.0
2013-04-05 02:53:00,0.0
2013-04-05 02:54:00,0.0
2013-04-05 02:55:00,0.0
2013-04-05 02:56:00,0.0
2013-04-05 02:57:00,0.0
2013-04-05 02:58:00,0.0
2013-04-05 02:59:00,0.0
2013-04-05 03:00:00,0.0
2013-04-05 03:01:00,0.0
2013-04-05 03:02:00,0.0
2013-04-05 03:03:00,1.4210854715202004e-14
2013-04-05 03:04:00,2.1316282072803006e-14
2013-04-05 03:05:00,2.1316282072803006e-14
2013-04-05 03:06:00,3.552713678800501e-14
2013-04-05 03:07:00,3.552713678800501e-14
2013-04-05 03:08:00,7.815970093361102e-14
2013-04-05 03:09:00,9.237055564881302e-14
2013-04-05 03:10:00,4.263256414560601e-14
2013-04-05 03:11:00,5.684341886080802e-14
2013-04-05 03:12:00,4.263256414560601e-14
2013-04-05 03:13:00,4.263256414560601e-14
2013-04-05 03:14:00,3.552713678800501e-14
2013-04-05 03:15:00,1.4210854715202004e-14
2013-04-05 03:16:00,2.842170943040401e-14
2013-04-05 03:17:00,72.11000000005677
2013-04-05 03:18:00,74.11000000005839
2013-04-05 03:19:00,3.552713678800501e-14
2013-04-05 03:20:00,3.552713678800501e-14
2013-04-05 03:21:00,4.263256414560601e-14
2013-04-05 03:22:00,4.263256414560601e-14
2013-04-05 03:23:00,4.973799150320701e-14
2013-04-05 03:24:00,0.0
2013-04-05 03:25:00,7.105427357601002e-14
2013-04-05 03:26:00,3.552713678800501e-14
2013-04-05 03:27:00,59.12000000004659
2013-04-05 03:28:00,92.44000000007277
2013-04-05 03:29:00,93.4400000000736
2013-04-05 03:30:00,0.8900000000007466
2013-04-05 03:31:00,4.263256414560601e-14
2013-04-05 03:32:00,2.842170943040401e-14
2013-04-05 03:33:00,5.684341886080802e-14
2013-04-05 03:34:00,4.689582056016661e-13
2013-04-05 03:35:00,6.252776074688882e-13
2013-04-05 03:36:00,6.252776074688882e-13
2013-04-05 03:37:00,7.673861546209082e-13
2013-04-05 03:38:00,71.88000000005755
2013-04-05 03:39:00,9.220000000008213
2013-04-05 03:40:00,100.44000000007998
2013-04-05 03:41:00,72.12000000005753
2013-04-05 03:42:00,59.33000000004739
2013-04-05 03:43:00,64.33000000005111
2013-04-05 03:44:00,84.89000000006722
2013-04-05 03:45:00,144.25000000011403
2013-04-05 03:46:00,4.689582056016661e-13
2013-04-05 03:47:00,4.121147867408581e-13
2013-04-05 03:48:00,4.405364961712621e-13
2013-04-05 03:49:00,4.121147867408581e-13
2013-04-05 03:50:00,4.405364961712621e-13
2013-04-05 03:51:00,4.689582056016661e-13
2013-04-05 03:52:00,4.263256414560601e-13
2013-04-05 03:53:00,4.547473508864641e-13
2013-04-05 03:54:00,64.56000000005129
2013-04-05 03:55:00,125.78000000009948
2013-04-05 03:56:00,77.62000000006155
2013-04-05 03:57:00,127.67000000010106
2013-04-05 03:58:00,5.542233338928781e-13
2013-04-05 03:59:00,21.670000000017566
2013-04-05 04:00:00,89.75000000007066
2013-04-05 04:01:00,127.44000000010033
2013-04-05 04:02:00,88.56000000006958
2013-04-05 04:03:00,94.33000000007411
2013-04-05 04:04:00,30.250000000023448
2013-04-05 04:05:00,63.33000000004944
2013-04-05 04:06:00,63.220000000049424
2013-04-05 04:07:00,142.38000000011164
2013-04-05 04:08:00,54.67000000004265
2013-04-05 04:09:00,92.56000000007242
2013-04-05 04:10:00,62.670000000049356
2013-04-05 04:11:00,0.12000000000012534
2013-04-05 04:12:00,63.44000000004996
2013-04-05 04:13:00,7.815970093361102e-14
2013-04-05 04:14:00,2.1316282072803006e-14
2013-04-05 04:15:00,2.842170943040401e-14
2013-04-05 04:16:00,118.33000000009316
2013-04-05 04:17:00,106.44000000008383
2013-04-05 04:18:00,127.22000000010016
2013-04-05 04:19:00,33.620000000026515
2013-04-05 04:20:00,125.22000000009864
2013-04-05 04:21:00,74.6700000000588
2013-04-05 04:22:00,63.67000000005015
2013-04-05 04:23:00,7.105427357601002e-14
2013-04-05 04:24:00,3.552713678800501e-14
2013-04-05 04:25:00,3.552713678800501e-14
2013-04-05 04:26:00,72.1200000000568
2013-04-05 04:27:00,63.330000000049864
2013-04-05 04:28:00,105.67000000008319
2013-04-05 04:29:00,120.1100000000946
2013-04-05 04:30:00,102.75000000008089
2013-04-05 04:31:00,63.330000000049886
2013-04-05 04:32:00,2.842170943040401e-14
2013-04-05 04:33:00,7.105427357601002e-15
2013-04-05 04:34:00,1.4210854715202004e-14
2013-04-05 04:35:00,63.67000000004997
2013-04-05 04:36:00,118.89000000009321
2013-04-05 04:37:00,143.12000000011227
2013-04-05 04:38:00,116.89000000009165
2013-04-05 04:39:00,64.00000000005
2013-04-05 04:40:00,2.8900000000018338
2013-04-05 04:41:00,0.0
2013-04-05 04:42:00,0.0
2013-04-05 04:43:00,0.0
2013-04-05 04:44:00,117.12000000009175
2013-04-05 04:45:00,91.56000000007168
2013-04-05 04:46:00,91.33000000007152
2013-04-05 04:47:00,123.3300000000967
2013-04-05 04:48:00,69.88000000005457
2013-04-05 04:49:00,127.67000000010006
2013-04-05 04:50:00,563.1100000004429
2013-04-05 04:51:00,565.8800000004451
2013-04-05 04:52:00,568.5600000004472
2013-04-05 04:53:00,567.000000000446
2013-04-05 04:54:00,567.5600000004462
2013-04-05 04:55:00,566.4400000004455
2013-04-05 04:56:00,568.250000000447
2013-04-05 04:57:00,523.780000000412
2013-04-05 04:58:00,564.1100000004438
2013-04-05 04:59:00,564.1100000004437
2013-04-05 05:00:00,522.0000000004103
2013-04-05 05:01:00,560.3300000004406
2013-04-05 05:02:00,524.3300000004123
2013-04-05 05:03:00,504.22000000039657
2013-04-05 05:04:00,522.3800000004109
2013-04-05 05:05:00,503.67000000039616
2013-04-05 05:06:00,567.2200000004465
2013-04-05 05:07:00,527.2200000004151
2013-04-05 05:08:00,527.8800000004155
2013-04-05 05:09:00,576.1100000004535
2013-04-05 05:10:00,534.2200000004207
2013-04-05 05:11:00,209.25000000016473
2013-04-05 05:12:00,159.4400000001255
2013-04-05 05:13:00,386.6700000003044
2013-04-05 05:14:00,579.7800000004564
2013-04-05 05:15:00,508.00000000039984
2013-04-05 05:16:00,537.6700000004233
2013-04-05 05:17:00,584.7800000004602
2013-04-05 05:18:00,564.2200000004441
2013-04-05 05:19:00,143.75000000011318
2013-04-05 05:20:00,127.8900000001007
2013-04-05 05:21:00,436.5600000003437
2013-04-05 05:22:00,540.4400000004256
2013-04-05 05:23:00,508.0000000003998
2013-04-05 05:24:00,475.0000000003739
2013-04-05 05:25:00,192.00000000015115
2013-04-05 05:26:00,196.50000000015467
2013-04-05 05:27:00,282.11000000022216
2013-04-05 05:28:00,524.4400000004129
2013-04-05 05:29:00,464.3300000003655
2013-04-05 05:30:00,520.5000000004097
2013-04-05 05:31:00,334.3300000002635
2013-04-05 05:32:00,129.89000000010287
2013-04-05 05:33:00,330.11000000026047
2013-04-05 05:34:00,563.6200000004444
2013-04-05 05:35:00,560.6700000004421
2013-04-05 05:36:00,253.22000000020012
2013-04-05 05:37:00,229.78000000018153
2013-04-05 05:38:00,380.5000000003002
2013-04-05 05:39:00,553.6700000004364
2013-04-05 05:40:00,253.22000000019995
2013-04-05 05:41:00,286.0000000002258
2013-04-05 05:42:00,308.2200000002433
2013-04-05 05:43:00,253.67000000020025
2013-04-05 05:44:00,253.1100000001998
2013-04-05 05:45:00,312.25000000024636
2013-04-05 05:46:00,188.33000000014894
2013-04-05 05:47:00,251.33000000019837
2013-04-05 05:48:00,170.12000000013447
2013-04-05 05:49:00,204.33000000016136
2013-04-05 05:50:00,153.56000000012136
2013-04-05 05:51:00,125.7800000000996
2013-04-05 05:52:00,141.00000000011164
2013-04-05 05:53:00,63.00000000005022
2013-04-05 05:54:00,125.11000000009919
2013-04-05 05:55:00,141.7500000001124
2013-04-05 05:56:00,122.1100000000969
2013-04-05 05:57:00,27.780000000022767
2013-04-05 05:58:00,53.89000000004148
2013-04-05 05:59:00,0.0
2013-04-05 06:00:00,0.0
2013-04-05 06:01:00,0.0
2013-04-05 06:02:00,0.0
2013-04-05 06:03:00,0.0
2013-04-05 06:04:00,0.0
2013-04-05 06:05:00,0.0
2013-04-05 06:06:00,4.547473508864641e-12
2013-04-05 06:07:00,9.094947017729282e-12
2013-04-05 06:08:00,9.777068044058979e-12
2013-04-05 06:09:00,4.547473508864641e-12
2013-04-05 06:10:00,0.0
2013-04-05 06:11:00,0.0
2013-04-05 06:12:00,0.0
2013-04-05 06:13:00,0.0
2013-04-05 06:14:00,0.0
2013-04-05 06:15:00,0.0
2013-04-05 06:16:00,0.0
2013-04-05 06:17:00,0.0
2013-04-05 06:18:00,0.0
2013-04-05 06:19:00,0.0
2013-04-05 06:20:00,0.0
2013-04-05 06:21:00,0.0
2013-04-05 06:22:00,0.0
2013-04-05 06:23:00,0.0
2013-04-05 06:24:00,0.0
2013-04-05 06:25:00,0.0
2013-04-05 06:26:00,0.0
2013-04-05 06:27:00,0.0
2013-04-05 06:28:00,0.0
2013-04-05 06:29:00,0.0
2013-04-05 06:30:00,0.0
2013-04-05 06:31:00,0.0
2013-04-05 06:32:00,0.0
2013-04-05 06:33:00,0.0
2013-04-05 06:34:00,0.0
2013-04-05 06:35:00,0.0
2013-04-05 06:36:00,0.0
2013-04-05 06:37:00,0.0
2013-04-05 06:38:00,0.0
2013-04-05 06:39:00,0.0
2013-04-05 06:40:00,0.0
2013-04-05 06:41:00,0.0
2013-04-05 06:42:00,0.0
2013-04-05 06:43:00,0.0
2013-04-05 06:44:00,0.0
2013-04-05 06:45:00,0.0
2013-04-05 06:46:00,0.0
2013-04-05 06:47:00,1.9895196601282805e-13
2013-04-05 06:48:00,1.9895196601282805e-13
2013-04-05 06:49:00,0.0
2013-04-05 06:50:00,0.0
2013-04-05 06:51:00,0.0
2013-04-05 06:52:00,0.0
2013-04-05 06:53:00,0.0
2013-04-05 06:54:00,0.0
2013-04-05 06:55:00,0.0
2013-04-05 06:56:00,0.0
2013-04-05 06:57:00,0.0
2013-04-05 06:58:00,0.0
2013-04-05 06:59:00,0.0
2013-04-05 07:00:00,0.0
2013-04-05 07:01:00,0.0
2013-04-05 07:02:00,0.0
2013-04-05 07:03:00,0.0
2013-04-05 07:04:00,0.0
2013-04-05 07:05:00,0.0
2013-04-05 07:06:00,0.0
2013-04-05 07:07:00,0.0
2013-04-05 07:08:00,0.0
2013-04-05 07:09:00,0.0
2013-04-05 07:10:00,0.0
2013-04-05 07:11:00,0.0
2013-04-05 07:12:00,0.0
2013-04-05 07:13:00,0.0
2013-04-05 07:14:00,0.0
2013-04-05 07:15:00,0.0
2013-04-05 07:16:00,0.0
2013-04-05 07:17:00,0.0
2013-04-05 07:18:00,0.0
2013-04-05 07:19:00,0.0
2013-04-05 07:20:00,1.1368683772161603e-13
2013-04-05 07:21:00,1.4210854715202004e-13
2013-04-05 07:22:00,2.2737367544323206e-13
2013-04-05 07:23:00,0.0
2013-04-05 07:24:00,0.0
2013-04-05 07:25:00,1.928732260844606e-48
2013-04-05 07:26:00,8.526512829121202e-14
2013-04-05 07:27:00,1.1368683772161603e-13
2013-04-05 07:28:00,5.684341886080802e-14
2013-04-05 07:29:00,1.4210854715202004e-13
2013-04-05 07:30:00,1.7053025658242404e-13
2013-04-05 07:31:00,2.842170943040401e-14
2013-04-05 07:32:00,8.300003430450183e-49
2013-04-05 07:33:00,0.0
2013-04-05 07:34:00,0.0
2013-04-05 07:35:00,0.0
2013-04-05 07:36:00,0.0
2013-04-05 07:37:00,0.0
2013-04-05 07:38:00,0.0
2013-04-05 07:39:00,0.0
2013-04-05 07:40:00,0.0
2013-04-05 07:41:00,0.0
2013-04-05 07:42:00,0.0
2013-04-05 07:43:00,0.0
2013-04-05 07:44:00,0.0
2013-04-05 07:45:00,0.0
2013-04-05 07:46:00,0.0
2013-04-05 07:47:00,0.0
2013-04-05 07:48:00,0.0
2013-04-05 07:49:00,0.0
2013-04-05 07:50:00,0.0
2013-04-05 07:51:00,0.0
2013-04-05 07:52:00,0.0
2013-04-05 07:53:00,0.0
2013-04-05 07:54:00,0.0
2013-04-05 07:55:00,0.0
2013-04-05 07:56:00,0.0
2013-04-05 07:57:00,0.0
2013-04-05 07:58:00,0.0
2013-04-05 07:59:00,0.0
2013-04-05 08:00:00,0.0
2013-04-05 08:01:00,0.0
2013-04-05 08:02:00,0.0
2013-04-05 08:03:00,0.0
2013-04-05 08:04:00,0.0
2013-04-05 08:05:00,0.0
2013-04-05 08:06:00,0.0
2013-04-05 08:07:00,0.0
2013-04-05 08:08:00,0.0
2013-04-05 08:09:00,0.0
2013-04-05 08:10:00,0.0
2013-04-05 08:11:00,0.0
2013-04-05 08:12:00,0.0
2013-04-05 08:13:00,0.0
2013-04-05 08:14:00,0.0
2013-04-05 08:15:00,0.0
2013-04-05 08:16:00,0.0
2013-04-05 08:17:00,0.0
2013-04-05 08:18:00,0.0
2013-04-05 08:19:00,0.0
2013-04-05 08:20:00,0.0
2013-04-05 08:21:00,0.0
2013-04-05 08:22:00,0.0
2013-04-05 08:23:00,0.0
2013-04-05 08:24:00,0.0
2013-04-05 08:25:00,0.0
2013-04-05 08:26:00,0.0
2013-04-05 08:27:00,2.2737367544323206e-13
2013-04-05 08:28:00,2.5579538487363607e-13
2013-04-05 08:29:00,1.7053025658242404e-13
2013-04-05 08:30:00,1.1368683772161603e-13
2013-04-05 08:31:00,2.2737367544323206e-13
2013-04-05 08:32:00,2.5579538487363607e-13
2013-04-05 08:33:00,2.2737367544323206e-13
2013-04-05 08:34:00,1.7053025658242404e-13
2013-04-05 08:35:00,1.4210854715202004e-13
2013-04-05 08:36:00,1.4210854715202004e-13
2013-04-05 08:37:00,2.8421709430404007e-13
2013-04-05 08:38:00,2.2737367544323206e-13
2013-04-05 08:39:00,2.5946673603614822e-52
2013-04-05 08:40:00,0.0
2013-04-05 08:41:00,0.0
2013-04-05 08:42:00,0.0
2013-04-05 08:43:00,0.0
2013-04-05 08:44:00,0.0
2013-04-05 08:45:00,0.0
2013-04-05 08:46:00,0.0
2013-04-05 08:47:00,0.0
2013-04-05 08:48:00,0.0
2013-04-05 08:49:00,0.0
2013-04-05 08:50:00,0.0
2013-04-05 08:51:00,0.0
2013-04-05 08:52:00,0.0
2013-04-05 08:53:00,0.0
2013-04-05 08:54:00,0.0
2013-04-05 08:55:00,0.0
2013-04-05 08:56:00,0.0
2013-04-05 08:57:00,0.0
2013-04-05 08:58:00,0.0
2013-04-05 08:59:00,0.0
2013-04-05 09:00:00,0.0
2013-04-05 09:01:00,0.0
2013-04-05 09:02:00,0.0
2013-04-05 09:03:00,0.10999999999961574
2013-04-05 09:04:00,0.0
2013-04-05 09:05:00,0.0
2013-04-05 09:06:00,0.0
2013-04-05 09:07:00,0.0
2013-04-05 09:08:00,2.842170943040401e-14
2013-04-05 09:09:00,6.993268992520433e-54
2013-04-05 09:10:00,6.19964542415926e-54
2013-04-05 09:11:00,5.49608536814574e-54
2013-04-05 09:12:00,1.4210854715202004e-13
2013-04-05 09:13:00,5.684341886080802e-14
2013-04-05 09:14:00,3.829246501804827e-54
2013-04-05 09:15:00,2.842170943040401e-14
2013-04-05 09:16:00,0.0
2013-04-05 09:17:00,0.0
2013-04-05 09:18:00,2.3651560320601703e-54
2013-04-05 09:19:00,8.526512829121202e-14
2013-04-05 09:20:00,1.8588015812191077e-54
2013-04-05 09:21:00,0.0
2013-04-05 09:22:00,1.460852168528201e-54
2013-04-05 09:23:00,2.842170943040401e-14
2013-04-05 09:24:00,0.0
2013-04-05 09:25:00,2.842170943040401e-14
2013-04-05 09:26:00,1.1368683772161603e-13
2013-04-05 09:27:00,7.999067477561016e-55
2013-04-05 09:28:00,0.0
2013-04-05 09:29:00,0.0
2013-04-05 09:30:00,0.0
2013-04-05 09:31:00,4.940669838437591e-55
2013-04-05 09:32:00,0.0
2013-04-05 09:33:00,5.684341886080802e-14
2013-04-05 09:34:00,5.684341886080802e-14
2013-04-05 09:35:00,3.0516330210893304e-55
2013-04-05 09:36:00,0.0
2013-04-05 09:37:00,5.684341886080802e-14
2013-04-05 09:38:00,2.842170943040401e-14
2013-04-05 09:39:00,5.684341886080802e-14
2013-04-05 09:40:00,1.4210854715202004e-13
2013-04-05 09:41:00,5.684341886080802e-14
2013-04-05 09:42:00,0.0
2013-04-05 09:43:00,1.1641937165208468e-55
2013-04-05 09:44:00,2.842170943040401e-14
2013-04-05 09:45:00,0.0
2013-04-05 09:46:00,8.526512829121202e-14
2013-04-05 09:47:00,1.4210854715202004e-13
2013-04-05 09:48:00,6.374679311175642e-56
2013-04-05 09:49:00,0.0
2013-04-05 09:50:00,0.0
2013-04-05 09:51:00,0.0
2013-04-05 09:52:00,0.0
2013-04-05 09:53:00,0.0
2013-04-05 09:54:00,0.0
2013-04-05 09:55:00,0.0
2013-04-05 09:56:00,0.0
2013-04-05 09:57:00,0.0
2013-04-05 09:58:00,0.0
2013-04-05 09:59:00,0.0
2013-04-05 10:00:00,1.5020962423291594e-56
2013-04-05 10:01:00,5.684341886080802e-14
2013-04-05 10:02:00,1.1368683772161603e-13
2013-04-05 10:03:00,1.7053025658242404e-13
2013-04-05 10:04:00,1.9895196601282805e-13
2013-04-05 10:05:00,3.410605131648481e-13
2013-04-05 10:06:00,3.126388037344441e-13
2013-04-05 10:07:00,1.9895196601282805e-13
2013-04-05 10:08:00,1.4210854715202004e-13
2013-04-05 10:09:00,1.1368683772161603e-13
2013-04-05 10:10:00,4.5036428365794166e-57
2013-04-05 10:11:00,3.992551799982207e-57
2013-04-05 10:12:00,0.0
2013-04-05 10:13:00,3.137789430510316e-57
2013-04-05 10:14:00,0.0
2013-04-05 10:15:00,0.0
2013-04-05 10:16:00,0.0
2013-04-05 10:17:00,1.9380736119777696e-57
2013-04-05 10:18:00,1.4210854715202004e-13
2013-04-05 10:19:00,8.526512829121202e-14
2013-04-05 10:20:00,0.0
2013-04-05 10:21:00,0.0
2013-04-05 10:22:00,1.1368683772161603e-13
2013-04-05 10:23:00,0.0
2013-04-05 10:24:00,0.0
2013-04-05 10:25:00,5.684341886080802e-14
2013-04-05 10:26:00,8.526512829121202e-14
2013-04-05 10:27:00,2.842170943040401e-14
2013-04-05 10:28:00,0.0
2013-04-05 10:29:00,8.526512829121202e-14
2013-04-05 10:30:00,1.1368683772161603e-13
2013-04-05 10:31:00,2.842170943040401e-14
2013-04-05 10:32:00,3.1817755544054916e-58
2013-04-05 10:33:00,0.0
2013-04-05 10:34:00,1.9895196601282805e-13
2013-04-05 10:35:00,1.4210854715202004e-13
2013-04-05 10:36:00,1.9895196601282805e-13
2013-04-05 10:37:00,2.2737367544323206e-13
2013-04-05 10:38:00,2.2737367544323206e-13
2013-04-05 10:39:00,1.1368683772161603e-13
2013-04-05 10:40:00,5.684341886080802e-14
2013-04-05 10:41:00,5.684341886080802e-14
2013-04-05 10:42:00,5.684341886080802e-14
2013-04-05 10:43:00,2.842170943040401e-14
2013-04-05 10:44:00,0.0
2013-04-05 10:45:00,0.0
2013-04-05 10:46:00,8.526512829121202e-14
2013-04-05 10:47:00,5.223586769896384e-59
2013-04-05 10:48:00,0.0
2013-04-05 10:49:00,0.0
2013-04-05 10:50:00,5.684341886080802e-14
2013-04-05 10:51:00,1.1368683772161603e-13
2013-04-05 10:52:00,0.0
2013-04-05 10:53:00,5.684341886080802e-14
2013-04-05 10:54:00,8.526512829121202e-14
2013-04-05 10:55:00,1.1368683772161603e-13
2013-04-05 10:56:00,0.0
2013-04-05 10:57:00,0.0
2013-04-05 10:58:00,0.0
2013-04-05 10:59:00,0.0
2013-04-05 11:00:00,0.0
2013-04-05 11:01:00,0.0
2013-04-05 11:02:00,0.0
2013-04-05 11:03:00,0.0
2013-04-05 11:04:00,0.0
2013-04-05 11:05:00,0.0
2013-04-05 11:06:00,0.0
2013-04-05 11:07:00,0.0
2013-04-05 11:08:00,0.0
2013-04-05 11:09:00,0.0
2013-04-05 11:10:00,0.0
2013-04-05 11:11:00,0.0
2013-04-05 11:12:00,0.0
2013-04-05 11:13:00,0.0
2013-04-05 11:14:00,0.0
2013-04-05 11:15:00,0.0
2013-04-05 11:16:00,0.0
2013-04-05 11:17:00,0.0
2013-04-05 11:18:00,0.0
2013-04-05 11:19:00,0.0
2013-04-05 11:20:00,0.0
2013-04-05 11:21:00,0.0
2013-04-05 11:22:00,0.0
2013-04-05 11:23:00,0.0
2013-04-05 11:24:00,0.0
2013-04-05 11:25:00,0.0
2013-04-05 11:26:00,0.0
2013-04-05 11:27:00,0.0
2013-04-05 11:28:00,0.0
2013-04-05 11:29:00,0.0
2013-04-05 11:30:00,0.0
2013-04-05 11:31:00,0.0
2013-04-05 11:32:00,0.0
2013-04-05 11:33:00,0.0
2013-04-05 11:34:00,0.0
2013-04-05 11:35:00,0.0
2013-04-05 11:36:00,0.0
2013-04-05 11:37:00,0.0
2013-04-05 11:38:00,0.0
2013-04-05 11:39:00,0.0
2013-04-05 11:40:00,0.0
2013-04-05 11:41:00,0.0
2013-04-05 11:42:00,0.0
2013-04-05 11:43:00,0.0
2013-04-05 11:44:00,0.0
2013-04-05 11:45:00,0.0
2013-04-05 11:46:00,0.0
2013-04-05 11:47:00,0.0
2013-04-05 11:48:00,0.0
2013-04-05 11:49:00,0.0
2013-04-05 11:50:00,0.0
2013-04-05 11:51:00,0.0
2013-04-05 11:52:00,0.0
2013-04-05 11:53:00,0.0
2013-04-05 11:54:00,0.0
2013-04-05 11:55:00,0.0
2013-04-05 11:56:00,0.0
2013-04-05 11:57:00,0.0
2013-04-05 11:58:00,0.0
2013-04-05 11:59:00,0.0
2013-04-05 12:00:00,0.0
2013-04-05 12:01:00,0.0
2013-04-05 12:02:00,0.0
2013-04-05 12:03:00,0.0
2013-04-05 12:04:00,0.0
2013-04-05 12:05:00,0.0
2013-04-05 12:06:00,0.0
2013-04-05 12:07:00,0.0
2013-04-05 12:08:00,0.0
2013-04-05 12:09:00,0.0
2013-04-05 12:10:00,0.0
2013-04-05 12:11:00,0.0
2013-04-05 12:12:00,0.0
2013-04-05 12:13:00,0.0
2013-04-05 12:14:00,0.0
2013-04-05 12:15:00,0.0
2013-04-05 12:16:00,0.0
2013-04-05 12:17:00,0.0
2013-04-05 12:18:00,0.0
2013-04-05 12:19:00,0.0
2013-04-05 12:20:00,0.0
2013-04-05 12:21:00,0.0
2013-04-05 12:22:00,0.0
2013-04-05 12:23:00,0.0
2013-04-05 12:24:00,0.0
2013-04-05 12:25:00,0.0
2013-04-05 12:26:00,0.0
2013-04-05 12:27:00,0.0
2013-04-05 12:28:00,0.0
2013-04-05 12:29:00,0.0
2013-04-05 12:30:00,0.0
2013-04-05 12:31:00,0.0
2013-04-05 12:32:00,0.0
2013-04-05 12:33:00,0.0
2013-04-05 12:34:00,0.0
2013-04-05 12:35:00,0.0
2013-04-05 12:36:00,0.0
2013-04-05 12:37:00,0.0
2013-04-05 12:38:00,0.0
2013-04-05 12:39:00,0.0
2013-04-05 12:40:00,0.0
2013-04-05 12:41:00,0.0
2013-04-05 12:42:00,0.0
2013-04-05 12:43:00,0.0
2013-04-05 12:44:00,0.0
2013-04-05 12:45:00,0.0
2013-04-05 12:46:00,0.0
2013-04-05 12:47:00,0.0
2013-04-05 12:48:00,0.0
2013-04-05 12:49:00,0.0
2013-04-05 12:50:00,0.0
2013-04-05 12:51:00,0.0
2013-04-05 12:52:00,0.0
2013-04-05 12:53:00,0.0
2013-04-05 12:54:00,0.0
2013-04-05 12:55:00,0.0
2013-04-05 12:56:00,0.0
2013-04-05 12:57:00,0.0
2013-04-05 12:58:00,0.0
2013-04-05 12:59:00,0.0
2013-04-05 13:00:00,0.0
2013-04-05 13:01:00,0.0
2013-04-05 13:02:00,0.0
2013-04-05 13:03:00,0.0
2013-04-05 13:04:00,0.0
2013-04-05 13:05:00,0.0
2013-04-05 13:06:00,0.0
2013-04-05 13:07:00,0.0
2013-04-05 13:08:00,0.0
2013-04-05 13:09:00,0.0
2013-04-05 13:10:00,0.0
2013-04-05 13:11:00,0.0
2013-04-05 13:12:00,0.0
2013-04-05 13:13:00,0.0
2013-04-05 13:14:00,0.0
2013-04-05 13:15:00,0.0
2013-04-05 13:16:00,0.0
2013-04-05 13:17:00,0.0
2013-04-05 13:18:00,0.0
2013-04-05 13:19:00,0.0
2013-04-05 13:20:00,0.0
2013-04-05 13:21:00,0.0
2013-04-05 13:22:00,0.0
2013-04-05 13:23:00,0.0
2013-04-05 13:24:00,0.0
2013-04-05 13:25:00,0.0
2013-04-05 13:26:00,0.0
2013-04-05 13:27:00,0.0
2013-04-05 13:28:00,0.0
2013-04-05 13:29:00,0.0
2013-04-05 13:30:00,0.0
2013-04-05 13:31:00,0.0
2013-04-05 13:32:00,0.0
2013-04-05 13:33:00,0.0
2013-04-05 13:34:00,0.0
2013-04-05 13:35:00,0.0
2013-04-05 13:36:00,0.0
2013-04-05 13:37:00,0.0
2013-04-05 13:38:00,0.0
2013-04-05 13:39:00,0.0
2013-04-05 13:40:00,0.0
2013-04-05 13:41:00,0.0
2013-04-05 13:42:00,0.0
2013-04-05 13:43:00,0.0
2013-04-05 13:44:00,0.0
2013-04-05 13:45:00,0.0
2013-04-05 13:46:00,0.0
2013-04-05 13:47:00,0.0
2013-04-05 13:48:00,0.0
2013-04-05 13:49:00,0.0
2013-04-05 13:50:00,0.0
2013-04-05 13:51:00,0.0
2013-04-05 13:52:00,0.0
2013-04-05 13:53:00,0.0
2013-04-05 13:54:00,0.0
2013-04-05 13:55:00,0.0
2013-04-05 13:56:00,0.0
2013-04-05 13:57:00,0.0
2013-04-05 13:58:00,0.0
2013-04-05 13:59:00,0.0
2013-04-05 14:00:00,0.0
2013-04-05 14:01:00,0.0
2013-04-05 14:02:00,0.0
2013-04-05 14:03:00,0.0
2013-04-05 14:04:00,0.0
2013-04-05 14:05:00,0.0
2013-04-05 14:06:00,0.0
2013-04-05 14:07:00,0.0
2013-04-05 14:08:00,0.0
2013-04-05 14:09:00,0.0
2013-04-05 14:10:00,0.0
2013-04-05 14:11:00,0.0
2013-04-05 14:12:00,0.0
2013-04-05 14:13:00,0.0
2013-04-05 14:14:00,0.0
2013-04-05 14:15:00,0.0
2013-04-05 14:16:00,0.0
2013-04-05 14:17:00,0.0
2013-04-05 14:18:00,0.0
2013-04-05 14:19:00,0.0
2013-04-05 14:20:00,0.0
2013-04-05 14:21:00,0.0
2013-04-05 14:22:00,0.0
2013-04-05 14:23:00,0.0
2013-04-05 14:24:00,0.0
2013-04-05 14:25:00,0.0
2013-04-05 14:26:00,0.0
2013-04-05 14:27:00,0.0
2013-04-05 14:28:00,0.0
2013-04-05 14:29:00,0.0
2013-04-05 14:30:00,0.0
2013-04-05 14:31:00,0.0
2013-04-05 14:32:00,0.0
2013-04-05 14:33:00,0.0
2013-04-05 14:34:00,0.0
2013-04-05 14:35:00,0.0
2013-04-05 14:36:00,0.0
2013-04-05 14:37:00,0.0
2013-04-05 14:38:00,0.0
2013-04-05 14:39:00,0.0
2013-04-05 14:40:00,0.0
2013-04-05 14:41:00,0.0
2013-04-05 14:42:00,0.0
2013-04-05 14:43:00,0.0
2013-04-05 14:44:00,0.0
2013-04-05 14:45:00,0.0
2013-04-05 14:46:00,0.0
2013-04-05 14:47:00,0.0
2013-04-05 14:48:00,0.0
2013-04-05 14:49:00,0.0
2013-04-05 14:50:00,0.0
2013-04-05 14:51:00,0.0
2013-04-05 14:52:00,0.0
2013-04-05 14:53:00,0.0
2013-04-05 14:54:00,0.0
2013-04-05 14:55:00,0.0
2013-04-05 14:56:00,0.0
2013-04-05 14:57:00,0.0
2013-04-05 14:58:00,0.0
2013-04-05 14:59:00,0.0
2013-04-05 15:00:00,0.0
2013-04-05 15:01:00,0.0
2013-04-05 15:02:00,0.0
2013-04-05 15:03:00,0.0
2013-04-05 15:04:00,0.0
2013-04-05 15:05:00,0.0
2013-04-05 15:06:00,0.0
2013-04-05 15:07:00,0.0
2013-04-05 15:08:00,0.0
2013-04-05 15:09:00,0.0
2013-04-05 15:10:00,0.0
2013-04-05 15:11:00,0.0
2013-04-05 15:12:00,0.0
2013-04-05 15:13:00,0.0
2013-04-05 15:14:00,0.0
2013-04-05 15:15:00,0.0
2013-04-05 15:16:00,0.0
2013-04-05 15:17:00,0.0
2013-04-05 15:18:00,0.0
2013-04-05 15:19:00,0.0
2013-04-05 15:20:00,0.0
2013-04-05 15:21:00,0.0
2013-04-05 15:22:00,0.0
2013-04-05 15:23:00,0.0
2013-04-05 15:24:00,0.0
2013-04-05 15:25:00,0.0
2013-04-05 15:26:00,0.0
2013-04-05 15:27:00,0.0
2013-04-05 15:28:00,0.0
2013-04-05 15:29:00,0.0
2013-04-05 15:30:00,0.0
2013-04-05 15:31:00,0.0
2013-04-05 15:32:00,1.4210854715202004e-13
2013-04-05 15:33:00,1.9895196601282805e-13
2013-04-05 15:34:00,2.5579538487363607e-13
2013-04-05 15:35:00,1.9895196601282805e-13
2013-04-05 15:36:00,2.2737367544323206e-13
2013-04-05 15:37:00,1.1368683772161603e-13
2013-04-05 15:38:00,8.526512829121202e-14
2013-04-05 15:39:00,1.1368683772161603e-13
2013-04-05 15:40:00,2.4555452092586743e-74
2013-04-05 15:41:00,1.9895196601282805e-13
2013-04-05 15:42:00,8.526512829121202e-14
2013-04-05 15:43:00,8.526512829121202e-14
2013-04-05 15:44:00,5.684341886080802e-14
2013-04-05 15:45:00,1.7053025658242404e-13
2013-04-05 15:46:00,1.4210854715202004e-13
2013-04-05 15:47:00,5.684341886080802e-14
2013-04-05 15:48:00,1.9895196601282805e-13
2013-04-05 15:49:00,1.1368683772161603e-13
2013-04-05 15:50:00,8.526512829121202e-14
2013-04-05 15:51:00,8.526512829121202e-14
2013-04-05 15:52:00,2.842170943040401e-14
2013-04-05 15:53:00,2.842170943040401e-14
2013-04-05 15:54:00,1.7053025658242404e-13
2013-04-05 15:55:00,8.526512829121202e-14
2013-04-05 15:56:00,0.0
2013-04-05 15:57:00,1.1368683772161603e-13
2013-04-05 15:58:00,0.0
2013-04-05 15:59:00,5.684341886080802e-14
2013-04-05 16:00:00,1.4210854715202004e-13
2013-04-05 16:01:00,0.0
2013-04-05 16:02:00,0.0
2013-04-05 16:03:00,0.0
2013-04-05 16:04:00,0.0
2013-04-05 16:05:00,0.0
2013-04-05 16:06:00,0.0
2013-04-05 16:07:00,0.0
2013-04-05 16:08:00,0.0
2013-04-05 16:09:00,0.0
2013-04-05 16:10:00,0.0
2013-04-05 16:11:00,0.0
2013-04-05 16:12:00,1.1368683772161603e-13
2013-04-05 16:13:00,1.7053025658242404e-13
2013-04-05 16:14:00,1.7053025658242404e-13
2013-04-05 16:15:00,4.547473508864641e-13
2013-04-05 16:16:00,0.0
2013-04-05 16:17:00,2.848084080687928e-76
2013-04-05 16:18:00,5.684341886080802e-14
2013-04-05 16:19:00,1.1368683772161603e-13
2013-04-05 16:20:00,0.0
2013-04-05 16:21:00,0.0
2013-04-05 16:22:00,0.0
2013-04-05 16:23:00,0.0
2013-04-05 16:24:00,0.0
2013-04-05 16:25:00,0.0
2013-04-05 16:26:00,0.0
2013-04-05 16:27:00,0.0
2013-04-05 16:28:00,0.0
2013-04-05 16:29:00,0.0
2013-04-05 16:30:00,0.0
2013-04-05 16:31:00,0.0
2013-04-05 16:32:00,0.0
2013-04-05 16:33:00,0.0
2013-04-05 16:34:00,0.0
2013-04-05 16:35:00,0.0
2013-04-05 16:36:00,0.0
2013-04-05 16:37:00,0.0
2013-04-05 16:38:00,0.0
2013-04-05 16:39:00,0.0
2013-04-05 16:40:00,0.0
2013-04-05 16:41:00,0.0
2013-04-05 16:42:00,0.0
2013-04-05 16:43:00,4.973799150320701e-13
2013-04-05 16:44:00,3.836930773104541e-13
2013-04-05 16:45:00,0.0
2013-04-05 16:46:00,0.0
2013-04-05 16:47:00,0.0
2013-04-05 16:48:00,0.0
2013-04-05 16:49:00,0.0
2013-04-05 16:50:00,0.0
2013-04-05 16:51:00,0.0
2013-04-05 16:52:00,0.0
2013-04-05 16:53:00,0.0
2013-04-05 16:54:00,0.0
2013-04-05 16:55:00,0.0
2013-04-05 16:56:00,0.0
2013-04-05 16:57:00,0.0
2013-04-05 16:58:00,0.0
2013-04-05 16:59:00,0.0
2013-04-05 17:00:00,0.0
2013-04-05 17:01:00,0.0
2013-04-05 17:02:00,0.0
2013-04-05 17:03:00,0.0
2013-04-05 17:04:00,0.0
2013-04-05 17:05:00,0.0
2013-04-05 17:06:00,0.0
2013-04-05 17:07:00,0.0
2013-04-05 17:08:00,0.0
2013-04-05 17:09:00,0.0
2013-04-05 17:10:00,0.0
2013-04-05 17:11:00,0.0
2013-04-05 17:12:00,0.0
2013-04-05 17:13:00,0.0
2013-04-05 17:14:00,0.0
2013-04-05 17:15:00,0.0
2013-04-05 17:16:00,0.0
2013-04-05 17:17:00,0.0
2013-04-05 17:18:00,0.0
2013-04-05 17:19:00,0.0
2013-04-05 17:20:00,0.0
2013-04-05 17:21:00,0.0
2013-04-05 17:22:00,0.0
2013-04-05 17:23:00,0.0
2013-04-05 17:24:00,0.0
2013-04-05 17:25:00,0.0
2013-04-05 17:26:00,0.0
2013-04-05 17:27:00,6.203204198241468e-80
2013-04-05 17:28:00,5.49924027860006e-80
2013-04-05 17:29:00,0.0
2013-04-05 17:30:00,0.0
2013-04-05 17:31:00,7.105427357601002e-14
2013-04-05 17:32:00,1.0658141036401503e-13
2013-04-05 17:33:00,1.1368683772161603e-13
2013-04-05 17:34:00,1.1368683772161603e-13
2013-04-05 17:35:00,0.0
2013-04-05 17:36:00,0.0
2013-04-05 17:37:00,1.4210854715202004e-13
2013-04-05 17:38:00,1.2789769243681803e-13
2013-04-05 17:39:00,1.2079226507921703e-13
2013-04-05 17:40:00,9.947598300641403e-14
2013-04-05 17:41:00,2.1316282072803006e-14
2013-04-05 17:42:00,2.1316282072803006e-14
2013-04-05 17:43:00,1.4210854715202004e-14
2013-04-05 17:44:00,1.4210854715202004e-14
2013-04-05 17:45:00,0.0
2013-04-05 17:46:00,0.0
2013-04-05 17:47:00,0.0
2013-04-05 17:48:00,0.0
2013-04-05 17:49:00,0.0
2013-04-05 17:50:00,0.0
2013-04-05 17:51:00,0.0
2013-04-05 17:52:00,3.0533847458672567e-81
2013-04-05 17:53:00,0.0
2013-04-05 17:54:00,0.0
2013-04-05 17:55:00,0.0
2013-04-05 17:56:00,0.0
2013-04-05 17:57:00,0.0
2013-04-05 17:58:00,0.0
2013-04-05 17:59:00,0.0
2013-04-05 18:00:00,0.0
2013-04-05 18:01:00,1.4210854715202004e-13
2013-04-05 18:02:00,3.410605131648481e-13
2013-04-05 18:03:00,3.979039320256561e-13
2013-04-05 18:04:00,0.0
2013-04-05 18:05:00,8.526512829121202e-14
2013-04-05 18:06:00,5.115907697472721e-13
2013-04-05 18:07:00,1.1368683772161603e-13
2013-04-05 18:08:00,3.979039320256561e-13
2013-04-05 18:09:00,5.684341886080801e-13
2013-04-05 18:10:00,5.684341886080801e-13
2013-04-05 18:11:00,2.2737367544323206e-13
2013-04-05 18:12:00,1.7053025658242404e-13
2013-04-05 18:13:00,1.1368683772161603e-13
2013-04-05 18:14:00,1.1368683772161603e-13
2013-04-05 18:15:00,1.4210854715202004e-13
2013-04-05 18:16:00,1.4210854715202004e-13
2013-04-05 18:17:00,8.526512829121202e-14
2013-04-05 18:18:00,3.694822225952521e-13
2013-04-05 18:19:00,5.400124791776761e-13
2013-04-05 18:20:00,5.968558980384842e-13
2013-04-05 18:21:00,5.684341886080801e-13
2013-04-05 18:22:00,6.252776074688882e-13
2013-04-05 18:23:00,7.673861546209082e-13
2013-04-05 18:24:00,5.684341886080801e-13
2013-04-05 18:25:00,4.263256414560601e-13
2013-04-05 18:26:00,1.1368683772161603e-13
2013-04-05 18:27:00,0.0
2013-04-05 18:28:00,2.8421709430404007e-13
2013-04-05 18:29:00,2.440000000000367
2013-04-05 18:30:00,39.21999999999835
2013-04-05 18:31:00,104.8799999999982
2013-04-05 18:32:00,128.10999999999825
2013-04-05 18:33:00,1672.3799999999962
2013-04-05 18:34:00,1761.6699999999964
2013-04-05 18:35:00,1837.8799999999962
2013-04-05 18:36:00,1906.2499999999961
2013-04-05 18:37:00,1858.7799999999952
2013-04-05 18:38:00,1909.7499999999955
2013-04-05 18:39:00,1921.249999999996
2013-04-05 18:40:00,1902.9999999999964
2013-04-05 18:41:00,1961.2199999999982
2013-04-05 18:42:00,1899.4999999999984
2013-04-05 18:43:00,2100.109999999997
2013-04-05 18:44:00,1910.7499999999957
2013-04-05 18:45:00,1878.9999999999945
2013-04-05 18:46:00,1960.6699999999942
2013-04-05 18:47:00,1898.619999999995
2013-04-05 18:48:00,1892.379999999995
2013-04-05 18:49:00,712.8899999999961
2013-04-05 18:50:00,209.74999999999625
2013-04-05 18:51:00,200.32999999999652
2013-04-05 18:52:00,201.9999999999966
2013-04-05 18:53:00,235.74999999999613
2013-04-05 18:54:00,664.2199999999953
2013-04-05 18:55:00,1872.379999999993
2013-04-05 18:56:00,854.6199999999949
2013-04-05 18:57:00,143.55999999999563
2013-04-05 18:58:00,165.87999999999835
2013-04-05 18:59:00,168.77999999999844
2013-04-05 19:00:00,185.87999999999835
2013-04-05 19:01:00,624.1199999999978
2013-04-05 19:02:00,1541.5599999999968
2013-04-05 19:03:00,183.37999999999846
2013-04-05 19:04:00,204.11999999999858
2013-04-05 19:05:00,128.7799999999985
2013-04-05 19:06:00,183.49999999999835
2013-04-05 19:07:00,130.9999999999984
2013-04-05 19:08:00,1501.9999999999964
2013-04-05 19:09:00,142.32999999999856
2013-04-05 19:10:00,187.11999999999796
2013-04-05 19:11:00,168.66999999999842
2013-04-05 19:12:00,116.49999999999847
2013-04-05 19:13:00,200.11999999999853
2013-04-05 19:14:00,192.74999999999847
2013-04-05 19:15:00,130.43999999999835
2013-04-05 19:16:00,177.74999999999847
2013-04-05 19:17:00,137.66999999999865
2013-04-05 19:18:00,117.24999999999847
2013-04-05 19:19:00,186.37999999999852
2013-04-05 19:20:00,135.9999999999984
2013-04-05 19:21:00,170.7499999999983
2013-04-05 19:22:00,198.61999999999858
2013-04-05 19:23:00,186.49999999999847
2013-04-05 19:24:00,56.10999999999865
2013-04-05 19:25:00,80.10999999999859
2013-04-05 19:26:00,96.11999999999853
2013-04-05 19:27:00,31.669999999998595
2013-04-05 19:28:00,59.219999999998606
2013-04-05 19:29:00,41.999999999999034
2013-04-05 19:30:00,73.21999999999906
2013-04-05 19:31:00,92.55999999999892
2013-04-05 19:32:00,144.74999999999892
2013-04-05 19:33:00,51.77999999999906
2013-04-05 19:34:00,68.21999999999906
2013-04-05 19:35:00,91.1199999999991
2013-04-05 19:36:00,130.55999999999904
2013-04-05 19:37:00,145.8899999999989
2013-04-05 19:38:00,236.6199999999988
2013-04-05 19:39:00,202.66999999999882
2013-04-05 19:40:00,151.4999999999991
2013-04-05 19:41:00,90.6699999999991
2013-04-05 19:42:00,126.32999999999902
2013-04-05 19:43:00,295.32999999999885
2013-04-05 19:44:00,273.6199999999988
2013-04-05 19:45:00,32.77999999999912
2013-04-05 19:46:00,125.55999999999898
