2013-07-01 19:38:00,0.0
2013-07-01 19:39:00,0.0
2013-07-01 19:40:00,0.0
2013-07-01 19:41:00,2.1879834574211108
2013-07-01 19:42:00,20.3545156796486
2013-07-01 19:43:00,7.009425609006079
2013-07-01 19:44:00,0.0
2013-07-01 19:45:00,1.5403084051536765e-05
2013-07-01 19:46:00,0.0
2013-07-01 19:47:00,3.3847994334067234e-11
2013-07-01 19:48:00,0.0
2013-07-01 19:49:00,7.438034594927477e-17
2013-07-01 19:50:00,7.802805347016536e-07
2013-07-01 19:51:00,0.0
2013-07-01 19:52:00,0.0
2013-07-01 19:53:00,0.0
2013-07-01 19:54:00,0.011910811610101006
2013-07-01 19:55:00,0.005563830729888888
2013-07-01 19:56:00,0.0
2013-07-01 19:57:00,1.1646822751438756e-08
2013-07-01 19:58:00,0.0
2013-07-01 19:59:00,0.0
2013-07-01 20:00:00,1.735064252475894e-14
2013-07-01 20:01:00,0.0
2013-07-01 20:02:00,1.1736511493047422e-07
2013-07-01 20:03:00,0.0
2013-07-01 20:04:00,0.0
2013-07-01 20:05:00,0.0
2013-07-01 20:06:00,0.0018264708153231594
2013-07-01 20:07:00,0.0008532094470320229
2013-07-01 20:08:00,0.0
2013-07-01 20:09:00,1.7839283712014571e-09
2013-07-01 20:10:00,0.0
2013-07-01 20:11:00,0.0
2013-07-01 20:12:00,2.6535120019236886e-15
2013-07-01 20:13:00,0.0
2013-07-01 20:14:00,1.8418092562783337e-08
2013-07-01 20:15:00,0.0
2013-07-01 20:16:00,0.0
2013-07-01 20:17:00,0.0
2013-07-01 20:18:00,0.000286794896660814
2013-07-01 20:19:00,0.0001339721657069864
2013-07-01 20:20:00,0.0
2013-07-01 20:21:00,2.801068327749203e-10
2013-07-01 20:22:00,0.0
2013-07-01 20:23:00,0.0
2013-07-01 20:24:00,4.1663078034706743e-16
2013-07-01 20:25:00,0.0
2013-07-01 20:26:00,2.8936620598789754e-09
2013-07-01 20:27:00,0.0
2013-07-01 20:28:00,0.0
2013-07-01 20:29:00,0.0
2013-07-01 20:30:00,4.505892465270401e-05
2013-07-01 20:31:00,2.1048637450843032e-05
2013-07-01 20:32:00,0.0
2013-07-01 20:33:00,4.400811845025317e-11
2013-07-01 20:34:00,0.0
2013-07-01 20:35:00,0.0
2013-07-01 20:36:00,6.54575825873783e-17
2013-07-01 20:37:00,0.0
2013-07-01 20:38:00,4.5463539795364587e-10
2013-07-01 20:39:00,0.0
2013-07-01 20:40:00,0.0
2013-07-01 20:41:00,0.0
2013-07-01 20:42:00,7.0793993867979445e-06
2013-07-01 20:43:00,3.3070409971203005e-06
2013-07-01 20:44:00,0.0
2013-07-01 20:45:00,6.914302632682641e-12
2013-07-01 20:46:00,0.0
2013-07-01 20:47:00,0.0
2013-07-01 20:48:00,1.0284320048662478e-17
2013-07-01 20:49:00,0.0
2013-07-01 20:50:00,7.142972642942138e-11
2013-07-01 20:51:00,0.0
2013-07-01 20:52:00,0.0
2013-07-01 20:53:00,0.0
2013-07-01 20:54:00,1.1122749530514378e-06
2013-07-01 20:55:00,0.6215652799299357
2013-07-01 20:56:00,1.0608154040427937
2013-07-01 20:57:00,0.5590378530733128
2013-07-01 20:58:00,1.0791554693326664
2013-07-01 20:59:00,0.9265972977285384
2013-07-01 21:00:00,0.9713448605789278
2013-07-01 21:01:00,0.46096793183128687
2013-07-01 21:02:00,1.1079208243478362
2013-07-01 21:03:00,0.9181599869296931
2013-07-01 21:04:00,0.9738195538803609
2013-07-01 21:05:00,0.957493669190941
2013-07-01 21:06:00,0.8837254650331899
2013-07-01 21:07:00,0.9014203693633863
2013-07-01 21:08:00,0.8812348765903592
2013-07-01 21:09:00,0.8076837093355522
2013-07-01 21:10:00,0.625400295834535
2013-07-01 21:11:00,1.051805566961203
2013-07-01 21:12:00,0.9895803337111977
2013-07-01 21:13:00,0.5123555346196524
2013-07-01 21:14:00,0.8363373593553709
2013-07-01 21:15:00,0.7164461179164231
2013-07-01 21:16:00,0.77647456490944
2013-07-01 21:17:00,1.0074932221170456
2013-07-01 21:18:00,0.9273896392703331
2013-07-01 21:19:00,0.967548369194554
2013-07-01 21:20:00,0.9569113332858307
2013-07-01 21:21:00,0.7298812834584879
2013-07-01 21:22:00,0.9751520857773825
2013-07-01 21:23:00,0.9479793882388117
2013-07-01 21:24:00,0.888644845659361
2013-07-01 21:25:00,0.8263158649509716
2013-07-01 21:26:00,0.872041545909542
2013-07-01 21:27:00,0.9768156047428777
2013-07-01 21:28:00,0.04745488812880311
2013-07-01 21:29:00,1.2200866601231586
2013-07-01 21:30:00,0.4639645484719308
2013-07-01 21:31:00,0.7256582286611301
2013-07-01 21:32:00,1.0534407715026979
2013-07-01 21:33:00,0.7746184231193011
2013-07-01 21:34:00,0.9995704077785122
2013-07-01 21:35:00,0.7077080251139318
2013-07-01 21:36:00,0.5387235281244577
2013-07-01 21:37:00,1.073013838102285
2013-07-01 21:38:00,0.768154721355737
2013-07-01 21:39:00,1.1182589936737886
2013-07-01 21:40:00,0.6723465690004022
2013-07-01 21:41:00,0.9641368484712614
2013-07-01 21:42:00,0.6751110782764937
2013-07-01 21:43:00,0.866816063936524
2013-07-01 21:44:00,1.0003445684149066
2013-07-01 21:45:00,0.5111414409327711
2013-07-01 21:46:00,0.9898601365560419
2013-07-01 21:47:00,0.9789084006007776
2013-07-01 21:48:00,0.888491717578314
2013-07-01 21:49:00,0.5797857008916651
2013-07-01 21:50:00,0.920764655772244
2013-07-01 21:51:00,0.7480370226825108
2013-07-01 21:52:00,0.9980098475809881
2013-07-01 21:53:00,0.9688378717668525
2013-07-01 21:54:00,0.9321075613250274
2013-07-01 21:55:00,0.31687498721954394
2013-07-01 21:56:00,1.0716366773461945
2013-07-01 21:57:00,0.8829310067067483
2013-07-01 21:58:00,0.7160136694182061
2013-07-01 21:59:00,1.0293310690487798
2013-07-01 22:00:00,0.974567721254715
2013-07-01 22:01:00,0.917033138785478
2013-07-01 22:02:00,0.8540543347688512
2013-07-01 22:03:00,0.5856622479215556
2013-07-01 22:04:00,0.9226777645109244
2013-07-01 22:05:00,0.8431938350285137
2013-07-01 22:06:00,1.06226253518082
2013-07-01 22:07:00,0.7355352289387362
2013-07-01 22:08:00,0.7382801357337118
2013-07-01 22:09:00,0.5456602035072806
2013-07-01 22:10:00,1.042282802480595
2013-07-01 22:11:00,0.6803078108658355
2013-07-01 22:12:00,1.0409411177046208
2013-07-01 22:13:00,0.9393102610628409
2013-07-01 22:14:00,0.24672734346951292
2013-07-01 22:15:00,1.1300443653523204
2013-07-01 22:16:00,0.9012087504480482
2013-07-01 22:17:00,0.955200284297272
2013-07-01 22:18:00,0.7325967981319986
2013-07-01 22:19:00,0.8919954684727248
2013-07-01 22:20:00,1.001170763936494
2013-07-01 22:21:00,0.7601476203180778
2013-07-01 22:22:00,1.0372953321936782
2013-07-01 22:23:00,0.8998126229221108
2013-07-01 22:24:00,0.9709009588786478
2013-07-01 22:25:00,0.7963441276859564
2013-07-01 22:26:00,0.5431148110258535
2013-07-01 22:27:00,1.0695439870574255
2013-07-01 22:28:00,0.6712620214886943
2013-07-01 22:29:00,1.066069960033062
2013-07-01 22:30:00,0.9128574164720786
2013-07-01 22:31:00,0.9511521521899511
2013-07-01 22:32:00,0.850747707324268
2013-07-01 22:33:00,0.8362578190417099
2013-07-01 22:34:00,0.8559048017697141
2013-07-01 22:35:00,0.8537449059690889
2013-07-01 22:36:00,0.8906345468803111
2013-07-01 22:37:00,1.0049060979466582
2013-07-01 22:38:00,0.3340554603802912
2013-07-01 22:39:00,0.9178143664235666
2013-07-01 22:40:00,0.9346932332057155
2013-07-01 22:41:00,0.9642011962915752
2013-07-01 22:42:00,0.9496684996821971
2013-07-01 22:43:00,0.844285645618486
2013-07-01 22:44:00,0.8657941835976365
2013-07-01 22:45:00,0.8541529533080461
2013-07-01 22:46:00,0.9831892172805625
2013-07-01 22:47:00,0.8211332454427616
2013-07-01 22:48:00,0.7343386240198952
2013-07-01 22:49:00,0.9682853382185971
2013-07-01 22:50:00,0.9064136160598025
2013-07-01 22:51:00,0.8185669778973854
2013-07-01 22:52:00,0.7403577772965804
2013-07-01 22:53:00,1.0173375621111382
2013-07-01 22:54:00,0.950883284100353
2013-07-01 22:55:00,0.5848179642179847
2013-07-01 22:56:00,0.6907131655146396
2013-07-01 22:57:00,1.0160421598455052
2013-07-01 22:58:00,0.95145837188916
2013-07-01 22:59:00,0.971206763395322
2013-07-01 23:00:00,0.6597178817529014
2013-07-01 23:01:00,0.788381469998581
2013-07-01 23:02:00,0.8871187843811708
2013-07-01 23:03:00,0.8618242417033886
2013-07-01 23:04:00,0.9504058841502325
2013-07-01 23:05:00,0.5821812356249079
2013-07-01 23:06:00,0.988270559473287
2013-07-01 23:07:00,0.9467201283015028
2013-07-01 23:08:00,0.6629152024222322
2013-07-01 23:09:00,0.9126410530266035
2013-07-01 23:10:00,0.9685511346173308
2013-07-01 23:11:00,0.7382176063002847
2013-07-01 23:12:00,1.0133706374579443
2013-07-01 23:13:00,0.7975783854617855
2013-07-01 23:14:00,1.002020365686531
2013-07-01 23:15:00,0.790174908118417
2013-07-01 23:16:00,1.0443342244591773
2013-07-01 23:17:00,0.8984166974550511
2013-07-01 23:18:00,0.4658696324330984
2013-07-01 23:19:00,1.1289943763067747
2013-07-01 23:20:00,0.3842390302731649
2013-07-01 23:21:00,1.1057753995077721
2013-07-01 23:22:00,0.941245229940086
2013-07-01 23:23:00,0.7969418993912019
2013-07-01 23:24:00,1.0151228860707182
2013-07-01 23:25:00,0.9188002329165591
2013-07-01 23:26:00,0.9819034706517261
2013-07-01 23:27:00,0.5543797033307089
2013-07-01 23:28:00,1.0778177463474077
2013-07-01 23:29:00,0.8516053496209863
2013-07-01 23:30:00,0.9231737993633827
2013-07-01 23:31:00,0.782220871408917
2013-07-01 23:32:00,0.8170129319976106
2013-07-01 23:33:00,0.8674167538022723
2013-07-01 23:34:00,1.001629294207151
2013-07-01 23:35:00,0.919795117521887
2013-07-01 23:36:00,0.5934194874893209
2013-07-01 23:37:00,0.9326971532978953
2013-07-01 23:38:00,0.8733604997722243
2013-07-01 23:39:00,0.8056249449680464
2013-07-01 23:40:00,0.8899166557764326
2013-07-01 23:41:00,0.9669834541626782
2013-07-01 23:42:00,0.8476998085650544
2013-07-01 23:43:00,0.9816582063282129
2013-07-01 23:44:00,0.9367285005335941
2013-07-01 23:45:00,0.9437181322516411
2013-07-01 23:46:00,0.9604690934596982
2013-07-01 23:47:00,0.9960178060285243
2013-07-01 23:48:00,0.9129436412198153
2013-07-01 23:49:00,0.9679295735746378
2013-07-01 23:50:00,0.7083777966047823
2013-07-01 23:51:00,0.6463576789380658
2013-07-01 23:52:00,1.031898432117177
2013-07-01 23:53:00,0.9459094684733462
2013-07-01 23:54:00,0.8205256859773485
2013-07-01 23:55:00,0.8682439253177306
2013-07-01 23:56:00,0.5674419036017128
2013-07-01 23:57:00,0.8163060458788772
2013-07-01 23:58:00,0.9948903504502095
2013-07-01 23:59:00,0.948866100668255
2013-07-02 00:00:00,0.8142075296925951
2013-07-02 00:01:00,0.7780567726598095
2013-07-02 00:02:00,1.0239691175678973
2013-07-02 00:03:00,0.8876080810329023
2013-07-02 00:04:00,0.5985565835243664
2013-07-02 00:05:00,1.076247082730489
2013-07-02 00:06:00,0.9170795077439599
2013-07-02 00:07:00,0.8648767894552195
2013-07-02 00:08:00,0.7134201493243237
2013-07-02 00:09:00,0.9942947198550104
2013-07-02 00:10:00,0.9422200664016797
2013-07-02 00:11:00,0.9757757060842027
2013-07-02 00:12:00,0.9618650961970543
2013-07-02 00:13:00,0.9267845764818482
2013-07-02 00:14:00,0.5918889444546399
2013-07-02 00:15:00,1.1001002655544794
2013-07-02 00:16:00,0.7417141424226463
2013-07-02 00:17:00,1.019053229331591
2013-07-02 00:18:00,0.9519945162465002
2013-07-02 00:19:00,0.9753364843342563
2013-07-02 00:20:00,0.7906999683265953
2013-07-02 00:21:00,0.8727894889669997
2013-07-02 00:22:00,0.8410422612619634
2013-07-02 00:23:00,0.8656577525296615
2013-07-02 00:24:00,0.9821114381765251
2013-07-02 00:25:00,0.5787026980243273
2013-07-02 00:26:00,0.8954055685981578
2013-07-02 00:27:00,0.4958732943865812
2013-07-02 00:28:00,1.0663235715011183
2013-07-02 00:29:00,0.9214517862058578
2013-07-02 00:30:00,0.8418768624124343
2013-07-02 00:31:00,0.7571928680084076
2013-07-02 00:32:00,1.0073328827304873
2013-07-02 00:33:00,0.9399229278227926
2013-07-02 00:34:00,0.9573800238306495
2013-07-02 00:35:00,0.8141787857074614
2013-07-02 00:36:00,1.0471650219297093
2013-07-02 00:37:00,0.6263949956128207
2013-07-02 00:38:00,1.091004420624418
2013-07-02 00:39:00,0.8575297593126967
2013-07-02 00:40:00,0.5685588813250502
2013-07-02 00:41:00,0.9584766937025342
2013-07-02 00:42:00,0.969562200711231
2013-07-02 00:43:00,0.6738980920257035
2013-07-02 00:44:00,1.0354278564539359
2013-07-02 00:45:00,0.9303222121410231
2013-07-02 00:46:00,0.9764989226247432
2013-07-02 00:47:00,0.9301571033683458
2013-07-02 00:48:00,1.003712790819637
2013-07-02 00:49:00,0.9023390738341468
2013-07-02 00:50:00,0.8512281075965031
2013-07-02 00:51:00,1.0271092080702695
2013-07-02 00:52:00,0.774118250097485
2013-07-02 00:53:00,0.9942711948863115
2013-07-02 00:54:00,0.8519092465646886
2013-07-02 00:55:00,0.9498307865076459
2013-07-02 00:56:00,0.58212943984821
2013-07-02 00:57:00,1.0630676439300477
2013-07-02 00:58:00,0.6757868071557958
2013-07-02 00:59:00,1.0328549373523135
2013-07-02 01:00:00,0.9375426232569679
2013-07-02 01:01:00,0.9686730371218497
2013-07-02 01:02:00,0.7989927783321829
2013-07-02 01:03:00,0.7732619247844793
2013-07-02 01:04:00,0.9866888262382016
2013-07-02 01:05:00,0.9581209601117887
2013-07-02 01:06:00,0.9431757170836338
2013-07-02 01:07:00,0.998909551368255
2013-07-02 01:08:00,0.5230554963310139
2013-07-02 01:09:00,0.9874712409551847
2013-07-02 01:10:00,0.6411858026489675
2013-07-02 01:11:00,1.045281221159709
2013-07-02 01:12:00,0.5552953957439545
2013-07-02 01:13:00,1.089735565000535
2013-07-02 01:14:00,0.5540224583995175
2013-07-02 01:15:00,0.7963304410516897
2013-07-02 01:16:00,0.9970136907119569
2013-07-02 01:17:00,0.670008970967787
2013-07-02 01:18:00,0.7871222393270216
2013-07-02 01:19:00,0.6836603783488443
2013-07-02 01:20:00,0.74852749495399
2013-07-02 01:21:00,1.038800972390058
2013-07-02 01:22:00,0.8916201149145109
2013-07-02 01:23:00,0.8950042797023835
2013-07-02 01:24:00,0.6780281180899874
2013-07-02 01:25:00,0.6747604191000831
2013-07-02 01:26:00,1.2731521978340854
2013-07-02 01:27:00,0.5777342721960936
2013-07-02 01:28:00,0.961637346165314
2013-07-02 01:29:00,0.9506444934624165
2013-07-02 01:30:00,0.847676162279437
2013-07-02 01:31:00,0.8559169590592199
2013-07-02 01:32:00,0.8104608811575124
2013-07-02 01:33:00,0.9999167279754493
2013-07-02 01:34:00,0.9503106918385009
2013-07-02 01:35:00,0.9789297260323734
2013-07-02 01:36:00,0.6881459969436635
2013-07-02 01:37:00,0.9591334576928792
2013-07-02 01:38:00,0.7633094900970764
2013-07-02 01:39:00,0.7184943948516053
2013-07-02 01:40:00,0.7633408496804748
2013-07-02 01:41:00,0.9011065059736735
2013-07-02 01:42:00,0.7243088561450669
2013-07-02 01:43:00,0.8861685757124435
2013-07-02 01:44:00,0.9518532120608433
2013-07-02 01:45:00,0.8308761824175632
2013-07-02 01:46:00,0.581377795351654
2013-07-02 01:47:00,0.6043158539578524
2013-07-02 01:48:00,1.2746714073660617
2013-07-02 01:49:00,0.8798802687644235
2013-07-02 01:50:00,0.9897588342170189
2013-07-02 01:51:00,0.8149308362361904
2013-07-02 01:52:00,0.9788710731957979
2013-07-02 01:53:00,0.7169737729578098
2013-07-02 01:54:00,1.0114574702752908
2013-07-02 01:55:00,0.2993691118221098
2013-07-02 01:56:00,0.5366564629350469
2013-07-02 01:57:00,0.7404469564259011
2013-07-02 01:58:00,0.4834565078133297
2013-07-02 01:59:00,1.006875903803311
2013-07-02 02:00:00,0.9635012939669497
2013-07-02 02:01:00,0.9543057873300448
2013-07-02 02:02:00,0.8474714059092211
2013-07-02 02:03:00,0.969613079177227
2013-07-02 02:04:00,0.8539892333011269
2013-07-02 02:05:00,0.9564174912500089
2013-07-02 02:06:00,0.9055995288430092
2013-07-02 02:07:00,0.9695518105489219
2013-07-02 02:08:00,0.6503477031475757
2013-07-02 02:09:00,1.073196227595296
2013-07-02 02:10:00,0.6068786596087871
2013-07-02 02:11:00,1.0423989953328219
2013-07-02 02:12:00,0.7952166663458174
2013-07-02 02:13:00,0.892417998328684
2013-07-02 02:14:00,0.9599083533099271
2013-07-02 02:15:00,0.9654823279803784
2013-07-02 02:16:00,0.9402069716764734
2013-07-02 02:17:00,0.9694881854122936
2013-07-02 02:18:00,0.822219653819361
2013-07-02 02:19:00,1.0273913197712807
2013-07-02 02:20:00,0.8955804020148503
2013-07-02 02:21:00,0.8829393014281665
2013-07-02 02:22:00,0.9349753664381623
2013-07-02 02:23:00,0.5644821882231407
2013-07-02 02:24:00,0.94380579914134
2013-07-02 02:25:00,0.8202528994689126
2013-07-02 02:26:00,0.9912804671483041
2013-07-02 02:27:00,0.8083572836919098
2013-07-02 02:28:00,0.9950413503904885
2013-07-02 02:29:00,0.7108053955906605
2013-07-02 02:30:00,1.0099102626944878
2013-07-02 02:31:00,0.9430186870852627
2013-07-02 02:32:00,0.7184702386365851
2013-07-02 02:33:00,0.6408571582697977
2013-07-02 02:34:00,1.0913934632497075
2013-07-02 02:35:00,0.8825041739030675
2013-07-02 02:36:00,0.9756985576891576
2013-07-02 02:37:00,0.9307206385799421
2013-07-02 02:38:00,0.8534516270173517
2013-07-02 02:39:00,0.4701053469314749
2013-07-02 02:40:00,1.0027398685416342
2013-07-02 02:41:00,0.7758185375380708
2013-07-02 02:42:00,0.5065485030942288
2013-07-02 02:43:00,1.1174783568177686
2013-07-02 02:44:00,0.9248494336316345
2013-07-02 02:45:00,0.9162822359564472
2013-07-02 02:46:00,0.5992400659522206
2013-07-02 02:47:00,0.8044891585044925
2013-07-02 02:48:00,0.8611839566489727
2013-07-02 02:49:00,0.9942383043787096
2013-07-02 02:50:00,0.9927413614461317
2013-07-02 02:51:00,0.8960812791941721
2013-07-02 02:52:00,0.7295715598451508
2013-07-02 02:53:00,1.0619545233246255
2013-07-02 02:54:00,0.8622167086320607
2013-07-02 02:55:00,0.985945976393281
2013-07-02 02:56:00,0.947543654122342
2013-07-02 02:57:00,0.8714058331226886
2013-07-02 02:58:00,0.8292139642671191
2013-07-02 02:59:00,0.6042831860654341
2013-07-02 03:00:00,1.0401336814069333
2013-07-02 03:01:00,0.9307405280349458
2013-07-02 03:02:00,0.5584908904932546
2013-07-02 03:03:00,1.0940771388828443
2013-07-02 03:04:00,0.8841601780725333
2013-07-02 03:05:00,0.8567508745600779
2013-07-02 03:06:00,0.699550734482829
2013-07-02 03:07:00,0.5321314735481678
2013-07-02 03:08:00,1.0938696311075076
2013-07-02 03:09:00,0.6480625118646649
2013-07-02 03:10:00,1.0724876937726844
2013-07-02 03:11:00,0.4993961129262774
2013-07-02 03:12:00,1.0847186552258063
2013-07-02 03:13:00,0.9677811202570717
2013-07-02 03:14:00,0.9019135902336346
2013-07-02 03:15:00,0.9730193391844846
2013-07-02 03:16:00,0.2634228423043916
2013-07-02 03:17:00,0.9285665092319185
2013-07-02 03:18:00,0.9899450900895943
2013-07-02 03:19:00,0.5109040112284984
2013-07-02 03:20:00,1.1210260185861878
2013-07-02 03:21:00,0.8734859826721807
2013-07-02 03:22:00,0.656288816252768
2013-07-02 03:23:00,0.9891439943601142
2013-07-02 03:24:00,0.9432397022404228
2013-07-02 03:25:00,0.8409925685086007
2013-07-02 03:26:00,0.730932534800588
2013-07-02 03:27:00,1.1079609806022743
2013-07-02 03:28:00,0.8584078997911558
2013-07-02 03:29:00,0.8310820486020849
2013-07-02 03:30:00,1.0416234787232141
2013-07-02 03:31:00,0.5011849623563402
2013-07-02 03:32:00,1.0926000223297625
2013-07-02 03:33:00,0.9554882992387641
2013-07-02 03:34:00,0.9168636760767115
2013-07-02 03:35:00,0.9566546739453531
2013-07-02 03:36:00,0.8445089250285508
2013-07-02 03:37:00,0.7552298627291121
2013-07-02 03:38:00,0.9812242076077342
2013-07-02 03:39:00,0.9598845064807775
2013-07-02 03:40:00,0.8357088328019645
2013-07-02 03:41:00,0.9695476326813319
2013-07-02 03:42:00,0.8803234735187947
2013-07-02 03:43:00,0.797977080529663
2013-07-02 03:44:00,0.8763195396291106
2013-07-02 03:45:00,0.7098775235614523
2013-07-02 03:46:00,1.0197987870796639
2013-07-02 03:47:00,0.8247645466662035
2013-07-02 03:48:00,1.0108177691523597
2013-07-02 03:49:00,0.9102360087892963
2013-07-02 03:50:00,0.713288044417392
2013-07-02 03:51:00,1.0424550625483209
2013-07-02 03:52:00,0.16843157685321605
2013-07-02 03:53:00,0.9484558928895963
2013-07-02 03:54:00,0.7164210733705177
2013-07-02 03:55:00,0.6058238739047265
2013-07-02 03:56:00,0.702925142322418
2013-07-02 03:57:00,0.6228687392417673
2013-07-02 03:58:00,0.6929461877857644
2013-07-02 03:59:00,0.7443784874576339
2013-07-02 04:00:00,0.6454775553939787
2013-07-02 04:01:00,0.947306657236283
2013-07-02 04:02:00,0.37832706942485095
2013-07-02 04:03:00,0.9712607713341322
2013-07-02 04:04:00,0.5156839747478906
2013-07-02 04:05:00,0.7131523256937891
2013-07-02 04:06:00,0.7745977742280725
2013-07-02 04:07:00,0.7546455085537012
2013-07-02 04:08:00,0.2720227194275884
2013-07-02 04:09:00,0.7411248784866721
2013-07-02 04:10:00,1.0085147452812826
2013-07-02 04:11:00,0.70165207265043
2013-07-02 04:12:00,0.7507547272900464
2013-07-02 04:13:00,1.0720441015168192
2013-07-02 04:14:00,0.8802809336135048
2013-07-02 04:15:00,0.6351778742526969
2013-07-02 04:16:00,0.9036203116085515
2013-07-02 04:17:00,0.586148757339542
2013-07-02 04:18:00,0.9398188311631701
2013-07-02 04:19:00,0.773390135814673
2013-07-02 04:20:00,0.8333540724892126
2013-07-02 04:21:00,0.9396811243371785
2013-07-02 04:22:00,0.7397119406244738
2013-07-02 04:23:00,1.0203184087991353
2013-07-02 04:24:00,0.900162815693733
2013-07-02 04:25:00,0.9789314379627131
2013-07-02 04:26:00,0.9876392763246145
2013-07-02 04:27:00,0.9217122014146147
2013-07-02 04:28:00,0.9930261874619896
2013-07-02 04:29:00,0.9119333924425271
2013-07-02 04:30:00,0.9831500360956422
2013-07-02 04:31:00,0.8185664807661016
2013-07-02 04:32:00,0.8471626382977393
2013-07-02 04:33:00,0.6359715639060552
2013-07-02 04:34:00,0.748643260235792
2013-07-02 04:35:00,0.766112713432414
2013-07-02 04:36:00,0.6307290029695853
2013-07-02 04:37:00,0.9134720858930515
2013-07-02 04:38:00,0.5993428536056643
2013-07-02 04:39:00,0.6815247972121512
2013-07-02 04:40:00,0.7898988406428041
2013-07-02 04:41:00,0.9972826298945482
2013-07-02 04:42:00,0.9596174135485678
2013-07-02 04:43:00,0.952697083809155
2013-07-02 04:44:00,0.9830579869398793
2013-07-02 04:45:00,0.8146240616960014
2013-07-02 04:46:00,0.8651690333932505
2013-07-02 04:47:00,0.2515054967686496
2013-07-02 04:48:00,0.99492655048449
2013-07-02 04:49:00,0.9728941717361667
2013-07-02 04:50:00,0.7031623579394598
2013-07-02 04:51:00,1.0136287969245563
2013-07-02 04:52:00,0.7830345816554398
2013-07-02 04:53:00,1.003344695367568
2013-07-02 04:54:00,0.9423638069634656
2013-07-02 04:55:00,0.9574273567131587
2013-07-02 04:56:00,0.8488586907125202
2013-07-02 04:57:00,0.9845605991037407
2013-07-02 04:58:00,0.886749374156819
2013-07-02 04:59:00,0.6555271405403896
2013-07-02 05:00:00,1.0206322797950353
2013-07-02 05:01:00,0.846380404948698
2013-07-02 05:02:00,0.81945961543346
2013-07-02 05:03:00,0.5096913757851045
2013-07-02 05:04:00,0.9404646581439218
2013-07-02 05:05:00,0.6843157414777411
2013-07-02 05:06:00,0.6605694258334079
2013-07-02 05:07:00,0.43417655693786755
2013-07-02 05:08:00,0.39852661473584805
2013-07-02 05:09:00,1.1341274195281426
2013-07-02 05:10:00,0.679834603210017
2013-07-02 05:11:00,0.9936001372750084
2013-07-02 05:12:00,0.9547703280272245
2013-07-02 05:13:00,0.9617872438865315
2013-07-02 05:14:00,0.3719284531617735
2013-07-02 05:15:00,0.8093394168921335
2013-07-02 05:16:00,1.0129626600361805
2013-07-02 05:17:00,0.8266302965125665
2013-07-02 05:18:00,1.0251716194499259
2013-07-02 05:19:00,0.9489162839766236
2013-07-02 05:20:00,0.8700299283216016
2013-07-02 05:21:00,0.6397759810887728
2013-07-02 05:22:00,1.020569128998332
2013-07-02 05:23:00,0.928021540948367
2013-07-02 05:24:00,0.34196118896461364
2013-07-02 05:25:00,1.2132962813386934
2013-07-02 05:26:00,0.8444189163621123
2013-07-02 05:27:00,0.8223749869271607
2013-07-02 05:28:00,0.8865635087291746
2013-07-02 05:29:00,0.961054265091284
2013-07-02 05:30:00,0.7085774810845251
2013-07-02 05:31:00,1.0284273145210807
2013-07-02 05:32:00,0.9658366100400095
2013-07-02 05:33:00,0.9110746924654762
2013-07-02 05:34:00,0.9625290300588322
2013-07-02 05:35:00,1.029001769777134
2013-07-02 05:36:00,0.8576457244872393
2013-07-02 05:37:00,0.4975044395891083
2013-07-02 05:38:00,0.7253622218810594
2013-07-02 05:39:00,0.8912997294727263
2013-07-02 05:40:00,0.5500656531874948
2013-07-02 05:41:00,0.6046116685639354
2013-07-02 05:42:00,0.9031104122426773
2013-07-02 05:43:00,0.9692703489897748
2013-07-02 05:44:00,0.5818318540844574
2013-07-02 05:45:00,0.9326108781049988
2013-07-02 05:46:00,0.8352827819217495
2013-07-02 05:47:00,0.7274700438769425
2013-07-02 05:48:00,0.6986293129048757
2013-07-02 05:49:00,1.018269615410929
2013-07-02 05:50:00,0.9076861282980228
2013-07-02 05:51:00,0.7549872382532521
2013-07-02 05:52:00,0.5267817792393429
2013-07-02 05:53:00,1.039905745588232
2013-07-02 05:54:00,0.6606485159008997
2013-07-02 05:55:00,0.7142538774208416
2013-07-02 05:56:00,0.8717356379128048
2013-07-02 05:57:00,0.841153539667356
2013-07-02 05:58:00,1.006595329794567
2013-07-02 05:59:00,0.5818049869081588
2013-07-02 06:00:00,0.8896495656600045
2013-07-02 06:01:00,0.971164243167155
2013-07-02 06:02:00,0.35446892542723485
2013-07-02 06:03:00,0.2982812049114388
2013-07-02 06:04:00,1.088432310324887
2013-07-02 06:05:00,0.9397611265665922
2013-07-02 06:06:00,0.9723568374213903
2013-07-02 06:07:00,0.5166933246431309
2013-07-02 06:08:00,0.7072073811749
2013-07-02 06:09:00,0.6369575579903333
2013-07-02 06:10:00,0.10264709611147163
2013-07-02 06:11:00,1.0419846407162963
2013-07-02 06:12:00,0.905959575348983
2013-07-02 06:13:00,0.7977135673141817
2013-07-02 06:14:00,0.9026750684977263
2013-07-02 06:15:00,0.870621680822034
2013-07-02 06:16:00,0.8450063934260562
2013-07-02 06:17:00,0.9898875974193592
2013-07-02 06:18:00,0.8731964711635355
2013-07-02 06:19:00,0.847828852930115
2013-07-02 06:20:00,0.8628207434634227
2013-07-02 06:21:00,1.0590358956146435
2013-07-02 06:22:00,0.3316791761401012
2013-07-02 06:23:00,1.116155183355735
2013-07-02 06:24:00,0.5240945774969249
2013-07-02 06:25:00,0.5825365553835503
2013-07-02 06:26:00,1.052718890582297
2013-07-02 06:27:00,0.6517621705265519
2013-07-02 06:28:00,0.9019395240193644
2013-07-02 06:29:00,0.7369313563289258
2013-07-02 06:30:00,0.6539689808559256
2013-07-02 06:31:00,1.0418787225223842
2013-07-02 06:32:00,0.78926108873161
2013-07-02 06:33:00,1.0774269445847753
2013-07-02 06:34:00,0.5697672240878416
2013-07-02 06:35:00,0.7423680341291985
2013-07-02 06:36:00,1.0340167852052986
2013-07-02 06:37:00,0.8707496366256048
2013-07-02 06:38:00,0.7378469870826264
2013-07-02 06:39:00,0.8759614066632986
2013-07-02 06:40:00,0.9907734940362578
2013-07-02 06:41:00,0.6895327608345455
2013-07-02 06:42:00,0.6152760483009349
2013-07-02 06:43:00,1.0690046798820028
2013-07-02 06:44:00,0.6543770022845566
2013-07-02 06:45:00,1.0882094391763153
2013-07-02 06:46:00,0.9171868090644915
2013-07-02 06:47:00,0.43037397824406104
2013-07-02 06:48:00,0.5633893194463592
2013-07-02 06:49:00,0.9693918623683072
2013-07-02 06:50:00,0.937498125618223
2013-07-02 06:51:00,0.9411865979805619
2013-07-02 06:52:00,0.8701519961011216
2013-07-02 06:53:00,0.995969821684009
2013-07-02 06:54:00,0.6414429609094608
2013-07-02 06:55:00,1.0795197225935822
2013-07-02 06:56:00,0.7602719825031774
2013-07-02 06:57:00,1.0180618235657195
2013-07-02 06:58:00,0.5881838499553973
2013-07-02 06:59:00,0.8162317308149024
2013-07-02 07:00:00,0.9448566758634158
2013-07-02 07:01:00,0.9456677906290415
2013-07-02 07:02:00,0.5442879790370345
2013-07-02 07:03:00,0.7141336398198898
2013-07-02 07:04:00,0.6422217914886612
2013-07-02 07:05:00,1.079562148024283
2013-07-02 07:06:00,0.8791746330953252
2013-07-02 07:07:00,0.996936022321758
2013-07-02 07:08:00,0.9213217494558471
2013-07-02 07:09:00,0.6062973957772316
2013-07-02 07:10:00,0.7994283576000708
2013-07-02 07:11:00,0.7213855338843956
2013-07-02 07:12:00,0.7409154320062171
2013-07-02 07:13:00,1.0665782249317604
2013-07-02 07:14:00,0.9185256616596913
2013-07-02 07:15:00,0.9687571632679561
2013-07-02 07:16:00,0.9034180067834969
2013-07-02 07:17:00,0.6012173529244176
2013-07-02 07:18:00,0.7779782484403229
2013-07-02 07:19:00,0.7602616121605625
2013-07-02 07:20:00,0.9351656630401122
2013-07-02 07:21:00,0.8256671270989229
2013-07-02 07:22:00,0.9919327753727699
2013-07-02 07:23:00,0.94294548586264
2013-07-02 07:24:00,0.9231426162657498
2013-07-02 07:25:00,0.5606461805496522
2013-07-02 07:26:00,1.0689511258733144
2013-07-02 07:27:00,0.9209270264356338
2013-07-02 07:28:00,1.0035281217705228
2013-07-02 07:29:00,0.6565764120356848
2013-07-02 07:30:00,0.5415952202533806
2013-07-02 07:31:00,1.0613019010645732
2013-07-02 07:32:00,0.9309193453734187
2013-07-02 07:33:00,0.44705571511083714
2013-07-02 07:34:00,0.7297612034266704
2013-07-02 07:35:00,1.01974394124236
2013-07-02 07:36:00,0.8444223591107748
2013-07-02 07:37:00,0.8137720682248026
2013-07-02 07:38:00,0.9950242162160748
2013-07-02 07:39:00,0.8052840325508855
2013-07-02 07:40:00,1.0384033037163622
2013-07-02 07:41:00,0.9577405311748244
2013-07-02 07:42:00,0.7560511561896653
2013-07-02 07:43:00,0.7612489611781411
2013-07-02 07:44:00,0.4530964059151724
2013-07-02 07:45:00,0.8122500664737159
2013-07-02 07:46:00,0.8264565853949263
2013-07-02 07:47:00,1.00864856909609
2013-07-02 07:48:00,0.9445250819354803
2013-07-02 07:49:00,0.5240333247533567
2013-07-02 07:50:00,1.0973415035127745
2013-07-02 07:51:00,0.5225714744245891
2013-07-02 07:52:00,0.3907594931968809
2013-07-02 07:53:00,0.892300873943418
2013-07-02 07:54:00,0.8533083143069993
2013-07-02 07:55:00,0.6589233592574502
2013-07-02 07:56:00,0.6003029844464212
2013-07-02 07:57:00,0.7895741152597126
2013-07-02 07:58:00,0.9802257645239864
2013-07-02 07:59:00,0.6754875940163729
2013-07-02 08:00:00,0.8399035173898287
2013-07-02 08:01:00,0.6860175438617191
2013-07-02 08:02:00,1.0824040666631394
2013-07-02 08:03:00,0.5466959191462385
2013-07-02 08:04:00,0.7736573152928553
2013-07-02 08:05:00,0.4988835455886096
2013-07-02 08:06:00,1.120531739536378
2013-07-02 08:07:00,0.6711598762909516
2013-07-02 08:08:00,1.0143827109810972
2013-07-02 08:09:00,0.35635536986259275
2013-07-02 08:10:00,0.9117404063582084
2013-07-02 08:11:00,0.46811531010611773
2013-07-02 08:12:00,0.8328672889473234
2013-07-02 08:13:00,0.578406173021096
2013-07-02 08:14:00,0.9994865338063791
2013-07-02 08:15:00,0.3076081221433885
2013-07-02 08:16:00,1.1685143174652415
2013-07-02 08:17:00,0.20809251611509105
2013-07-02 08:18:00,0.9607337110562895
2013-07-02 08:19:00,0.7876937771992425
2013-07-02 08:20:00,0.6953842330189068
2013-07-02 08:21:00,0.7417739876082118
2013-07-02 08:22:00,0.9297772968206562
2013-07-02 08:23:00,0.662288304997526
2013-07-02 08:24:00,1.0553730636979304
2013-07-02 08:25:00,0.7648561323110173
2013-07-02 08:26:00,0.9456978542164394
2013-07-02 08:27:00,0.5070371663488977
2013-07-02 08:28:00,1.0432201030210961
2013-07-02 08:29:00,0.004757647144858712
2013-07-02 08:30:00,0.529417346799377
2013-07-02 08:31:00,1.1048812368766854
2013-07-02 08:32:00,0.6580302874212708
2013-07-02 08:33:00,0.746950354661393
2013-07-02 08:34:00,1.0402784377235181
2013-07-02 08:35:00,0.5189046368509636
2013-07-02 08:36:00,0.40362284672215154
2013-07-02 08:37:00,0.8636133910558502
2013-07-02 08:38:00,0.7740285916908973
2013-07-02 08:39:00,0.4684263465152896
2013-07-02 08:40:00,1.2043943982780645
2013-07-02 08:41:00,0.6071046800766255
2013-07-02 08:42:00,0.4738119966134781
2013-07-02 08:43:00,0.5833913816455307
2013-07-02 08:44:00,0.9425862109795651
2013-07-02 08:45:00,0.4240247015753489
2013-07-02 08:46:00,0.8870694107272772
2013-07-02 08:47:00,0.7623914898375759
2013-07-02 08:48:00,0.9608685603779985
2013-07-02 08:49:00,0.8287075923018499
2013-07-02 08:50:00,0.6200985522978197
2013-07-02 08:51:00,0.7371216565720309
2013-07-02 08:52:00,0.6930211418392734
2013-07-02 08:53:00,1.0596085302453593
2013-07-02 08:54:00,0.5461778900371996
2013-07-02 08:55:00,0.5319600494798703
2013-07-02 08:56:00,1.1263324109921857
2013-07-02 08:57:00,0.5991300204583895
2013-07-02 08:58:00,1.0646709491608493
2013-07-02 08:59:00,0.7732136736164489
2013-07-02 09:00:00,0.6047151832236315
2013-07-02 09:01:00,0.9691849799240398
2013-07-02 09:02:00,0.937902044934818
2013-07-02 09:03:00,0.9655707863360058
2013-07-02 09:04:00,0.7890803495814663
2013-07-02 09:05:00,0.929720508211978
2013-07-02 09:06:00,0.9785447331834262
2013-07-02 09:07:00,0.8800918012806869
2013-07-02 09:08:00,0.6448914033169164
2013-07-02 09:09:00,1.0069513093623863
2013-07-02 09:10:00,0.9551743356416111
2013-07-02 09:11:00,0.7381419219777205
2013-07-02 09:12:00,0.9849846256736671
2013-07-02 09:13:00,0.7990253782355522
2013-07-02 09:14:00,0.6246481755860207
2013-07-02 09:15:00,0.6944125275619502
2013-07-02 09:16:00,0.5277909674967212
2013-07-02 09:17:00,1.0721671127740915
2013-07-02 09:18:00,0.7977244479698894
2013-07-02 09:19:00,0.7878255209672826
2013-07-02 09:20:00,0.9645553684411605
2013-07-02 09:21:00,0.6963126389867973
2013-07-02 09:22:00,0.5663393934725873
2013-07-02 09:23:00,0.9062789664931048
2013-07-02 09:24:00,0.8558475654424169
2013-07-02 09:25:00,1.0120323715464121
2013-07-02 09:26:00,0.9390101229100138
2013-07-02 09:27:00,0.73043914154268
2013-07-02 09:28:00,0.7104151427545816
2013-07-02 09:29:00,0.7914170343216355
2013-07-02 09:30:00,0.7450833501165545
2013-07-02 09:31:00,0.9911450661165099
2013-07-02 09:32:00,0.346923453545981
2013-07-02 09:33:00,1.1640872073449942
2013-07-02 09:34:00,0.6066464145832765
2013-07-02 09:35:00,0.5540103250433218
2013-07-02 09:36:00,0.6480383246562789
2013-07-02 09:37:00,0.9239847104376413
2013-07-02 09:38:00,0.9945061499438157
2013-07-02 09:39:00,0.8225903686964037
2013-07-02 09:40:00,0.9845709255263428
2013-07-02 09:41:00,0.9520056958640722
2013-07-02 09:42:00,0.9243672904527497
2013-07-02 09:43:00,0.7639288140150696
2013-07-02 09:44:00,0.9390841576884902
2013-07-02 09:45:00,0.7461633428854954
2013-07-02 09:46:00,0.544839815766561
2013-07-02 09:47:00,1.0654026182266065
2013-07-02 09:48:00,0.8856991647399608
2013-07-02 09:49:00,0.5868475521079679
2013-07-02 09:50:00,0.5353666693593692
2013-07-02 09:51:00,0.8139542968390218
2013-07-02 09:52:00,0.6208459943805614
2013-07-02 09:53:00,1.0527746047560484
2013-07-02 09:54:00,0.6813171005993152
2013-07-02 09:55:00,1.0128520141903714
2013-07-02 09:56:00,0.7083921952779871
2013-07-02 09:57:00,0.7912330422164979
2013-07-02 09:58:00,0.9462727986058037
2013-07-02 09:59:00,0.333309095495137
2013-07-02 10:00:00,1.053242099877005
2013-07-02 10:01:00,0.6983480521807292
2013-07-02 10:02:00,0.873640337736919
2013-07-02 10:03:00,0.9925864211745233
2013-07-02 10:04:00,0.7609259726595567
2013-07-02 10:05:00,0.7966966822871058
2013-07-02 10:06:00,0.2260698011827042
2013-07-02 10:07:00,0.9469499402290694
2013-07-02 10:08:00,0.2677810483945431
2013-07-02 10:09:00,0.8798592366195654
2013-07-02 10:10:00,0.921235909928068
2013-07-02 10:11:00,0.35747120569391083
2013-07-02 10:12:00,1.0276375944215657
2013-07-02 10:13:00,0.548757382664447
2013-07-02 10:14:00,1.0530250541414592
2013-07-02 10:15:00,0.6959304730545682
2013-07-02 10:16:00,0.7889654379706311
2013-07-02 10:17:00,0.8236144526596815
2013-07-02 10:18:00,0.9296599488870335
2013-07-02 10:19:00,1.023646662504837
2013-07-02 10:20:00,0.3853700809142487
2013-07-02 10:21:00,0.7294647816951173
2013-07-02 10:22:00,0.4634291415848741
2013-07-02 10:23:00,0.9142941011226212
2013-07-02 10:24:00,0.6284894009945114
2013-07-02 10:25:00,0.505734657150457
2013-07-02 10:26:00,0.49218413972703373
2013-07-02 10:27:00,1.094074230762128
2013-07-02 10:28:00,0.5427529265737469
2013-07-02 10:29:00,0.4341461081742294
2013-07-02 10:30:00,0.972295138153367
2013-07-02 10:31:00,0.6483215601937531
2013-07-02 10:32:00,0.5258058790033171
2013-07-02 10:33:00,0.9861427586863998
2013-07-02 10:34:00,0.8958624108576644
2013-07-02 10:35:00,0.6209707625688982
2013-07-02 10:36:00,0.8267153393879942
2013-07-02 10:37:00,0.8661113662520845
2013-07-02 10:38:00,0.6609395088594533
2013-07-02 10:39:00,1.0877787529427836
2013-07-02 10:40:00,0.5387128117871776
2013-07-02 10:41:00,1.0138950137784484
2013-07-02 10:42:00,0.5941133737546859
2013-07-02 10:43:00,0.678775002843784
2013-07-02 10:44:00,0.7388444887012806
2013-07-02 10:45:00,0.6340551610991798
2013-07-02 10:46:00,1.087285977485698
2013-07-02 10:47:00,0.7683663097672028
2013-07-02 10:48:00,0.9995630445587335
2013-07-02 10:49:00,0.8331006132267352
2013-07-02 10:50:00,0.9485442346552929
2013-07-02 10:51:00,0.5176694677604047
2013-07-02 10:52:00,1.0380675015245762
2013-07-02 10:53:00,0.9667084701767424
2013-07-02 10:54:00,0.8378093555656869
2013-07-02 10:55:00,0.8505313848897322
2013-07-02 10:56:00,0.8698596620460963
2013-07-02 10:57:00,0.5220490402875053
2013-07-02 10:58:00,1.1041371023123938
2013-07-02 10:59:00,0.8919685646454372
2013-07-02 11:00:00,0.9864701637228526
2013-07-02 11:01:00,0.6835233370413907
2013-07-02 11:02:00,1.08971194524748
2013-07-02 11:03:00,0.8637821916106071
2013-07-02 11:04:00,0.0
2013-07-02 11:05:00,1.2943352261740786
2013-07-02 11:06:00,0.7324720970613214
2013-07-02 11:07:00,0.3214938970985408
2013-07-02 11:08:00,1.0536387689836002
2013-07-02 11:09:00,0.7438861561349273
2013-07-02 11:10:00,0.7706463932631753
2013-07-02 11:11:00,0.8681690787410767
2013-07-02 11:12:00,0.8884883839129434
2013-07-02 11:13:00,0.9413930351703489
2013-07-02 11:14:00,0.5562828477272121
2013-07-02 11:15:00,1.2025278038122256
2013-07-02 11:16:00,0.7471587078230849
2013-07-02 11:17:00,0.8969815301146119
2013-07-02 11:18:00,1.0441556777632353
2013-07-02 11:19:00,0.362198124843038
2013-07-02 11:20:00,0.8857445674601885
2013-07-02 11:21:00,0.9815915619530515
2013-07-02 11:22:00,0.9338761242568901
2013-07-02 11:23:00,0.8343955428254529
2013-07-02 11:24:00,0.23352431810588165
2013-07-02 11:25:00,0.963508322879954
2013-07-02 11:26:00,0.5303720029889194
2013-07-02 11:27:00,0.8503094612467154
2013-07-02 11:28:00,0.9806120777609125
2013-07-02 11:29:00,0.6841072580243236
2013-07-02 11:30:00,0.361628771004739
2013-07-02 11:31:00,0.7158031157600834
2013-07-02 11:32:00,0.49779529467353467
2013-07-02 11:33:00,1.088961245133635
2013-07-02 11:34:00,0.9281952094795413
2013-07-02 11:35:00,1.040687071745991
2013-07-02 11:36:00,0.7445849181084172
2013-07-02 11:37:00,1.040027271334156
2013-07-02 11:38:00,0.9078552616900568
2013-07-02 11:39:00,0.6674096337060826
2013-07-02 11:40:00,1.068846838561977
2013-07-02 11:41:00,0.9825816048220601
2013-07-02 11:42:00,0.9148536579629579
2013-07-02 11:43:00,0.6044514325940242
2013-07-02 11:44:00,0.7436422100572021
2013-07-02 11:45:00,0.6056090558964198
2013-07-02 11:46:00,0.934000621247463
2013-07-02 11:47:00,0.7393423567835409
2013-07-02 11:48:00,0.9926235484480451
2013-07-02 11:49:00,0.9464967093182384
2013-07-02 11:50:00,0.8631276235262297
2013-07-02 11:51:00,0.9435988210185511
2013-07-02 11:52:00,0.9618478101054968
2013-07-02 11:53:00,0.9614414199686411
2013-07-02 11:54:00,0.9940784416085646
2013-07-02 11:55:00,0.9307294711137654
2013-07-02 11:56:00,0.8359471814079854
2013-07-02 11:57:00,0.8307616182775911
2013-07-02 11:58:00,0.6340027423062228
2013-07-02 11:59:00,1.0223893923065643
2013-07-02 12:00:00,0.93007654688216
2013-07-02 12:01:00,0.9772897079556816
2013-07-02 12:02:00,0.9371141712533055
2013-07-02 12:03:00,0.953091054757976
2013-07-02 12:04:00,0.9549804067574257
2013-07-02 12:05:00,0.8308904155889232
2013-07-02 12:06:00,0.996709808250498
2013-07-02 12:07:00,0.9569061207249282
2013-07-02 12:08:00,0.3327034354492501
2013-07-02 12:09:00,0.8896469142537435
2013-07-02 12:10:00,0.8063926052921215
2013-07-02 12:11:00,0.9932537666881
2013-07-02 12:12:00,0.8175263989214986
2013-07-02 12:13:00,0.5863137622543861
2013-07-02 12:14:00,0.8116022949719018
2013-07-02 12:15:00,0.9948064979433373
2013-07-02 12:16:00,0.8210703078706134
2013-07-02 12:17:00,0.978261661955356
2013-07-02 12:18:00,0.9478807670309388
2013-07-02 12:19:00,1.0367369706954994
2013-07-02 12:20:00,0.8898186143674511
2013-07-02 12:21:00,0.959892782432664
2013-07-02 12:22:00,0.8063702479114041
2013-07-02 12:23:00,0.8880255849229851
2013-07-02 12:24:00,1.0101345232970567
2013-07-02 12:25:00,0.9200675920692668
2013-07-02 12:26:00,0.7970683915003862
2013-07-02 12:27:00,0.7684961870744689
2013-07-02 12:28:00,0.8701227787189285
2013-07-02 12:29:00,0.9762484800366816
2013-07-02 12:30:00,0.9475909703458847
2013-07-02 12:31:00,0.9685571505734867
2013-07-02 12:32:00,0.9434193285801886
2013-07-02 12:33:00,0.970743130976901
2013-07-02 12:34:00,0.9464457579641647
2013-07-02 12:35:00,0.9436154027019313
2013-07-02 12:36:00,0.9627852550288163
2013-07-02 12:37:00,0.9659214865816381
2013-07-02 12:38:00,0.8364225792965068
2013-07-02 12:39:00,0.9769982049348127
2013-07-02 12:40:00,0.9300957459276299
2013-07-02 12:41:00,0.9606017555314731
2013-07-02 12:42:00,0.8277291268803636
2013-07-02 12:43:00,0.9929890174249683
2013-07-02 12:44:00,0.9415325456991173
2013-07-02 12:45:00,0.9597599985170502
2013-07-02 12:46:00,0.8275423891693687
2013-07-02 12:47:00,0.9890723088923791
2013-07-02 12:48:00,0.9445746241507974
2013-07-02 12:49:00,0.9747140521714346
2013-07-02 12:50:00,0.9345690748404184
2013-07-02 12:51:00,0.9578544164943986
2013-07-02 12:52:00,0.9501337141651164
2013-07-02 12:53:00,0.5978023653775798
2013-07-02 12:54:00,1.0435118142206032
2013-07-02 12:55:00,0.928011660404642
2013-07-02 12:56:00,0.7127949354068496
2013-07-02 12:57:00,1.0407509883097175
2013-07-02 12:58:00,0.9135203163985605
2013-07-02 12:59:00,0.9655161082688701
2013-07-02 13:00:00,0.9507176882565188
2013-07-02 13:01:00,0.9577429898003614
2013-07-02 13:02:00,0.9507639584798349
2013-07-02 13:03:00,0.9546194328094575
2013-07-02 13:04:00,0.8761699543771326
2013-07-02 13:05:00,0.9344720884692957
2013-07-02 13:06:00,0.9573365429236714
2013-07-02 13:07:00,0.6115073902032664
2013-07-02 13:08:00,0.9002276841570074
2013-07-02 13:09:00,0.9722464781383202
2013-07-02 13:10:00,0.6976201486030074
2013-07-02 13:11:00,0.9047910471011814
2013-07-02 13:12:00,0.9684088453560623
2013-07-02 13:13:00,0.9501706122246202
2013-07-02 13:14:00,0.9547474030357024
2013-07-02 13:15:00,0.7207746186962021
2013-07-02 13:16:00,1.0147772960075752
2013-07-02 13:17:00,0.9294784160524174
2013-07-02 13:18:00,1.0079112551786777
2013-07-02 13:19:00,0.9140270424957853
2013-07-02 13:20:00,0.6974354611840562
2013-07-02 13:21:00,0.9242816462928881
2013-07-02 13:22:00,0.45091329335241964
2013-07-02 13:23:00,0.9622718948319644
2013-07-02 13:24:00,0.9515299480733179
2013-07-02 13:25:00,0.5818081350882078
2013-07-02 13:26:00,1.0944933065456484
2013-07-02 13:27:00,0.8853595510850865
2013-07-02 13:28:00,0.9728944174613297
2013-07-02 13:29:00,0.8230533261197324
2013-07-02 13:30:00,0.5024570855951229
2013-07-02 13:31:00,0.9772870582227035
2013-07-02 13:32:00,0.9314769769258082
2013-07-02 13:33:00,0.8876757804886894
2013-07-02 13:34:00,0.8028343928404604
2013-07-02 13:35:00,0.9810230339788806
2013-07-02 13:36:00,0.7445353796412553
2013-07-02 13:37:00,0.8463209210269371
2013-07-02 13:38:00,0.99046542591454
2013-07-02 13:39:00,0.6903284612138569
2013-07-02 13:40:00,0.67387681243621
2013-07-02 13:41:00,0.9595626881780746
2013-07-02 13:42:00,0.9110662642600104
2013-07-02 13:43:00,0.9544723069055313
2013-07-02 13:44:00,0.8427545385858181
2013-07-02 13:45:00,0.9954514510407864
2013-07-02 13:46:00,0.919603434058374
2013-07-02 13:47:00,0.992751404209639
2013-07-02 13:48:00,0.9358574238715596
2013-07-02 13:49:00,0.9373191230307373
2013-07-02 13:50:00,0.8667297448838445
2013-07-02 13:51:00,0.7475368543280148
2013-07-02 13:52:00,0.8511487918551784
2013-07-02 13:53:00,0.9767010914672485
2013-07-02 13:54:00,0.6921865008290522
2013-07-02 13:55:00,0.7959350636289141
2013-07-02 13:56:00,0.4404978191513541
2013-07-02 13:57:00,1.1059638769413116
2013-07-02 13:58:00,0.9058929299797501
2013-07-02 13:59:00,0.8358296607290644
2013-07-02 14:00:00,0.7389306831162936
2013-07-02 14:01:00,1.0292976731352856
2013-07-02 14:02:00,0.7047994313047822
2013-07-02 14:03:00,1.0170936184722914
2013-07-02 14:04:00,0.6662231311705048
2013-07-02 14:05:00,1.0686190650097351
2013-07-02 14:06:00,0.9208918204191626
2013-07-02 14:07:00,0.6321798087421688
2013-07-02 14:08:00,0.6077300168718431
2013-07-02 14:09:00,1.0557377125079563
2013-07-02 14:10:00,0.393869322589387
2013-07-02 14:11:00,1.0096506458653287
2013-07-02 14:12:00,0.6589916299965914
2013-07-02 14:13:00,0.9370881462038751
2013-07-02 14:14:00,0.8081414952330273
2013-07-02 14:15:00,1.026594202763736
2013-07-02 14:16:00,0.5266388441258116
2013-07-02 14:17:00,1.0840578587052672
2013-07-02 14:18:00,0.9630268582321829
2013-07-02 14:19:00,0.4629317687064498
2013-07-02 14:20:00,1.042588151509862
2013-07-02 14:21:00,0.7485072683200586
2013-07-02 14:22:00,0.9669064709601535
2013-07-02 14:23:00,0.9691362034157995
2013-07-02 14:24:00,0.8079214277372492
2013-07-02 14:25:00,0.8770225936529135
2013-07-02 14:26:00,0.8331383519085555
2013-07-02 14:27:00,1.0412287748948565
2013-07-02 14:28:00,0.8784006941939959
2013-07-02 14:29:00,0.9768739782491425
2013-07-02 14:30:00,0.7688824970065182
2013-07-02 14:31:00,0.8132092961248111
2013-07-02 14:32:00,0.5207152734138549
2013-07-02 14:33:00,1.0620623592322316
2013-07-02 14:34:00,0.9148217146324524
2013-07-02 14:35:00,0.7355101153383458
2013-07-02 14:36:00,1.0161127583683276
2013-07-02 14:37:00,0.9372352317610467
2013-07-02 14:38:00,0.667460860436091
2013-07-02 14:39:00,0.9218284367482537
2013-07-02 14:40:00,0.8312256791871048
2013-07-02 14:41:00,0.6112716792858467
2013-07-02 14:42:00,1.0529562750813466
2013-07-02 14:43:00,0.9621985673636586
2013-07-02 14:44:00,0.7711125664956625
2013-07-02 14:45:00,0.6316755237415794
2013-07-02 14:46:00,1.0787499817899813
2013-07-02 14:47:00,0.8904525246871242
2013-07-02 14:48:00,0.5993506070264488
2013-07-02 14:49:00,0.8441516843352278
2013-07-02 14:50:00,0.9662381685803851
2013-07-02 14:51:00,0.9524308468898292
2013-07-02 14:52:00,0.7414783974147112
2013-07-02 14:53:00,0.9719980985106378
2013-07-02 14:54:00,0.9484341895558862
2013-07-02 14:55:00,0.852839545146855
2013-07-02 14:56:00,1.0070182551354712
2013-07-02 14:57:00,0.6445384040079813
2013-07-02 14:58:00,1.0494758000313749
2013-07-02 14:59:00,0.96885470994731
2013-07-02 15:00:00,0.9362020505990678
2013-07-02 15:01:00,0.9347949281744544
2013-07-02 15:02:00,0.9564538023309332
2013-07-02 15:03:00,0.8606677443499045
2013-07-02 15:04:00,0.9570901426595472
2013-07-02 15:05:00,0.9460876641544043
2013-07-02 15:06:00,0.9719473147556202
2013-07-02 15:07:00,0.9371540563900703
2013-07-02 15:08:00,0.7453662995901051
2013-07-02 15:09:00,0.8414504533171486
2013-07-02 15:10:00,0.6147731135227015
2013-07-02 15:11:00,1.0601941643076052
2013-07-02 15:12:00,0.9207000594989819
2013-07-02 15:13:00,0.95988989632538
2013-07-02 15:14:00,0.967444443445941
2013-07-02 15:15:00,0.9400743125216631
2013-07-02 15:16:00,0.9542291204210732
2013-07-02 15:17:00,0.579853327949776
2013-07-02 15:18:00,1.0661580118898537
2013-07-02 15:19:00,0.9506657305390079
2013-07-02 15:20:00,0.9478818099068023
2013-07-02 15:21:00,0.9806603980789697
2013-07-02 15:22:00,0.7771683413123043
2013-07-02 15:23:00,0.5966464262749401
2013-07-02 15:24:00,0.9341261968351342
2013-07-02 15:25:00,0.337615437515423
2013-07-02 15:26:00,0.7269058135360027
2013-07-02 15:27:00,0.8946888957714005
2013-07-02 15:28:00,0.8935725347978676
2013-07-02 15:29:00,0.926736336659786
2013-07-02 15:30:00,0.5521036905387983
2013-07-02 15:31:00,1.0764870639744015
2013-07-02 15:32:00,0.7926049969435853
2013-07-02 15:33:00,0.32476533905433924
2013-07-02 15:34:00,1.1684258842017812
2013-07-02 15:35:00,0.8576905198634968
2013-07-02 15:36:00,0.9214709921888037
2013-07-02 15:37:00,0.9406323580509032
2013-07-02 15:38:00,0.8004020519940955
2013-07-02 15:39:00,0.999548474635257
2013-07-02 15:40:00,0.9329811693412726
2013-07-02 15:41:00,1.0049047321356244
2013-07-02 15:42:00,0.8898366376161754
2013-07-02 15:43:00,0.989215118884664
2013-07-02 15:44:00,1.0165106414344576
2013-07-02 15:45:00,0.8551323506791053
2013-07-02 15:46:00,0.739025319165154
2013-07-02 15:47:00,0.7539882996134317
2013-07-02 15:48:00,1.0076858078903268
2013-07-02 15:49:00,0.950325402439567
2013-07-02 15:50:00,0.5619590062795211
2013-07-02 15:51:00,1.0690294498358612
2013-07-02 15:52:00,0.42176517485689036
2013-07-02 15:53:00,1.117101682862774
2013-07-02 15:54:00,0.8983849019123722
2013-07-02 15:55:00,0.9728487509489474
2013-07-02 15:56:00,0.8355627229906126
2013-07-02 15:57:00,1.0074696014841702
2013-07-02 15:58:00,0.9437268280410707
2013-07-02 15:59:00,0.8014673305166915
2013-07-02 16:00:00,0.9979176868542126
2013-07-02 16:01:00,0.9901094337566635
2013-07-02 16:02:00,0.8954292869514351
2013-07-02 16:03:00,0.7853655756513269
2013-07-02 16:04:00,0.8192230177890516
2013-07-02 16:05:00,0.8578460818573067
2013-07-02 16:06:00,0.856628976026044
2013-07-02 16:07:00,0.9986303584532114
2013-07-02 16:08:00,0.6791123051102383
2013-07-02 16:09:00,1.037531523455296
2013-07-02 16:10:00,0.9460205544577782
2013-07-02 16:11:00,0.9364705138120696
2013-07-02 16:12:00,0.9589725705950716
2013-07-02 16:13:00,0.7115729004695451
2013-07-02 16:14:00,1.0489521995821434
2013-07-02 16:15:00,0.7975304597630255
2013-07-02 16:16:00,0.5825664433330513
2013-07-02 16:17:00,1.0623695201580745
2013-07-02 16:18:00,0.9070526056531883
2013-07-02 16:19:00,0.8649339294378025
2013-07-02 16:20:00,0.8238563056746122
2013-07-02 16:21:00,0.8682763257778744
2013-07-02 16:22:00,0.9816999194854932
2013-07-02 16:23:00,0.6692249766227997
2013-07-02 16:24:00,1.0688851367154422
2013-07-02 16:25:00,0.76730684386286
2013-07-02 16:26:00,1.0281777646088976
2013-07-02 16:27:00,0.7198250721519083
2013-07-02 16:28:00,0.5993476700484923
2013-07-02 16:29:00,1.0578941639600743
2013-07-02 16:30:00,0.3914100052192135
2013-07-02 16:31:00,1.1235996604049177
2013-07-02 16:32:00,0.6513560095003339
2013-07-02 16:33:00,1.0278725154955364
2013-07-02 16:34:00,0.8429459900991577
2013-07-02 16:35:00,0.9532066614753401
2013-07-02 16:36:00,0.9748307952658424
2013-07-02 16:37:00,0.7916764851755208
2013-07-02 16:38:00,0.9117327473172041
2013-07-02 16:39:00,0.8650220348378374
2013-07-02 16:40:00,0.8030582441524061
2013-07-02 16:41:00,0.9305990992348873
2013-07-02 16:42:00,0.5245589464842597
2013-07-02 16:43:00,1.1120645508940183
2013-07-02 16:44:00,0.877080367139428
2013-07-02 16:45:00,0.8655796663538963
2013-07-02 16:46:00,0.9704596696377054
2013-07-02 16:47:00,0.39691281887341057
2013-07-02 16:48:00,1.1378808444842852
2013-07-02 16:49:00,0.8962624419570322
2013-07-02 16:50:00,0.9770939289036742
2013-07-02 16:51:00,0.814834358628143
2013-07-02 16:52:00,0.9888548629704121
2013-07-02 16:53:00,0.6123687414310726
2013-07-02 16:54:00,0.8751281032601272
2013-07-02 16:55:00,0.7086497851869573
2013-07-02 16:56:00,0.9125225042981456
2013-07-02 16:57:00,0.8289846677651443
2013-07-02 16:58:00,0.9215263071615301
2013-07-02 16:59:00,0.896994230748205
2013-07-02 17:00:00,0.7252723897044815
2013-07-02 17:01:00,1.0204518651626477
2013-07-02 17:02:00,0.8159747504557873
2013-07-02 17:03:00,0.48146173733734043
2013-07-02 17:04:00,1.0144468063055818
2013-07-02 17:05:00,0.9136978880778168
2013-07-02 17:06:00,0.6038803946521284
2013-07-02 17:07:00,0.7916966071135763
2013-07-02 17:08:00,0.7554366112424841
2013-07-02 17:09:00,0.6023067781862926
2013-07-02 17:10:00,0.802696983465089
2013-07-02 17:11:00,0.8949965033251267
2013-07-02 17:12:00,0.9419200773289593
2013-07-02 17:13:00,0.9746857858852055
2013-07-02 17:14:00,0.9971842584239728
2013-07-02 17:15:00,0.8948352810595207
2013-07-02 17:16:00,0.41666604496709636
2013-07-02 17:17:00,1.1551559839313843
2013-07-02 17:18:00,0.8833400704511256
2013-07-02 17:19:00,0.9736902964703363
2013-07-02 17:20:00,0.697083955872692
2013-07-02 17:21:00,0.3899765717309484
2013-07-02 17:22:00,0.8557195534022424
2013-07-02 17:23:00,0.971152689765546
2013-07-02 17:24:00,0.9443119440891338
2013-07-02 17:25:00,0.959495116056042
2013-07-02 17:26:00,0.9600864728529444
2013-07-02 17:27:00,1.0139996456383549
2013-07-02 17:28:00,0.8694888803381922
2013-07-02 17:29:00,0.861277545163905
2013-07-02 17:30:00,0.7058368687351279
2013-07-02 17:31:00,1.0611525196471912
2013-07-02 17:32:00,0.9717685517883424
2013-07-02 17:33:00,0.7784443707641995
2013-07-02 17:34:00,0.9732362795607136
2013-07-02 17:35:00,0.946483621403831
2013-07-02 17:36:00,0.9554331199361878
2013-07-02 17:37:00,0.7053307619614363
2013-07-02 17:38:00,1.0281079892496046
2013-07-02 17:39:00,0.6933045446053258
2013-07-02 17:40:00,1.0356244928372007
2013-07-02 17:41:00,0.813985120978869
2013-07-02 17:42:00,0.8375910736976047
2013-07-02 17:43:00,0.8691904855583134
2013-07-02 17:44:00,1.002277141712823
2013-07-02 17:45:00,0.7809004161876446
2013-07-02 17:46:00,0.9996647846339609
2013-07-02 17:47:00,0.9402715216563129
2013-07-02 17:48:00,0.8525442834254982
2013-07-02 17:49:00,0.7053060151980455
2013-07-02 17:50:00,1.058512367576875
2013-07-02 17:51:00,0.8949780949198068
2013-07-02 17:52:00,0.8526209472246528
2013-07-02 17:53:00,0.9862399985025307
2013-07-02 17:54:00,0.9400815358154603
2013-07-02 17:55:00,0.9439616381421397
2013-07-02 17:56:00,0.7292378664269739
2013-07-02 17:57:00,0.6270449311697495
2013-07-02 17:58:00,1.0490583493039594
2013-07-02 17:59:00,0.3217433942773047
2013-07-02 18:00:00,1.035016652521102
2013-07-02 18:01:00,0.8956646692961311
2013-07-02 18:02:00,0.8517173735450667
2013-07-02 18:03:00,0.9967868580018081
2013-07-02 18:04:00,0.6792053745085086
2013-07-02 18:05:00,0.9106419085795567
2013-07-02 18:06:00,0.8292324009412335
2013-07-02 18:07:00,1.0197605759447395
2013-07-02 18:08:00,0.955246704002501
2013-07-02 18:09:00,0.7813794321729659
2013-07-02 18:10:00,0.809528592258324
2013-07-02 18:11:00,0.9401332259845747
2013-07-02 18:12:00,0.8219148920826503
2013-07-02 18:13:00,1.0029823178524089
2013-07-02 18:14:00,0.925442895093484
2013-07-02 18:15:00,0.8714550950599558
2013-07-02 18:16:00,0.7132716974471857
2013-07-02 18:17:00,0.8902402113170378
2013-07-02 18:18:00,0.956130157290179
2013-07-02 18:19:00,0.8336045094944278
2013-07-02 18:20:00,1.008211710747853
2013-07-02 18:21:00,0.825855911545795
2013-07-02 18:22:00,0.34946682084388164
2013-07-02 18:23:00,1.138153575586338
2013-07-02 18:24:00,0.8831620608385663
2013-07-02 18:25:00,0.9763467567987841
2013-07-02 18:26:00,0.9608874900691663
2013-07-02 18:27:00,0.9736861682782482
2013-07-02 18:28:00,0.9330593871159736
2013-07-02 18:29:00,0.9440602631869291
2013-07-02 18:30:00,0.5970445457822839
2013-07-02 18:31:00,1.044451131694449
2013-07-02 18:32:00,0.6726215451624846
2013-07-02 18:33:00,1.102023146363803
2013-07-02 18:34:00,0.33544671580558144
2013-07-02 18:35:00,1.1364648172101157
2013-07-02 18:36:00,0.897797369860262
2013-07-02 18:37:00,0.8463787360103919
2013-07-02 18:38:00,0.987638978555328
2013-07-02 18:39:00,0.8231907444447257
2013-07-02 18:40:00,0.7413196508371255
2013-07-02 18:41:00,6.655032844163281
2013-07-02 18:42:00,8.487931012178544
2013-07-02 18:43:00,4.992120992194175
2013-07-02 18:44:00,2518.071400902593
2013-07-02 18:45:00,1787.5154761193871
2013-07-02 18:46:00,1994.4430938258322
2013-07-02 18:47:00,1948.4891894753098
2013-07-02 18:48:00,1953.9029332581176
2013-07-02 18:49:00,1956.7600882193435
2013-07-02 18:50:00,1969.5030817539835
2013-07-02 18:51:00,1973.225143325324
2013-07-02 18:52:00,1955.2184535602569
2013-07-02 18:53:00,1957.1418511742559
2013-07-02 18:54:00,1972.6765572708273
2013-07-02 18:55:00,1646.0444272163904
2013-07-02 18:56:00,2017.2267968958834
2013-07-02 18:57:00,1917.515752861275
2013-07-02 18:58:00,1935.939859976878
2013-07-02 18:59:00,1936.9343506756782
2013-07-02 19:00:00,1939.5846916619025
2013-07-02 19:01:00,1923.8285082700318
2013-07-02 19:02:00,1930.133307723047
2013-07-02 19:03:00,1947.8799715348405
2013-07-02 19:04:00,1930.1322148063489
2013-07-02 19:05:00,973.5640410473654
2013-07-02 19:06:00,0.0
2013-07-02 19:07:00,115.13826996854857
2013-07-02 19:08:00,73.97825319705682
2013-07-02 19:09:00,87.60135297906908
2013-07-02 19:10:00,81.76145477376366
2013-07-02 19:11:00,66.74955796963988
2013-07-02 19:12:00,0.0
2013-07-02 19:13:00,0.0
2013-07-02 19:14:00,107.2320144461231
2013-07-02 19:15:00,68.27910628265309
2013-07-02 19:16:00,99.32841693347397
2013-07-02 19:17:00,146.41265304981755
2013-07-02 19:18:00,1732.130546397877
2013-07-02 19:19:00,1999.0546454982323
2013-07-02 19:20:00,1959.1351777513835
2013-07-02 19:21:00,1979.1899881960185
2013-07-02 19:22:00,1967.7111190834937
2013-07-02 19:23:00,1914.240405011481
2013-07-02 19:24:00,1928.9051510794243
2013-07-02 19:25:00,1903.9691343492411
2013-07-02 19:26:00,1916.4781068056009
2013-07-02 19:27:00,1917.2240543892701
2013-07-02 19:28:00,1936.2576150841642
2013-07-02 19:29:00,1720.8785536985326
2013-07-02 19:30:00,1901.109918687589
2013-07-02 19:31:00,730.7570593452169
2013-07-02 19:32:00,0.0
2013-07-02 19:33:00,31.106549210416897
2013-07-02 19:34:00,0.0
2013-07-02 19:35:00,0.0
2013-07-02 19:36:00,0.0
2013-07-02 19:37:00,0.0
