2013-04-27 19:47:00,0.3799999999995892
2013-04-27 19:48:00,0.0
2013-04-27 19:49:00,0.0
2013-04-27 19:50:00,0.0
2013-04-27 19:51:00,0.379999999999386
2013-04-27 19:52:00,0.559999999999293
2013-04-27 19:53:00,0.6699999999990949
2013-04-27 19:54:00,0.37999999999949385
2013-04-27 19:55:00,0.21999999999944467
2013-04-27 19:56:00,0.0
2013-04-27 19:57:00,0.0
2013-04-27 19:58:00,0.6199999999994968
2013-04-27 19:59:00,0.1199999999992926
2013-04-27 20:00:00,0.5599999999991464
2013-04-27 20:01:00,0.6199999999990163
2013-04-27 20:02:00,0.32999999999904417
2013-04-27 20:03:00,0.11999999999900797
2013-04-27 20:04:00,0.43999999999895206
2013-04-27 20:05:00,0.0
2013-04-27 20:06:00,0.439999999998759
2013-04-27 20:07:00,0.1199999999987907
2013-04-27 20:08:00,0.11999999999881987
2013-04-27 20:09:00,0.2499999999987345
2013-04-27 20:10:00,0.37999999999876605
2013-04-27 20:11:00,0.11999999999881396
2013-04-27 20:12:00,0.2199999999988211
2013-04-27 20:13:00,0.3799999999988326
2013-04-27 20:14:00,0.32999999999869584
2013-04-27 20:15:00,0.4999999999988153
2013-04-27 20:16:00,0.10999999999893383
2013-04-27 20:17:00,0.3799999999986806
2013-04-27 20:18:00,0.49999999999873546
2013-04-27 20:19:00,0.6199999999987342
2013-04-27 20:20:00,0.2199999999988089
2013-04-27 20:21:00,0.4999999999986636
2013-04-27 20:22:00,0.3299999999987577
2013-04-27 20:23:00,0.0
2013-04-27 20:24:00,0.37999999999842193
2013-04-27 20:25:00,0.37999999999870376
2013-04-27 20:26:00,0.32999999999863344
2013-04-27 20:27:00,0.24999999999853387
2013-04-27 20:28:00,0.10999999999848908
2013-04-27 20:29:00,0.11999999999864916
2013-04-27 20:30:00,0.32999999999845697
2013-04-27 20:31:00,0.2499999999988982
2013-04-27 20:32:00,0.5000000000030753
2013-04-27 20:33:00,0.25000000000375666
2013-04-27 20:34:00,2.6759637424788954e-12
2013-04-27 20:35:00,0.33000000000214785
2013-04-27 20:36:00,0.4300000000021701
2013-04-27 20:37:00,0.22000000000216172
2013-04-27 20:38:00,2.1909083258907643e-12
2013-04-27 20:39:00,0.1200000000017688
2013-04-27 20:40:00,0.5000000000017639
2013-04-27 20:41:00,0.3300000000018615
2013-04-27 20:42:00,0.12000000000176807
2013-04-27 20:43:00,0.25000000000193384
2013-04-27 20:44:00,0.25000000000193373
2013-04-27 20:45:00,0.22000000000207454
2013-04-27 20:46:00,0.5000000000019903
2013-04-27 20:47:00,0.38000000000198564
2013-04-27 20:48:00,0.2500000000020469
2013-04-27 20:49:00,2.0468666754803983e-12
2013-04-27 20:50:00,0.33000000000222984
2013-04-27 20:51:00,0.11000000000237302
2013-04-27 20:52:00,0.22000000000204556
2013-04-27 20:53:00,0.5000000000018762
2013-04-27 20:54:00,0.5600000000022194
2013-04-27 20:55:00,0.22000000000252862
2013-04-27 20:56:00,0.7500000000025866
2013-04-27 20:57:00,0.3800000000027525
2013-04-27 20:58:00,0.12000000000284686
2013-04-27 20:59:00,0.33000000000279794
2013-04-27 21:00:00,0.3800000000026672
2013-04-27 21:01:00,0.2200000000026706
2013-04-27 21:02:00,2.5864536973648936e-12
2013-04-27 21:03:00,0.3800000000026387
2013-04-27 21:04:00,0.25000000000258643
2013-04-27 21:05:00,0.12000000000210781
2013-04-27 21:06:00,1.506394643137152e-12
2013-04-27 21:07:00,0.33000000000156154
2013-04-27 21:08:00,1.5916487944088198e-12
2013-04-27 21:09:00,1.563222669585611e-12
2013-04-27 21:10:00,1.534797134356338e-12
2013-04-27 21:11:00,0.25000000000152056
2013-04-27 21:12:00,1.506369237705448e-12
2013-04-27 21:13:00,0.5000000000014637
2013-04-27 21:14:00,0.12000000000148249
2013-04-27 21:15:00,0.25000000000149214
2013-04-27 21:16:00,0.1100000000015058
2013-04-27 21:17:00,0.3800000000014876
2013-04-27 21:18:00,0.12000000000148249
2013-04-27 21:19:00,0.25000000000149214
2013-04-27 21:20:00,0.560000000001537
2013-04-27 21:21:00,0.12000000000145405
2013-04-27 21:22:00,1.5205659000687034e-12
2013-04-27 21:23:00,1.5631978705944949e-12
2013-04-27 21:24:00,0.38000000000145917
2013-04-27 21:25:00,0.25000000000149214
2013-04-27 21:26:00,0.4400000000014188
2013-04-27 21:27:00,0.12000000000142563
2013-04-27 21:28:00,0.6200000000014114
2013-04-27 21:29:00,0.6200000000012693
2013-04-27 21:30:00,1.2931891914486755e-12
2013-04-27 21:31:00,0.38000000000128864
2013-04-27 21:32:00,0.3800000000013597
2013-04-27 21:33:00,0.5000000000013642
2013-04-27 21:34:00,0.2500000000012932
2013-04-27 21:35:00,0.3800000000012318
2013-04-27 21:36:00,0.5000000000013642
2013-04-27 21:37:00,0.5000000000012506
2013-04-27 21:38:00,0.8800000000013171
2013-04-27 21:39:00,1.350031586740502e-12
2013-04-27 21:40:00,0.4400000000015183
2013-04-27 21:41:00,0.3800000000014876
2013-04-27 21:42:00,1.5205617074450592e-12
2013-04-27 21:43:00,0.4300000000015274
2013-04-27 21:44:00,0.5600000000015513
2013-04-27 21:45:00,0.2500000000015348
2013-04-27 21:46:00,0.12000000000156774
2013-04-27 21:47:00,0.2500000000015348
2013-04-27 21:48:00,0.2500000000015774
2013-04-27 21:49:00,0.250000000001549
2013-04-27 21:50:00,0.12000000000156774
2013-04-27 21:51:00,0.12000000000153932
2013-04-27 21:52:00,0.38000000000155865
2013-04-27 21:53:00,0.14000000000154955
2013-04-27 21:54:00,0.38000000000158707
2013-04-27 21:55:00,0.1200000000015109
2013-04-27 21:56:00,0.220000000001491
2013-04-27 21:57:00,0.2900000000042837
2013-04-27 21:58:00,4.774847209836363e-12
2013-04-27 21:59:00,0.4400000000046589
2013-04-27 22:00:00,0.29000000000473847
2013-04-27 22:01:00,0.25000000000466116
2013-04-27 22:02:00,0.5600000000046634
2013-04-27 22:03:00,0.250000000004718
2013-04-27 22:04:00,0.25000000000466116
2013-04-27 22:05:00,0.5000000000046612
2013-04-27 22:06:00,2.245315053112413e-12
2013-04-27 22:07:00,0.2500000000014495
2013-04-27 22:08:00,0.14000000000145008
2013-04-27 22:09:00,0.2500000000014495
2013-04-27 22:10:00,0.22000000000139153
2013-04-27 22:11:00,0.38000000000145917
2013-04-27 22:12:00,0.38000000000144496
2013-04-27 22:13:00,0.33000000000137675
2013-04-27 22:14:00,0.5000000000013074
2013-04-27 22:15:00,0.2500000000013358
2013-04-27 22:16:00,0.3800000000013881
2013-04-27 22:17:00,0.25000000000139266
2013-04-27 22:18:00,0.3800000000013313
2013-04-27 22:19:00,0.7100000000012727
2013-04-27 22:20:00,0.11000000000132104
2013-04-27 22:21:00,0.25000000000126477
2013-04-27 22:22:00,3.240074875884695e-12
2013-04-27 22:23:00,0.4400000000025557
2013-04-27 22:24:00,0.1400000000025159
2013-04-27 22:25:00,0.5600000000027023
2013-04-27 22:26:00,0.8800000000026955
2013-04-27 22:27:00,0.12000000000273303
2013-04-27 22:28:00,0.5000000000026716
2013-04-27 22:29:00,0.5000000000026716
2013-04-27 22:30:00,0.2500000000026432
2013-04-27 22:31:00,0.38000000000261025
2013-04-27 22:32:00,0.44000000000264095
2013-04-27 22:33:00,0.5000000000027853
2013-04-27 22:34:00,0.3300000000028547
2013-04-27 22:35:00,0.38000000000272394
2013-04-27 22:36:00,0.7500000000027285
2013-04-27 22:37:00,0.5000000000027569
2013-04-27 22:38:00,0.22000000000272735
2013-04-27 22:39:00,0.12000000000276145
2013-04-27 22:40:00,0.2500000000027285
2013-04-27 22:41:00,0.330000000002741
2013-04-27 22:42:00,0.2500000000027853
2013-04-27 22:43:00,0.12000000000276145
2013-04-27 22:44:00,0.25000000000270006
2013-04-27 22:45:00,0.25000000000267164
2013-04-27 22:46:00,2.6716406864842284e-12
2013-04-27 22:47:00,0.5000000000026432
2013-04-27 22:48:00,0.2200000000026705
2013-04-27 22:49:00,0.38000000000272394
2013-04-27 22:50:00,0.5000000000027285
2013-04-27 22:51:00,0.33000000000279783
2013-04-27 22:52:00,0.12000000000267619
2013-04-27 22:53:00,0.6700000000021191
2013-04-27 22:54:00,0.4300000000011437
2013-04-27 22:55:00,0.2200000000011073
2013-04-27 22:56:00,0.2500000000009095
2013-04-27 22:57:00,3.979039320310816e-13
2013-04-27 22:58:00,0.3800000000002228
2013-04-27 22:59:00,0.5000000000005116
2013-04-27 23:00:00,0.2200000000011073
2013-04-27 23:01:00,0.3800000000014734
2013-04-27 23:02:00,0.25000000000150635
2013-04-27 23:03:00,0.620000000001454
2013-04-27 23:04:00,0.2500000000015348
2013-04-27 23:05:00,0.5600000000014802
2013-04-27 23:06:00,0.6200000000015109
2013-04-27 23:07:00,0.22000000000144837
2013-04-27 23:08:00,0.8900000000015211
2013-04-27 23:09:00,0.2500000000015348
2013-04-27 23:10:00,0.11000000000151999
2013-04-27 23:11:00,0.7500000000015064
2013-04-27 23:12:00,0.7500000000015348
2013-04-27 23:13:00,0.4400000000016462
2013-04-27 23:14:00,1.620037437533503e-12
2013-04-27 23:15:00,2.0179413695590957e-12
2013-04-27 23:16:00,0.3800000000023829
2013-04-27 23:17:00,0.2200000000023863
2013-04-27 23:18:00,0.6200000000013972
2013-04-27 23:19:00,0.250000000001279
2013-04-27 23:20:00,0.4400000000012767
2013-04-27 23:21:00,0.6200000000013688
2013-04-27 23:22:00,0.38000000000131706
2013-04-27 23:23:00,0.3300000000012915
2013-04-27 23:24:00,0.12000000000129774
2013-04-27 23:25:00,0.2500000000013074
2013-04-27 23:26:00,0.11000000000137788
2013-04-27 23:27:00,0.2200000000013631
2013-04-27 23:28:00,0.5000000000013785
2013-04-27 23:29:00,0.38000000000130285
2013-04-27 23:30:00,0.620000000001312
2013-04-27 23:31:00,0.250000000001279
2013-04-27 23:32:00,0.33000000000127727
2013-04-27 23:33:00,0.11000000000129262
2013-04-27 23:34:00,0.2500000000013358
2013-04-27 23:35:00,0.44000000000131934
2013-04-27 23:36:00,0.3800000000013597
2013-04-27 23:37:00,0.25000000000135003
2013-04-27 23:38:00,0.6700000000013091
2013-04-27 23:39:00,0.500000000001279
2013-04-27 23:40:00,0.5600000000013949
2013-04-27 23:41:00,0.12000000000131195
2013-04-27 23:42:00,0.12000000000126931
2013-04-27 23:43:00,0.33000000000122043
2013-04-27 23:44:00,0.44000000000121986
2013-04-27 23:45:00,0.2500000000012932
2013-04-27 23:46:00,0.6200000000012977
2013-04-27 23:47:00,0.6700000000013233
2013-04-27 23:48:00,0.12000000000135458
2013-04-27 23:49:00,0.12000000000135458
2013-04-27 23:50:00,0.3300000000013483
2013-04-27 23:51:00,0.3300000000013341
2013-04-27 23:52:00,0.6200000000012409
2013-04-27 23:53:00,0.11000000000130683
2013-04-27 23:54:00,0.6200000000012693
2013-04-27 23:55:00,0.500000000001279
2013-04-27 23:56:00,0.3800000000013739
2013-04-27 23:57:00,0.22000000000137732
2013-04-27 23:58:00,1.4068746168049992e-12
2013-04-27 23:59:00,0.3300000000014762
2013-04-28 00:00:00,0.7500000000014069
2013-04-28 00:01:00,0.5000000000014921
2013-04-28 00:02:00,0.43000000000147054
2013-04-28 00:03:00,0.3300000000014762
2013-04-28 00:04:00,0.7500000000014779
2013-04-28 00:05:00,0.12000000000156774
2013-04-28 00:06:00,0.4400000000015325
2013-04-28 00:07:00,0.5000000000015064
2013-04-28 00:08:00,0.380000000001516
2013-04-28 00:09:00,0.22000000000154785
2013-04-28 00:10:00,0.5000000000015632
2013-04-28 00:11:00,0.25000000000149214
2013-04-28 00:12:00,0.11000000000154841
2013-04-28 00:13:00,0.12000000000153932
2013-04-28 00:14:00,0.33000000000150465
2013-04-28 00:15:00,0.7500000000015632
2013-04-28 00:16:00,0.12000000000267619
2013-04-28 00:17:00,2.7000623958883807e-12
2013-04-28 00:18:00,0.12000000000259092
2013-04-28 00:19:00,0.33000000000279783
2013-04-28 00:20:00,0.33000000000271257
2013-04-28 00:21:00,2.7000623958883807e-12
2013-04-28 00:22:00,0.25000000000270006
2013-04-28 00:23:00,0.38000000000272394
2013-04-28 00:24:00,0.2200000000025284
2013-04-28 00:25:00,0.25000000000267164
2013-04-28 00:26:00,0.5600000000016507
2013-04-28 00:27:00,1.5347723092418164e-12
2013-04-28 00:28:00,1.5631940186722204e-12
2013-04-28 00:29:00,0.7800000000015643
2013-04-28 00:30:00,0.12000000000158195
2013-04-28 00:31:00,0.3800000000015302
2013-04-28 00:32:00,0.22000000000144837
2013-04-28 00:33:00,0.2200000000015052
2013-04-28 00:34:00,0.8800000000015302
2013-04-28 00:35:00,0.2500000000014353
2013-04-28 00:36:00,0.11000000000150578
2013-04-28 00:37:00,0.4400000000015467
2013-04-28 00:38:00,0.44000000000144723
2013-04-28 00:39:00,0.1100000000013921
2013-04-28 00:40:00,0.12000000000135458
2013-04-28 00:41:00,0.33000000000137675
2013-04-28 00:42:00,0.5000000000013216
2013-04-28 00:43:00,0.38000000000143075
2013-04-28 00:44:00,1.4637180356658064e-12
2013-04-28 00:45:00,0.22000000000132047
2013-04-28 00:46:00,0.3800000000013313
2013-04-28 00:47:00,1.3500311979441904e-12
2013-04-28 00:48:00,0.38000000000131706
2013-04-28 00:49:00,0.2200000000013631
2013-04-28 00:50:00,0.120000000001383
2013-04-28 00:51:00,0.22000000000132047
2013-04-28 00:52:00,0.5000000000013358
2013-04-28 00:53:00,0.5600000000012528
2013-04-28 00:54:00,0.5000000000015064
2013-04-28 00:55:00,0.2500000000013216
2013-04-28 00:56:00,0.3300000000013199
2013-04-28 00:57:00,0.3800000000013597
2013-04-28 00:58:00,0.5600000000012528
2013-04-28 00:59:00,0.1200000000012551
2013-04-28 01:00:00,0.22000000000127784
2013-04-28 01:01:00,0.12000000000126931
2013-04-28 01:02:00,0.2500000000013358
2013-04-28 01:03:00,0.1100000000012642
2013-04-28 01:04:00,0.5000000000013216
2013-04-28 01:05:00,1.4495071809506044e-12
2013-04-28 01:06:00,2.6147972675971687e-12
2013-04-28 01:07:00,0.6200000000025341
2013-04-28 01:08:00,0.44000000000249884
2013-04-28 01:09:00,0.38000000000249656
2013-04-28 01:10:00,0.38000000000258183
2013-04-28 01:11:00,0.11000000000260002
2013-04-28 01:12:00,0.3800000000026955
2013-04-28 01:13:00,2.6432189770275727e-12
2013-04-28 01:14:00,0.4400000000026125
2013-04-28 01:15:00,0.5000000000025864
2013-04-28 01:16:00,0.500000000002558
2013-04-28 01:17:00,0.2500000000026148
2013-04-28 01:18:00,0.6700000000025739
2013-04-28 01:19:00,0.25000000000252953
2013-04-28 01:20:00,0.6200000000024772
2013-04-28 01:21:00,0.22000000000249997
2013-04-28 01:22:00,0.44000000000252726
2013-04-28 01:23:00,1.000000000002558
2013-04-28 01:24:00,0.8800000000024966
2013-04-28 01:25:00,0.6700000000024886
2013-04-28 01:26:00,0.6200000000024772
2013-04-28 01:27:00,0.380000000002525
2013-04-28 01:28:00,0.3800000000024113
2013-04-28 01:29:00,0.11000000000254317
2013-04-28 01:30:00,0.29000000000249315
2013-04-28 01:31:00,0.11000000000251475
2013-04-28 01:32:00,0.3800000000024397
2013-04-28 01:33:00,0.5600000000024181
2013-04-28 01:34:00,0.7500000000024727
2013-04-28 01:35:00,0.12000000000244881
2013-04-28 01:36:00,0.1400000000024022
2013-04-28 01:37:00,0.3300000000014478
2013-04-28 01:38:00,0.380000000001246
2013-04-28 01:39:00,0.38000000000128864
2013-04-28 01:40:00,0.500000000001279
2013-04-28 01:41:00,0.4400000000012909
2013-04-28 01:42:00,0.7500000000012506
2013-04-28 01:43:00,0.6200000000012693
2013-04-28 01:44:00,0.560000000001267
2013-04-28 01:45:00,0.5000000000012932
2013-04-28 01:46:00,0.12000000000131195
2013-04-28 01:47:00,0.380000000001246
2013-04-28 01:48:00,0.3300000000013483
2013-04-28 01:49:00,1.2789769243681803e-12
2013-04-28 01:50:00,1.2931877790833823e-12
2013-04-28 01:51:00,0.5000000000012648
2013-04-28 01:52:00,0.8900000000013932
2013-04-28 01:53:00,0.38000000000127443
2013-04-28 01:54:00,0.6200000000012693
2013-04-28 01:55:00,1.3216094885137863e-12
2013-04-28 01:56:00,0.2900000000013421
2013-04-28 01:57:00,0.6700000000013375
2013-04-28 01:58:00,0.22000000000130626
2013-04-28 01:59:00,0.12000000000131195
2013-04-28 02:00:00,0.250000000001279
2013-04-28 02:01:00,0.25000000000136424
2013-04-28 02:02:00,1.2505552149377763e-12
2013-04-28 02:03:00,0.12000000000126931
2013-04-28 02:04:00,1.3784529073745944e-12
2013-04-28 02:05:00,0.250000000001279
2013-04-28 02:06:00,0.5000000000013216
2013-04-28 02:07:00,0.11000000000127841
2013-04-28 02:08:00,0.5000000000013216
2013-04-28 02:09:00,0.5600000000013523
2013-04-28 02:10:00,0.38000000000131706
2013-04-28 02:11:00,0.5600000000013239
2013-04-28 02:12:00,0.2500000000012932
2013-04-28 02:13:00,0.7500000000012932
2013-04-28 02:14:00,0.12000000000134037
2013-04-28 02:15:00,0.2500000000013216
2013-04-28 02:16:00,0.22000000000133468
2013-04-28 02:17:00,0.8800000000013881
2013-04-28 02:18:00,0.33000000000136254
2013-04-28 02:19:00,0.6200000000004025
2013-04-28 02:20:00,0.5699999999999932
2013-04-28 02:21:00,0.21999999999994202
2013-04-28 02:22:00,0.37999999999962597
2013-04-28 02:23:00,0.3799999999992565
2013-04-28 02:24:00,0.10999999999941679
2013-04-28 02:25:00,0.11999999999963507
2013-04-28 02:26:00,0.5000000000000568
2013-04-28 02:27:00,3.126388037344441e-13
2013-04-28 02:28:00,0.2200000000020168
2013-04-28 02:29:00,0.25000000000150635
2013-04-28 02:30:00,0.2200000000015052
2013-04-28 02:31:00,0.12000000000156774
2013-04-28 02:32:00,1.5347723092418164e-12
2013-04-28 02:33:00,0.2200000000014768
2013-04-28 02:34:00,0.5600000000015086
2013-04-28 02:35:00,0.3800000000014734
2013-04-28 02:36:00,0.38000000000144496
2013-04-28 02:37:00,0.3300000000014336
2013-04-28 02:38:00,0.33000000000075147
2013-04-28 02:39:00,0.5000000000004832
2013-04-28 02:40:00,0.12000000000051614
2013-04-28 02:41:00,0.11000000000046839
2013-04-28 02:42:00,0.5000000000013074
2013-04-28 02:43:00,0.22000000000129205
2013-04-28 02:44:00,0.38000000000127443
2013-04-28 02:45:00,0.4400000000012767
2013-04-28 02:46:00,0.620000000001312
2013-04-28 02:47:00,0.5600000000012813
2013-04-28 02:48:00,0.38000000000127443
2013-04-28 02:49:00,1.2647660696529783e-12
2013-04-28 02:50:00,0.38000000000130285
2013-04-28 02:51:00,0.44000000000131934
2013-04-28 02:52:00,0.670000000001366
2013-04-28 02:53:00,0.5000000000013358
2013-04-28 02:54:00,0.5000000000013358
2013-04-28 02:55:00,1.2363443602225743e-12
2013-04-28 02:56:00,0.12000000000126931
2013-04-28 02:57:00,0.6700000000013517
2013-04-28 02:58:00,0.22000000000133468
2013-04-28 02:59:00,0.12000000000129774
2013-04-28 03:00:00,0.12000000000126931
2013-04-28 03:01:00,0.38000000000127443
2013-04-28 03:02:00,1.000000000001279
2013-04-28 03:03:00,0.5600000000012386
2013-04-28 03:04:00,0.38000000000130285
2013-04-28 03:05:00,0.5600000000012528
2013-04-28 03:06:00,0.500000000001279
2013-04-28 03:07:00,0.6700000000013233
2013-04-28 03:08:00,0.6200000000012693
2013-04-28 03:09:00,0.22000000000126363
2013-04-28 03:10:00,0.1200000000012551
2013-04-28 03:11:00,0.8800000000013029
2013-04-28 03:12:00,0.7500000000012932
2013-04-28 03:13:00,0.6700000000012238
2013-04-28 03:14:00,0.3800000000013313
2013-04-28 03:15:00,0.2500000000012932
2013-04-28 03:16:00,0.7500000000013927
2013-04-28 03:17:00,0.7500000000012932
2013-04-28 03:18:00,0.3300000000012915
2013-04-28 03:19:00,0.1200000000012551
2013-04-28 03:20:00,0.38000000000127443
2013-04-28 03:21:00,0.11000000000130683
2013-04-28 03:22:00,1.2789769243681803e-12
2013-04-28 03:23:00,1.2789769243681803e-12
2013-04-28 03:24:00,1.3073986337985843e-12
2013-04-28 03:25:00,0.4400000000012767
2013-04-28 03:26:00,0.6200000000013262
2013-04-28 03:27:00,0.38000000000127443
2013-04-28 03:28:00,0.7800000000012517
2013-04-28 03:29:00,0.380000000001246
2013-04-28 03:30:00,0.6200000000012977
2013-04-28 03:31:00,0.3300000000013199
2013-04-28 03:32:00,1.2789769243681803e-12
2013-04-28 03:33:00,0.7800000000012801
2013-04-28 03:34:00,0.3800000000021271
2013-04-28 03:35:00,0.12000000000253408
2013-04-28 03:36:00,0.22000000000249997
2013-04-28 03:37:00,0.2500000000025011
2013-04-28 03:38:00,0.560000000002475
2013-04-28 03:39:00,0.25000000000252953
2013-04-28 03:40:00,0.5600000000024465
2013-04-28 03:41:00,0.6200000000025341
2013-04-28 03:42:00,0.25000000000252953
2013-04-28 03:43:00,0.2500000000024727
2013-04-28 03:44:00,0.12000000000236355
2013-04-28 03:45:00,0.12000000000244881
2013-04-28 03:46:00,0.25000000000241585
2013-04-28 03:47:00,0.44000000000241357
2013-04-28 03:48:00,2.3590018827235326e-12
2013-04-28 03:49:00,0.3800000000024397
2013-04-28 03:50:00,0.12000000000247724
2013-04-28 03:51:00,0.3300000000023715
2013-04-28 03:52:00,0.38000000000235445
2013-04-28 03:53:00,0.620000000002392
2013-04-28 03:54:00,0.6700000000024033
2013-04-28 03:55:00,0.6200000000023351
2013-04-28 03:56:00,0.500000000002359
2013-04-28 03:57:00,0.7500000000024727
2013-04-28 03:58:00,0.5600000000025318
2013-04-28 03:59:00,0.7800000000025022
2013-04-28 04:00:00,0.7500000000025295
2013-04-28 04:01:00,0.25000000000244427
2013-04-28 04:02:00,0.3300000000024568
2013-04-28 04:03:00,0.25000000000244427
2013-04-28 04:04:00,0.6200000000024488
2013-04-28 04:05:00,2.4726887204451486e-12
2013-04-28 04:06:00,2.4158453015843406e-12
2013-04-28 04:07:00,2.1316282072803006e-12
2013-04-28 04:08:00,1.2931877790833823e-12
2013-04-28 04:09:00,0.250000000001279
2013-04-28 04:10:00,0.6700000000012807
2013-04-28 04:11:00,0.6700000000012807
2013-04-28 04:12:00,0.5000000000013074
2013-04-28 04:13:00,0.250000000001279
2013-04-28 04:14:00,0.25000000000126477
2013-04-28 04:15:00,0.3300000000012915
2013-04-28 04:16:00,1.0000000000013074
2013-04-28 04:17:00,0.6200000000012835
2013-04-28 04:18:00,0.12000000000135458
2013-04-28 04:19:00,0.5000000000013074
2013-04-28 04:20:00,0.22000000000132047
2013-04-28 04:21:00,0.29000000000131365
2013-04-28 04:22:00,0.6700000000012949
2013-04-28 04:23:00,0.12000000000129774
2013-04-28 04:24:00,0.4400000000012909
2013-04-28 04:25:00,0.12000000000132616
2013-04-28 04:26:00,0.5600000000013097
2013-04-28 04:27:00,0.7800000000012943
2013-04-28 04:28:00,0.5000000000013358
2013-04-28 04:29:00,0.5600000000012813
2013-04-28 04:30:00,0.38000000000127443
2013-04-28 04:31:00,0.38000000000127443
2013-04-28 04:32:00,0.6700000000012665
2013-04-28 04:33:00,0.5000000000012932
2013-04-28 04:34:00,0.38000000000130285
2013-04-28 04:35:00,0.3300000000012915
2013-04-28 04:36:00,0.38000000000128864
2013-04-28 04:37:00,0.750000000001279
2013-04-28 04:38:00,0.5000000000013074
2013-04-28 04:39:00,0.5000000000012932
2013-04-28 04:40:00,0.38000000000127443
2013-04-28 04:41:00,0.22000000000129205
2013-04-28 04:42:00,0.7500000000013074
2013-04-28 04:43:00,0.4400000000012909
2013-04-28 04:44:00,0.12000000000134037
2013-04-28 04:45:00,0.7500000000013216
2013-04-28 04:46:00,0.22000000000132047
2013-04-28 04:47:00,0.5600000000012386
2013-04-28 04:48:00,0.3300000000013057
2013-04-28 04:49:00,0.12000000000128352
2013-04-28 04:50:00,0.38000000000127443
2013-04-28 04:51:00,1.000000000001279
2013-04-28 04:52:00,0.3300000000013057
2013-04-28 04:53:00,0.12000000000126931
2013-04-28 04:54:00,0.25000000000125056
2013-04-28 04:55:00,1.2647660696529783e-12
2013-04-28 04:56:00,0.38000000000127443
2013-04-28 04:57:00,0.2200000000012352
2013-04-28 04:58:00,0.12000000000122668
2013-04-28 04:59:00,0.25000000000227374
2013-04-28 05:00:00,0.5000000000025295
2013-04-28 05:01:00,0.5000000000024158
2013-04-28 05:02:00,0.2500000000024727
2013-04-28 05:03:00,0.6200000000025057
2013-04-28 05:04:00,0.12000000000247724
2013-04-28 05:05:00,0.560000000001935
2013-04-28 05:06:00,0.2500000000013074
2013-04-28 05:07:00,0.3800000000011039
2013-04-28 05:08:00,0.3800000000008481
2013-04-28 05:09:00,0.3300000000002683
2013-04-28 05:10:00,0.3799999999991428
2013-04-28 05:11:00,0.10999999999918941
2013-04-28 05:12:00,0.4999999999992326
2013-04-28 05:13:00,0.37999999999948386
2013-04-28 05:14:00,0.6199999999998056
2013-04-28 05:15:00,0.21999999999994202
2013-04-28 05:16:00,0.5000000000002842
2013-04-28 05:17:00,0.38000000000039336
2013-04-28 05:18:00,0.7500000000003979
2013-04-28 05:19:00,0.6200000000003172
2013-04-28 05:20:00,0.7500000000003126
2013-04-28 05:21:00,0.12000000000031719
2013-04-28 05:22:00,0.6200000000002603
2013-04-28 05:23:00,0.3800000000003365
2013-04-28 05:24:00,0.3800000000003081
2013-04-28 05:25:00,0.44000000000031037
2013-04-28 05:26:00,0.2500000000002842
2013-04-28 05:27:00,0.4400000000003672
2013-04-28 05:28:00,0.7100000000002638
2013-04-28 05:29:00,0.5600000000002296
2013-04-28 05:30:00,0.1199999999999477
2013-04-28 05:31:00,0.44000000000013983
2013-04-28 05:32:00,0.38000000000025125
2013-04-28 05:33:00,0.6200000000000614
2013-04-28 05:34:00,0.3299999999997283
2013-04-28 05:35:00,0.7499999999997726
2013-04-28 05:36:00,0.11999999999983402
2013-04-28 05:37:00,0.5600000000000591
2013-04-28 05:38:00,0.12000000000011823
2013-04-28 05:39:00,0.7500000000001137
2013-04-28 05:40:00,0.43999999999977035
2013-04-28 05:41:00,0.0
2013-04-28 05:42:00,0.24999999999997158
2013-04-28 05:43:00,0.6699999999998454
2013-04-28 05:44:00,0.2499999999998863
2013-04-28 05:45:00,0.3300000000000125
2013-04-28 05:46:00,0.2499999999998579
2013-04-28 05:47:00,0.5600000000000307
2013-04-28 05:48:00,0.6699999999997317
2013-04-28 05:49:00,0.5000000000001137
2013-04-28 05:50:00,0.1199999999998056
2013-04-28 05:51:00,0.1099999999999568
2013-04-28 05:52:00,0.3800000000001944
2013-04-28 05:53:00,0.11000000000018417
2013-04-28 05:54:00,0.21999999999985675
2013-04-28 05:55:00,0.75
2013-04-28 05:56:00,0.33000000000083674
2013-04-28 05:57:00,0.3800000000011323
2013-04-28 05:58:00,0.2500000000013358
2013-04-28 05:59:00,0.3300000000012915
2013-04-28 06:00:00,0.12000000000116984
2013-04-28 06:01:00,0.4400000000010209
2013-04-28 06:02:00,0.380000000001246
2013-04-28 06:03:00,0.3300000000010641
2013-04-28 06:04:00,0.22000000000116415
2013-04-28 06:05:00,0.5000000000011653
2013-04-28 06:06:00,0.5000000000011084
2013-04-28 06:07:00,0.38000000000144496
2013-04-28 06:08:00,0.22000000000153364
2013-04-28 06:09:00,0.38000000000141654
2013-04-28 06:10:00,0.3800000000010755
2013-04-28 06:11:00,0.11000000000143473
2013-04-28 06:12:00,0.44000000000144723
2013-04-28 06:13:00,0.6200000000011983
2013-04-28 06:14:00,0.3300000000011778
2013-04-28 06:15:00,0.5000000000014495
2013-04-28 06:16:00,0.12000000000145405
2013-04-28 06:17:00,0.25000000000136424
2013-04-28 06:18:00,0.5000000000011937
2013-04-28 06:19:00,0.11000000000143473
2013-04-28 06:20:00,0.5000000000014779
2013-04-28 06:21:00,1.3642420526593924e-12
2013-04-28 06:22:00,0.8800000000013029
2013-04-28 06:23:00,0.6700000000013802
2013-04-28 06:24:00,0.3800000000015018
2013-04-28 06:25:00,0.6700000000013517
2013-04-28 06:26:00,0.3800000000011323
2013-04-28 06:27:00,0.5600000000013949
2013-04-28 06:28:00,0.5000000000014495
2013-04-28 06:29:00,0.50000000000054
2013-04-28 06:30:00,0.4400000000001114
2013-04-28 06:31:00,0.7500000000003411
2013-04-28 06:32:00,0.25000000000034106
2013-04-28 06:33:00,0.33000000000009777
2013-04-28 06:34:00,0.4400000000001114
2013-04-28 06:35:00,0.12000000000034561
2013-04-28 06:36:00,0.3800000000003081
2013-04-28 06:37:00,0.3800000000000239
2013-04-28 06:38:00,0.25000000000008527
2013-04-28 06:39:00,0.670000000000357
2013-04-28 06:40:00,0.25000000000031264
2013-04-28 06:41:00,0.6700000000000443
2013-04-28 06:42:00,0.4400000000001114
2013-04-28 06:43:00,0.25000000000031264
2013-04-28 06:44:00,0.25000000000031264
2013-04-28 06:45:00,0.21999999999999886
2013-04-28 06:46:00,0.33000000000006935
2013-04-28 06:47:00,0.44000000000031037
2013-04-28 06:48:00,0.38000000000027967
2013-04-28 06:49:00,0.3300000000000125
2013-04-28 06:50:00,0.2500000000000284
2013-04-28 06:51:00,0.5000000000003126
2013-04-28 06:52:00,0.33000000000032514
2013-04-28 06:53:00,8.526512829121202e-14
2013-04-28 06:54:00,0.33000000000018304
2013-04-28 06:55:00,0.22000000000036835
2013-04-28 06:56:00,0.5000000000003695
2013-04-28 06:57:00,0.21999999999997044
2013-04-28 06:58:00,0.4400000000001967
2013-04-28 06:59:00,0.5000000000003411
2013-04-28 07:00:00,0.3800000000003081
2013-04-28 07:01:00,0.1199999999999477
2013-04-28 07:02:00,0.750000000000199
2013-04-28 07:03:00,0.5600000000002865
2013-04-28 07:04:00,0.33000000000035357
2013-04-28 07:05:00,0.4399999999999693
2013-04-28 07:06:00,0.12000000000023192
2013-04-28 07:07:00,0.5000000000003695
2013-04-28 07:08:00,0.2500000000003695
2013-04-28 07:09:00,0.21999999999997044
2013-04-28 07:10:00,0.11000000000026944
2013-04-28 07:11:00,0.5600000000003718
2013-04-28 07:12:00,0.6200000000002888
2013-04-28 07:13:00,0.21999999999999886
2013-04-28 07:14:00,0.11000000000024102
2013-04-28 07:15:00,0.620000000000374
2013-04-28 07:16:00,0.2500000000002274
2013-04-28 07:17:00,0.22000000000002728
2013-04-28 07:18:00,0.12000000000028876
2013-04-28 07:19:00,0.3800000000003081
2013-04-28 07:20:00,0.3300000000010641
2013-04-28 07:21:00,0.12000000000119826
2013-04-28 07:22:00,0.670000000001437
2013-04-28 07:23:00,0.25000000000150635
2013-04-28 07:24:00,0.7500000000013927
2013-04-28 07:25:00,0.6200000000011698
2013-04-28 07:26:00,0.7500000000023874
2013-04-28 07:27:00,0.620000000002733
2013-04-28 07:28:00,0.22000000000264208
2013-04-28 07:29:00,0.25000000000244427
2013-04-28 07:30:00,0.11000000000234422
2013-04-28 07:31:00,0.5700000000016416
2013-04-28 07:32:00,0.7800000000015075
2013-04-28 07:33:00,0.12000000000145405
2013-04-28 07:34:00,1.6484591469634324e-12
2013-04-28 07:35:00,0.4400000000016746
2013-04-28 07:36:00,0.43000000000145633
2013-04-28 07:37:00,0.11000000000146315
2013-04-28 07:38:00,0.5600000000016507
2013-04-28 07:39:00,1.5347723092418164e-12
2013-04-28 07:40:00,0.7500000000014495
2013-04-28 07:41:00,0.22000000000159048
2013-04-28 07:42:00,0.33000000000188834
2013-04-28 07:43:00,0.5000000000018474
2013-04-28 07:44:00,0.1200000000023067
2013-04-28 07:45:00,0.5600000000027308
2013-04-28 07:46:00,0.44000000000275463
2013-04-28 07:47:00,0.7500000000027285
2013-04-28 07:48:00,0.4400000000127875
2013-04-28 07:49:00,0.5000000000073896
2013-04-28 07:50:00,0.3800000000028092
2013-04-28 07:51:00,0.38000000000275236
2013-04-28 07:52:00,0.2200000000028126
2013-04-28 07:53:00,0.6200000000028183
2013-04-28 07:54:00,0.6700000000034265
2013-04-28 07:55:00,0.11000000000385057
2013-04-28 07:56:00,0.12000000000378463
2013-04-28 07:57:00,0.2200000000037221
2013-04-28 07:58:00,0.380000000004145
2013-04-28 07:59:00,0.12000000000529099
2013-04-28 08:00:00,0.5000000000051159
2013-04-28 08:01:00,1.0000000000055138
2013-04-28 08:02:00,0.11000000000530008
2013-04-28 08:03:00,0.5700000000048817
2013-04-28 08:04:00,0.25000000000545697
2013-04-28 08:05:00,0.2500000000049454
2013-04-28 08:06:00,0.22000000000537057
2013-04-28 08:07:00,0.3799999999996544
2013-04-28 08:08:00,0.29999999999472493
2013-04-28 08:09:00,0.32999999999628926
2013-04-28 08:10:00,0.10999999999580723
2013-04-28 08:11:00,0.32999999996354745
2013-04-28 08:12:00,0.599999999963984
2013-04-28 08:13:00,0.7499999999643023
2013-04-28 08:14:00,0.19999999996480256
2013-04-28 08:15:00,0.5599999999649299
2013-04-28 08:16:00,0.21999999996478437
2013-04-28 08:17:00,1.0231815394945443e-12
2013-04-28 08:18:00,0.43000000000620275
2013-04-28 08:19:00,0.1200000000055752
2013-04-28 08:20:00,0.5000000000057412
2013-04-28 08:21:00,0.5000000000055138
2013-04-28 08:22:00,0.25000000000608225
2013-04-28 08:23:00,0.3800000000064756
2013-04-28 08:24:00,0.49999999999704414
2013-04-28 08:25:00,0.5999999999633019
2013-04-28 08:26:00,0.6699999999630109
2013-04-28 08:27:00,0.43999999996049155
2013-04-28 08:28:00,3.524291969370097e-12
2013-04-28 08:29:00,0.25000000000397904
2013-04-28 08:30:00,0.670000000003597
2013-04-28 08:31:00,0.38000000000300815
2013-04-28 08:32:00,0.620000000004211
2013-04-28 08:33:00,0.7500000000033538
2013-04-28 08:34:00,1.0000000000040927
2013-04-28 08:35:00,0.6700000000040518
2013-04-28 08:36:00,0.38000000000351974
2013-04-28 08:37:00,0.44000000000380624
2013-04-28 08:38:00,3.865352482534945e-12
2013-04-28 08:39:00,0.6200000000037562
2013-04-28 08:40:00,0.5600000000039245
2013-04-28 08:41:00,0.29000000000263526
2013-04-28 08:42:00,0.6200000000026478
2013-04-28 08:43:00,2.6147972675971687e-12
2013-04-28 08:44:00,0.2500000000026148
2013-04-28 08:45:00,0.5000000000026432
2013-04-28 08:46:00,0.38000000000261025
2013-04-28 08:47:00,0.6200000000027046
2013-04-28 08:48:00,0.44000000000264095
2013-04-28 08:49:00,0.5000000000026432
2013-04-28 08:50:00,0.2500000000026432
2013-04-28 08:51:00,0.38000000000261025
2013-04-28 08:52:00,0.4400000000026125
2013-04-28 08:53:00,0.8800000000026387
2013-04-28 08:54:00,0.12000000000264777
2013-04-28 08:55:00,0.6700000000026307
2013-04-28 08:56:00,0.25000000000358114
2013-04-28 08:57:00,0.25000000000397904
2013-04-28 08:58:00,3.865352482534945e-12
2013-04-28 08:59:00,4.547473508864641e-12
2013-04-28 09:00:00,0.560000000004095
2013-04-28 09:01:00,0.250000000004718
2013-04-28 09:02:00,0.33000000000257046
2013-04-28 09:03:00,0.12000000000128352
2013-04-28 09:04:00,0.3300000000012915
2013-04-28 09:05:00,0.12000000000126931
2013-04-28 09:06:00,0.30000000000129035
2013-04-28 09:07:00,0.6200000000013404
2013-04-28 09:08:00,0.22000000000139153
2013-04-28 09:09:00,0.5000000000013927
2013-04-28 09:10:00,0.3800000000013739
2013-04-28 09:11:00,0.22000000000130626
2013-04-28 09:12:00,0.6700000000012807
2013-04-28 09:13:00,0.250000000001279
2013-04-28 09:14:00,1.7905676941154525e-12
2013-04-28 09:15:00,0.2500000000042064
2013-04-28 09:16:00,0.3800000000039745
2013-04-28 09:17:00,0.6200000000031309
2013-04-28 09:18:00,0.3800000000037471
2013-04-28 09:19:00,0.6200000000040973
2013-04-28 09:20:00,0.3300000000035652
2013-04-28 09:21:00,0.11000000000399268
2013-04-28 09:22:00,0.5000000000027001
2013-04-28 09:23:00,0.6700000000025454
2013-04-28 09:24:00,0.2500000000024727
2013-04-28 09:25:00,0.22000000000207365
2013-04-28 09:26:00,1.5631940186722204e-12
2013-04-28 09:27:00,0.1100000000015342
2013-04-28 09:28:00,0.12000000000153932
2013-04-28 09:29:00,0.7500000000015632
2013-04-28 09:30:00,1.5205614545266144e-12
2013-04-28 09:31:00,0.33000000000153307
2013-04-28 09:32:00,0.22000000000146258
2013-04-28 09:33:00,1.3926637620897964e-12
2013-04-28 09:34:00,0.5000000000015774
2013-04-28 09:35:00,0.440000000001433
2013-04-28 09:36:00,0.25000000000137845
2013-04-28 09:37:00,1.3784529073745944e-12
2013-04-28 09:38:00,0.6200000000013546
2013-04-28 09:39:00,0.2500000000013358
2013-04-28 09:40:00,1.2931877790833823e-12
2013-04-28 09:41:00,0.5000000000012648
2013-04-28 09:42:00,0.3300000000013341
2013-04-28 09:43:00,0.6200000000013262
2013-04-28 09:44:00,0.12000000000131195
2013-04-28 09:45:00,0.5600000000013949
2013-04-28 09:46:00,0.43000000000147054
2013-04-28 09:47:00,0.33000000000254204
2013-04-28 09:48:00,0.5000000000025864
2013-04-28 09:49:00,0.5000000000025864
2013-04-28 09:50:00,0.5600000000026455
2013-04-28 09:51:00,0.12000000000261934
2013-04-28 09:52:00,2.7284841053187847e-12
2013-04-28 09:53:00,0.4400000000026125
2013-04-28 09:54:00,0.6200000000026193
2013-04-28 09:55:00,0.38000000000258183
2013-04-28 09:56:00,0.2500000000025864
2013-04-28 09:57:00,0.44000000000264095
2013-04-28 09:58:00,0.6200000000025909
2013-04-28 09:59:00,2.5295321393059567e-12
2013-04-28 10:00:00,0.6200000000026193
2013-04-28 10:01:00,0.5000000000024727
2013-04-28 10:02:00,0.3300000000024568
2013-04-28 10:03:00,0.5000000000023022
2013-04-28 10:04:00,0.12000000000250566
2013-04-28 10:05:00,0.620000000002392
2013-04-28 10:06:00,0.11000000000248633
2013-04-28 10:07:00,0.5000000000023874
2013-04-28 10:08:00,0.5000000000023306
2013-04-28 10:09:00,1.0000000000023874
2013-04-28 10:10:00,0.6200000000023635
2013-04-28 10:11:00,0.6700000000024033
2013-04-28 10:12:00,0.38000000000246814
2013-04-28 10:13:00,0.3000000000024272
2013-04-28 10:14:00,0.7500000000025295
2013-04-28 10:15:00,0.2500000000025011
2013-04-28 10:16:00,0.3300000000019452
2013-04-28 10:17:00,0.3800000000012318
2013-04-28 10:18:00,1.4068746168049984e-12
2013-04-28 10:19:00,1.3784529073745944e-12
2013-04-28 10:20:00,0.12000000000132616
2013-04-28 10:21:00,0.22000000000143416
2013-04-28 10:22:00,0.5000000000013642
2013-04-28 10:23:00,1.0000000000011369
2013-04-28 10:24:00,1.3073986337985843e-12
2013-04-28 10:25:00,0.5600000000012386
2013-04-28 10:26:00,1.000000000001208
2013-04-28 10:27:00,0.38000000000118916
2013-04-28 10:28:00,0.330000000001192
2013-04-28 10:29:00,0.7500000000011937
2013-04-28 10:30:00,0.7800000000011806
2013-04-28 10:31:00,0.11000000000116472
2013-04-28 10:32:00,0.22000000000130626
2013-04-28 10:33:00,0.3800000000013313
2013-04-28 10:34:00,0.7500000000011937
2013-04-28 10:35:00,0.33000000000122043
2013-04-28 10:36:00,1.2079226507921703e-12
2013-04-28 10:37:00,0.7800000000012375
2013-04-28 10:38:00,0.33000000000136254
2013-04-28 10:39:00,0.120000000001383
2013-04-28 10:40:00,0.4400000000014188
2013-04-28 10:41:00,0.5600000000013523
2013-04-28 10:42:00,0.2500000000012932
2013-04-28 10:43:00,0.3800000000012176
2013-04-28 10:44:00,0.6200000000011414
2013-04-28 10:45:00,0.12000000000118405
2013-04-28 10:46:00,0.440000000001163
2013-04-28 10:47:00,1.2079226507921703e-12
2013-04-28 10:48:00,1.2079226507921703e-12
2013-04-28 10:49:00,0.12000000000121247
2013-04-28 10:50:00,0.4400000000011772
2013-04-28 10:51:00,0.880000000001175
2013-04-28 10:52:00,1.1795009413617663e-12
2013-04-28 10:53:00,0.2500000000011653
2013-04-28 10:54:00,0.3800000000012176
2013-04-28 10:55:00,0.500000000001279
2013-04-28 10:56:00,0.12000000000128352
2013-04-28 10:57:00,0.7800000000011948
2013-04-28 10:58:00,0.5000000000011653
2013-04-28 10:59:00,0.3800000000011323
2013-04-28 11:00:00,0.33000000000113516
2013-04-28 11:01:00,0.33000000000177465
2013-04-28 11:02:00,0.12000000000233513
2013-04-28 11:03:00,0.44000000000227146
2013-04-28 11:04:00,0.38000000000232603
2013-04-28 11:05:00,0.12000000000239197
2013-04-28 11:06:00,0.4400000000023283
2013-04-28 11:07:00,0.5000000000023874
2013-04-28 11:08:00,0.500000000002359
2013-04-28 11:09:00,0.12000000000227828
2013-04-28 11:10:00,0.7500000000022737
2013-04-28 11:11:00,0.4400000000019304
2013-04-28 11:12:00,0.3800000000011323
2013-04-28 11:13:00,0.5000000000011084
2013-04-28 11:14:00,0.22000000000117836
2013-04-28 11:15:00,1.1937117960769683e-12
2013-04-28 11:16:00,0.8900000000011374
2013-04-28 11:17:00,0.7500000000012079
2013-04-28 11:18:00,0.2500000000011511
2013-04-28 11:19:00,0.6200000000011414
2013-04-28 11:20:00,0.3300000000011494
2013-04-28 11:21:00,0.620000000001184
2013-04-28 11:22:00,0.33000000000112095
2013-04-28 11:23:00,0.6200000000011556
2013-04-28 11:24:00,0.7800000000012091
2013-04-28 11:25:00,1.1652900866465643e-12
2013-04-28 11:26:00,0.38000000000114653
2013-04-28 11:27:00,0.33000000000126306
2013-04-28 11:28:00,0.38000000000116074
2013-04-28 11:29:00,0.7500000000012079
2013-04-28 11:30:00,0.6200000000012409
2013-04-28 11:31:00,0.12000000000116984
2013-04-28 11:32:00,0.330000000001192
2013-04-28 11:33:00,0.14000000000113744
2013-04-28 11:34:00,0.38000000000114653
2013-04-28 11:35:00,0.6700000000011528
2013-04-28 11:36:00,0.5700000000014711
2013-04-28 11:37:00,0.3300000000013483
2013-04-28 11:38:00,0.5000000000013927
2013-04-28 11:39:00,0.5600000000015086
2013-04-28 11:40:00,1.3926637620897964e-12
2013-04-28 11:41:00,0.7800000000014791
2013-04-28 11:42:00,0.2500000000014069
2013-04-28 11:43:00,1.3500311979441904e-12
2013-04-28 11:44:00,0.5700000000014711
2013-04-28 11:45:00,0.5600000000015513
2013-04-28 11:46:00,0.12000000000136879
2013-04-28 11:47:00,0.6200000000013546
2013-04-28 11:48:00,0.2200000000013631
2013-04-28 11:49:00,0.37999999999840384
2013-04-28 11:50:00,0.21999999998934072
2013-04-28 11:51:00,0.2899999999908687
2013-04-28 11:52:00,0.250000000002359
2013-04-28 11:53:00,0.6700000000022897
2013-04-28 11:54:00,0.6200000000025625
2013-04-28 11:55:00,2.4442670110147446e-12
2013-04-28 11:56:00,0.250000000002359
2013-04-28 11:57:00,0.38000000000246814
2013-04-28 11:58:00,0.5000000000023874
2013-04-28 11:59:00,0.33000000000242835
2013-04-28 12:00:00,0.5000000000028137
2013-04-28 12:01:00,0.38000000000312184
2013-04-28 12:02:00,0.5000000000029843
2013-04-28 12:03:00,0.4400000000029536
2013-04-28 12:04:00,0.25000000000252953
2013-04-28 12:05:00,0.2500000000024727
2013-04-28 12:06:00,0.380000000002525
2013-04-28 12:07:00,0.2200000000025284
2013-04-28 12:08:00,0.7500000000025295
2013-04-28 12:09:00,0.5000000000026148
2013-04-28 12:10:00,2.5579538487363607e-12
2013-04-28 12:11:00,0.2200000000025284
2013-04-28 12:12:00,0.3300000000025136
2013-04-28 12:13:00,0.7500000000024443
2013-04-28 12:14:00,2.3874235921539366e-12
2013-04-28 12:15:00,0.620000000002392
2013-04-28 12:16:00,2.3305801732931286e-12
2013-04-28 12:17:00,0.3800000000024397
2013-04-28 12:18:00,0.44000000000241357
2013-04-28 12:19:00,0.2500000000023874
2013-04-28 12:20:00,2.3305801732931286e-12
2013-04-28 12:21:00,0.12000000000233513
2013-04-28 12:22:00,0.11000000000242949
2013-04-28 12:23:00,0.7500000000023022
2013-04-28 12:24:00,0.12000000000244881
2013-04-28 12:25:00,0.22000000000235787
2013-04-28 12:26:00,0.5000000000023306
2013-04-28 12:27:00,0.2500000000022453
2013-04-28 12:28:00,0.38000000000090495
2013-04-28 12:29:00,0.49999999999090505
2013-04-28 12:30:00,0.2499999999931788
2013-04-28 12:31:00,0.5600000000011391
2013-04-28 12:32:00,0.33000000000112095
2013-04-28 12:33:00,0.7500000000012221
2013-04-28 12:34:00,0.3800000000011323
2013-04-28 12:35:00,0.2500000000011511
2013-04-28 12:36:00,0.12000000000114142
2013-04-28 12:37:00,0.11000000000110788
2013-04-28 12:38:00,0.29000000000417003
2013-04-28 12:39:00,0.38000000000459977
2013-04-28 12:40:00,0.5600000000046066
2013-04-28 12:41:00,0.3300000000045884
2013-04-28 12:42:00,0.2500000000045475
2013-04-28 12:43:00,0.7500000000046612
2013-04-28 12:44:00,0.33000000000464524
2013-04-28 12:45:00,0.2500000000046043
2013-04-28 12:46:00,0.4400000000046589
2013-04-28 12:47:00,0.25000000000466116
2013-04-28 12:48:00,0.38000000000420187
2013-04-28 12:49:00,0.6200000000012267
2013-04-28 12:50:00,0.5600000000012386
2013-04-28 12:51:00,0.380000000001246
2013-04-28 12:52:00,0.12000000000124089
2013-04-28 12:53:00,0.3800000000012176
2013-04-28 12:54:00,0.380000000001246
2013-04-28 12:55:00,0.7500000000012506
2013-04-28 12:56:00,0.1100000000012642
2013-04-28 12:57:00,0.5000000000012363
2013-04-28 12:58:00,0.5000000000012079
2013-04-28 12:59:00,0.2500000000012079
2013-04-28 13:00:00,0.380000000000031
2013-04-28 13:01:00,0.10999999999992838
2013-04-28 13:02:00,0.3799999999999031
2013-04-28 13:03:00,0.3800000000009902
2013-04-28 13:04:00,0.5600000000023613
2013-04-28 13:05:00,0.5000000000026432
2013-04-28 13:06:00,0.6700000000028297
2013-04-28 13:07:00,0.25000000000230216
2013-04-28 13:08:00,1.4210854715202004e-12
2013-04-28 13:09:00,0.12000000000156774
2013-04-28 13:10:00,0.25000000000147793
2013-04-28 13:11:00,0.3800000000013881
2013-04-28 13:12:00,0.4400000000014188
2013-04-28 13:13:00,0.2500000000026432
2013-04-28 13:14:00,0.5600000000026171
2013-04-28 13:15:00,0.38000000000289447
2013-04-28 13:16:00,0.430000000003929
2013-04-28 13:17:00,0.3300000000039631
2013-04-28 13:18:00,3.922195901395753e-12
2013-04-28 13:19:00,0.6200000000039836
2013-04-28 13:20:00,0.6200000000043246
2013-04-28 13:21:00,0.33000000000424734
2013-04-28 13:22:00,0.6200000000036994
2013-04-28 13:23:00,0.7500000000040927
2013-04-28 13:24:00,0.38000000000340606
2013-04-28 13:25:00,0.620000000003472
2013-04-28 13:26:00,3.353761712787673e-12
2013-04-28 13:27:00,0.2500000000034106
2013-04-28 13:28:00,0.4400000000037494
2013-04-28 13:29:00,3.410605131648481e-12
2013-04-28 13:30:00,3.183231456205249e-12
2013-04-28 13:31:00,0.5000000000022737
2013-04-28 13:32:00,0.6700000000024033
2013-04-28 13:33:00,0.3800000000020418
2013-04-28 13:34:00,0.44000000000249884
2013-04-28 13:35:00,0.12000000000267619
2013-04-28 13:36:00,0.250000000001819
2013-04-28 13:37:00,0.38000000000261025
2013-04-28 13:38:00,0.11000000000314003
2013-04-28 13:39:00,0.11000000000274213
2013-04-28 13:40:00,0.5000000000030695
2013-04-28 13:41:00,0.5600000000039245
2013-04-28 13:42:00,0.3300000000040768
2013-04-28 13:43:00,0.25000000000386535
2013-04-28 13:44:00,0.25000000000437694
2013-04-28 13:45:00,0.22000000000394948
2013-04-28 13:46:00,0.25000000000397904
2013-04-28 13:47:00,0.5600000000038676
2013-04-28 13:48:00,0.430000000003929
2013-04-28 13:49:00,0.22000000000457476
2013-04-28 13:50:00,0.38000000000442924
2013-04-28 13:51:00,0.2500000000049454
2013-04-28 13:52:00,0.22000000000355158
2013-04-28 13:53:00,0.38000000000315026
2013-04-28 13:54:00,0.1100000000033674
2013-04-28 13:55:00,0.3800000000035766
2013-04-28 13:56:00,0.5000000000040359
2013-04-28 13:57:00,0.22000000000394948
2013-04-28 13:58:00,0.3300000000028831
2013-04-28 13:59:00,0.12000000000273303
2013-04-28 14:00:00,0.3300000000028831
2013-04-28 14:01:00,0.5000000000030127
2013-04-28 14:02:00,0.12000000000324462
2013-04-28 14:03:00,0.38000000000391765
2013-04-28 14:04:00,0.12000000000432465
2013-04-28 14:05:00,0.5000000000048885
2013-04-28 14:06:00,0.5600000000031855
2013-04-28 14:07:00,0.5600000000031855
2013-04-28 14:08:00,0.5000000000037517
2013-04-28 14:09:00,3.751665644813329e-12
2013-04-28 14:10:00,1.9895196601282805e-12
2013-04-28 14:11:00,0.22000000000275577
2013-04-28 14:12:00,0.6200000000032446
2013-04-28 14:13:00,0.44000000000369255
2013-04-28 14:14:00,0.5000000000034674
2013-04-28 14:15:00,2.2168933355715126e-12
2013-04-28 14:16:00,0.11000000000183263
2013-04-28 14:17:00,0.12000000000182354
2013-04-28 14:18:00,0.250000000001819
2013-04-28 14:19:00,0.3300000000018599
2013-04-28 14:20:00,0.5000000000017906
2013-04-28 14:21:00,1.0000000000013216
2013-04-28 14:22:00,0.3300000000006662
2013-04-28 14:23:00,0.3800000000006776
2013-04-28 14:24:00,0.7800000000007117
2013-04-28 14:25:00,7.815970093361102e-13
2013-04-28 14:26:00,0.8800000000007913
2013-04-28 14:27:00,0.3300000000012062
2013-04-28 14:28:00,0.5000000000019611
2013-04-28 14:29:00,0.3800000000018713
2013-04-28 14:30:00,0.37999999999945544
2013-04-28 14:31:00,0.10999999999918941
2013-04-28 14:32:00,0.4999999999990621
2013-04-28 14:33:00,0.5599999999990359
2013-04-28 14:34:00,0.32999999999915985
2013-04-28 14:35:00,0.11999999999918032
2013-04-28 14:36:00,0.1199999999991519
2013-04-28 14:37:00,0.32999999999955776
2013-04-28 14:38:00,0.12000000000048772
2013-04-28 14:39:00,0.11000000000049681
2013-04-28 14:40:00,0.0
2013-04-28 14:41:00,0.6199999999992087
2013-04-28 14:42:00,0.32999999999967145
2013-04-28 14:43:00,0.24999999999977263
2013-04-28 14:44:00,0.38000000000027967
2013-04-28 14:45:00,1.4779288903810084e-12
2013-04-28 14:46:00,0.22000000000235787
2013-04-28 14:47:00,0.40000000000190994
2013-04-28 14:48:00,0.2500000000013358
2013-04-28 14:49:00,0.7800000000012233
2013-04-28 14:50:00,0.5000000000013074
2013-04-28 14:51:00,0.22000000000130626
2013-04-28 14:52:00,0.6200000000011983
2013-04-28 14:53:00,0.43000000000122895
2013-04-28 14:54:00,0.33000000000140517
2013-04-28 14:55:00,0.3300000000023715
2013-04-28 14:56:00,0.7500000000021316
2013-04-28 14:57:00,0.2500000000005329
2013-04-28 14:58:00,0.49999999999993605
2013-04-28 14:59:00,0.3799999999999528
2013-04-28 15:00:00,0.5599999999999028
2013-04-28 15:01:00,0.6199999999998624
2013-04-28 15:02:00,0.4999999999998934
2013-04-28 15:03:00,0.3299999999998704
2013-04-28 15:04:00,0.37999999999983913
2013-04-28 15:05:00,0.25000000000046185
2013-04-28 15:06:00,0.38000000000127443
2013-04-28 15:07:00,0.2500000000012079
2013-04-28 15:08:00,0.2200000000001907
2013-04-28 15:09:00,0.0
2013-04-28 15:10:00,0.4399999999999409
2013-04-28 15:11:00,0.5000000000000213
2013-04-28 15:12:00,0.4999999999999787
2013-04-28 15:13:00,0.3999999999999915
2013-04-28 15:14:00,0.4300000000000139
2013-04-28 15:15:00,0.2199999999999207
2013-04-28 15:16:00,0.670000000000428
2013-04-28 15:17:00,0.12000000000126931
2013-04-28 15:18:00,0.3300000000012062
2013-04-28 15:19:00,0.5600000000015086
2013-04-28 15:20:00,0.11000000000112209
2013-04-28 15:21:00,0.12000000000105615
2013-04-28 15:22:00,0.2500000000010516
2013-04-28 15:23:00,0.6700000000011244
2013-04-28 15:24:00,0.120000000001113
2013-04-28 15:25:00,0.4400000000011346
2013-04-28 15:26:00,0.3800000000011039
2013-04-28 15:27:00,0.4400000000011062
2013-04-28 15:28:00,0.25000000000241585
2013-04-28 15:29:00,0.6200000000024204
2013-04-28 15:30:00,0.5000000000019895
2013-04-28 15:31:00,0.11000000000106525
2013-04-28 15:32:00,0.2200000000010789
2013-04-28 15:33:00,0.25000000000085265
2013-04-28 15:34:00,0.3299999999998988
2013-04-28 15:35:00,0.0
2013-04-28 15:36:00,0.21999999999999886
2013-04-28 15:37:00,0.24999999999954525
2013-04-28 15:38:00,0.3799999999996544
2013-04-28 15:39:00,0.44000000000067985
2013-04-28 15:40:00,0.380000000001246
2013-04-28 15:41:00,0.7500000000012221
2013-04-28 15:42:00,0.49999999999991473
2013-04-28 15:43:00,0.329999999999643
2013-04-28 15:44:00,0.43999999999974193
2013-04-28 15:45:00,0.11999999999997613
2013-04-28 15:46:00,0.3299999999995862
2013-04-28 15:47:00,0.37999999999988177
2013-04-28 15:48:00,0.3799999999984891
2013-04-28 15:49:00,0.6199999999987256
2013-04-28 15:50:00,0.21999999999864883
2013-04-28 15:51:00,0.21999999999988518
2013-04-28 15:52:00,0.12000000000014666
2013-04-28 15:53:00,0.32999999999992724
2013-04-28 15:54:00,0.5599999999986949
2013-04-28 15:55:00,0.4999999999985931
2013-04-28 15:56:00,0.24999999999886313
2013-04-28 15:57:00,0.5599999999985812
2013-04-28 15:58:00,0.4999999999987068
2013-04-28 15:59:00,0.4999999999988347
2013-04-28 16:00:00,0.43999999999856243
2013-04-28 16:01:00,0.3799999999986312
2013-04-28 16:02:00,0.4999999999988347
2013-04-28 16:03:00,0.3299999999988614
2013-04-28 16:04:00,0.10999999999908994
2013-04-28 16:05:00,0.2200000000004252
2013-04-28 16:06:00,0.12000000000051614
2013-04-28 16:07:00,0.5000000000035243
2013-04-28 16:08:00,0.6200000000025625
2013-04-28 16:09:00,0.5600000000023897
2013-04-28 16:10:00,0.25000000000187583
2013-04-28 16:11:00,0.22000000000139153
2013-04-28 16:12:00,1.9895196601282805e-12
2013-04-28 16:13:00,0.38000000000192813
2013-04-28 16:14:00,0.6200000000019941
2013-04-28 16:15:00,0.3800000000021555
2013-04-28 16:16:00,0.2500000000019895
2013-04-28 16:17:00,0.2200000000020168
2013-04-28 16:18:00,0.25000000000085265
2013-04-28 16:19:00,0.38000000000010914
2013-04-28 16:20:00,0.2199999999938882
2013-04-28 16:21:00,0.21999999998752173
2013-04-28 16:22:00,0.0
2013-04-28 16:23:00,0.2500000000002842
2013-04-28 16:24:00,0.0
2013-04-28 16:25:00,0.0
2013-04-28 16:26:00,0.219999999999402
2013-04-28 16:27:00,0.4999999999997158
2013-04-28 16:28:00,0.3799999999998249
2013-04-28 16:29:00,0.2500000000003979
2013-04-28 16:30:00,0.12000000000148248
2013-04-28 16:31:00,1.4210854715202004e-12
2013-04-28 16:32:00,1.4210854715202004e-12
2013-04-28 16:33:00,0.3300000000015757
2013-04-28 16:34:00,0.6200000000012551
2013-04-28 16:35:00,0.12000000000114142
2013-04-28 16:36:00,0.11000000000120735
2013-04-28 16:37:00,1.2505552149377763e-12
2013-04-28 16:38:00,0.22000000000127784
2013-04-28 16:39:00,0.22000000000139153
2013-04-28 16:40:00,1.6484591469634324e-12
2013-04-28 16:41:00,0.38000000000118916
2013-04-28 16:42:00,0.22000000000099362
2013-04-28 16:43:00,0.38000000000079126
2013-04-28 16:44:00,0.22000000000105047
2013-04-28 16:45:00,0.5600000000011391
2013-04-28 16:46:00,0.3300000000010641
2013-04-28 16:47:00,0.2500000000009095
2013-04-28 16:48:00,0.44000000000079353
2013-04-28 16:49:00,0.5000000000017621
2013-04-28 16:50:00,0.5000000000042064
2013-04-28 16:51:00,0.38000000000363343
2013-04-28 16:52:00,0.22000000000224418
2013-04-28 16:53:00,0.3300000000020873
2013-04-28 16:54:00,0.1200000000021646
2013-04-28 16:55:00,0.2200000000025284
2013-04-28 16:56:00,0.25000000000335376
2013-04-28 16:57:00,0.44000000000289674
2013-04-28 16:58:00,0.33000000000293994
2013-04-28 16:59:00,0.2500000000027285
2013-04-28 17:00:00,0.8900000000029991
2013-04-28 17:01:00,0.1200000000029604
2013-04-28 17:02:00,0.500000000002899
2013-04-28 17:03:00,2.6147972675971687e-12
2013-04-28 17:04:00,0.5000000000029559
2013-04-28 17:05:00,0.1200000000029604
2013-04-28 17:06:00,0.7800000000029854
2013-04-28 17:07:00,0.250000000002899
2013-04-28 17:08:00,0.4400000000027262
2013-04-28 17:09:00,0.25000000000295586
2013-04-28 17:10:00,0.25000000000306954
2013-04-28 17:11:00,0.33000000000305363
2013-04-28 17:12:00,1.000000000002899
2013-04-28 17:13:00,0.3300000000029968
2013-04-28 17:14:00,0.38000000000300815
2013-04-28 17:15:00,3.0127011996228248e-12
2013-04-28 17:16:00,0.3300000000028831
2013-04-28 17:17:00,0.22000000000298314
2013-04-28 17:18:00,0.5000000000030695
2013-04-28 17:19:00,0.33000000000305363
2013-04-28 17:20:00,0.5000000000027853
2013-04-28 17:21:00,0.38000000000130285
2013-04-28 17:22:00,0.330000000002201
2013-04-28 17:23:00,0.5000000000024443
2013-04-28 17:24:00,0.22000000000235787
2013-04-28 17:25:00,0.25000000000244427
2013-04-28 17:26:00,0.3800000000024397
2013-04-28 17:27:00,0.4400000000025557
2013-04-28 17:28:00,0.38000000000192813
2013-04-28 17:29:00,1.3073986337985843e-12
2013-04-28 17:30:00,0.5000000000014211
2013-04-28 17:31:00,0.2500000000015348
2013-04-28 17:32:00,0.4400000000016462
2013-04-28 17:33:00,1.0000000000015348
2013-04-28 17:34:00,0.6200000000130785
2013-04-28 17:35:00,0.22000000000639375
2013-04-28 17:36:00,0.22000000000156206
2013-04-28 17:37:00,0.6200000000011414
2013-04-28 17:38:00,0.33000000000151886
2013-04-28 17:39:00,0.1200000000008572
2013-04-28 17:40:00,0.3800000000011323
2013-04-28 17:41:00,0.22000000000167574
2013-04-28 17:42:00,0.2500000000010232
2013-04-28 17:43:00,0.25000000000113687
2013-04-28 17:44:00,0.8900000000011801
2013-04-28 17:45:00,0.12000000000091404
2013-04-28 17:46:00,0.2500000000014211
2013-04-28 17:47:00,0.6200000000010846
2013-04-28 17:48:00,0.11000000000066734
2013-04-28 17:49:00,0.6200000000010562
2013-04-28 17:50:00,0.12000000000136879
2013-04-28 17:51:00,0.2500000000015348
2013-04-28 17:52:00,0.3300000000015757
2013-04-28 17:53:00,0.3300000000012915
2013-04-28 17:54:00,0.6200000000012551
2013-04-28 17:55:00,0.6699999999998383
2013-04-28 17:56:00,0.12000000000011113
2013-04-28 17:57:00,0.2500000000007958
2013-04-28 17:58:00,0.3299999999998704
2013-04-28 17:59:00,0.3800000000002228
2013-04-28 18:00:00,0.3300000000013483
2013-04-28 18:01:00,0.12000000000062983
2013-04-28 18:02:00,0.44000000000067985
2013-04-28 18:03:00,0.38000000000062073
2013-04-28 18:04:00,0.3300000000010641
2013-04-28 18:05:00,0.25000000000227374
2013-04-28 18:06:00,0.44000000000318096
2013-04-28 18:07:00,0.2500000000030127
2013-04-28 18:08:00,0.3800000000008481
2013-04-28 18:09:00,0.21999999999907516
2013-04-28 18:10:00,0.24999999999901945
2013-04-28 18:11:00,0.6699999999963921
2013-04-28 18:12:00,0.3799999999920942
2013-04-28 18:13:00,0.8799999999920942
2013-04-28 18:14:00,0.3299999999921681
2013-04-28 18:15:00,0.11999999999216016
2013-04-28 18:16:00,0.2199999999915292
2013-04-28 18:17:00,0.43999999999164174
2013-04-28 18:18:00,0.24999999999207034
2013-04-28 18:19:00,0.3799999999922079
2013-04-28 18:20:00,0.10999999999219767
2013-04-28 18:21:00,0.4399999999919544
2013-04-28 18:22:00,0.43999999999189754
2013-04-28 18:23:00,0.0
2013-04-28 18:24:00,0.4399999999922102
2013-04-28 18:25:00,0.6199999999921602
2013-04-28 18:26:00,0.11999999999230226
2013-04-28 18:27:00,0.3799999999924353
2013-04-28 18:28:00,0.11999999999238753
2013-04-28 18:29:00,0.10999999999253873
2013-04-28 18:30:00,0.37999999999347267
2013-04-28 18:31:00,0.43999999999348915
2013-04-28 18:32:00,0.3299999999934613
2013-04-28 18:33:00,0.24999999999339195
2013-04-28 18:34:00,0.11999999999343913
2013-04-28 18:35:00,0.0
2013-04-28 18:36:00,0.24999999999340616
2013-04-28 18:37:00,0.6199999999933681
2013-04-28 18:38:00,0.11999999999335387
2013-04-28 18:39:00,0.24999999999342037
2013-04-28 18:40:00,0.21999999999344766
2013-04-28 18:41:00,0.21999999999339082
2013-04-28 18:42:00,0.0
2013-04-28 18:43:00,0.3299999999934613
2013-04-28 18:44:00,0.0
2013-04-28 18:45:00,0.10999999999344823
2013-04-28 18:46:00,0.3299999999933476
2013-04-28 18:47:00,0.11999999999345334
2013-04-28 18:48:00,0.11999999999348177
2013-04-28 18:49:00,0.32999999999341867
2013-04-28 18:50:00,0.4999999999945999
2013-04-28 18:51:00,0.24999999999445777
2013-04-28 18:52:00,0.43999999999451234
2013-04-28 18:53:00,0.3799999999943964
2013-04-28 18:54:00,0.24999999999457145
2013-04-28 18:55:00,0.21999999999459874
2013-04-28 18:56:00,0.669999999994559
2013-04-28 18:57:00,0.119999999994576
2013-04-28 18:58:00,0.4399999999945976
2013-04-28 18:59:00,0.11999999999463284
2013-04-28 19:00:00,0.11999999999443389
2013-04-28 19:01:00,0.4399999999945692
2013-04-28 19:02:00,0.3799999999945953
2013-04-28 19:03:00,0.0
2013-04-28 19:04:00,0.0
2013-04-28 19:05:00,0.10999999999441457
2013-04-28 19:06:00,0.2499999999946283
2013-04-28 19:07:00,0.0
2013-04-28 19:08:00,0.7499999999943725
2013-04-28 19:09:00,0.10999999999444299
2013-04-28 19:10:00,0.0
2013-04-28 19:11:00,0.0
2013-04-28 19:12:00,0.42999999999480565
2013-04-28 19:13:00,0.0
2013-04-28 19:14:00,0.24999999999545253
2013-04-28 19:15:00,0.6199999999948318
2013-04-28 19:16:00,0.21999999999604825
2013-04-28 19:17:00,0.12000000000040245
2013-04-28 19:18:00,0.5000000000005684
2013-04-28 19:19:00,5.115907697472721e-13
2013-04-28 19:20:00,0.22000000000065256
2013-04-28 19:21:00,0.25000000000034106
2013-04-28 19:22:00,0.20000000000038654
2013-04-28 19:23:00,0.12000000000051614
2013-04-28 19:24:00,0.330000000000382
2013-04-28 19:25:00,0.6199999999996066
2013-04-28 19:26:00,0.49999999999926104
2013-04-28 19:27:00,0.6699999999991064
2013-04-28 19:28:00,0.0
2013-04-28 19:29:00,0.0
2013-04-28 19:30:00,0.0
2013-04-28 19:31:00,0.0
2013-04-28 19:32:00,0.3799999999991428
2013-04-28 19:33:00,0.2199999999991178
2013-04-28 19:34:00,0.10999999999921783
2013-04-28 19:35:00,0.43999999999925876
2013-04-28 19:36:00,0.4999999999992042
2013-04-28 19:37:00,0.21999999999917463
2013-04-28 19:38:00,0.0
2013-04-28 19:39:00,0.21999999999934516
2013-04-28 19:40:00,0.21999999999928832
2013-04-28 19:41:00,0.1399999999992474
2013-04-28 19:42:00,0.10999999999989996
2013-04-28 19:43:00,0.1200000000004593
2013-04-28 19:44:00,7.958078640513122e-13
2013-04-28 19:45:00,0.3800000000011323
2013-04-28 19:46:00,0.780000000001337
