2013-04-04 19:47:00,0.0024239951752031974
2013-04-04 19:48:00,0.0024239951742884847
2013-04-04 19:49:00,0.002423995175122595
2013-04-04 19:50:00,0.0024239951743619814
2013-04-04 19:51:00,0.0024239951750555377
2013-04-04 19:52:00,0.0024239951744231547
2013-04-04 19:53:00,0.0024239951749998045
2013-04-04 19:54:00,0.002423995174474003
2013-04-04 19:55:00,0.0024239951749533972
2013-04-04 19:56:00,0.0024239951745163024
2013-04-04 19:57:00,0.0024239951749148725
2013-04-04 19:58:00,0.0024239951745513855
2013-04-04 19:59:00,0.002423995174882898
2013-04-04 20:00:00,0.0024239951745805843
2013-04-04 20:01:00,0.0024239951748562527
2013-04-04 20:02:00,0.0024239951746048982
2013-04-04 20:03:00,0.0024239951748340482
2013-04-04 20:04:00,0.0024239951746251043
2013-04-04 20:05:00,0.0024239951748156185
2013-04-04 20:06:00,0.0024239951746419797
2013-04-04 20:07:00,0.0024239951748002975
2013-04-04 20:08:00,0.0024239951746558575
2013-04-04 20:09:00,0.002423995174787641
2013-04-04 20:10:00,0.0024239951746674038
2013-04-04 20:11:00,0.002423995174777094
2013-04-04 20:12:00,0.0024239951746770627
2013-04-04 20:13:00,0.002423995174768212
2013-04-04 20:14:00,0.0024239951746851673
2013-04-04 20:15:00,0.0024239951747608846
2013-04-04 20:16:00,0.0024239951746918287
2013-04-04 20:17:00,0.0024239951747547783
2013-04-04 20:18:00,0.00242399517469738
2013-04-04 20:19:00,0.0024239951747497823
2013-04-04 20:20:00,0.0024239951747019317
2013-04-04 20:21:00,0.0024239951747455635
2013-04-04 20:22:00,0.0024239951747058175
2013-04-04 20:23:00,0.0024239951747420108
2013-04-04 20:24:00,0.002423995174709037
2013-04-04 20:25:00,0.002423995174739124
2013-04-04 20:26:00,0.0024239951747117017
2013-04-04 20:27:00,0.0024239951747366817
2013-04-04 20:28:00,0.002423995174713922
2013-04-04 20:29:00,0.0024239951747346833
2013-04-04 20:30:00,0.0024239951747156985
2013-04-04 20:31:00,0.002423995174733018
2013-04-04 20:32:00,0.002423995174717253
2013-04-04 20:33:00,0.0024239951747315747
2013-04-04 20:34:00,0.002423995174718585
2013-04-04 20:35:00,0.0024239951747303534
2013-04-04 20:36:00,0.0024239951747196953
2013-04-04 20:37:00,0.0024239951747293542
2013-04-04 20:38:00,0.0024239951747205835
2013-04-04 20:39:00,0.002423995174728577
2013-04-04 20:40:00,0.0024239951747212496
2013-04-04 20:41:00,0.002423995174728022
2013-04-04 20:42:00,0.0024239951747218047
2013-04-04 20:43:00,0.002423995174727467
2013-04-04 20:44:00,0.00242399517472236
2013-04-04 20:45:00,0.0024239951747269117
2013-04-04 20:46:00,0.002423995174722804
2013-04-04 20:47:00,0.0024239951747265787
2013-04-04 20:48:00,0.002423995174723137
2013-04-04 20:49:00,0.0024239951747262456
2013-04-04 20:50:00,0.00242399517472347
2013-04-04 20:51:00,0.0024239951747259125
2013-04-04 20:52:00,0.002423995174723692
2013-04-04 20:53:00,0.0024239951747258015
2013-04-04 20:54:00,0.002423995174723803
2013-04-04 20:55:00,0.0024239951747256905
2013-04-04 20:56:00,0.002423995174723914
2013-04-04 20:57:00,0.0024239951747255795
2013-04-04 20:58:00,0.002423995174724025
2013-04-04 20:59:00,0.0024239951747254684
2013-04-04 21:00:00,0.002423995174724136
2013-04-04 21:01:00,0.0024239951747253574
2013-04-04 21:02:00,0.002423995174724247
2013-04-04 21:03:00,0.0024239951747252464
2013-04-04 21:04:00,0.002423995174724358
2013-04-04 21:05:00,0.0024239951747251354
2013-04-04 21:06:00,0.0024239951747244692
2013-04-04 21:07:00,0.0024239951747250243
2013-04-04 21:08:00,0.0024239951747245803
2013-04-04 21:09:00,0.0024239951747249133
2013-04-04 21:10:00,0.0024239951747245803
2013-04-04 21:11:00,0.0024239951747249133
2013-04-04 21:12:00,0.0024239951747245803
2013-04-04 21:13:00,0.0024239951747249133
2013-04-04 21:14:00,0.0024239951747245803
2013-04-04 21:15:00,0.0024239951747249133
2013-04-04 21:16:00,0.0024239951747245803
2013-04-04 21:17:00,0.0024239951747249133
2013-04-04 21:18:00,0.0024239951747245803
2013-04-04 21:19:00,0.0024239951747249133
2013-04-04 21:20:00,0.0024239951747245803
2013-04-04 21:21:00,0.0024239951747249133
2013-04-04 21:22:00,0.0024239951747245803
2013-04-04 21:23:00,0.0024239951747249133
2013-04-04 21:24:00,0.0024239951747245803
2013-04-04 21:25:00,0.0024239951747249133
2013-04-04 21:26:00,0.0024239951747245803
2013-04-04 21:27:00,0.0024239951747249133
2013-04-04 21:28:00,0.0024239951747245803
2013-04-04 21:29:00,0.0024239951747249133
2013-04-04 21:30:00,0.0024239951747245803
2013-04-04 21:31:00,0.0024239951747249133
2013-04-04 21:32:00,0.0024239951747245803
2013-04-04 21:33:00,0.0024239951747249133
2013-04-04 21:34:00,0.0024239951747245803
2013-04-04 21:35:00,0.0024239951747249133
2013-04-04 21:36:00,0.0024239951747245803
2013-04-04 21:37:00,0.0024239951747249133
2013-04-04 21:38:00,0.0024239951747245803
2013-04-04 21:39:00,0.0024239951747249133
2013-04-04 21:40:00,0.0024239951747245803
2013-04-04 21:41:00,0.0024239951747249133
2013-04-04 21:42:00,0.0024239951747245803
2013-04-04 21:43:00,0.0024239951747249133
2013-04-04 21:44:00,0.0024239951747245803
2013-04-04 21:45:00,0.0024239951747249133
2013-04-04 21:46:00,0.0024239951747245803
2013-04-04 21:47:00,0.0024239951747249133
2013-04-04 21:48:00,0.0024239951747245803
2013-04-04 21:49:00,0.0024239951747249133
2013-04-04 21:50:00,0.0024239951747245803
2013-04-04 21:51:00,0.0024239951747249133
2013-04-04 21:52:00,0.0024239951747245803
2013-04-04 21:53:00,0.0024239951747249133
2013-04-04 21:54:00,0.0024239951747245803
2013-04-04 21:55:00,0.0024239951747249133
2013-04-04 21:56:00,0.0024239951747245803
2013-04-04 21:57:00,0.0024239951747249133
2013-04-04 21:58:00,0.0024239951747245803
2013-04-04 21:59:00,0.0024239951747249133
2013-04-04 22:00:00,0.0024239951747245803
2013-04-04 22:01:00,0.0024239951747249133
2013-04-04 22:02:00,0.0024239951747245803
2013-04-04 22:03:00,0.0024239951747249133
2013-04-04 22:04:00,0.0024239951747245803
2013-04-04 22:05:00,0.0024239951747249133
2013-04-04 22:06:00,0.0024239951747245803
2013-04-04 22:07:00,0.0024239951747249133
2013-04-04 22:08:00,0.0024239951747245803
2013-04-04 22:09:00,0.0024239951747249133
2013-04-04 22:10:00,0.0024239951747245803
2013-04-04 22:11:00,0.0024239951747249133
2013-04-04 22:12:00,0.0024239951747245803
2013-04-04 22:13:00,0.0024239951747249133
2013-04-04 22:14:00,0.0024239951747245803
2013-04-04 22:15:00,0.0024239951747249133
2013-04-04 22:16:00,0.0024239951747245803
2013-04-04 22:17:00,0.0024239951747249133
2013-04-04 22:18:00,0.0024239951747245803
2013-04-04 22:19:00,0.0024239951747249133
2013-04-04 22:20:00,0.0024239951747245803
2013-04-04 22:21:00,0.0024239951747249133
2013-04-04 22:22:00,0.0024239951747245803
2013-04-04 22:23:00,0.0024239951747249133
2013-04-04 22:24:00,0.0024239951747245803
2013-04-04 22:25:00,0.0024239951747249133
2013-04-04 22:26:00,0.0024239951747245803
2013-04-04 22:27:00,0.0024239951747249133
2013-04-04 22:28:00,0.0024239951747245803
2013-04-04 22:29:00,0.0024239951747249133
2013-04-04 22:30:00,0.0024239951747245803
2013-04-04 22:31:00,0.0024239951747249133
2013-04-04 22:32:00,0.0024239951747245803
2013-04-04 22:33:00,0.0024239951747249133
2013-04-04 22:34:00,0.0024239951747245803
2013-04-04 22:35:00,0.0024239951747249133
2013-04-04 22:36:00,0.0024239951747245803
2013-04-04 22:37:00,0.0024239951747249133
2013-04-04 22:38:00,0.0024239951747245803
2013-04-04 22:39:00,0.0024239951747249133
2013-04-04 22:40:00,0.0024239951747245803
2013-04-04 22:41:00,0.0024239951747249133
2013-04-04 22:42:00,0.0024239951747245803
2013-04-04 22:43:00,0.0024239951747249133
2013-04-04 22:44:00,0.0024239951747245803
2013-04-04 22:45:00,0.0024239951747249133
2013-04-04 22:46:00,0.0024239951747245803
2013-04-04 22:47:00,0.0024239951747249133
2013-04-04 22:48:00,0.0024239951747245803
2013-04-04 22:49:00,0.0024239951747249133
2013-04-04 22:50:00,0.0024239951747245803
2013-04-04 22:51:00,0.0024239951747249133
2013-04-04 22:52:00,0.0024239951747245803
2013-04-04 22:53:00,0.0024239951747249133
2013-04-04 22:54:00,0.0024239951747245803
2013-04-04 22:55:00,0.0024239951747249133
2013-04-04 22:56:00,0.0024239951747245803
2013-04-04 22:57:00,0.0024239951747249133
2013-04-04 22:58:00,0.0024239951747245803
2013-04-04 22:59:00,0.0024239951747249133
2013-04-04 23:00:00,0.0024239951747245803
2013-04-04 23:01:00,0.0024239951747249133
2013-04-04 23:02:00,0.0024239951747245803
2013-04-04 23:03:00,0.0024239951747249133
2013-04-04 23:04:00,0.0024239951747245803
2013-04-04 23:05:00,0.0024239951747249133
2013-04-04 23:06:00,0.0024239951747245803
2013-04-04 23:07:00,0.0024239951747249133
2013-04-04 23:08:00,0.0024239951747245803
2013-04-04 23:09:00,0.0024239951747249133
2013-04-04 23:10:00,0.0024239951747245803
2013-04-04 23:11:00,0.0024239951747249133
2013-04-04 23:12:00,0.0024239951747245803
2013-04-04 23:13:00,0.0024239951747249133
2013-04-04 23:14:00,0.0024239951747245803
2013-04-04 23:15:00,0.0024239951747249133
2013-04-04 23:16:00,0.0024239951747245803
2013-04-04 23:17:00,0.0024239951747249133
2013-04-04 23:18:00,0.0024239951747245803
2013-04-04 23:19:00,0.0024239951747249133
2013-04-04 23:20:00,0.0024239951747245803
2013-04-04 23:21:00,0.0024239951747249133
2013-04-04 23:22:00,0.0024239951747245803
2013-04-04 23:23:00,0.0024239951747249133
2013-04-04 23:24:00,0.0024239951747245803
2013-04-04 23:25:00,0.0024239951747249133
2013-04-04 23:26:00,0.0024239951747245803
2013-04-04 23:27:00,0.0024239951747249133
2013-04-04 23:28:00,0.0024239951747245803
2013-04-04 23:29:00,0.0024239951747249133
2013-04-04 23:30:00,0.0024239951747245803
2013-04-04 23:31:00,0.0024239951747249133
2013-04-04 23:32:00,0.0024239951747245803
2013-04-04 23:33:00,0.0024239951747249133
2013-04-04 23:34:00,0.0024239951747245803
2013-04-04 23:35:00,0.0024239951747249133
2013-04-04 23:36:00,0.0024239951747245803
2013-04-04 23:37:00,0.0024239951747249133
2013-04-04 23:38:00,0.0024239951747245803
2013-04-04 23:39:00,0.0024239951747249133
2013-04-04 23:40:00,0.0024239951747245803
2013-04-04 23:41:00,0.0024239951747249133
2013-04-04 23:42:00,0.0024239951747245803
2013-04-04 23:43:00,0.0024239951747249133
2013-04-04 23:44:00,0.0024239951747245803
2013-04-04 23:45:00,0.0024239951747249133
2013-04-04 23:46:00,0.0024239951747245803
2013-04-04 23:47:00,0.0024239951747249133
2013-04-04 23:48:00,0.0024239951747245803
2013-04-04 23:49:00,0.0024239951747249133
2013-04-04 23:50:00,0.0024239951747245803
2013-04-04 23:51:00,0.0024239951747249133
2013-04-04 23:52:00,0.0024239951747245803
2013-04-04 23:53:00,0.0024239951747249133
2013-04-04 23:54:00,0.0024239951747245803
2013-04-04 23:55:00,0.0024239951747249133
2013-04-04 23:56:00,0.0024239951747245803
2013-04-04 23:57:00,0.0024239951747249133
2013-04-04 23:58:00,0.0024239951747245803
2013-04-04 23:59:00,0.0024239951747249133
2013-04-05 00:00:00,0.0024239951747245803
2013-04-05 00:01:00,0.0024239951747249133
2013-04-05 00:02:00,0.0024239951747245803
2013-04-05 00:03:00,0.0024239951747249133
2013-04-05 00:04:00,0.0024239951747245803
2013-04-05 00:05:00,0.0024239951747249133
2013-04-05 00:06:00,0.0024239951747245803
2013-04-05 00:07:00,0.0024239951747249133
2013-04-05 00:08:00,0.0024239951747245803
2013-04-05 00:09:00,0.0024239951747249133
2013-04-05 00:10:00,0.0024239951747245803
2013-04-05 00:11:00,0.0024239951747249133
2013-04-05 00:12:00,0.0024239951747245803
2013-04-05 00:13:00,0.0024239951747249133
2013-04-05 00:14:00,0.0024239951747245803
2013-04-05 00:15:00,0.0024239951747249133
2013-04-05 00:16:00,0.0024239951747245803
2013-04-05 00:17:00,0.0024239951747249133
2013-04-05 00:18:00,0.0024239951747245803
2013-04-05 00:19:00,0.0024239951747249133
2013-04-05 00:20:00,0.0024239951747245803
2013-04-05 00:21:00,0.0024239951747249133
2013-04-05 00:22:00,0.0024239951747245803
2013-04-05 00:23:00,0.0024239951747249133
2013-04-05 00:24:00,0.0024239951747245803
2013-04-05 00:25:00,0.0024239951747249133
2013-04-05 00:26:00,0.0024239951747245803
2013-04-05 00:27:00,0.0024239951747249133
2013-04-05 00:28:00,0.0024239951747245803
2013-04-05 00:29:00,0.0024239951747249133
2013-04-05 00:30:00,0.0024239951747245803
2013-04-05 00:31:00,0.0024239951747249133
2013-04-05 00:32:00,0.0024239951747245803
2013-04-05 00:33:00,0.0024239951747249133
2013-04-05 00:34:00,0.0024239951747245803
2013-04-05 00:35:00,0.0024239951747249133
2013-04-05 00:36:00,0.0024239951747245803
2013-04-05 00:37:00,0.0024239951747249133
2013-04-05 00:38:00,0.0024239951747245803
2013-04-05 00:39:00,0.0024239951747249133
2013-04-05 00:40:00,0.0024239951747245803
2013-04-05 00:41:00,0.0024239951747249133
2013-04-05 00:42:00,0.0024239951747245803
2013-04-05 00:43:00,0.0024239951747249133
2013-04-05 00:44:00,0.0024239951747245803
2013-04-05 00:45:00,0.0024239951747249133
2013-04-05 00:46:00,0.0024239951747245803
2013-04-05 00:47:00,0.0024239951747249133
2013-04-05 00:48:00,0.0024239951747245803
2013-04-05 00:49:00,0.0024239951747249133
2013-04-05 00:50:00,0.0024239951747245803
2013-04-05 00:51:00,0.0024239951747249133
2013-04-05 00:52:00,0.0024239951747245803
2013-04-05 00:53:00,0.0024239951747249133
2013-04-05 00:54:00,0.0024239951747245803
2013-04-05 00:55:00,0.0024239951747249133
2013-04-05 00:56:00,0.0024239951747245803
2013-04-05 00:57:00,0.0024239951747249133
2013-04-05 00:58:00,0.0024239951747245803
2013-04-05 00:59:00,0.0024239951747249133
2013-04-05 01:00:00,0.0024239951747245803
2013-04-05 01:01:00,0.0024239951747249133
2013-04-05 01:02:00,0.0024239951747245803
2013-04-05 01:03:00,0.0024239951747249133
2013-04-05 01:04:00,0.0024239951747245803
2013-04-05 01:05:00,0.0024239951747249133
2013-04-05 01:06:00,0.0024239951747245803
2013-04-05 01:07:00,0.0024239951747249133
2013-04-05 01:08:00,0.0024239951747245803
2013-04-05 01:09:00,0.0024239951747249133
2013-04-05 01:10:00,0.0024239951747245803
2013-04-05 01:11:00,0.0024239951747249133
2013-04-05 01:12:00,0.0024239951747245803
2013-04-05 01:13:00,0.0024239951747249133
2013-04-05 01:14:00,0.0024239951747245803
2013-04-05 01:15:00,0.0024239951747249133
2013-04-05 01:16:00,0.0024239951747245803
2013-04-05 01:17:00,0.0024239951747249133
2013-04-05 01:18:00,0.0024239951747245803
2013-04-05 01:19:00,0.0024239951747249133
2013-04-05 01:20:00,0.0024239951747245803
2013-04-05 01:21:00,0.0024239951747249133
2013-04-05 01:22:00,0.0024239951747245803
2013-04-05 01:23:00,0.0024239951747249133
2013-04-05 01:24:00,0.0024239951747245803
2013-04-05 01:25:00,0.0024239951747249133
2013-04-05 01:26:00,0.0024239951747245803
2013-04-05 01:27:00,0.0024239951747249133
2013-04-05 01:28:00,0.0024239951747245803
2013-04-05 01:29:00,0.0024239951747249133
2013-04-05 01:30:00,0.0024239951747245803
2013-04-05 01:31:00,0.0024239951747249133
2013-04-05 01:32:00,0.0024239951747245803
2013-04-05 01:33:00,0.0024239951747249133
2013-04-05 01:34:00,0.0024239951747245803
2013-04-05 01:35:00,0.0024239951747249133
2013-04-05 01:36:00,0.0024239951747245803
2013-04-05 01:37:00,0.0024239951747249133
2013-04-05 01:38:00,0.0024239951747245803
2013-04-05 01:39:00,0.0024239951747249133
2013-04-05 01:40:00,0.0024239951747245803
2013-04-05 01:41:00,0.0024239951747249133
2013-04-05 01:42:00,0.0024239951747245803
2013-04-05 01:43:00,0.0024239951747249133
2013-04-05 01:44:00,0.0024239951747245803
2013-04-05 01:45:00,0.0024239951747249133
2013-04-05 01:46:00,0.0024239951747245803
2013-04-05 01:47:00,0.0024239951747249133
2013-04-05 01:48:00,0.0024239951747245803
2013-04-05 01:49:00,0.0024239951747249133
2013-04-05 01:50:00,0.0024239951747245803
2013-04-05 01:51:00,0.0024239951747249133
2013-04-05 01:52:00,0.0024239951747245803
2013-04-05 01:53:00,0.0024239951747249133
2013-04-05 01:54:00,0.0024239951747245803
2013-04-05 01:55:00,0.0024239951747249133
2013-04-05 01:56:00,0.0024239951747245803
2013-04-05 01:57:00,0.0024239951747249133
2013-04-05 01:58:00,0.0024239951747245803
2013-04-05 01:59:00,0.0024239951747249133
2013-04-05 02:00:00,0.0024239951747245803
2013-04-05 02:01:00,0.0024239951747249133
2013-04-05 02:02:00,0.0024239951747245803
2013-04-05 02:03:00,0.0024239951747249133
2013-04-05 02:04:00,0.0024239951747245803
2013-04-05 02:05:00,0.0024239951747249133
2013-04-05 02:06:00,0.0024239951747245803
2013-04-05 02:07:00,0.0024239951747249133
2013-04-05 02:08:00,0.0024239951747245803
2013-04-05 02:09:00,0.0024239951747249133
2013-04-05 02:10:00,0.0024239951747245803
2013-04-05 02:11:00,0.0024239951747249133
2013-04-05 02:12:00,0.0024239951747245803
2013-04-05 02:13:00,0.0024239951747249133
2013-04-05 02:14:00,0.0024239951747245803
2013-04-05 02:15:00,0.0024239951747249133
2013-04-05 02:16:00,0.0024239951747245803
2013-04-05 02:17:00,0.0024239951747249133
2013-04-05 02:18:00,0.0024239951747245803
2013-04-05 02:19:00,0.0024239951747249133
2013-04-05 02:20:00,0.0024239951747245803
2013-04-05 02:21:00,0.0024239951747249133
2013-04-05 02:22:00,0.0024239951747245803
2013-04-05 02:23:00,0.0024239951747249133
2013-04-05 02:24:00,0.0024239951747245803
2013-04-05 02:25:00,0.0024239951747249133
2013-04-05 02:26:00,0.0024239951747245803
2013-04-05 02:27:00,0.0024239951747249133
2013-04-05 02:28:00,0.0024239951747245803
2013-04-05 02:29:00,0.0024239951747249133
2013-04-05 02:30:00,0.0024239951747245803
2013-04-05 02:31:00,0.0024239951747249133
2013-04-05 02:32:00,0.0024239951747245803
2013-04-05 02:33:00,0.0024239951747249133
2013-04-05 02:34:00,0.0024239951747245803
2013-04-05 02:35:00,0.0024239951747249133
2013-04-05 02:36:00,0.0024239951747245803
2013-04-05 02:37:00,0.0024239951747249133
2013-04-05 02:38:00,0.0024239951747245803
2013-04-05 02:39:00,0.0024239951747249133
2013-04-05 02:40:00,0.0024239951747245803
2013-04-05 02:41:00,0.0024239951747249133
2013-04-05 02:42:00,0.0024239951747245803
2013-04-05 02:43:00,0.0024239951747249133
2013-04-05 02:44:00,0.0024239951747245803
2013-04-05 02:45:00,0.0024239951747249133
2013-04-05 02:46:00,0.0024239951747245803
2013-04-05 02:47:00,0.0024239951747249133
2013-04-05 02:48:00,0.0024239951747245803
2013-04-05 02:49:00,0.0024239951747249133
2013-04-05 02:50:00,0.0024239951747245803
2013-04-05 02:51:00,0.0024239951747249133
2013-04-05 02:52:00,0.0024239951747245803
2013-04-05 02:53:00,0.0024239951747249133
2013-04-05 02:54:00,0.0024239951747245803
2013-04-05 02:55:00,0.0024239951747249133
2013-04-05 02:56:00,0.0024239951747245803
2013-04-05 02:57:00,0.0024239951747249133
2013-04-05 02:58:00,0.0024239951747245803
2013-04-05 02:59:00,0.0024239951747249133
2013-04-05 03:00:00,0.0024239951747245803
2013-04-05 03:01:00,0.0024239951747249133
2013-04-05 03:02:00,0.0024239951747245803
2013-04-05 03:03:00,0.0024239951747249133
2013-04-05 03:04:00,0.0024239951747245803
2013-04-05 03:05:00,0.0024239951747249133
2013-04-05 03:06:00,0.0024239951747245803
2013-04-05 03:07:00,0.0024239951747249133
2013-04-05 03:08:00,0.0024239951747245803
2013-04-05 03:09:00,0.0024239951747249133
2013-04-05 03:10:00,0.0024239951747245803
2013-04-05 03:11:00,0.0024239951747249133
2013-04-05 03:12:00,0.0024239951747245803
2013-04-05 03:13:00,0.0024239951747249133
2013-04-05 03:14:00,0.0024239951747245803
2013-04-05 03:15:00,0.0024239951747249133
2013-04-05 03:16:00,0.0024239951747245803
2013-04-05 03:17:00,0.0024239951747249133
2013-04-05 03:18:00,0.0024239951747245803
2013-04-05 03:19:00,0.0024239951747249133
2013-04-05 03:20:00,0.0024239951747245803
2013-04-05 03:21:00,0.0024239951747249133
2013-04-05 03:22:00,0.0024239951747245803
2013-04-05 03:23:00,0.0024239951747249133
2013-04-05 03:24:00,0.0024239951747245803
2013-04-05 03:25:00,0.0024239951747249133
2013-04-05 03:26:00,0.0024239951747245803
2013-04-05 03:27:00,0.0024239951747249133
2013-04-05 03:28:00,0.0024239951747245803
2013-04-05 03:29:00,0.0024239951747249133
2013-04-05 03:30:00,0.0024239951747245803
2013-04-05 03:31:00,0.0024239951747249133
2013-04-05 03:32:00,0.0024239951747245803
2013-04-05 03:33:00,0.0024239951747249133
2013-04-05 03:34:00,0.0024239951747245803
2013-04-05 03:35:00,0.0024239951747249133
2013-04-05 03:36:00,0.0024239951747245803
2013-04-05 03:37:00,0.0024239951747249133
2013-04-05 03:38:00,0.0024239951747245803
2013-04-05 03:39:00,0.0024239951747249133
2013-04-05 03:40:00,0.0024239951747245803
2013-04-05 03:41:00,0.0024239951747249133
2013-04-05 03:42:00,0.0024239951747245803
2013-04-05 03:43:00,0.0024239951747249133
2013-04-05 03:44:00,0.0024239951747245803
2013-04-05 03:45:00,0.0024239951747249133
2013-04-05 03:46:00,0.0024239951747245803
2013-04-05 03:47:00,0.0024239951747249133
2013-04-05 03:48:00,0.0024239951747245803
2013-04-05 03:49:00,0.0024239951747249133
2013-04-05 03:50:00,0.0024239951747245803
2013-04-05 03:51:00,0.0024239951747249133
2013-04-05 03:52:00,0.0024239951747245803
2013-04-05 03:53:00,0.0024239951747249133
2013-04-05 03:54:00,0.0024239951747245803
2013-04-05 03:55:00,0.0024239951747249133
2013-04-05 03:56:00,0.0024239951747245803
2013-04-05 03:57:00,0.0024239951747249133
2013-04-05 03:58:00,0.0024239951747245803
2013-04-05 03:59:00,0.0024239951747249133
2013-04-05 04:00:00,0.0024239951747245803
2013-04-05 04:01:00,0.0024239951747249133
2013-04-05 04:02:00,0.0024239951747245803
2013-04-05 04:03:00,0.0024239951747249133
2013-04-05 04:04:00,0.0024239951747245803
2013-04-05 04:05:00,0.0024239951747249133
2013-04-05 04:06:00,0.0024239951747245803
2013-04-05 04:07:00,0.0024239951747249133
2013-04-05 04:08:00,0.0024239951747245803
2013-04-05 04:09:00,0.0024239951747249133
2013-04-05 04:10:00,0.0024239951747245803
2013-04-05 04:11:00,0.0024239951747249133
2013-04-05 04:12:00,0.0024239951747245803
2013-04-05 04:13:00,0.0024239951747249133
2013-04-05 04:14:00,0.0024239951747245803
2013-04-05 04:15:00,0.0024239951747249133
2013-04-05 04:16:00,0.0024239951747245803
2013-04-05 04:17:00,0.0024239951747249133
2013-04-05 04:18:00,0.0024239951747245803
2013-04-05 04:19:00,0.0024239951747249133
2013-04-05 04:20:00,0.0024239951747245803
2013-04-05 04:21:00,0.0024239951747249133
2013-04-05 04:22:00,0.0024239951747245803
2013-04-05 04:23:00,0.0024239951747249133
2013-04-05 04:24:00,0.0024239951747245803
2013-04-05 04:25:00,0.0024239951747249133
2013-04-05 04:26:00,0.0024239951747245803
2013-04-05 04:27:00,0.0024239951747249133
2013-04-05 04:28:00,0.0024239951747245803
2013-04-05 04:29:00,0.0024239951747249133
2013-04-05 04:30:00,0.0024239951747245803
2013-04-05 04:31:00,0.0024239951747249133
2013-04-05 04:32:00,0.0024239951747245803
2013-04-05 04:33:00,0.0024239951747249133
2013-04-05 04:34:00,0.0024239951747245803
2013-04-05 04:35:00,0.0024239951747249133
2013-04-05 04:36:00,0.0024239951747245803
2013-04-05 04:37:00,0.0024239951747249133
2013-04-05 04:38:00,0.0024239951747245803
2013-04-05 04:39:00,0.0024239951747249133
2013-04-05 04:40:00,0.0024239951747245803
2013-04-05 04:41:00,0.0024239951747249133
2013-04-05 04:42:00,0.0024239951747245803
2013-04-05 04:43:00,0.0024239951747249133
2013-04-05 04:44:00,0.0024239951747245803
2013-04-05 04:45:00,0.0024239951747249133
2013-04-05 04:46:00,0.0024239951747245803
2013-04-05 04:47:00,0.0024239951747249133
2013-04-05 04:48:00,0.0024239951747245803
2013-04-05 04:49:00,0.0024239951747249133
2013-04-05 04:50:00,0.0024239951747245803
2013-04-05 04:51:00,0.0024239951747249133
2013-04-05 04:52:00,0.0024239951747245803
2013-04-05 04:53:00,0.0024239951747249133
2013-04-05 04:54:00,0.0024239951747245803
2013-04-05 04:55:00,0.0024239951747249133
2013-04-05 04:56:00,0.0024239951747245803
2013-04-05 04:57:00,0.0024239951747249133
2013-04-05 04:58:00,0.0024239951747245803
2013-04-05 04:59:00,0.0024239951747249133
2013-04-05 05:00:00,0.0024239951747245803
2013-04-05 05:01:00,0.0024239951747249133
2013-04-05 05:02:00,0.0024239951747245803
2013-04-05 05:03:00,0.0024239951747249133
2013-04-05 05:04:00,0.0024239951747245803
2013-04-05 05:05:00,0.0024239951747249133
2013-04-05 05:06:00,0.0024239951747245803
2013-04-05 05:07:00,0.0024239951747249133
2013-04-05 05:08:00,0.0024239951747245803
2013-04-05 05:09:00,0.0024239951747249133
2013-04-05 05:10:00,0.0024239951747245803
2013-04-05 05:11:00,0.0024239951747249133
2013-04-05 05:12:00,0.0024239951747245803
2013-04-05 05:13:00,0.0024239951747249133
2013-04-05 05:14:00,0.0024239951747245803
2013-04-05 05:15:00,0.0024239951747249133
2013-04-05 05:16:00,0.0024239951747245803
2013-04-05 05:17:00,0.0024239951747249133
2013-04-05 05:18:00,0.0024239951747245803
2013-04-05 05:19:00,0.0024239951747249133
2013-04-05 05:20:00,0.0024239951747245803
2013-04-05 05:21:00,0.0024239951747249133
2013-04-05 05:22:00,0.0024239951747245803
2013-04-05 05:23:00,0.0024239951747249133
2013-04-05 05:24:00,0.0024239951747245803
2013-04-05 05:25:00,0.0024239951747249133
2013-04-05 05:26:00,0.0024239951747245803
2013-04-05 05:27:00,0.0024239951747249133
2013-04-05 05:28:00,0.0024239951747245803
2013-04-05 05:29:00,0.0024239951747249133
2013-04-05 05:30:00,0.0024239951747245803
2013-04-05 05:31:00,0.0024239951747249133
2013-04-05 05:32:00,0.0024239951747245803
2013-04-05 05:33:00,0.0024239951747249133
2013-04-05 05:34:00,0.0024239951747245803
2013-04-05 05:35:00,0.0024239951747249133
2013-04-05 05:36:00,0.0024239951747245803
2013-04-05 05:37:00,0.0024239951747249133
2013-04-05 05:38:00,0.0024239951747245803
2013-04-05 05:39:00,0.0024239951747249133
2013-04-05 05:40:00,0.0024239951747245803
2013-04-05 05:41:00,0.0024239951747249133
2013-04-05 05:42:00,0.0024239951747245803
2013-04-05 05:43:00,0.0024239951747249133
2013-04-05 05:44:00,0.0024239951747245803
2013-04-05 05:45:00,0.0024239951747249133
2013-04-05 05:46:00,0.0024239951747245803
2013-04-05 05:47:00,0.0024239951747249133
2013-04-05 05:48:00,0.0024239951747245803
2013-04-05 05:49:00,0.0024239951747249133
2013-04-05 05:50:00,0.0024239951747245803
2013-04-05 05:51:00,0.0024239951747249133
2013-04-05 05:52:00,0.0024239951747245803
2013-04-05 05:53:00,0.0024239951747249133
2013-04-05 05:54:00,0.0024239951747245803
2013-04-05 05:55:00,0.0024239951747249133
2013-04-05 05:56:00,0.0024239951747245803
2013-04-05 05:57:00,0.0024239951747249133
2013-04-05 05:58:00,0.0024239951747245803
2013-04-05 05:59:00,0.0024239951747249133
2013-04-05 06:00:00,0.0024239951747245803
2013-04-05 06:01:00,0.0024239951747249133
2013-04-05 06:02:00,0.0024239951747245803
2013-04-05 06:03:00,0.0024239951747249133
2013-04-05 06:04:00,0.0024239951747245803
2013-04-05 06:05:00,0.0024239951747249133
2013-04-05 06:06:00,0.0024239951747245803
2013-04-05 06:07:00,0.0024239951747249133
2013-04-05 06:08:00,0.0024239951747245803
2013-04-05 06:09:00,0.0024239951747249133
2013-04-05 06:10:00,0.0024239951747245803
2013-04-05 06:11:00,0.0024239951747249133
2013-04-05 06:12:00,0.0024239951747245803
2013-04-05 06:13:00,0.0024239951747249133
2013-04-05 06:14:00,0.0024239951747245803
2013-04-05 06:15:00,0.0024239951747249133
2013-04-05 06:16:00,0.0024239951747245803
2013-04-05 06:17:00,0.0024239951747249133
2013-04-05 06:18:00,0.0024239951747245803
2013-04-05 06:19:00,0.0024239951747249133
2013-04-05 06:20:00,0.0024239951747245803
2013-04-05 06:21:00,0.0024239951747249133
2013-04-05 06:22:00,0.0024239951747245803
2013-04-05 06:23:00,0.0024239951747249133
2013-04-05 06:24:00,0.0024239951747245803
2013-04-05 06:25:00,0.0024239951747249133
2013-04-05 06:26:00,0.0024239951747245803
2013-04-05 06:27:00,0.0024239951747249133
2013-04-05 06:28:00,0.0024239951747245803
2013-04-05 06:29:00,0.0024239951747249133
2013-04-05 06:30:00,0.0024239951747245803
2013-04-05 06:31:00,0.0024239951747249133
2013-04-05 06:32:00,0.0024239951747245803
2013-04-05 06:33:00,0.0024239951747249133
2013-04-05 06:34:00,0.0024239951747245803
2013-04-05 06:35:00,0.0024239951747249133
2013-04-05 06:36:00,0.0024239951747245803
2013-04-05 06:37:00,0.0024239951747249133
2013-04-05 06:38:00,0.0024239951747245803
2013-04-05 06:39:00,0.0024239951747249133
2013-04-05 06:40:00,0.0024239951747245803
2013-04-05 06:41:00,0.0024239951747249133
2013-04-05 06:42:00,0.0024239951747245803
2013-04-05 06:43:00,0.0024239951747249133
2013-04-05 06:44:00,0.0024239951747245803
2013-04-05 06:45:00,0.0024239951747249133
2013-04-05 06:46:00,0.0024239951747245803
2013-04-05 06:47:00,0.0024239951747249133
2013-04-05 06:48:00,0.0024239951747245803
2013-04-05 06:49:00,0.0024239951747249133
2013-04-05 06:50:00,3.032545116064118
2013-04-05 06:51:00,3.8909411452556535
2013-04-05 06:52:00,3.9945541052781204
2013-04-05 06:53:00,3.979876630919761
2013-04-05 06:54:00,3.9996196358451845
2013-04-05 06:55:00,3.979440756473018
2013-04-05 06:56:00,3.997840371063674
2013-04-05 06:57:00,3.9810631352796273
2013-04-05 06:58:00,3.9963610448726046
2013-04-05 06:59:00,3.9824120224634747
2013-04-05 07:00:00,3.99513109528763
2013-04-05 07:01:00,3.983533521725753
2013-04-05 07:02:00,3.994108483783341
2013-04-05 07:03:00,3.9844659648613634
2013-04-05 07:04:00,3.9932582584558336
2013-04-05 07:05:00,3.87841002853909
2013-04-05 07:06:00,3.992419271883276
2013-04-05 07:07:00,3.982270024839778
2013-04-05 07:08:00,3.8963816651437337
2013-04-05 07:09:00,3.9851719548623166
2013-04-05 07:10:00,3.8823867742779887
2013-04-05 07:11:00,3.9871935009710713
2013-04-05 07:12:00,3.987282368423358
2013-04-05 07:13:00,3.988930549686713
2013-04-05 07:14:00,3.882628231554527
2013-04-05 07:15:00,3.9885730072658134
2013-04-05 07:16:00,3.8789459532170723
2013-04-05 07:17:00,3.9901709616661787
2013-04-05 07:18:00,3.984592179455701
2013-04-05 07:19:00,3.991383532296303
2013-04-05 07:20:00,3.9872227330900225
2013-04-05 07:21:00,3.7770821804561114
2013-04-05 07:22:00,3.8804379010345214
2013-04-05 07:23:00,3.983097793601938
2013-04-05 07:24:00,3.9872503044511136
2013-04-05 07:25:00,3.989503962973197
2013-04-05 07:26:00,3.988936572124576
2013-04-05 07:27:00,3.9891818452362395
2013-04-05 07:28:00,3.8821270056203963
2013-04-05 07:29:00,3.9890300377996093
2013-04-05 07:30:00,3.8785292211715046
2013-04-05 07:31:00,3.7963124151365797
2013-04-05 07:32:00,3.8771743453026826
2013-04-05 07:33:00,3.9849932563391386
2013-04-05 07:34:00,3.986113996303347
2013-04-05 07:35:00,3.990490607000533
2013-04-05 07:36:00,3.8812057316830426
2013-04-05 07:37:00,3.989870078768539
2013-04-05 07:38:00,3.984594443850529
2013-04-05 07:39:00,3.8845502741989115
2013-04-05 07:40:00,3.8899732615544824
2013-04-05 07:41:00,3.773344618651353
2013-04-05 07:42:00,3.985520906464921
2013-04-05 07:43:00,3.9834963383668995
2013-04-05 07:44:00,3.9908704605127445
2013-04-05 07:45:00,3.987962653241328
2013-04-05 07:46:00,3.990069889203589
2013-04-05 07:47:00,3.9881484579465756
2013-04-05 07:48:00,3.989900467755419
2013-04-05 07:49:00,3.774640553995562
2013-04-05 07:50:00,3.9894954314033573
2013-04-05 07:51:00,3.981199850506809
2013-04-05 07:52:00,3.895597836786651
2013-04-05 07:53:00,3.9861587577323716
2013-04-05 07:54:00,3.8814869823643203
2013-04-05 07:55:00,3.8811827607206464
2013-04-05 07:56:00,3.986402170924876
2013-04-05 07:57:00,3.9859969297913915
2013-04-05 07:58:00,3.7961362001518753
2013-04-05 07:59:00,3.745104255551201
2013-04-05 08:00:00,3.983031508007228
2013-04-05 08:01:00,3.769213121558761
2013-04-05 08:02:00,3.9909398251331094
2013-04-05 08:03:00,3.9805011980627674
2013-04-05 08:04:00,3.9933541525203804
2013-04-05 08:05:00,3.8788667664385352
2013-04-05 08:06:00,3.9920028066691398
2013-04-05 08:07:00,3.9826497683968505
2013-04-05 08:08:00,3.993154672021176
2013-04-05 08:09:00,3.9856077629163664
2013-04-05 08:10:00,3.9922171379969145
2013-04-05 08:11:00,3.9861905419741985
2013-04-05 08:12:00,3.991685745254144
2013-04-05 08:13:00,3.9866750793701025
2013-04-05 08:14:00,3.9912439317532575
2013-04-05 08:15:00,3.9870779361386743
2013-04-05 08:16:00,3.8937573300272215
2013-04-05 08:17:00,3.987292801987067
2013-04-05 08:18:00,3.9872841253820948
2013-04-05 08:19:00,3.989088914964178
2013-04-05 08:20:00,3.989290288140654
2013-04-05 08:21:00,3.8820281246265855
2013-04-05 08:22:00,3.989120200000537
2013-04-05 08:23:00,3.9852782023520037
2013-04-05 08:24:00,3.9907579992000617
2013-04-05 08:25:00,3.987793110050619
2013-04-05 08:26:00,3.990224482989893
2013-04-05 08:27:00,3.9880074954068023
2013-04-05 08:28:00,3.8831978076137945
2013-04-05 08:29:00,3.9880536533523827
2013-04-05 08:30:00,3.772588319938005
2013-04-05 08:31:00,3.7759446833100885
2013-04-05 08:32:00,3.88398670210759
2013-04-05 08:33:00,3.9852102149947743
2013-04-05 08:34:00,3.986207976649651
2013-04-05 08:35:00,3.990614351246257
2013-04-05 08:36:00,3.987899356605003
2013-04-05 08:37:00,3.7764652179544287
2013-04-05 08:38:00,3.987831656474066
2013-04-05 08:39:00,3.9827169227336636
2013-04-05 08:40:00,3.8845026051394154
2013-04-05 08:41:00,3.7737456956503435
2013-04-05 08:42:00,3.986575179640356
2013-04-05 08:43:00,3.982102969727322
2013-04-05 08:44:00,3.885334511351215
2013-04-05 08:45:00,3.8798183358074763
2013-04-05 08:46:00,3.696041135146631
2013-04-05 08:47:00,3.771065429376753
2013-04-05 08:48:00,3.9810781149817647
2013-04-05 08:49:00,3.877516848746178
2013-04-05 08:50:00,3.446588580351281
2013-04-05 08:51:00,3.6634379048428354
2013-04-05 08:52:00,3.5840919542640917
2013-04-05 08:53:00,3.77006878848694
2013-04-05 08:54:00,3.684826333569297
2013-04-05 08:55:00,3.773732376514345
2013-04-05 08:56:00,3.763941621270118
2013-04-05 08:57:00,3.5601989608516194
2013-04-05 08:58:00,3.6883343217777327
2013-04-05 08:59:00,3.658837421214076
2013-04-05 09:00:00,3.767197760312677
2013-04-05 09:01:00,3.554037900811359
2013-04-05 09:02:00,3.8767190989964018
2013-04-05 09:03:00,3.3256141760598004
2013-04-05 09:04:00,3.892537707620657
2013-04-05 09:05:00,3.644483124102952
2013-04-05 09:06:00,3.88995933210981
2013-04-05 09:07:00,3.6502437163164982
2013-04-05 09:08:00,3.899493102888969
2013-04-05 09:09:00,3.542586010544273
2013-04-05 09:10:00,3.997598307485715
2013-04-05 09:11:00,3.77131708795208
2013-04-05 09:12:00,3.896638628383684
2013-04-05 09:13:00,3.6495996422700676
2013-04-05 09:14:00,3.6785382947077094
2013-04-05 09:15:00,3.539782102396983
2013-04-05 09:16:00,3.4096273141908418
2013-04-05 09:17:00,3.7522855098548975
2013-04-05 09:18:00,3.769615337197317
2013-04-05 09:19:00,3.434227559599651
2013-04-05 09:20:00,3.6004099647478487
2013-04-05 09:21:00,3.646257328100745
2013-04-05 09:22:00,3.8801836430014234
2013-04-05 09:23:00,3.760917523450236
2013-04-05 09:24:00,3.896863456520835
2013-04-05 09:25:00,3.655551188563301
2013-04-05 09:26:00,3.8870657191636333
2013-04-05 09:27:00,3.972262677786845
2013-04-05 09:28:00,3.6751241705671385
2013-04-05 09:29:00,3.554425365318118
2013-04-05 09:30:00,3.770607350144222
2013-04-05 09:31:00,3.5456244888668573
2013-04-05 09:32:00,3.6981786203232367
2013-04-05 09:33:00,3.757236509742433
2013-04-05 09:34:00,3.6973230417691347
2013-04-05 09:35:00,3.7642093221049215
2013-04-05 09:36:00,3.5587152443854064
2013-04-05 09:37:00,4.193229778025338
2013-04-05 09:38:00,3.7860284965075985
2013-04-05 09:39:00,3.5705000486359477
2013-04-05 09:40:00,3.764701108082935
2013-04-05 09:41:00,3.436002228893827
2013-04-05 09:42:00,3.5942830833527717
2013-04-05 09:43:00,3.759219344036758
2013-04-05 09:44:00,3.6610631040946444
2013-04-05 09:45:00,3.4974324897438356
2013-04-05 09:46:00,3.7665674081139784
2013-04-05 09:47:00,3.547814456411734
2013-04-05 09:48:00,3.6660861683976114
2013-04-05 09:49:00,3.6823494528319367
2013-04-05 09:50:00,3.5576803086701663
2013-04-05 09:51:00,3.5505333321294383
2013-04-05 09:52:00,3.7855890088771558
2013-04-05 09:53:00,3.3253071156512632
2013-04-05 09:54:00,3.5600994667933303
2013-04-05 09:55:00,3.7515022047225086
2013-04-05 09:56:00,3.5581008627452277
2013-04-05 09:57:00,3.7847626126288993
2013-04-05 09:58:00,3.6601317266362887
2013-04-05 09:59:00,3.7694141309677853
2013-04-05 10:00:00,3.6895836043140564
2013-04-05 10:01:00,3.6633615952420655
2013-04-05 10:02:00,3.8736950661678877
2013-04-05 10:03:00,3.767592645623549
2013-04-05 10:04:00,3.599171757570147
2013-04-05 10:05:00,3.767797553062479
2013-04-05 10:06:00,3.784663122500719
2013-04-05 10:07:00,3.4408969552616737
2013-04-05 10:08:00,3.4391224180157502
2013-04-05 10:09:00,3.6517619144814644
2013-04-05 10:10:00,3.7628492754821563
2013-04-05 10:11:00,3.884346139784695
2013-04-05 10:12:00,3.877676813395172
2013-04-05 10:13:00,3.9869882687037546
2013-04-05 10:14:00,3.772504268084603
2013-04-05 10:15:00,3.7762686768980833
2013-04-05 10:16:00,3.767148156493052
2013-04-05 10:17:00,3.985335496068245
2013-04-05 10:18:00,3.98201788074107
2013-04-05 10:19:00,3.8856841859206597
2013-04-05 10:20:00,3.879499493656171
2013-04-05 10:21:00,3.880858470237012
2013-04-05 10:22:00,3.8875716070655937
2013-04-05 10:23:00,3.774046955980398
2013-04-05 10:24:00,3.9851525857258654
2013-04-05 10:25:00,3.6633386024750463
2013-04-05 10:26:00,3.990167966693244
2013-04-05 10:27:00,3.8802753192755466
2013-04-05 10:28:00,3.673813540166817
2013-04-05 10:29:00,3.874477100774233
2013-04-05 10:30:00,3.594720056359514
2013-04-05 10:31:00,3.878335934137251
2013-04-05 10:32:00,3.977957252550743
2013-04-05 10:33:00,3.9893302568736937
2013-04-05 10:34:00,3.88122145152865
2013-04-05 10:35:00,3.8832966399206823
2013-04-05 10:36:00,3.7899887958307987
2013-04-05 10:37:00,3.8809086531952923
2013-04-05 10:38:00,3.8750291144881883
2013-04-05 10:39:00,3.882007417403721
2013-04-05 10:40:00,3.7898994071175807
2013-04-05 10:41:00,3.6675998616355825
2013-04-05 10:42:00,3.767611329037214
2013-04-05 10:43:00,3.7875304467723625
2013-04-05 10:44:00,3.555895876842934
2013-04-05 10:45:00,3.98436929925857
2013-04-05 10:46:00,3.9757464055112006
2013-04-05 10:47:00,3.897545851379191
2013-04-05 10:48:00,3.664433105011554
2013-04-05 10:49:00,3.7753829615570895
2013-04-05 10:50:00,3.762347806464888
2013-04-05 10:51:00,3.793961756209594
2013-04-05 10:52:00,3.552112844948782
2013-04-05 10:53:00,3.773884288797248
2013-04-05 10:54:00,3.8657538247536856
2013-04-05 10:55:00,3.989943251207986
2013-04-05 10:56:00,3.884977528776756
2013-04-05 10:57:00,3.8872517903928
2013-04-05 10:58:00,3.767570279254296
2013-04-05 10:59:00,3.776944021215611
2013-04-05 11:00:00,3.881291104645319
2013-04-05 11:01:00,3.774277830748918
2013-04-05 11:02:00,3.662960935939143
2013-04-05 11:03:00,3.791017817964665
2013-04-05 11:04:00,3.977816857887219
2013-04-05 11:05:00,3.774130848970483
2013-04-05 11:06:00,3.880745918495455
2013-04-05 11:07:00,3.7696492546782068
2013-04-05 11:08:00,3.6954333374742703
2013-04-05 11:09:00,3.875258798310356
2013-04-05 11:10:00,3.437987903812788
2013-04-05 11:11:00,3.773312393950813
2013-04-05 11:12:00,3.6501746330546307
2013-04-05 11:13:00,3.6979268420518094
2013-04-05 11:14:00,3.7614991174563164
2013-04-05 11:15:00,3.8797225350285327
2013-04-05 11:16:00,3.766104941063313
2013-04-05 11:17:00,3.670271411537956
2013-04-05 11:18:00,3.687072706674928
2013-04-05 11:19:00,3.6634519119526257
2013-04-05 11:20:00,3.6579185976097044
2013-04-05 11:21:00,3.6626970389898856
2013-04-05 11:22:00,3.686921606971202
2013-04-05 11:23:00,3.8760366112834
2013-04-05 11:24:00,3.9799311037416585
2013-04-05 11:25:00,3.6691807188569765
2013-04-05 11:26:00,3.66660174297523
2013-04-05 11:27:00,3.7658655628983357
2013-04-05 11:28:00,3.8741779572987687
2013-04-05 11:29:00,3.8775119192379366
2013-04-05 11:30:00,3.9867989682629004
2013-04-05 11:31:00,3.500582962969725
2013-04-05 11:32:00,3.5622832757372134
2013-04-05 11:33:00,3.650836977485886
2013-04-05 11:34:00,3.5545712291905405
2013-04-05 11:35:00,3.7644004624091654
2013-04-05 11:36:00,3.6883394131661538
2013-04-05 11:37:00,3.6630579987014293
2013-04-05 11:38:00,3.73827700810049
2013-04-05 11:39:00,3.8737552126903028
2013-04-05 11:40:00,3.5563106371588162
2013-04-05 11:41:00,3.986568104403358
2013-04-05 11:42:00,3.6547618108000126
2013-04-05 11:43:00,3.9944939574453615
2013-04-05 11:44:00,3.76033182757107
2013-04-05 11:45:00,3.9001443033243213
2013-04-05 11:46:00,3.7611504629933883
2013-04-05 11:47:00,3.888049013373764
2013-04-05 11:48:00,3.654608711388599
2013-04-05 11:49:00,3.8875607033649944
2013-04-05 11:50:00,3.680293571220907
2013-04-05 11:51:00,3.889008458684758
2013-04-05 11:52:00,3.8647911315123675
2013-04-05 11:53:00,3.996574190436573
2013-04-05 11:54:00,3.977463883035706
2013-04-05 11:55:00,3.9010361155487407
2013-04-05 11:56:00,3.660434328703846
2013-04-05 11:57:00,3.9926915340601736
2013-04-05 11:58:00,3.6524561033604686
2013-04-05 11:59:00,3.9983312652251284
2013-04-05 12:00:00,3.9702231713592946
2013-04-05 12:01:00,3.894135084394456
2013-04-05 12:02:00,3.7846584980893603
2013-04-05 12:03:00,3.887528594509658
2013-04-05 12:04:00,3.8784327223034847
2013-04-05 12:05:00,3.994602704035593
2013-04-05 12:06:00,3.9793538365423684
2013-04-05 12:07:00,3.996592041964174
2013-04-05 12:08:00,3.9824487464237697
2013-04-05 12:09:00,3.888266416083453
2013-04-05 12:10:00,3.983431967448393
2013-04-05 12:11:00,3.601987810447116
2013-04-05 12:12:00,3.8787171457440763
2013-04-05 12:13:00,3.7651627313437555
2013-04-05 12:14:00,3.793764118359962
2013-04-05 12:15:00,3.8747194238218112
2013-04-05 12:16:00,3.772081777134641
2013-04-05 12:17:00,3.878606019629607
2013-04-05 12:18:00,3.8863839483466966
2013-04-05 12:19:00,3.987032639598932
2013-04-05 12:20:00,3.986305884108437
2013-04-05 12:21:00,3.990252988468071
2013-04-05 12:22:00,3.8813976629971325
2013-04-05 12:23:00,3.9896950709228607
2013-04-05 12:24:00,3.9847540204479914
2013-04-05 12:25:00,3.8844047682053997
2013-04-05 12:26:00,3.9872252043092065
2013-04-05 12:27:00,3.9870061075408083
2013-04-05 12:28:00,3.989182451374197
2013-04-05 12:29:00,3.9892297345643195
2013-04-05 12:30:00,3.988914532279744
2013-04-05 12:31:00,3.8823707483616996
2013-04-05 12:32:00,3.9888077869790095
2013-04-05 12:33:00,3.985563068477777
2013-04-05 12:34:00,3.990498251033303
2013-04-05 12:35:00,3.9880299550245564
2013-04-05 12:36:00,3.892889255033551
2013-04-05 12:37:00,3.8812531414436373
2013-04-05 12:38:00,4.4137550715998755
2013-04-05 12:39:00,3.8798284066980706
2013-04-05 12:40:00,4.0045584964460375
2013-04-05 12:41:00,3.9785118218676425
2013-04-05 12:42:00,3.8890082102870887
2013-04-05 12:43:00,3.9830276689292035
2013-04-05 12:44:00,3.7771711401541115
2013-04-05 12:45:00,3.9854283382001316
2013-04-05 12:46:00,3.8880611509365792
2013-04-05 12:47:00,3.9889674417432657
2013-04-05 12:48:00,3.7726389361432355
2013-04-05 12:49:00,3.882889690850665
2013-04-05 12:50:00,3.9811095423659255
2013-04-05 12:51:00,3.8822320490488
2013-04-05 12:52:00,3.9877187925891793
2013-04-05 12:53:00,3.9868281294852235
2013-04-05 12:54:00,3.8825135429197823
2013-04-05 12:55:00,3.9889496715463446
2013-04-05 12:56:00,3.771771307797189
2013-04-05 12:57:00,3.893232775759744
2013-04-05 12:58:00,3.9805707795102068
2013-04-05 12:59:00,3.8830629618212207
2013-04-05 13:00:00,3.880289919177235
2013-04-05 13:01:00,3.7735538997856777
2013-04-05 13:02:00,3.984990423492219
2013-04-05 13:03:00,3.8867008121991278
2013-04-05 13:04:00,3.8836487280521172
2013-04-05 13:05:00,3.664296537891479
2013-04-05 13:06:00,3.880399351998629
2013-04-05 13:07:00,3.764222063024272
2013-04-05 13:08:00,3.8834210431352236
2013-04-05 13:09:00,3.8726031198483746
2013-04-05 13:10:00,3.8838995662826914
2013-04-05 13:11:00,3.8853428350145114
2013-04-05 13:12:00,3.776079206929226
2013-04-05 13:13:00,3.8764683343434196
2013-04-05 13:14:00,3.8785585670415195
2013-04-05 13:15:00,3.8784445030147667
2013-04-05 13:16:00,3.987436166911535
2013-04-05 13:17:00,3.8784950009022063
2013-04-05 13:18:00,3.7771918529792217
2013-04-05 13:19:00,3.876873780790093
2013-04-05 13:20:00,3.877756815088139
2013-04-05 13:21:00,3.8792002961012084
2013-04-05 13:22:00,3.879915822219642
2013-04-05 13:23:00,3.878991299065107
2013-04-05 13:24:00,3.986665496117457
2013-04-05 13:25:00,3.7432307447277635
2013-04-05 13:26:00,3.9900453729393552
2013-04-05 13:27:00,3.6594579426662284
2013-04-05 13:28:00,3.9929791959190704
2013-04-05 13:29:00,3.868074248307755
2013-04-05 13:30:00,3.899445510584858
2013-04-05 13:31:00,3.658692652916465
2013-04-05 13:32:00,3.7788576110505083
2013-04-05 13:33:00,3.759451621100218
2013-04-05 13:34:00,3.4469732114619873
2013-04-05 13:35:00,3.656103789401345
2013-04-05 13:36:00,3.871209796421251
2013-04-05 13:37:00,3.7851234807797676
2013-04-05 13:38:00,3.5627172865823784
2013-04-05 13:39:00,3.5525842316787504
2013-04-05 13:40:00,3.7653505898810318
2013-04-05 13:41:00,3.7628151885431613
2013-04-05 13:42:00,3.7731930916473253
2013-04-05 13:43:00,3.767249537057955
2013-04-05 13:44:00,3.985787231237353
2013-04-05 13:45:00,3.9816059771434853
2013-04-05 13:46:00,3.672397383350553
2013-04-05 13:47:00,3.5583992713567554
2013-04-05 13:48:00,3.766711753442146
2013-04-05 13:49:00,3.5491765928562247
2013-04-05 13:50:00,3.986297521796751
2013-04-05 13:51:00,3.9742124451480656
2013-04-05 13:52:00,3.7824509059489513
2013-04-05 13:53:00,3.7697997205284333
2013-04-05 13:54:00,3.8796058202631567
2013-04-05 13:55:00,3.980337225002156
2013-04-05 13:56:00,3.77664925080939
2013-04-05 13:57:00,3.8796171933341235
2013-04-05 13:58:00,3.877287030628973
2013-04-05 13:59:00,3.6948299625077317
2013-04-05 14:00:00,3.7727139838852457
2013-04-05 14:01:00,3.659081341026999
2013-04-05 14:02:00,3.8784912365290225
2013-04-05 14:03:00,3.8715281899848035
2013-04-05 14:04:00,3.8833921624103773
2013-04-05 14:05:00,3.876365660350908
2013-04-05 14:06:00,3.882228426802203
2013-04-05 14:07:00,3.876882607485415
2013-04-05 14:08:00,3.5612634811846435
2013-04-05 14:09:00,3.7895088079647072
2013-04-05 14:10:00,3.870409787617742
2013-04-05 14:11:00,3.986154518609352
2013-04-05 14:12:00,3.6653778125983374
2013-04-05 14:13:00,3.883484363220238
2013-04-05 14:14:00,3.976855833972616
2013-04-05 14:15:00,3.991182241248451
2013-04-05 14:16:00,3.986190811433443
2013-04-05 14:17:00,3.6714640077315073
2013-04-05 14:18:00,3.98603094386267
2013-04-05 14:19:00,3.766960265162499
2013-04-05 14:20:00,3.7775572055859437
2013-04-05 14:21:00,3.980179806589139
2013-04-05 14:22:00,3.986174792778195
2013-04-05 14:23:00,3.668231421244135
2013-04-05 14:24:00,3.7758602881162604
2013-04-05 14:25:00,3.685816827802431
2013-04-05 14:26:00,3.5594703383984445
2013-04-05 14:27:00,3.9777134632461637
2013-04-05 14:28:00,3.980215692620776
2013-04-05 14:29:00,3.990837261578209
2013-04-05 14:30:00,3.9885371014152478
2013-04-05 14:31:00,3.775883706042926
2013-04-05 14:32:00,3.881530700435949
2013-04-05 14:33:00,3.8752701579948257
2013-04-05 14:34:00,3.9880267982731965
2013-04-05 14:35:00,3.9850597298653234
2013-04-05 14:36:00,3.8843981028673618
2013-04-05 14:37:00,3.880400088568985
2013-04-05 14:38:00,3.9868684782924246
2013-04-05 14:39:00,3.7719093521638722
2013-04-05 14:40:00,3.873955138333179
2013-04-05 14:41:00,3.8735822468518206
2013-04-05 14:42:00,3.9892262233921887
2013-04-05 14:43:00,3.7895675628788013
2013-04-05 14:44:00,3.9921569673543775
2013-04-05 14:45:00,3.872893199592646
2013-04-05 14:46:00,3.994250310258069
2013-04-05 14:47:00,3.8742639501391585
2013-04-05 14:48:00,3.887608937592659
2013-04-05 14:49:00,3.660073774883757
2013-04-05 14:50:00,3.884089807215789
2013-04-05 14:51:00,3.9745441342765373
2013-04-05 14:52:00,3.9935621960008847
2013-04-05 14:53:00,3.8771895148940247
2013-04-05 14:54:00,3.993804255487161
2013-04-05 14:55:00,3.9810071616224567
2013-04-05 14:56:00,3.887821249222206
2013-04-05 14:57:00,3.984109970167303
2013-04-05 14:58:00,3.9898466571329605
2013-04-05 14:59:00,3.8797611727645682
2013-04-05 15:00:00,3.9914593525416437
2013-04-05 15:01:00,3.876314110304919
2013-04-05 15:02:00,3.778908356131465
2013-04-05 15:03:00,3.690782022909855
2013-04-05 15:04:00,3.9857870018579415
2013-04-05 15:05:00,3.8717856636984385
2013-04-05 15:06:00,3.994204692980685
2013-04-05 15:07:00,3.981384091469505
2013-04-05 15:08:00,3.9943087483814104
2013-04-05 15:09:00,3.9845554467869677
2013-04-05 15:10:00,3.7795142798345758
2013-04-05 15:11:00,3.985051444430421
2013-04-05 15:12:00,3.8881327239746186
2013-04-05 15:13:00,3.98890217962981
2013-04-05 15:14:00,3.8795296371601005
2013-04-05 15:15:00,3.8829675177784733
2013-04-05 15:16:00,3.7711123973918816
2013-04-05 15:17:00,3.890097380673976
2013-04-05 15:18:00,3.7680076851459248
2013-04-05 15:19:00,3.9888997057334166
2013-04-05 15:20:00,3.8738563583064387
2013-04-05 15:21:00,3.9932994960261734
2013-04-05 15:22:00,3.9820115906581908
2013-04-05 15:23:00,3.9937365786878
2013-04-05 15:24:00,3.8782459722773606
2013-04-05 15:25:00,3.9925688625484126
2013-04-05 15:26:00,4.302627204366993
2013-04-05 15:27:00,3.887190374522752
2013-04-05 15:28:00,3.898774570015017
2013-04-05 15:29:00,3.6637670902136037
2013-04-05 15:30:00,3.773414345459977
2013-04-05 15:31:00,3.7644149288802575
2013-04-05 15:32:00,3.772653048164159
2013-04-05 15:33:00,3.9811322608767776
2013-04-05 15:34:00,3.665356917222505
2013-04-05 15:35:00,3.7749620528969787
2013-04-05 15:36:00,3.7648754513817932
2013-04-05 15:37:00,3.9856481658092893
2013-04-05 15:38:00,3.884885602107963
2013-04-05 15:39:00,3.778744777611311
2013-04-05 15:40:00,3.9829007214352146
2013-04-05 15:41:00,3.665119821243052
2013-04-05 15:42:00,3.668050226098063
2013-04-05 15:43:00,3.6871214741223435
2013-04-05 15:44:00,3.5545445224322805
2013-04-05 15:45:00,3.659951726738039
2013-04-05 15:46:00,3.763938167266164
2013-04-05 15:47:00,3.874917824010227
2013-04-05 15:48:00,3.8771093782550556
2013-04-05 15:49:00,3.7735036286229713
2013-04-05 15:50:00,3.5582556650985193
2013-04-05 15:51:00,3.885634471416946
2013-04-05 15:52:00,3.762845025991858
2013-04-05 15:53:00,3.9903599567356007
2013-04-05 15:54:00,3.659406654177218
2013-04-05 15:55:00,3.896633950295479
2013-04-05 15:56:00,3.974005384153334
2013-04-05 15:57:00,3.994121008892261
2013-04-05 15:58:00,3.9836711357921173
2013-04-05 15:59:00,3.9942303567571846
2013-04-05 16:00:00,3.9843548379892315
2013-04-05 16:01:00,3.8865283933948707
2013-04-05 16:02:00,3.8781855473027678
2013-04-05 16:03:00,3.891768486555093
2013-04-05 16:04:00,3.8767792397888075
2013-04-05 16:05:00,3.9890221630542575
2013-04-05 16:06:00,4.304533590123707
2013-04-05 16:07:00,3.885699436556946
2013-04-05 16:08:00,3.890422118440398
2013-04-05 16:09:00,3.662515478346479
2013-04-05 16:10:00,3.9878783285501553
2013-04-05 16:11:00,3.6860928073234165
2013-04-05 16:12:00,3.6737943875480488
2013-04-05 16:13:00,3.7608702688458697
2013-04-05 16:14:00,3.8792126952067347
2013-04-05 16:15:00,3.979678104844675
2013-04-05 16:16:00,3.7775223415764767
2013-04-05 16:17:00,3.8788210870033026
2013-04-05 16:18:00,3.6934863338752004
2013-04-05 16:19:00,3.985297708288967
2013-04-05 16:20:00,3.8742635427575047
2013-04-05 16:21:00,3.8848420183007866
2013-04-05 16:22:00,3.769897886166259
2013-04-05 16:23:00,3.7940855361530144
2013-04-05 16:24:00,3.766877829927914
2013-04-05 16:25:00,3.6660398051123515
2013-04-05 16:26:00,3.8837300203989784
2013-04-05 16:27:00,3.875371570152999
2013-04-05 16:28:00,3.9870585192675563
2013-04-05 16:29:00,3.8795434934726405
2013-04-05 16:30:00,3.8927541955671563
2013-04-05 16:31:00,3.9847433674061277
2013-04-05 16:32:00,3.851882150707026
2013-04-05 16:33:00,3.9886777116919436
2013-04-05 16:34:00,3.98491006204004
2013-04-05 16:35:00,3.990613776933114
2013-04-05 16:36:00,3.9879988214678415
2013-04-05 16:37:00,3.8832057167315854
2013-04-05 16:38:00,3.774384054888574
2013-04-05 16:39:00,3.8791619141131246
2013-04-05 16:40:00,3.7688392436595652
2013-04-05 16:41:00,3.599324747664788
2013-04-05 16:42:00,3.8742171579029616
2013-04-05 16:43:00,3.49381270679864
2013-04-05 16:44:00,0.10290750262756587
2013-04-05 16:45:00,0.08300245302918563
2013-04-05 16:46:00,-0.024682958446410774
2013-04-05 16:47:00,0.018483449698149634
2013-04-05 16:48:00,-0.012219423239023253
2013-04-05 16:49:00,0.015776235907890346
2013-04-05 16:50:00,-0.009750916963893408
2013-04-05 16:51:00,0.013525389206281435
2013-04-05 16:52:00,-0.007698537788200621
2013-04-05 16:53:00,0.011653977760176959
2013-04-05 16:54:00,-0.00599213731304038
2013-04-05 16:55:00,0.010098038478257854
2013-04-05 16:56:00,-0.004573392367606899
2013-04-05 16:57:00,0.008804390812450213
2013-04-05 16:58:00,-0.00339381157781371
2013-04-05 16:59:00,0.007728819096576189
2013-04-05 17:00:00,-0.0024130779765222377
2013-04-05 17:01:00,0.0068345612962763536
2013-04-05 17:02:00,-0.0015976710073473122
2013-04-05 17:03:00,0.006091052517089746
2013-04-05 17:04:00,-0.0009197208234201781
2013-04-05 17:05:00,0.005472880324974394
2013-04-05 17:06:00,-0.00035605572211272474
2013-04-05 17:07:00,0.004958916173101513
2013-04-05 17:08:00,0.00011258984206652389
2013-04-05 17:09:00,0.004531593247904198
2013-04-05 17:10:00,0.0005022337357818429
2013-04-05 17:11:00,0.004176306051834611
2013-04-05 17:12:00,0.0008261936225578692
2013-04-05 17:13:00,0.0038809112011307656
2013-04-05 17:14:00,0.0010955421480519645
2013-04-05 17:15:00,0.0036353123763274153
2013-04-05 17:16:00,0.0013194853927166461
2013-04-05 17:17:00,0.003431115239508453
2013-04-05 17:18:00,0.001505677527011584
2013-04-05 17:19:00,0.003261340523695311
2013-04-05 17:20:00,0.0016604824237844706
2013-04-05 17:21:00,0.0031201854880347213
2013-04-05 17:22:00,0.001789191169487503
2013-04-05 17:23:00,0.003002825585549318
2013-04-05 17:24:00,0.0018962029085589638
2013-04-05 17:25:00,0.0029052495646377796
2013-04-05 17:26:00,0.001985175202061984
2013-04-05 17:27:00,0.002824122368250359
2013-04-05 17:28:00,0.0020591490396977274
2013-04-05 17:29:00,0.0027566711447614134
2013-04-05 17:30:00,0.0021206527779864537
2013-04-05 17:31:00,0.0027005904744958897
2013-04-05 17:32:00,0.0021717885571266304
2013-04-05 17:33:00,0.0026539635726438027
2013-04-05 17:34:00,0.0022143041501787586
2013-04-05 17:35:00,0.002615196775349271
2013-04-05 17:36:00,0.002249652700312632
2013-04-05 17:37:00,0.0025829650697720696
2013-04-05 17:38:00,0.00227904238788057
2013-04-05 17:39:00,0.0025561668063890375
2013-04-05 17:40:00,0.0023034777248908123
2013-04-05 17:41:00,0.00253388604564464
2013-04-05 17:42:00,0.0023237938882872955
2013-04-05 17:43:00,0.0025153612519946966
2013-04-05 17:44:00,0.002340685265516118
2013-04-05 17:45:00,0.002499959265334084
2013-04-05 17:46:00,0.0023547291880382515
2013-04-05 17:47:00,0.002487153660177155
2013-04-05 17:48:00,0.002366405663978388
2013-04-05 17:49:00,0.002476506752927654
2013-04-05 17:50:00,0.0023761137843532065
2013-04-05 17:51:00,0.002467654642262729
2013-04-05 17:52:00,0.0023841853636289434
2013-04-05 17:53:00,0.0024602947713268097
2013-04-05 17:54:00,0.0023908962808290024
2013-04-05 17:55:00,0.002454175586621088
2013-04-05 17:56:00,0.002396475908821194
2013-04-05 17:57:00,0.0024490879401407595
2013-04-05 17:58:00,0.0024011149540666965
2013-04-05 17:59:00,0.002444857940891998
2013-04-05 18:00:00,0.002404971974789172
2013-04-05 18:01:00,0.0024413410114603185
2013-04-05 18:02:00,0.0024081788003463833
2013-04-05 18:03:00,0.002438416946490052
2013-04-05 18:04:00,0.0024108450370337042
2013-04-05 18:05:00,0.0024359858041778093
2013-04-05 18:06:00,0.0024130618143252125
2013-04-05 18:07:00,0.002433964490355378
2013-04-05 18:08:00,0.0024149048995933953
2013-04-05 18:09:00,0.00243228391840844
2013-04-05 18:10:00,0.0024164372877674145
2013-04-05 18:11:00,0.0024308866479612057
2013-04-05 18:12:00,0.002417711354440466
2013-04-05 18:13:00,0.0024297249216178596
2013-04-05 18:14:00,0.0024187706460188085
2013-04-05 18:15:00,0.0024287590326592667
2013-04-05 18:16:00,0.0024196513680969645
2013-04-05 18:17:00,0.0024279559679052376
2013-04-05 18:18:00,0.002420383622930955
2013-04-05 18:19:00,0.002427288279354345
2013-04-05 18:20:00,0.0024209924383055137
2013-04-05 18:21:00,0.002426733146036919
2013-04-05 18:22:00,0.00242149862296015
2013-04-05 18:23:00,0.002426271594015872
2013-04-05 18:24:00,0.002421919477812673
2013-04-05 18:25:00,0.002425887847875008
2013-04-05 18:26:00,0.0024222693872879564
2013-04-05 18:27:00,0.0024255687915305524
2013-04-05 18:28:00,0.002422560310964217
2013-04-05 18:29:00,0.002425303519935529
2013-04-05 18:30:00,0.0024228021923402565
2013-04-05 18:31:00,0.002425082966355019
2013-04-05 18:32:00,0.00242300329869527
2013-04-05 18:33:00,0.00242489959247405
2013-04-05 18:34:00,0.002423170503656147
2013-04-05 18:35:00,0.002424747130745031
2013-04-05 18:36:00,0.002423309522131989
2013-04-05 18:37:00,0.002424620370168884
2013-04-05 18:38:00,0.0024234251056439726
2013-04-05 18:39:00,0.0024245149781877418
2013-04-05 18:40:00,0.0024235212047284405
2013-04-05 18:41:00,0.0024244273526023985
2013-04-05 18:42:00,0.002423601103962114
2013-04-05 18:43:00,0.0024243544984523524
2013-04-05 18:44:00,0.0024236675342260705
2013-04-05 18:45:00,0.002424293925650911
2013-04-05 18:46:00,0.0024237227660445226
2013-04-05 18:47:00,0.0024242435638763826
2013-04-05 18:48:00,0.0024237686871892983
2013-04-05 18:49:00,0.002424201691810568
2013-04-05 18:50:00,0.0024238068672021162
2013-04-05 18:51:00,0.0024241668783053782
2013-04-05 18:52:00,0.002423838611040119
2013-04-05 18:53:00,0.0024241379334678514
2013-04-05 18:54:00,0.002423865003677861
2013-04-05 18:55:00,0.002424113867990574
2013-04-05 18:56:00,0.0024238869471912006
2013-04-05 18:57:00,0.00242409385933795
2013-04-05 18:58:00,0.002423905191588638
2013-04-05 18:59:00,0.0024240772236331365
2013-04-05 19:00:00,0.0024239203604466963
2013-04-05 19:01:00,0.0024240633922831822
2013-04-05 19:02:00,0.0024239329722228753
2013-04-05 19:03:00,0.0024240518925454646
2013-04-05 19:04:00,0.002423943457975697
2013-04-05 19:05:00,0.0024240423313697246
2013-04-05 19:06:00,0.002423952176098476
2013-04-05 19:07:00,0.0024240343819640353
2013-04-05 19:08:00,0.0024239594245684115
2013-04-05 19:09:00,0.0024240277726250703
2013-04-05 19:10:00,0.002423965451131549
2013-04-05 19:11:00,0.002424022277451754
2013-04-05 19:12:00,0.0024239704617701197
2013-04-05 19:13:00,0.0024240177086243264
2013-04-05 19:14:00,0.0024239746277430196
2013-04-05 19:15:00,0.0024240139099844793
2013-04-05 19:16:00,0.0024239780914392384
2013-04-05 19:17:00,0.002424010751698291
2013-04-05 19:18:00,0.0024239809712447435
2013-04-05 19:19:00,0.0024240081258185553
2013-04-05 19:20:00,0.002423983365588578
2013-04-05 19:21:00,0.0024240059425949534
2013-04-05 19:22:00,0.002423985356307279
2013-04-05 19:23:00,0.0024240041274071755
2013-04-05 19:24:00,0.0024239870114416417
2013-04-05 19:25:00,0.0024240026182136276
2013-04-05 19:26:00,0.0024239883875626367
2013-04-05 19:27:00,0.0024240013634315716
2013-04-05 19:28:00,0.002423989531704751
2013-04-05 19:29:00,0.002424000320173758
2013-04-05 19:30:00,0.0024239904829737036
2013-04-05 19:31:00,0.002423999452782488
2013-04-05 19:32:00,0.0024239912738831526
2013-04-05 19:33:00,0.0024239987316112543
2013-04-05 19:34:00,0.0024239919314653635
2013-04-05 19:35:00,0.002423998132010996
2013-04-05 19:36:00,0.0024239924781961353
2013-04-05 19:37:00,0.0024239976334879954
2013-04-05 19:38:00,0.0024239929327620757
2013-04-05 19:39:00,0.0024239972190033265
2013-04-05 19:40:00,0.002423993310699646
2013-04-05 19:41:00,0.0024239968743902107
2013-04-05 19:42:00,0.0024239936249266236
2013-04-05 19:43:00,0.0024239965878700698
2013-04-05 19:44:00,0.0024239938861829735
2013-04-05 19:45:00,0.0024239963496498484
2013-04-05 19:46:00,0.0024239941033982193
