2013-04-04 19:47:00,0.32994453418642494
2013-04-04 19:48:00,0.21996318549587088
2013-04-04 19:49:00,0.09998336970878353
2013-04-04 19:50:00,0.5998984131017828
2013-04-04 19:51:00,0.6698872838487073
2013-04-04 19:52:00,0.3299450371787053
2013-04-04 19:53:00,0.4999157092276409
2013-04-04 19:54:00,0.10998208842380483
2013-04-04 19:55:00,0.109981511368968
2013-04-04 19:56:00,0.21996285997682563
2013-04-04 19:57:00,0.19996641389803962
2013-04-04 19:58:00,2.9592623000982724e-07
2013-04-04 19:59:00,0.3299440458180844
2013-04-04 20:00:00,0.5599055362863476
2013-04-04 20:01:00,0.38991554045158794
2013-04-04 20:02:00,0.3598930643357936
2013-04-04 20:03:00,0.32488229413354663
2013-04-04 20:04:00,0.3478324832883794
2013-04-04 20:05:00,0.326489235680916
2013-04-04 20:06:00,0.29554194393754224
2013-04-04 20:07:00,0.2860614954173991
2013-04-04 20:08:00,0.26647866317187396
2013-04-04 20:09:00,0.24981189655078484
2013-04-04 20:10:00,0.22709821574844272
2013-04-04 20:11:00,0.24458491471710883
2013-04-04 20:12:00,0.2343994734416388
2013-04-04 20:13:00,0.2411343320994458
2013-04-04 20:14:00,0.23973351674852764
2013-04-04 20:15:00,0.23084373021580706
2013-04-04 20:16:00,0.2367569806430241
2013-04-04 20:17:00,0.23585237612165977
2013-04-04 20:18:00,0.23491555325367047
2013-04-04 20:19:00,0.24317730011950395
2013-04-04 20:20:00,0.2472673621014072
2013-04-04 20:21:00,0.2460479453618332
2013-04-04 20:22:00,0.23941482823539434
2013-04-04 20:23:00,0.2574613169744313
2013-04-04 20:24:00,0.25140711110370023
2013-04-04 20:25:00,0.26863296815055837
2013-04-04 20:26:00,0.25873866460774825
2013-04-04 20:27:00,0.2493483646257796
2013-04-04 20:28:00,0.25111196369224775
2013-04-04 20:29:00,0.24272711735706023
2013-04-04 20:30:00,0.24120716582864854
2013-04-04 20:31:00,0.2511350398401182
2013-04-04 20:32:00,0.2568599081286189
2013-04-04 20:33:00,0.25815124650993754
2013-04-04 20:34:00,0.2694965335166491
2013-04-04 20:35:00,0.27615784856285974
2013-04-04 20:36:00,0.28340698753487
2013-04-04 20:37:00,0.28787409002665837
2013-04-04 20:38:00,0.29477513072009
2013-04-04 20:39:00,0.2921900195865494
2013-04-04 20:40:00,0.2988214985757643
2013-04-04 20:41:00,0.30200125378870224
2013-04-04 20:42:00,0.3132712747401591
2013-04-04 20:43:00,0.30619990841488653
2013-04-04 20:44:00,0.3018895515253456
2013-04-04 20:45:00,0.29725242812892505
2013-04-04 20:46:00,0.29333549523416036
2013-04-04 20:47:00,0.29173020652947
2013-04-04 20:48:00,0.2878560916394022
2013-04-04 20:49:00,0.286386632394774
2013-04-04 20:50:00,0.2852537099696528
2013-04-04 20:51:00,0.2891053526228541
2013-04-04 20:52:00,0.2878293015070096
2013-04-04 20:53:00,0.2842919733359997
2013-04-04 20:54:00,0.2897023911768156
2013-04-04 20:55:00,0.2933270355877935
2013-04-04 20:56:00,0.2979402056204994
2013-04-04 20:57:00,0.3003219583620579
2013-04-04 20:58:00,0.2969963853102211
2013-04-04 20:59:00,0.3013796006273359
2013-04-04 21:00:00,0.3012361321069943
2013-04-04 21:01:00,0.29988130755280046
2013-04-04 21:02:00,0.30014273605779895
2013-04-04 21:03:00,0.2971435575204497
2013-04-04 21:04:00,0.2942923340148698
2013-04-04 21:05:00,0.2970813625604617
2013-04-04 21:06:00,0.2975558793281933
2013-04-04 21:07:00,0.30131242965692073
2013-04-04 21:08:00,0.30275581951080743
2013-04-04 21:09:00,0.30328574932594443
2013-04-04 21:10:00,0.30180319157641383
2013-04-04 21:11:00,0.303262623296082
2013-04-04 21:12:00,0.30675992695759835
2013-04-04 21:13:00,0.30547655611776586
2013-04-04 21:14:00,0.3073457935122904
2013-04-04 21:15:00,0.30588194400164564
2013-04-04 21:16:00,0.30733642282873574
2013-04-04 21:17:00,0.312014386571427
2013-04-04 21:18:00,0.3091544119933898
2013-04-04 21:19:00,0.3053473463350903
2013-04-04 21:20:00,0.3056401966422141
2013-04-04 21:21:00,0.30558486503449855
2013-04-04 21:22:00,0.30704106132466913
2013-04-04 21:23:00,0.3084726019648254
2013-04-04 21:24:00,0.30758299814034423
2013-04-04 21:25:00,0.3073144395958748
2013-04-04 21:26:00,0.30640342399319104
2013-04-04 21:27:00,0.30953604465931117
2013-04-04 21:28:00,0.3108099908179896
2013-04-04 21:29:00,0.30886791045091183
2013-04-04 21:30:00,0.3109681923264313
2013-04-04 21:31:00,0.3073528973387191
2013-04-04 21:32:00,0.3052030733179778
2013-04-04 21:33:00,0.3041659248973344
2013-04-04 21:34:00,0.30512067317585473
2013-04-04 21:35:00,0.30431393029121123
2013-04-04 21:36:00,0.3010867602948862
2013-04-04 21:37:00,0.3024969534993137
2013-04-04 21:38:00,0.30360913166348663
2013-04-04 21:39:00,0.3006223557731273
2013-04-04 21:40:00,0.30441469503026863
2013-04-04 21:41:00,0.30330915764761135
2013-04-04 21:42:00,0.3060387961647643
2013-04-04 21:43:00,0.3049049033078494
2013-04-04 21:44:00,0.3050278082799289
2013-04-04 21:45:00,0.30303371687569436
2013-04-04 21:46:00,0.30333994093874583
2013-04-04 21:47:00,0.30153733991707765
2013-04-04 21:48:00,0.30148960308791267
2013-04-04 21:49:00,0.30269702386453934
2013-04-04 21:50:00,0.3021593691688864
2013-04-04 21:51:00,0.30348140677332314
2013-04-04 21:52:00,0.30198264093807636
2013-04-04 21:53:00,0.3010134685123077
2013-04-04 21:54:00,0.2995131171893592
2013-04-04 21:55:00,0.29775262671173575
2013-04-04 21:56:00,0.2969957394727437
2013-04-04 21:57:00,0.2980292367430857
2013-04-04 21:58:00,0.29745786940307417
2013-04-04 21:59:00,0.2966271383422864
2013-04-04 22:00:00,0.29819502850598445
2013-04-04 22:01:00,0.30042223507748483
2013-04-04 22:02:00,0.2986575301658819
2013-04-04 22:03:00,0.2972311068306199
2013-04-04 22:04:00,0.2956163883159302
2013-04-04 22:05:00,0.296779136684292
2013-04-04 22:06:00,0.2959657138168699
2013-04-04 22:07:00,0.2996534446030111
2013-04-04 22:08:00,0.29969830505257417
2013-04-04 22:09:00,0.30055041494840545
2013-04-04 22:10:00,0.3007254225758273
2013-04-04 22:11:00,0.2990612241859799
2013-04-04 22:12:00,0.29898278659280075
2013-04-04 22:13:00,0.301975010231471
2013-04-04 22:14:00,0.30050256395006836
2013-04-04 22:15:00,0.3006640850700112
2013-04-04 22:16:00,0.2990224553320743
2013-04-04 22:17:00,0.2985376651351676
2013-04-04 22:18:00,0.29671245771211785
2013-04-04 22:19:00,0.29637557295406036
2013-04-04 22:20:00,0.29652432385894356
2013-04-04 22:21:00,0.295832110005083
2013-04-04 22:22:00,0.29692518574244187
2013-04-04 22:23:00,0.29699485557284877
2013-04-04 22:24:00,0.29813669493882755
2013-04-04 22:25:00,0.2963597558599529
2013-04-04 22:26:00,0.2956580695949904
2013-04-04 22:27:00,0.2944741419327757
2013-04-04 22:28:00,0.2923694962077053
2013-04-04 22:29:00,0.2931136376482431
2013-04-04 22:30:00,0.29437451941363657
2013-04-04 22:31:00,0.2962874670978858
2013-04-04 22:32:00,0.29805166332224164
2013-04-04 22:33:00,0.2965638711197264
2013-04-04 22:34:00,0.29679614929217835
2013-04-04 22:35:00,0.2983490816731509
2013-04-04 22:36:00,0.299502517092802
2013-04-04 22:37:00,0.29951831228208425
2013-04-04 22:38:00,0.298900211855803
2013-04-04 22:39:00,0.299805422648896
2013-04-04 22:40:00,0.2983292018696723
2013-04-04 22:41:00,0.297731694047632
2013-04-04 22:42:00,0.2985054856800265
2013-04-04 22:43:00,0.29725440941424347
2013-04-04 22:44:00,0.3011086605083604
2013-04-04 22:45:00,0.29975801129671503
2013-04-04 22:46:00,0.29842249478393434
2013-04-04 22:47:00,0.29784927692708646
2013-04-04 22:48:00,0.2973971798714854
2013-04-04 22:49:00,0.29696193803438825
2013-04-04 22:50:00,0.2961966091507778
2013-04-04 22:51:00,0.2952425752368737
2013-04-04 22:52:00,0.29533211319621117
2013-04-04 22:53:00,0.2934313290069921
2013-04-04 22:54:00,0.2976791668492056
2013-04-04 22:55:00,0.2983332454630045
2013-04-04 22:56:00,0.3015041879270879
2013-04-04 22:57:00,0.30036035945538686
2013-04-04 22:58:00,0.300425323470751
2013-04-04 22:59:00,0.30115147381364304
2013-04-04 23:00:00,0.30002680513913416
2013-04-04 23:01:00,0.29831097104175525
2013-04-04 23:02:00,0.29726620605776877
2013-04-04 23:03:00,0.2978771640299517
2013-04-04 23:04:00,0.29693109596360573
2013-04-04 23:05:00,0.29707866251727455
2013-04-04 23:06:00,0.29690171105709245
2013-04-04 23:07:00,0.2993073112079997
2013-04-04 23:08:00,0.300732926050843
2013-04-04 23:09:00,0.30071058856561744
2013-04-04 23:10:00,0.3013398602477046
2013-04-04 23:11:00,0.3004650212380722
2013-04-04 23:12:00,0.3018525713968935
2013-04-04 23:13:00,0.3007268415982362
2013-04-04 23:14:00,0.30005971113849916
2013-04-04 23:15:00,0.29916463496498713
2013-04-04 23:16:00,0.2996465310831428
2013-04-04 23:17:00,0.29931305170434985
2013-04-04 23:18:00,0.29852661882610365
2013-04-04 23:19:00,0.2971115994011583
2013-04-04 23:20:00,0.29850159168469603
2013-04-04 23:21:00,0.3008301665698834
2013-04-04 23:22:00,0.30096874719772154
2013-04-04 23:23:00,0.30105193746916814
2013-04-04 23:24:00,0.30125980586345125
2013-04-04 23:25:00,0.3007396533022995
2013-04-04 23:26:00,0.30145030426699504
2013-04-04 23:27:00,0.3018849161597196
2013-04-04 23:28:00,0.3015602080786277
2013-04-04 23:29:00,0.3021875375778921
2013-04-04 23:30:00,0.30371761250658236
2013-04-04 23:31:00,0.30565081503975206
2013-04-04 23:32:00,0.3055882115026997
2013-04-04 23:33:00,0.30593558335778415
2013-04-04 23:34:00,0.30580890462760435
2013-04-04 23:35:00,0.30591967484898325
2013-04-04 23:36:00,0.3060297349148349
2013-04-04 23:37:00,0.304400639155401
2013-04-04 23:38:00,0.3039515951918853
2013-04-04 23:39:00,0.3036351554225185
2013-04-04 23:40:00,0.3035785022744867
2013-04-04 23:41:00,0.30201998560562765
2013-04-04 23:42:00,0.3004630013279937
2013-04-04 23:43:00,0.3003043018849221
2013-04-04 23:44:00,0.3014485393934272
2013-04-04 23:45:00,0.30310450754807483
2013-04-04 23:46:00,0.30256530123624414
2013-04-04 23:47:00,0.3016389271496832
2013-04-04 23:48:00,0.3029517164565039
2013-04-04 23:49:00,0.3033900352334896
2013-04-04 23:50:00,0.30422255305217794
2013-04-04 23:51:00,0.3047148192782593
2013-04-04 23:52:00,0.3034980435886481
2013-04-04 23:53:00,0.3045864978798182
2013-04-04 23:54:00,0.3045187701419085
2013-04-04 23:55:00,0.3051303421261016
2013-04-04 23:56:00,0.3051237720253098
2013-04-04 23:57:00,0.30593816789953054
2013-04-04 23:58:00,0.3055647644278201
2013-04-04 23:59:00,0.3043566478747322
2013-04-05 00:00:00,0.3069106731797019
2013-04-05 00:01:00,0.30791524078704774
2013-04-05 00:02:00,0.3065755373335667
2013-04-05 00:03:00,0.30718180489255353
2013-04-05 00:04:00,0.3059608743372663
2013-04-05 00:05:00,0.30712408452314904
2013-04-05 00:06:00,0.30863685723984313
2013-04-05 00:07:00,0.30877462678311113
2013-04-05 00:08:00,0.3092101275449629
2013-04-05 00:09:00,0.309248616453249
2013-04-05 00:10:00,0.30889420380155935
2013-04-05 00:11:00,0.3080090733022136
2013-04-05 00:12:00,0.3097767072552495
2013-04-05 00:13:00,0.3101363921522784
2013-04-05 00:14:00,0.3099316754741109
2013-04-05 00:15:00,0.3110764453422416
2013-04-05 00:16:00,0.31038750386391534
2013-04-05 00:17:00,0.30939524020313186
2013-04-05 00:18:00,0.31192007657428733
2013-04-05 00:19:00,0.31143079371744214
2013-04-05 00:20:00,0.31109121806152046
2013-04-05 00:21:00,0.31184619620218723
2013-04-05 00:22:00,0.311866629317883
2013-04-05 00:23:00,0.3116050924726996
2013-04-05 00:24:00,0.310926210297285
2013-04-05 00:25:00,0.310075831013898
2013-04-05 00:26:00,0.30866074424020457
2013-04-05 00:27:00,0.3088924302441457
2013-04-05 00:28:00,0.31005624118152547
2013-04-05 00:29:00,0.30961927371129655
2013-04-05 00:30:00,0.31003967037771824
2013-04-05 00:31:00,0.30963649327265175
2013-04-05 00:32:00,0.30907201245191085
2013-04-05 00:33:00,0.3086971068167424
2013-04-05 00:34:00,0.3078777443105617
2013-04-05 00:35:00,0.30754521326482037
2013-04-05 00:36:00,0.30672942464800124
2013-04-05 00:37:00,0.3059893948200142
2013-04-05 00:38:00,0.3062558189786044
2013-04-05 00:39:00,0.3070115035593254
2013-04-05 00:40:00,0.3067122409831944
2013-04-05 00:41:00,0.3063324615497005
2013-04-05 00:42:00,0.30602011984015676
2013-04-05 00:43:00,0.30564526841463335
2013-04-05 00:44:00,0.3059591927904977
2013-04-05 00:45:00,0.3052281320387462
2013-04-05 00:46:00,0.3058499495263086
2013-04-05 00:47:00,0.30594109641511613
2013-04-05 00:48:00,0.30597880929280485
2013-04-05 00:49:00,0.3046034318922427
2013-04-05 00:50:00,0.30520166435845775
2013-04-05 00:51:00,0.30423990820743024
2013-04-05 00:52:00,0.3042714996235005
2013-04-05 00:53:00,0.30493541859904616
2013-04-05 00:54:00,0.30537625915617994
2013-04-05 00:55:00,0.30490922158475997
2013-04-05 00:56:00,0.30595215261337305
2013-04-05 00:57:00,0.30615651044093717
2013-04-05 00:58:00,0.30629052888627795
2013-04-05 00:59:00,0.30513836349958406
2013-04-05 01:00:00,0.30454527130438286
2013-04-05 01:01:00,0.30429189366932874
2013-04-05 01:02:00,0.30462535724304074
2013-04-05 01:03:00,0.3040089005341122
2013-04-05 01:04:00,0.30356025009842724
2013-04-05 01:05:00,0.3042390328921417
2013-04-05 01:06:00,0.30479564150459093
2013-04-05 01:07:00,0.3042467481514689
2013-04-05 01:08:00,0.3043563504142278
2013-04-05 01:09:00,0.3033043518662435
2013-04-05 01:10:00,0.30308622056897133
2013-04-05 01:11:00,0.30268738785179866
2013-04-05 01:12:00,0.30297866646726074
2013-04-05 01:13:00,0.3026401031632606
2013-04-05 01:14:00,0.302380032036352
2013-04-05 01:15:00,0.30230915042333795
2013-04-05 01:16:00,0.3018111778110604
2013-04-05 01:17:00,0.300760586602819
2013-04-05 01:18:00,0.299810173578252
2013-04-05 01:19:00,0.3005830278078812
2013-04-05 01:20:00,0.30045163241064315
2013-04-05 01:21:00,0.30096153924813573
2013-04-05 01:22:00,0.30137029847214325
2013-04-05 01:23:00,0.30165909317851114
2013-04-05 01:24:00,0.3014619418165779
2013-04-05 01:25:00,0.3022806881537403
2013-04-05 01:26:00,0.30251084979629683
2013-04-05 01:27:00,0.3029670166490367
2013-04-05 01:28:00,0.30390314326289236
2013-04-05 01:29:00,0.3032061769003738
2013-04-05 01:30:00,0.3038133903616264
2013-04-05 01:31:00,0.30481090082918366
2013-04-05 01:32:00,0.30504282636614555
2013-04-05 01:33:00,0.30566999148253615
2013-04-05 01:34:00,0.3064559579409665
2013-04-05 01:35:00,0.307366167433902
2013-04-05 01:36:00,0.3071894626039722
2013-04-05 01:37:00,0.306881038589281
2013-04-05 01:38:00,0.306881376416675
2013-04-05 01:39:00,0.3068347050164999
2013-04-05 01:40:00,0.3074794298317379
2013-04-05 01:41:00,0.3068570395940888
2013-04-05 01:42:00,0.30619210199692604
2013-04-05 01:43:00,0.30628784814871024
2013-04-05 01:44:00,0.30650275334095806
2013-04-05 01:45:00,0.3061381685573936
2013-04-05 01:46:00,0.3076055261528794
2013-04-05 01:47:00,0.308495895494358
2013-04-05 01:48:00,0.30893977672530726
2013-04-05 01:49:00,0.3099615138271389
2013-04-05 01:50:00,0.3105132662115378
2013-04-05 01:51:00,0.30976070384126797
2013-04-05 01:52:00,0.30955367006688883
2013-04-05 01:53:00,0.3089042403057277
2013-04-05 01:54:00,0.30951456714351777
2013-04-05 01:55:00,0.30948593860120427
2013-04-05 01:56:00,0.3110157443662038
2013-04-05 01:57:00,0.3103502041503225
2013-04-05 01:58:00,0.3097695988733099
2013-04-05 01:59:00,0.3101940043368239
2013-04-05 02:00:00,0.3104110238167471
2013-04-05 02:01:00,0.3112335298157613
2013-04-05 02:02:00,0.3104451132431344
2013-04-05 02:03:00,0.31029610433651394
2013-04-05 02:04:00,0.3100355990588617
2013-04-05 02:05:00,0.30977540898695544
2013-04-05 02:06:00,0.3092130344947045
2013-04-05 02:07:00,0.3100043456553992
2013-04-05 02:08:00,0.30994356305988974
2013-04-05 02:09:00,0.30968667751239526
2013-04-05 02:10:00,0.3094973779592797
2013-04-05 02:11:00,0.3098426799375763
2013-04-05 02:12:00,0.31011565053179524
2013-04-05 02:13:00,0.3109676372748702
2013-04-05 02:14:00,0.3114934856097646
2013-04-05 02:15:00,0.31121153274301266
2013-04-05 02:16:00,0.31081972847184514
2013-04-05 02:17:00,0.31095983007937866
2013-04-05 02:18:00,0.31063074500537596
2013-04-05 02:19:00,0.31082191339968757
2013-04-05 02:20:00,0.31216227942259756
2013-04-05 02:21:00,0.3120986438183846
2013-04-05 02:22:00,0.3120349412123097
2013-04-05 02:23:00,0.3116490135341725
2013-04-05 02:24:00,0.3122991643995473
2013-04-05 02:25:00,0.31276823888591054
2013-04-05 02:26:00,0.3136465721269829
2013-04-05 02:27:00,0.314646719791022
2013-04-05 02:28:00,0.31489899482452444
2013-04-05 02:29:00,0.31556766816873716
2013-04-05 02:30:00,0.31489850706053363
2013-04-05 02:31:00,0.3152833586326764
2013-04-05 02:32:00,0.31653271986724046
2013-04-05 02:33:00,0.3155542088287363
2013-04-05 02:34:00,0.31561944722388885
2013-04-05 02:35:00,0.31501860035607854
2013-04-05 02:36:00,0.31635278363003244
2013-04-05 02:37:00,0.31598469286870157
2013-04-05 02:38:00,0.3172117376265202
2013-04-05 02:39:00,0.3181111824467157
2013-04-05 02:40:00,0.31770397957961616
2013-04-05 02:41:00,0.3175808186229565
2013-04-05 02:42:00,0.31697699564172044
2013-04-05 02:43:00,0.3165804035881872
2013-04-05 02:44:00,0.3163274562376666
2013-04-05 02:45:00,0.3164349996235823
2013-04-05 02:46:00,0.31555343686584975
2013-04-05 02:47:00,0.31488760564938534
2013-04-05 02:48:00,0.3155193207765679
2013-04-05 02:49:00,0.31424051780518814
2013-04-05 02:50:00,0.3136846718995418
2013-04-05 02:51:00,0.31358907384611445
2013-04-05 02:52:00,0.3148682659209915
2013-04-05 02:53:00,0.31453565574961934
2013-04-05 02:54:00,0.31359514246141623
2013-04-05 02:55:00,0.3133431901597717
2013-04-05 02:56:00,0.31252542216274926
2013-04-05 02:57:00,0.3124708133469135
2013-04-05 02:58:00,0.31281514852487285
2013-04-05 02:59:00,0.31268150802431427
2013-04-05 03:00:00,0.313242821868404
2013-04-05 03:01:00,0.3131781282773594
2013-04-05 03:02:00,0.3131020751366597
2013-04-05 03:03:00,0.31240670786333397
2013-04-05 03:04:00,0.31337004400716717
2013-04-05 03:05:00,0.3141302539556957
2013-04-05 03:06:00,0.31399245320149444
2013-04-05 03:07:00,0.3136890012774324
2013-04-05 03:08:00,0.3130093748335646
2013-04-05 03:09:00,0.3127569219864508
2013-04-05 03:10:00,0.3122458195685323
2013-04-05 03:11:00,0.3118752472099273
2013-04-05 03:12:00,0.311937144725221
2013-04-05 03:13:00,0.3110299268016479
2013-04-05 03:14:00,0.31110567299389297
2013-04-05 03:15:00,0.3105386302047022
2013-04-05 03:16:00,0.31023958423942977
2013-04-05 03:17:00,0.3094771689426112
2013-04-05 03:18:00,0.30895864807035733
2013-04-05 03:19:00,0.30841908739791757
2013-04-05 03:20:00,0.30831437068101164
2013-04-05 03:21:00,0.30843251861063004
2013-04-05 03:22:00,0.30883434667272797
2013-04-05 03:23:00,0.30907214025235846
2013-04-05 03:24:00,0.30956670823162324
2013-04-05 03:25:00,0.30929549474436135
2013-04-05 03:26:00,0.30967121772747186
2013-04-05 03:27:00,0.3096618965726743
2013-04-05 03:28:00,0.30949831724401833
2013-04-05 03:29:00,0.30884762716517467
2013-04-05 03:30:00,0.3085046467685856
2013-04-05 03:31:00,0.30867505943282736
2013-04-05 03:32:00,0.3086799559127247
2013-04-05 03:33:00,0.30903804373524735
2013-04-05 03:34:00,0.30878435082291805
2013-04-05 03:35:00,0.30820433988969065
2013-04-05 03:36:00,0.30858428233085555
2013-04-05 03:37:00,0.3086923944115011
2013-04-05 03:38:00,0.3096608836264205
2013-04-05 03:39:00,0.31001764702072976
2013-04-05 03:40:00,0.3092120288630145
2013-04-05 03:41:00,0.30945191271480177
2013-04-05 03:42:00,0.31002386955598715
2013-04-05 03:43:00,0.30979950113860555
2013-04-05 03:44:00,0.3091232962246977
2013-04-05 03:45:00,0.3092900736516608
2013-04-05 03:46:00,0.30849278127173885
2013-04-05 03:47:00,0.30772847481190513
2013-04-05 03:48:00,0.30747109831980957
2013-04-05 03:49:00,0.30674603720911847
2013-04-05 03:50:00,0.30688983264460484
2013-04-05 03:51:00,0.30804081298241587
2013-04-05 03:52:00,0.3077102917372633
2013-04-05 03:53:00,0.3090758353165346
2013-04-05 03:54:00,0.30930070244732133
2013-04-05 03:55:00,0.3098068681114566
2013-04-05 03:56:00,0.3108414729330633
2013-04-05 03:57:00,0.31162612279521107
2013-04-05 03:58:00,0.31199516315137915
2013-04-05 03:59:00,0.3113577747913848
2013-04-05 04:00:00,0.3131417447646071
2013-04-05 04:01:00,0.3132860691256552
2013-04-05 04:02:00,0.3127947365300014
2013-04-05 04:03:00,0.3134390477769463
2013-04-05 04:04:00,0.31367173130584103
2013-04-05 04:05:00,0.3134261790270314
2013-04-05 04:06:00,0.3127542854570227
2013-04-05 04:07:00,0.31250505049487015
2013-04-05 04:08:00,0.3137727815960008
2013-04-05 04:09:00,0.3132365353485098
2013-04-05 04:10:00,0.31414153691671143
2013-04-05 04:11:00,0.31388669445055195
2013-04-05 04:12:00,0.3144820303269833
2013-04-05 04:13:00,0.3143185880649227
2013-04-05 04:14:00,0.3150017530601769
2013-04-05 04:15:00,0.3146735381269798
2013-04-05 04:16:00,0.31484708736583
2013-04-05 04:17:00,0.3142776282839087
2013-04-05 04:18:00,0.3133215047314192
2013-04-05 04:19:00,0.3130293577326732
2013-04-05 04:20:00,0.3128590167682619
2013-04-05 04:21:00,0.3117335747262638
2013-04-05 04:22:00,0.31154491949154794
2013-04-05 04:23:00,0.31126281857477106
2013-04-05 04:24:00,0.3105605044582483
2013-04-05 04:25:00,0.3105682427768131
2013-04-05 04:26:00,0.31150251029825915
2013-04-05 04:27:00,0.3114493710033295
2013-04-05 04:28:00,0.31182888418427657
2013-04-05 04:29:00,0.31106462516249095
2013-04-05 04:30:00,0.310318833537501
2013-04-05 04:31:00,0.31044431670768025
2013-04-05 04:32:00,0.311671724205182
2013-04-05 04:33:00,0.31210583523612634
2013-04-05 04:34:00,0.31182531741977015
2013-04-05 04:35:00,0.31140254630454534
2013-04-05 04:36:00,0.310817084713899
2013-04-05 04:37:00,0.31098978295756774
2013-04-05 04:38:00,0.3108714620857277
2013-04-05 04:39:00,0.3102598014210761
2013-04-05 04:40:00,0.31019420219461974
2013-04-05 04:41:00,0.30931497576225236
2013-04-05 04:42:00,0.30864436979287546
2013-04-05 04:43:00,0.3083694614646877
2013-04-05 04:44:00,0.3087809125200086
2013-04-05 04:45:00,0.30866178325145754
2013-04-05 04:46:00,0.307919267701527
2013-04-05 04:47:00,0.3073311320422941
2013-04-05 04:48:00,0.30687658959865377
2013-04-05 04:49:00,0.3064736570644717
2013-04-05 04:50:00,0.30681205409941403
2013-04-05 04:51:00,0.3070319105383064
2013-04-05 04:52:00,0.30635096647902066
2013-04-05 04:53:00,0.3057579058978144
2013-04-05 04:54:00,0.30590332680055027
2013-04-05 04:55:00,0.3053121860049219
2013-04-05 04:56:00,0.305146441986533
2013-04-05 04:57:00,0.3058293086719083
2013-04-05 04:58:00,0.3057719166414903
2013-04-05 04:59:00,0.30599199704384344
2013-04-05 05:00:00,0.3052546969029549
2013-04-05 05:01:00,0.3050697040899966
2013-04-05 05:02:00,0.3045244050218795
2013-04-05 05:03:00,0.3039981102959835
2013-04-05 05:04:00,0.3050271933911137
2013-04-05 05:05:00,0.30404967031503
2013-04-05 05:06:00,0.3034620939896002
2013-04-05 05:07:00,0.30289436975421014
2013-04-05 05:08:00,0.30217038174249955
2013-04-05 05:09:00,0.30248858380304144
2013-04-05 05:10:00,0.3032521025297133
2013-04-05 05:11:00,0.3029972005473228
2013-04-05 05:12:00,0.3020295618097209
2013-04-05 05:13:00,0.3016554462100768
2013-04-05 05:14:00,0.3017308914380726
2013-04-05 05:15:00,0.3012904636192755
2013-04-05 05:16:00,0.3019316915335465
2013-04-05 05:17:00,0.30220898305878496
2013-04-05 05:18:00,0.301376179492483
2013-04-05 05:19:00,0.3016543851741783
2013-04-05 05:20:00,0.3007184796490181
2013-04-05 05:21:00,0.300318538235698
2013-04-05 05:22:00,0.30014578942123815
2013-04-05 05:23:00,0.29971035311837435
2013-04-05 05:24:00,0.2988873248408028
2013-04-05 05:25:00,0.29847478616070044
2013-04-05 05:26:00,0.2987584122511976
2013-04-05 05:27:00,0.29796282795945483
2013-04-05 05:28:00,0.29718794951060107
2013-04-05 05:29:00,0.2969319341753752
2013-04-05 05:30:00,0.2959261006833102
2013-04-05 05:31:00,0.29569751339676664
2013-04-05 05:32:00,0.2950829656649542
2013-04-05 05:33:00,0.29623482093508696
2013-04-05 05:34:00,0.2970609510869952
2013-04-05 05:35:00,0.2968951121150744
2013-04-05 05:36:00,0.2965012885609819
2013-04-05 05:37:00,0.2966460986208269
2013-04-05 05:38:00,0.2966750799733769
2013-04-05 05:39:00,0.2967029594601517
2013-04-05 05:40:00,0.2966021529345362
2013-04-05 05:41:00,0.29668886884402584
2013-04-05 05:42:00,0.2966519303257219
2013-04-05 05:43:00,0.29660999850785547
2013-04-05 05:44:00,0.296779607869987
2013-04-05 05:45:00,0.2968713199257931
2013-04-05 05:46:00,0.2966514002585817
2013-04-05 05:47:00,0.296157222049628
2013-04-05 05:48:00,0.29683300640687854
2013-04-05 05:49:00,0.29724344760002674
2013-04-05 05:50:00,0.2972049364918215
2013-04-05 05:51:00,0.29699403145856484
2013-04-05 05:52:00,0.29624031532420847
2013-04-05 05:53:00,0.29601451843891297
2013-04-05 05:54:00,0.29580692297464467
2013-04-05 05:55:00,0.29543003853287303
2013-04-05 05:56:00,0.29529508718192077
2013-04-05 05:57:00,0.2949479039544931
2013-04-05 05:58:00,0.29473195047136713
2013-04-05 05:59:00,0.29367092018246743
2013-04-05 06:00:00,0.29354108503072307
2013-04-05 06:01:00,0.29338747299236984
2013-04-05 06:02:00,0.2932342585307115
2013-04-05 06:03:00,0.293100239040127
2013-04-05 06:04:00,0.2922507947830147
2013-04-05 06:05:00,0.2920363095802476
2013-04-05 06:06:00,0.2920054248205689
2013-04-05 06:07:00,0.29230615531660786
2013-04-05 06:08:00,0.2921447160641756
2013-04-05 06:09:00,0.29314449170026596
2013-04-05 06:10:00,0.29301174034664396
2013-04-05 06:11:00,0.2934534916708253
2013-04-05 06:12:00,0.29297473658036566
2013-04-05 06:13:00,0.2930097675788035
2013-04-05 06:14:00,0.29280622482032487
2013-04-05 06:15:00,0.29348150356946845
2013-04-05 06:16:00,0.29309085681319913
2013-04-05 06:17:00,0.29307844798784194
2013-04-05 06:18:00,0.29278136434815444
2013-04-05 06:19:00,0.2931947221573349
2013-04-05 06:20:00,0.29283263999331577
2013-04-05 06:21:00,0.29345635133918213
2013-04-05 06:22:00,0.29278112383523713
2013-04-05 06:23:00,0.2925823846441873
2013-04-05 06:24:00,0.291969219116304
2013-04-05 06:25:00,0.2920704373964065
2013-04-05 06:26:00,0.2916594649363998
2013-04-05 06:27:00,0.29215589042349493
2013-04-05 06:28:00,0.29137225982959297
2013-04-05 06:29:00,0.2907316527936378
2013-04-05 06:30:00,0.2898995878027192
2013-04-05 06:31:00,0.29054032305568533
2013-04-05 06:32:00,0.2907450862098173
2013-04-05 06:33:00,0.29158432842067317
2013-04-05 06:34:00,0.29112763364774363
2013-04-05 06:35:00,0.2914186282546378
2013-04-05 06:36:00,0.29132123914802144
2013-04-05 06:37:00,0.29142340089318686
2013-04-05 06:38:00,0.29059289112802733
2013-04-05 06:39:00,0.29140480083517395
2013-04-05 06:40:00,0.2919563714602636
2013-04-05 06:41:00,0.291746537771579
2013-04-05 06:42:00,0.29116430120706976
2013-04-05 06:43:00,0.29203123794103986
2013-04-05 06:44:00,0.2914822421112076
2013-04-05 06:45:00,0.2924082711373283
2013-04-05 06:46:00,0.29249451885543576
2013-04-05 06:47:00,0.29259329960673924
2013-04-05 06:48:00,0.2927830190547349
2013-04-05 06:49:00,0.29325463655279255
2013-04-05 06:50:00,0.2933365676775267
2013-04-05 06:51:00,0.2926357602675172
2013-04-05 06:52:00,0.29286874895777154
2013-04-05 06:53:00,0.29266954757399993
2013-04-05 06:54:00,0.2925826702034194
2013-04-05 06:55:00,0.29221327891516496
2013-04-05 06:56:00,0.29147331704317325
2013-04-05 06:57:00,0.2919798158754222
2013-04-05 06:58:00,0.2923225317015249
2013-04-05 06:59:00,0.2923156848512791
2013-04-05 07:00:00,0.29184017665897866
2013-04-05 07:01:00,0.29199491112781284
2013-04-05 07:02:00,0.2915941071488955
2013-04-05 07:03:00,0.2911937314694478
2013-04-05 07:04:00,0.2912287622545178
2013-04-05 07:05:00,0.29166658648053434
2013-04-05 07:06:00,0.2916939651998264
2013-04-05 07:07:00,0.291422839874313
2013-04-05 07:08:00,0.29138396996055393
2013-04-05 07:09:00,0.29145507875701293
2013-04-05 07:10:00,0.2913135239852144
2013-04-05 07:11:00,0.2912368106636405
2013-04-05 07:12:00,0.2910370996273702
2013-04-05 07:13:00,0.2915494121672965
2013-04-05 07:14:00,0.2914559554468042
2013-04-05 07:15:00,0.2909622308014387
2013-04-05 07:16:00,0.2918760567356148
2013-04-05 07:17:00,0.2916279484302479
2013-04-05 07:18:00,0.2914223025487451
2013-04-05 07:19:00,0.2910678034147666
2013-04-05 07:20:00,0.29042344919739105
2013-04-05 07:21:00,0.2905255674354208
2013-04-05 07:22:00,0.29080317220293067
2013-04-05 07:23:00,0.29181886291072356
2013-04-05 07:24:00,0.29105101346988077
2013-04-05 07:25:00,0.2913914340826308
2013-04-05 07:26:00,0.2912721234195719
2013-04-05 07:27:00,0.2911426710149295
2013-04-05 07:28:00,0.2911036175074515
2013-04-05 07:29:00,0.2905962342178071
2013-04-05 07:30:00,0.29079703991634454
2013-04-05 07:31:00,0.29071140132535017
2013-04-05 07:32:00,0.2910542535812726
2013-04-05 07:33:00,0.2920027215478416
2013-04-05 07:34:00,0.2915863037496172
2013-04-05 07:35:00,0.29224129527696874
2013-04-05 07:36:00,0.29153903864073083
2013-04-05 07:37:00,0.29171406346658496
2013-04-05 07:38:00,0.29197566072770986
2013-04-05 07:39:00,0.29244025647872696
2013-04-05 07:40:00,0.2928405654577516
2013-04-05 07:41:00,0.2929396785040509
2013-04-05 07:42:00,0.29290306118350334
2013-04-05 07:43:00,0.29323187158533
2013-04-05 07:44:00,0.29337053061568386
2013-04-05 07:45:00,0.29446257252168334
2013-04-05 07:46:00,0.2942114720690639
2013-04-05 07:47:00,0.29440943534186365
2013-04-05 07:48:00,0.29407039856300565
2013-04-05 07:49:00,0.29382639888449175
2013-04-05 07:50:00,0.29438545759596074
2013-04-05 07:51:00,0.293903846544757
2013-04-05 07:52:00,0.29325699525867427
2013-04-05 07:53:00,0.29322586422853436
2013-04-05 07:54:00,0.2928374587271065
2013-04-05 07:55:00,0.29270184494149204
2013-04-05 07:56:00,0.29242598048996643
2013-04-05 07:57:00,0.29246759240283193
2013-04-05 07:58:00,0.2924520231498975
2013-04-05 07:59:00,0.29237632456238627
2013-04-05 08:00:00,0.29168246368353873
2013-04-05 08:01:00,0.29108362581032365
2013-04-05 08:02:00,0.2909104015252701
2013-04-05 08:03:00,0.29173788884064866
2013-04-05 08:04:00,0.29138876243875217
2013-04-05 08:05:00,0.290733847030895
2013-04-05 08:06:00,0.29126082720043744
2013-04-05 08:07:00,0.29138404516521077
2013-04-05 08:08:00,0.2916701758358728
2013-04-05 08:09:00,0.2926000323219986
2013-04-05 08:10:00,0.29197285763566916
2013-04-05 08:11:00,0.2914471026516887
2013-04-05 08:12:00,0.29096196768964755
2013-04-05 08:13:00,0.2907674626025102
2013-04-05 08:14:00,0.29058074051594
2013-04-05 08:15:00,0.29111403301402616
2013-04-05 08:16:00,0.291106364177072
2013-04-05 08:17:00,0.2901093897489253
2013-04-05 08:18:00,0.2904850949939137
2013-04-05 08:19:00,0.29003835048563753
2013-04-05 08:20:00,0.28940741369247913
2013-04-05 08:21:00,0.29026349883435765
2013-04-05 08:22:00,0.2898316937187113
2013-04-05 08:23:00,0.2899042551748509
2013-04-05 08:24:00,0.29083744791316957
2013-04-05 08:25:00,0.2908840047923042
2013-04-05 08:26:00,0.2906493330802806
2013-04-05 08:27:00,0.29079540604223164
2013-04-05 08:28:00,0.29053104328048684
2013-04-05 08:29:00,0.28960847595680933
2013-04-05 08:30:00,0.2893881041524371
2013-04-05 08:31:00,0.2903841225682558
2013-04-05 08:32:00,0.29042327950102564
2013-04-05 08:33:00,0.2902426897326423
2013-04-05 08:34:00,0.29060617609689043
2013-04-05 08:35:00,0.29023695771524716
2013-04-05 08:36:00,0.29073901649784506
2013-04-05 08:37:00,0.290423135554585
2013-04-05 08:38:00,0.2896964940228556
2013-04-05 08:39:00,0.28941269023765964
2013-04-05 08:40:00,0.28928797862852
2013-04-05 08:41:00,0.2894867872547305
2013-04-05 08:42:00,0.28949529179690925
2013-04-05 08:43:00,0.28926748565180194
2013-04-05 08:44:00,0.28902850997888513
2013-04-05 08:45:00,0.2894193001393117
2013-04-05 08:46:00,0.29035354447905837
2013-04-05 08:47:00,0.2898346556215053
2013-04-05 08:48:00,0.2895952095814225
2013-04-05 08:49:00,0.2892602018974
2013-04-05 08:50:00,0.2889955886161925
2013-04-05 08:51:00,0.2889746467401344
2013-04-05 08:52:00,0.2887152623145742
2013-04-05 08:53:00,0.28802508935667914
2013-04-05 08:54:00,0.2889019969949863
2013-04-05 08:55:00,0.28870892985705865
2013-04-05 08:56:00,0.287755838185971
2013-04-05 08:57:00,0.2875987659356811
2013-04-05 08:58:00,0.2877310989935376
2013-04-05 08:59:00,0.28708545238213257
2013-04-05 09:00:00,0.2864299274831903
2013-04-05 09:01:00,0.2859746125158402
2013-04-05 09:02:00,0.2852632356088551
2013-04-05 09:03:00,0.2860674030735284
2013-04-05 09:04:00,0.28636229413544856
2013-04-05 09:05:00,0.2860420267861331
2013-04-05 09:06:00,0.28632038440966784
2013-04-05 09:07:00,0.28632526369483874
2013-04-05 09:08:00,0.2862216974818736
2013-04-05 09:09:00,0.28638702659167237
2013-04-05 09:10:00,0.2867887836195496
2013-04-05 09:11:00,0.2868307896309398
2013-04-05 09:12:00,0.2861136635994304
2013-04-05 09:13:00,0.2864568986726465
2013-04-05 09:14:00,0.2862111018987088
2013-04-05 09:15:00,0.28642422448732885
2013-04-05 09:16:00,0.2860377366207114
2013-04-05 09:17:00,0.28618518654022485
2013-04-05 09:18:00,0.2855879963141963
2013-04-05 09:19:00,0.2858146733815428
2013-04-05 09:20:00,0.28593326073922704
2013-04-05 09:21:00,0.2859417055577252
2013-04-05 09:22:00,0.28640344313124655
2013-04-05 09:23:00,0.286410598500055
2013-04-05 09:24:00,0.28667330589806195
2013-04-05 09:25:00,0.28658406865129993
2013-04-05 09:26:00,0.287133007184019
2013-04-05 09:27:00,0.2868666174443989
2013-04-05 09:28:00,0.2872272921203935
2013-04-05 09:29:00,0.28796791718083337
2013-04-05 09:30:00,0.28889020771334184
2013-04-05 09:31:00,0.2885056353373129
2013-04-05 09:32:00,0.28892501419595185
2013-04-05 09:33:00,0.2890899810967027
2013-04-05 09:34:00,0.2888550244617883
2013-04-05 09:35:00,0.28846461471892665
2013-04-05 09:36:00,0.2886836582101397
2013-04-05 09:37:00,0.2878556185350891
2013-04-05 09:38:00,0.28862849272880076
2013-04-05 09:39:00,0.28797315369233834
2013-04-05 09:40:00,0.2891702193145359
2013-04-05 09:41:00,0.28885311300917516
2013-04-05 09:42:00,0.28911325707560304
2013-04-05 09:43:00,0.28952011524530763
2013-04-05 09:44:00,0.28890824642669516
2013-04-05 09:45:00,0.2899997956269385
2013-04-05 09:46:00,0.2895207365078897
2013-04-05 09:47:00,0.289842085459137
2013-04-05 09:48:00,0.2912257911347982
2013-04-05 09:49:00,0.2912793715314853
2013-04-05 09:50:00,0.2911143869252413
2013-04-05 09:51:00,0.2902610404287735
2013-04-05 09:52:00,0.28998874682430464
2013-04-05 09:53:00,0.28935964674438447
2013-04-05 09:54:00,0.2892636108897845
2013-04-05 09:55:00,0.2903626448495993
2013-04-05 09:56:00,0.2904296755989839
2013-04-05 09:57:00,0.29118756914286703
2013-04-05 09:58:00,0.29191631412335833
2013-04-05 09:59:00,0.2912847475395276
2013-04-05 10:00:00,0.29154406051078346
2013-04-05 10:01:00,0.29202878404137467
2013-04-05 10:02:00,0.29291580312896076
2013-04-05 10:03:00,0.2930128719384594
2013-04-05 10:04:00,0.2925876718249514
2013-04-05 10:05:00,0.29249540369492844
2013-04-05 10:06:00,0.2919011810889087
2013-04-05 10:07:00,0.2923441388432607
2013-04-05 10:08:00,0.29218131175734663
2013-04-05 10:09:00,0.2918816716389999
2013-04-05 10:10:00,0.2922974670489945
2013-04-05 10:11:00,0.2925512580566335
2013-04-05 10:12:00,0.29251453062399946
2013-04-05 10:13:00,0.29246316590122473
2013-04-05 10:14:00,0.29206049818348917
2013-04-05 10:15:00,0.29256657046149503
2013-04-05 10:16:00,0.29198502640240903
2013-04-05 10:17:00,0.2920080208205469
2013-04-05 10:18:00,0.291582761866401
2013-04-05 10:19:00,0.29110079728626903
2013-04-05 10:20:00,0.2913391024326703
2013-04-05 10:21:00,0.29154738021126897
2013-04-05 10:22:00,0.2913139198410598
2013-04-05 10:23:00,0.2919141122594628
2013-04-05 10:24:00,0.2912386614588305
2013-04-05 10:25:00,0.2910417181038849
2013-04-05 10:26:00,0.29061598983816334
2013-04-05 10:27:00,0.2906514378439924
2013-04-05 10:28:00,0.2901717491706945
2013-04-05 10:29:00,0.2899972873492179
2013-04-05 10:30:00,0.2894850885120629
2013-04-05 10:31:00,0.2890367647949983
2013-04-05 10:32:00,0.28907174842676064
2013-04-05 10:33:00,0.28932002134966955
2013-04-05 10:34:00,0.2891726154602171
2013-04-05 10:35:00,0.28975991017584035
2013-04-05 10:36:00,0.28956563087805254
2013-04-05 10:37:00,0.28951746822378244
2013-04-05 10:38:00,0.28889601608954923
2013-04-05 10:39:00,0.2893364184446887
2013-04-05 10:40:00,0.2890878380388772
2013-04-05 10:41:00,0.2892515255258564
2013-04-05 10:42:00,0.2884849326137095
2013-04-05 10:43:00,0.2877843849740955
2013-04-05 10:44:00,0.28734475127249753
2013-04-05 10:45:00,0.28775860656924535
2013-04-05 10:46:00,0.2879554182800773
2013-04-05 10:47:00,0.2883278517420004
2013-04-05 10:48:00,0.28815448070286914
2013-04-05 10:49:00,0.2886081682310446
2013-04-05 10:50:00,0.28790348515861997
2013-04-05 10:51:00,0.28794214793686523
2013-04-05 10:52:00,0.28791469298772254
2013-04-05 10:53:00,0.28798272773327127
2013-04-05 10:54:00,0.2873492540345162
2013-04-05 10:55:00,0.28716059273427497
2013-04-05 10:56:00,0.28630063553155494
2013-04-05 10:57:00,0.2862139566981467
2013-04-05 10:58:00,0.2860313782268298
2013-04-05 10:59:00,0.2859606941813652
2013-04-05 11:00:00,0.2857282589732721
2013-04-05 11:01:00,0.2861866452667571
2013-04-05 11:02:00,0.2869969041340111
2013-04-05 11:03:00,0.2863199463876538
2013-04-05 11:04:00,0.2861842012259012
2013-04-05 11:05:00,0.28620938204706386
2013-04-05 11:06:00,0.28543479491187335
2013-04-05 11:07:00,0.2849550195121549
2013-04-05 11:08:00,0.28485170076708427
2013-04-05 11:09:00,0.2857633773079554
2013-04-05 11:10:00,0.28558217363677885
2013-04-05 11:11:00,0.2854446045026823
2013-04-05 11:12:00,0.28537535135398384
2013-04-05 11:13:00,0.2854586442411567
2013-04-05 11:14:00,0.28628417135537304
2013-04-05 11:15:00,0.28653936745344655
2013-04-05 11:16:00,0.2858941520560165
2013-04-05 11:17:00,0.28565726208205866
2013-04-05 11:18:00,0.28527427896013274
2013-04-05 11:19:00,0.28445641203047994
2013-04-05 11:20:00,0.28358749028272784
2013-04-05 11:21:00,0.2832774444048554
2013-04-05 11:22:00,0.2826400019188895
2013-04-05 11:23:00,0.2826412219824578
2013-04-05 11:24:00,0.2829680486949597
2013-04-05 11:25:00,0.2825561581824152
2013-04-05 11:26:00,0.282826676220002
2013-04-05 11:27:00,0.2830058238927662
2013-04-05 11:28:00,0.2830836235744368
2013-04-05 11:29:00,0.2835947660542902
2013-04-05 11:30:00,0.2832874476814039
2013-04-05 11:31:00,0.28266842660350683
2013-04-05 11:32:00,0.2827162060624133
2013-04-05 11:33:00,0.2826029161642702
2013-04-05 11:34:00,0.282457520027337
2013-04-05 11:35:00,0.2827487380304611
2013-04-05 11:36:00,0.2825757890052236
2013-04-05 11:37:00,0.2822146462077527
2013-04-05 11:38:00,0.2817101129222621
2013-04-05 11:39:00,0.2815228583681819
2013-04-05 11:40:00,0.2816890430813508
2013-04-05 11:41:00,0.2820974407239542
2013-04-05 11:42:00,0.281995404459953
2013-04-05 11:43:00,0.2814285926722815
2013-04-05 11:44:00,0.28108322751190584
2013-04-05 11:45:00,0.2813087605713893
2013-04-05 11:46:00,0.28059588441385147
2013-04-05 11:47:00,0.2806553415443917
2013-04-05 11:48:00,0.2812261236030858
2013-04-05 11:49:00,0.2811845853027398
2013-04-05 11:50:00,0.28066688188182015
2013-04-05 11:51:00,0.28016529607168117
2013-04-05 11:52:00,0.2808361029342481
2013-04-05 11:53:00,0.28031859826712596
2013-04-05 11:54:00,0.280269214558331
2013-04-05 11:55:00,0.27966497322969375
2013-04-05 11:56:00,0.2790838802082186
2013-04-05 11:57:00,0.27949739818244584
2013-04-05 11:58:00,0.27920198534214546
2013-04-05 11:59:00,0.27836036129204156
2013-04-05 12:00:00,0.2784308115105253
2013-04-05 12:01:00,0.2783254450738387
2013-04-05 12:02:00,0.2794914161742822
2013-04-05 12:03:00,0.2788054904694994
2013-04-05 12:04:00,0.279004051644594
2013-04-05 12:05:00,0.279594667331731
2013-04-05 12:06:00,0.27963488152620586
2013-04-05 12:07:00,0.2794038753990982
2013-04-05 12:08:00,0.2797608963364631
2013-04-05 12:09:00,0.2794876308785884
2013-04-05 12:10:00,0.279229928923985
2013-04-05 12:11:00,0.27915561753415297
2013-04-05 12:12:00,0.2800518771780724
2013-04-05 12:13:00,0.2799382971357033
2013-04-05 12:14:00,0.28090324249406684
2013-04-05 12:15:00,0.28072950135177055
2013-04-05 12:16:00,0.2802971931502702
2013-04-05 12:17:00,0.28105589746924675
2013-04-05 12:18:00,0.28070401251905946
2013-04-05 12:19:00,0.2803360360611385
2013-04-05 12:20:00,0.2806460143118567
2013-04-05 12:21:00,0.280283420840405
2013-04-05 12:22:00,0.2802068599142623
2013-04-05 12:23:00,0.2797930945867067
2013-04-05 12:24:00,0.27986812305559355
2013-04-05 12:25:00,0.27941090391049966
2013-04-05 12:26:00,0.2789873697512435
2013-04-05 12:27:00,0.2793996877117498
2013-04-05 12:28:00,0.2792543801429309
2013-04-05 12:29:00,0.27940697621099214
2013-04-05 12:30:00,0.27918272815888673
2013-04-05 12:31:00,0.2787332768468279
2013-04-05 12:32:00,0.2784926310694243
2013-04-05 12:33:00,0.278645224317716
2013-04-05 12:34:00,0.2789848997482752
2013-04-05 12:35:00,0.27860288964557695
2013-04-05 12:36:00,0.2789603406826732
2013-04-05 12:37:00,0.2794189966444308
2013-04-05 12:38:00,0.27852152891568027
2013-04-05 12:39:00,0.2780186310579344
2013-04-05 12:40:00,0.27812233726724417
2013-04-05 12:41:00,0.2777579670894234
2013-04-05 12:42:00,0.27871749750566716
2013-04-05 12:43:00,0.27810896590532974
2013-04-05 12:44:00,0.2778186819916809
2013-04-05 12:45:00,0.2778758953591752
2013-04-05 12:46:00,0.27790138100888995
2013-04-05 12:47:00,0.2776114853987525
2013-04-05 12:48:00,0.27763405854879436
2013-04-05 12:49:00,0.27732726580093486
2013-04-05 12:50:00,0.2776045582420178
2013-04-05 12:51:00,0.2768115667377302
2013-04-05 12:52:00,0.27634265990401663
2013-04-05 12:53:00,0.27558983850888696
2013-04-05 12:54:00,0.2756732627386222
2013-04-05 12:55:00,0.27580755654319644
2013-04-05 12:56:00,0.2753841083154377
2013-04-05 12:57:00,0.27535173761921905
2013-04-05 12:58:00,0.27473996756788893
2013-04-05 12:59:00,0.2745975355732459
2013-04-05 13:00:00,0.2750738418389249
2013-04-05 13:01:00,0.27466032390454
2013-04-05 13:02:00,0.27482295367992
2013-04-05 13:03:00,0.2748863913606855
2013-04-05 13:04:00,0.27556154461922
2013-04-05 13:05:00,0.2758361115651494
2013-04-05 13:06:00,0.2750540237132516
2013-04-05 13:07:00,0.2750916377175955
2013-04-05 13:08:00,0.2748538000966045
2013-04-05 13:09:00,0.27516312001081816
2013-04-05 13:10:00,0.27507930521473634
2013-04-05 13:11:00,0.2752493521206941
2013-04-05 13:12:00,0.275778628723785
2013-04-05 13:13:00,0.2758222319413262
2013-04-05 13:14:00,0.2753997392142532
2013-04-05 13:15:00,0.2758385323273633
2013-04-05 13:16:00,0.27537910741725463
2013-04-05 13:17:00,0.27526229167954763
2013-04-05 13:18:00,0.275036816057074
2013-04-05 13:19:00,0.27509978891832393
2013-04-05 13:20:00,0.2752870125668778
2013-04-05 13:21:00,0.27472374270505895
2013-04-05 13:22:00,0.2742860911873837
2013-04-05 13:23:00,0.27431526268770867
2013-04-05 13:24:00,0.2748165798172991
2013-04-05 13:25:00,0.27500876308522637
2013-04-05 13:26:00,0.27522887665929335
2013-04-05 13:27:00,0.2762296247977544
2013-04-05 13:28:00,0.27557101000900164
2013-04-05 13:29:00,0.2751342968505769
2013-04-05 13:30:00,0.2749317501995968
2013-04-05 13:31:00,0.27427599647085193
2013-04-05 13:32:00,0.27394401048456574
2013-04-05 13:33:00,0.273508571066445
2013-04-05 13:34:00,0.27344556079358984
2013-04-05 13:35:00,0.27325344817385194
2013-04-05 13:36:00,0.2727657517284288
2013-04-05 13:37:00,0.2731541996742336
2013-04-05 13:38:00,0.2729675951893329
2013-04-05 13:39:00,0.27274458125641904
2013-04-05 13:40:00,0.27252390489038375
2013-04-05 13:41:00,0.2723154138668971
2013-04-05 13:42:00,0.27207713690379387
2013-04-05 13:43:00,0.27198765817516984
2013-04-05 13:44:00,0.27221023549145135
2013-04-05 13:45:00,0.27236762784257895
2013-04-05 13:46:00,0.2723243578997921
2013-04-05 13:47:00,0.2723214775794748
2013-04-05 13:48:00,0.27140864653729
2013-04-05 13:49:00,0.2710251420694863
2013-04-05 13:50:00,0.2713240967143181
2013-04-05 13:51:00,0.2717208432575681
2013-04-05 13:52:00,0.2715728018012819
2013-04-05 13:53:00,0.2725378474751618
2013-04-05 13:54:00,0.27274123622381025
2013-04-05 13:55:00,0.27247971225751016
2013-04-05 13:56:00,0.27189506016837284
2013-04-05 13:57:00,0.2722929641845734
2013-04-05 13:58:00,0.2723788654145358
2013-04-05 13:59:00,0.27192367899000774
2013-04-05 14:00:00,0.27266458877793737
2013-04-05 14:01:00,0.2718572770451055
2013-04-05 14:02:00,0.27166292792419505
2013-04-05 14:03:00,0.2717143328406952
2013-04-05 14:04:00,0.2710582490596279
2013-04-05 14:05:00,0.27176517532784444
2013-04-05 14:06:00,0.2720621571305384
2013-04-05 14:07:00,0.27182518311293546
2013-04-05 14:08:00,0.2720907528943108
2013-04-05 14:09:00,0.27289531708319614
2013-04-05 14:10:00,0.27325433899477997
2013-04-05 14:11:00,0.27249344954489874
2013-04-05 14:12:00,0.2725194740031826
2013-04-05 14:13:00,0.2722825543073377
2013-04-05 14:14:00,0.2721510853245854
2013-04-05 14:15:00,0.27249533835328554
2013-04-05 14:16:00,0.27214705702043346
2013-04-05 14:17:00,0.27232103280694975
2013-04-05 14:18:00,0.27276441467642215
2013-04-05 14:19:00,0.2719167117418324
2013-04-05 14:20:00,0.27192091857963463
2013-04-05 14:21:00,0.27200191741061724
2013-04-05 14:22:00,0.2717949795578555
2013-04-05 14:23:00,0.27142994461628234
2013-04-05 14:24:00,0.2712010588906597
2013-04-05 14:25:00,0.2713874972361515
2013-04-05 14:26:00,0.2711116000730427
2013-04-05 14:27:00,0.2712934912998861
2013-04-05 14:28:00,0.27115884835999005
2013-04-05 14:29:00,0.271381663560021
2013-04-05 14:30:00,0.27149271141094267
2013-04-05 14:31:00,0.27121114543083824
2013-04-05 14:32:00,0.2706778813912691
2013-04-05 14:33:00,0.2710481864095556
2013-04-05 14:34:00,0.2707050782581914
2013-04-05 14:35:00,0.27138181922331833
2013-04-05 14:36:00,0.27135784241203764
2013-04-05 14:37:00,0.2716200046191124
2013-04-05 14:38:00,0.27162477758887443
2013-04-05 14:39:00,0.27241069671495594
2013-04-05 14:40:00,0.27171699232468355
2013-04-05 14:41:00,0.2723679043267075
2013-04-05 14:42:00,0.2727529117634544
2013-04-05 14:43:00,0.27231641260061273
2013-04-05 14:44:00,0.2716932057784304
2013-04-05 14:45:00,0.27173333534964716
2013-04-05 14:46:00,0.2723067593583735
2013-04-05 14:47:00,0.27345948501807293
2013-04-05 14:48:00,0.2735938216137617
2013-04-05 14:49:00,0.27368816933631607
2013-04-05 14:50:00,0.2737701008044714
2013-04-05 14:51:00,0.2742273905827861
2013-04-05 14:52:00,0.2735495545563091
2013-04-05 14:53:00,0.2747515823155191
2013-04-05 14:54:00,0.27577596126810955
2013-04-05 14:55:00,0.2758702432701665
2013-04-05 14:56:00,0.2760820783893684
2013-04-05 14:57:00,0.27628353580166426
2013-04-05 14:58:00,0.27642322780753664
2013-04-05 14:59:00,0.27628397953948125
2013-04-05 15:00:00,0.2765887191710015
2013-04-05 15:01:00,0.276681071752612
2013-04-05 15:02:00,0.27701997697859293
2013-04-05 15:03:00,0.27777097087492697
2013-04-05 15:04:00,0.277591676229931
2013-04-05 15:05:00,0.27811107072196445
2013-04-05 15:06:00,0.27790398547661455
2013-04-05 15:07:00,0.27837644926815414
2013-04-05 15:08:00,0.27845895564171386
2013-04-05 15:09:00,0.2786186975490561
2013-04-05 15:10:00,0.27904717166839643
2013-04-05 15:11:00,0.2790053274601654
2013-04-05 15:12:00,0.2793098685872911
2013-04-05 15:13:00,0.2795433546272138
2013-04-05 15:14:00,0.2800596388658203
2013-04-05 15:15:00,0.28043223554244345
2013-04-05 15:16:00,0.2806630285112812
2013-04-05 15:17:00,0.28139306587486224
2013-04-05 15:18:00,0.28076516344491204
2013-04-05 15:19:00,0.280704076023199
2013-04-05 15:20:00,0.2807829164923867
2013-04-05 15:21:00,0.2805519391052881
2013-04-05 15:22:00,0.2812064222240187
2013-04-05 15:23:00,0.280571799233932
2013-04-05 15:24:00,0.28062164509295934
2013-04-05 15:25:00,0.28040880817373415
2013-04-05 15:26:00,0.2805643888929691
2013-04-05 15:27:00,0.2804572655189677
2013-04-05 15:28:00,0.2800052148885064
2013-04-05 15:29:00,0.27988251774959505
2013-04-05 15:30:00,0.2802086093324391
2013-04-05 15:31:00,0.2806460463412788
2013-04-05 15:32:00,0.28142721735547
2013-04-05 15:33:00,0.28082872205748155
2013-04-05 15:34:00,0.2808097630189143
2013-04-05 15:35:00,0.2804498451108862
2013-04-05 15:36:00,0.28064482340004604
2013-04-05 15:37:00,0.2804317354414568
2013-04-05 15:38:00,0.2808621280379913
2013-04-05 15:39:00,0.280346172666291
2013-04-05 15:40:00,0.2807297215833876
2013-04-05 15:41:00,0.281001680716917
2013-04-05 15:42:00,0.28060353030439084
2013-04-05 15:43:00,0.28037298586504406
2013-04-05 15:44:00,0.2808435069899451
2013-04-05 15:45:00,0.2808983761659078
2013-04-05 15:46:00,0.2802362847944185
2013-04-05 15:47:00,0.2795459936383802
2013-04-05 15:48:00,0.2794760710213424
2013-04-05 15:49:00,0.27871721720217224
2013-04-05 15:50:00,0.27863277490753835
2013-04-05 15:51:00,0.27796248609683183
2013-04-05 15:52:00,0.27782575945238275
2013-04-05 15:53:00,0.27858963638755846
2013-04-05 15:54:00,0.2779383524311044
2013-04-05 15:55:00,0.27748838345973803
2013-04-05 15:56:00,0.27757406984813204
2013-04-05 15:57:00,0.2776667912355604
2013-04-05 15:58:00,0.27729166813507605
2013-04-05 15:59:00,0.27706260670269967
2013-04-05 16:00:00,0.2770332597127891
2013-04-05 16:01:00,0.27637958698396575
2013-04-05 16:02:00,0.2762228874645046
2013-04-05 16:03:00,0.2760428727813983
2013-04-05 16:04:00,0.275274227959429
2013-04-05 16:05:00,0.27587880462209335
2013-04-05 16:06:00,0.2752219436842565
2013-04-05 16:07:00,0.27451372703116045
2013-04-05 16:08:00,0.27397707173729574
2013-04-05 16:09:00,0.2734768585083318
2013-04-05 16:10:00,0.273459463382031
2013-04-05 16:11:00,0.27313062178272274
2013-04-05 16:12:00,0.2735403048495956
2013-04-05 16:13:00,0.2738085395554704
2013-04-05 16:14:00,0.2736396127563711
2013-04-05 16:15:00,0.2734394280787854
2013-04-05 16:16:00,0.2734613855733944
2013-04-05 16:17:00,0.27362755776447095
2013-04-05 16:18:00,0.27390703635487074
2013-04-05 16:19:00,0.2741858725855649
2013-04-05 16:20:00,0.2743468201906086
2013-04-05 16:21:00,0.2742162070469897
2013-04-05 16:22:00,0.2746174100365766
2013-04-05 16:23:00,0.2738465448068831
2013-04-05 16:24:00,0.2738752122865101
2013-04-05 16:25:00,0.27431807166961564
2013-04-05 16:26:00,0.2745372245056621
2013-04-05 16:27:00,0.27462717296670336
2013-04-05 16:28:00,0.2746440237974712
2013-04-05 16:29:00,0.2741646860218391
2013-04-05 16:30:00,0.2742277347950663
2013-04-05 16:31:00,0.2744235695982408
2013-04-05 16:32:00,0.2743003114162803
2013-04-05 16:33:00,0.2746308252235355
2013-04-05 16:34:00,0.27430571771416234
2013-04-05 16:35:00,0.27462455182748574
2013-04-05 16:36:00,0.27397706626384033
2013-04-05 16:37:00,0.2734307277384371
2013-04-05 16:38:00,0.273245170792082
2013-04-05 16:39:00,0.2730109538832023
2013-04-05 16:40:00,0.2731585361613975
2013-04-05 16:41:00,0.27266476052821276
2013-04-05 16:42:00,0.2720567819409144
2013-04-05 16:43:00,0.27243297676529765
2013-04-05 16:44:00,0.27212062098846396
2013-04-05 16:45:00,0.2723246350855218
2013-04-05 16:46:00,0.2714187465690853
2013-04-05 16:47:00,0.2720305260824854
2013-04-05 16:48:00,0.271668236045321
2013-04-05 16:49:00,0.2714513223104518
2013-04-05 16:50:00,0.27157863165200247
2013-04-05 16:51:00,0.27109435226484935
2013-04-05 16:52:00,0.2713904572238479
2013-04-05 16:53:00,0.2708791879604388
2013-04-05 16:54:00,0.2702615594046473
2013-04-05 16:55:00,0.2704617531027402
2013-04-05 16:56:00,0.2708468312999049
2013-04-05 16:57:00,0.27084869577620513
2013-04-05 16:58:00,0.2708753737869871
2013-04-05 16:59:00,0.2709826533885387
2013-04-05 17:00:00,0.2705407336985228
2013-04-05 17:01:00,0.27034959978927486
2013-04-05 17:02:00,0.27033481249260227
2013-04-05 17:03:00,0.2700913440118111
2013-04-05 17:04:00,0.27060038345058224
2013-04-05 17:05:00,0.2701769772036492
2013-04-05 17:06:00,0.2704510493419772
2013-04-05 17:07:00,0.27063692290984787
2013-04-05 17:08:00,0.27044196889630256
2013-04-05 17:09:00,0.27083274436357946
2013-04-05 17:10:00,0.2706040328934406
2013-04-05 17:11:00,0.27120544179253625
2013-04-05 17:12:00,0.27142470890447873
2013-04-05 17:13:00,0.2710640515661638
2013-04-05 17:14:00,0.27193546799832297
2013-04-05 17:15:00,0.27234033315276596
2013-04-05 17:16:00,0.2728151759174815
2013-04-05 17:17:00,0.27298391682122375
2013-04-05 17:18:00,0.2735330101550869
2013-04-05 17:19:00,0.2740050952592674
2013-04-05 17:20:00,0.2735900254064843
2013-04-05 17:21:00,0.2732681272791363
2013-04-05 17:22:00,0.27286045676809456
2013-04-05 17:23:00,0.2723527151532136
2013-04-05 17:24:00,0.27218362445844035
2013-04-05 17:25:00,0.2717194861142731
2013-04-05 17:26:00,0.2714697035408279
2013-04-05 17:27:00,0.2713939151144099
2013-04-05 17:28:00,0.2714274889047138
2013-04-05 17:29:00,0.27130473415926504
2013-04-05 17:30:00,0.27165837444430707
2013-04-05 17:31:00,0.2716410047289928
2013-04-05 17:32:00,0.2714284537931789
2013-04-05 17:33:00,0.2707248391918779
2013-04-05 17:34:00,0.271372080950631
2013-04-05 17:35:00,0.2711618864006476
2013-04-05 17:36:00,0.27050573960569363
2013-04-05 17:37:00,0.2704436306825821
2013-04-05 17:38:00,0.27066427248972647
2013-04-05 17:39:00,0.27111830608485404
2013-04-05 17:40:00,0.27059112377470335
2013-04-05 17:41:00,0.27076442597681594
2013-04-05 17:42:00,0.27074892006410983
2013-04-05 17:43:00,0.27046828059497247
2013-04-05 17:44:00,0.2706092366930476
2013-04-05 17:45:00,0.26970809603493623
2013-04-05 17:46:00,0.2699795547375722
2013-04-05 17:47:00,0.2702774521771314
2013-04-05 17:48:00,0.26979072125184445
2013-04-05 17:49:00,0.2690907732827501
2013-04-05 17:50:00,0.2688794809242704
2013-04-05 17:51:00,0.26912563663548433
2013-04-05 17:52:00,0.26872682890459904
2013-04-05 17:53:00,0.2685012676540316
2013-04-05 17:54:00,0.26847876117087316
2013-04-05 17:55:00,0.2686252261219059
2013-04-05 17:56:00,0.26941901606849966
2013-04-05 17:57:00,0.2691422952485263
2013-04-05 17:58:00,0.26897211523052467
2013-04-05 17:59:00,0.2687755544356031
2013-04-05 18:00:00,0.2687581962014249
2013-04-05 18:01:00,0.2684890394084996
2013-04-05 18:02:00,0.26854606261808767
2013-04-05 18:03:00,0.26873573360216874
2013-04-05 18:04:00,0.26844573790079224
2013-04-05 18:05:00,0.26822428492740347
2013-04-05 18:06:00,0.2675513988121009
2013-04-05 18:07:00,0.26688569099188686
2013-04-05 18:08:00,0.2665263583801762
2013-04-05 18:09:00,0.26619423461524727
2013-04-05 18:10:00,0.266123985592055
2013-04-05 18:11:00,0.26621899408997496
2013-04-05 18:12:00,0.2656735438429326
2013-04-05 18:13:00,0.265261249512176
2013-04-05 18:14:00,0.2654106858577736
2013-04-05 18:15:00,0.26522176209661374
2013-04-05 18:16:00,0.26545296806995344
2013-04-05 18:17:00,0.26502050337849176
2013-04-05 18:18:00,0.2653164965731313
2013-04-05 18:19:00,0.26475542011802905
2013-04-05 18:20:00,0.2645594568485652
2013-04-05 18:21:00,0.26436378987699505
2013-04-05 18:22:00,0.2637110741185305
2013-04-05 18:23:00,0.2633761561503846
2013-04-05 18:24:00,0.262754861606446
2013-04-05 18:25:00,0.2624691943142501
2013-04-05 18:26:00,0.26271469104561707
2013-04-05 18:27:00,0.2627054286476651
2013-04-05 18:28:00,0.2630500309438718
2013-04-05 18:29:00,0.2622361539487748
2013-04-05 18:30:00,0.262426116884682
2013-04-05 18:31:00,0.2621705146770728
2013-04-05 18:32:00,0.2616163008235894
2013-04-05 18:33:00,0.26142568917741127
2013-04-05 18:34:00,0.2619625763725835
2013-04-05 18:35:00,0.26189540394965655
2013-04-05 18:36:00,0.26230233446684564
2013-04-05 18:37:00,0.26168339238911265
2013-04-05 18:38:00,0.2623071904499476
2013-04-05 18:39:00,0.2626379096263566
2013-04-05 18:40:00,0.26348243115213377
2013-04-05 18:41:00,0.2629929255794239
2013-04-05 18:42:00,0.2629411603044731
2013-04-05 18:43:00,0.2627283446949106
2013-04-05 18:44:00,0.26253074799294146
2013-04-05 18:45:00,0.26220442412010914
2013-04-05 18:46:00,0.26204598390967077
2013-04-05 18:47:00,0.26216629751650783
2013-04-05 18:48:00,0.2624266675007829
2013-04-05 18:49:00,0.2619366243526048
2013-04-05 18:50:00,0.26197480931492256
2013-04-05 18:51:00,0.2621714267437736
2013-04-05 18:52:00,0.2630054556940748
2013-04-05 18:53:00,0.263106584576053
2013-04-05 18:54:00,0.26306058883994626
2013-04-05 18:55:00,0.2624404925582122
2013-04-05 18:56:00,0.2622962201487846
2013-04-05 18:57:00,0.26225178169816576
2013-04-05 18:58:00,0.2622433009342073
2013-04-05 18:59:00,0.2620144594225008
2013-04-05 19:00:00,0.2623341839638985
2013-04-05 19:01:00,0.2625010147499552
2013-04-05 19:02:00,0.2624767831466012
2013-04-05 19:03:00,0.2623379739092562
2013-04-05 19:04:00,0.2621033817309343
2013-04-05 19:05:00,0.26249881316075896
2013-04-05 19:06:00,0.2625593704880868
2013-04-05 19:07:00,0.2623035349545166
2013-04-05 19:08:00,0.26260479088565836
2013-04-05 19:09:00,0.2621897374625517
2013-04-05 19:10:00,0.26222177299145755
2013-04-05 19:11:00,0.26277684061307754
2013-04-05 19:12:00,0.26249033213300443
2013-04-05 19:13:00,0.26196535538615123
2013-04-05 19:14:00,0.2614590339598608
2013-04-05 19:15:00,0.2619606279559899
2013-04-05 19:16:00,0.2616416921274526
2013-04-05 19:17:00,0.2612006755705969
2013-04-05 19:18:00,0.26066686390372196
2013-04-05 19:19:00,0.2604149901048915
2013-04-05 19:20:00,0.26028590469661744
2013-04-05 19:21:00,0.2601052035704197
2013-04-05 19:22:00,0.2597198829659821
2013-04-05 19:23:00,0.2602321033159598
2013-04-05 19:24:00,0.26039425348371786
2013-04-05 19:25:00,0.26069943785729555
2013-04-05 19:26:00,0.2608274852877758
2013-04-05 19:27:00,0.2610821373036027
2013-04-05 19:28:00,0.26087356851377874
2013-04-05 19:29:00,0.2612943101355144
2013-04-05 19:30:00,0.2612549204424034
2013-04-05 19:31:00,0.261247660911522
2013-04-05 19:32:00,0.2617255470572035
2013-04-05 19:33:00,0.2618141167493843
2013-04-05 19:34:00,0.2623718793724667
2013-04-05 19:35:00,0.2622749384878301
2013-04-05 19:36:00,0.26262811525188545
2013-04-05 19:37:00,0.2620386832311132
2013-04-05 19:38:00,0.2617987744807969
2013-04-05 19:39:00,0.2618608663999443
2013-04-05 19:40:00,0.26172066401318117
2013-04-05 19:41:00,0.2616952421852815
2013-04-05 19:42:00,0.2616753261335729
2013-04-05 19:43:00,0.2613687268188402
2013-04-05 19:44:00,0.26118499023181346
2013-04-05 19:45:00,0.26155133909226647
2013-04-05 19:46:00,0.26232123837105287
