2013-04-08 14:40:00,4.289316213254077
2013-04-08 14:41:00,9.688133097885094
2013-04-08 14:42:00,73.2087644035376
2013-04-08 14:43:00,0.0
2013-04-08 14:44:00,0.0
2013-04-08 14:45:00,0.0
2013-04-08 14:46:00,0.0
2013-04-08 14:47:00,0.0
2013-04-08 14:48:00,0.0
2013-04-08 14:49:00,0.0
2013-04-08 14:50:00,0.0
2013-04-08 14:51:00,0.0
2013-04-08 14:52:00,0.0
2013-04-08 14:53:00,0.0
2013-04-08 14:54:00,0.0
2013-04-08 14:55:00,0.0
2013-04-08 14:56:00,0.0
2013-04-08 14:57:00,0.0
2013-04-08 14:58:00,0.0
2013-04-08 14:59:00,81.58703214850019
2013-04-08 15:00:00,94.48598907856078
2013-04-08 15:01:00,8.045745195245553
2013-04-08 15:02:00,83.70711306153324
2013-04-08 15:03:00,101.62900080606312
2013-04-08 15:04:00,96.48500061677086
2013-04-08 15:05:00,91.61331155066185
2013-04-08 15:06:00,91.47824040700942
2013-04-08 15:07:00,89.06229545604481
2013-04-08 15:08:00,87.8457973624177
2013-04-08 15:09:00,3.5861331188391103
2013-04-08 15:10:00,1.5407582613795237
2013-04-08 15:11:00,80.16259967473434
2013-04-08 15:12:00,0.0
2013-04-08 15:13:00,0.0
2013-04-08 15:14:00,0.0
2013-04-08 15:15:00,0.0
2013-04-08 15:16:00,0.0
2013-04-08 15:17:00,0.0
2013-04-08 15:18:00,0.0
2013-04-08 15:19:00,0.0
2013-04-08 15:20:00,0.0
2013-04-08 15:21:00,0.0
2013-04-08 15:22:00,0.0
2013-04-08 15:23:00,0.0
2013-04-08 15:24:00,0.0
2013-04-08 15:25:00,0.0
2013-04-08 15:26:00,0.0
2013-04-08 15:27:00,0.0
2013-04-08 15:28:00,110.8399181942326
2013-04-08 15:29:00,94.80885407502468
2013-04-08 15:30:00,0.0
2013-04-08 15:31:00,115.2315862601358
2013-04-08 15:32:00,102.45331572659923
2013-04-08 15:33:00,94.22571596033873
2013-04-08 15:34:00,91.5829307307452
2013-04-08 15:35:00,91.45409753019692
2013-04-08 15:36:00,90.35170493697815
2013-04-08 15:37:00,88.99274740131081
2013-04-08 15:38:00,36.546864567444906
2013-04-08 15:39:00,0.8499397165844955
2013-04-08 15:40:00,49.30956872854805
2013-04-08 15:41:00,26.70367707040864
2013-04-08 15:42:00,0.0
2013-04-08 15:43:00,0.0
2013-04-08 15:44:00,0.0
2013-04-08 15:45:00,0.0
2013-04-08 15:46:00,0.0
2013-04-08 15:47:00,0.0
2013-04-08 15:48:00,0.0
2013-04-08 15:49:00,0.0
2013-04-08 15:50:00,0.0
2013-04-08 15:51:00,0.0
2013-04-08 15:52:00,0.0
2013-04-08 15:53:00,0.0
2013-04-08 15:54:00,0.0
2013-04-08 15:55:00,0.0
2013-04-08 15:56:00,0.0
2013-04-08 15:57:00,63.323273332354354
2013-04-08 15:58:00,93.64862563861973
2013-04-08 15:59:00,23.96969204818805
2013-04-08 16:00:00,63.97670005241489
2013-04-08 16:01:00,98.48053125473976
2013-04-08 16:02:00,93.8352457093566
2013-04-08 16:03:00,90.59122617017948
2013-04-08 16:04:00,88.59140194887276
2013-04-08 16:05:00,53.551489832434775
2013-04-08 16:06:00,2.4101369192649797
2013-04-08 16:07:00,32.99416378903396
2013-04-08 16:08:00,44.70810385454877
2013-04-08 16:09:00,0.0
2013-04-08 16:10:00,0.0
2013-04-08 16:11:00,0.0
2013-04-08 16:12:00,0.0
2013-04-08 16:13:00,0.0
2013-04-08 16:14:00,0.0
2013-04-08 16:15:00,0.0
2013-04-08 16:16:00,0.0
2013-04-08 16:17:00,0.0
2013-04-08 16:18:00,0.0
2013-04-08 16:19:00,0.0
2013-04-08 16:20:00,0.0
2013-04-08 16:21:00,0.0
2013-04-08 16:22:00,0.0
2013-04-08 16:23:00,0.0
2013-04-08 16:24:00,5.87822473499762
2013-04-08 16:25:00,92.45390934881488
2013-04-08 16:26:00,80.94546358299445
2013-04-08 16:27:00,3.2846377699715914
2013-04-08 16:28:00,97.04546186445785
2013-04-08 16:29:00,97.29615981460708
2013-04-08 16:30:00,90.77340271616863
2013-04-08 16:31:00,89.43649816411795
2013-04-08 16:32:00,28.887337594086013
2013-04-08 16:33:00,3.192376708701128
2013-04-08 16:34:00,57.745460974426926
2013-04-08 16:35:00,18.66100880023303
2013-04-08 16:36:00,0.0
2013-04-08 16:37:00,0.0
2013-04-08 16:38:00,0.0
2013-04-08 16:39:00,0.0
2013-04-08 16:40:00,0.0
2013-04-08 16:41:00,0.0
2013-04-08 16:42:00,0.0
2013-04-08 16:43:00,0.0
2013-04-08 16:44:00,0.0
2013-04-08 16:45:00,0.0
2013-04-08 16:46:00,0.0
2013-04-08 16:47:00,0.0
2013-04-08 16:48:00,0.0
2013-04-08 16:49:00,0.0
2013-04-08 16:50:00,0.0
2013-04-08 16:51:00,46.48773150052563
2013-04-08 16:52:00,94.24336753963414
2013-04-08 16:53:00,40.44608562428913
2013-04-08 16:54:00,47.9534939496595
2013-04-08 16:55:00,103.50579404906195
2013-04-08 16:56:00,98.5232398156204
2013-04-08 16:57:00,92.78418519819874
2013-04-08 16:58:00,87.97181552674047
2013-04-08 16:59:00,95.31444572645519
2013-04-08 17:00:00,90.23244194265835
2013-04-08 17:01:00,70.78664486486434
2013-04-08 17:02:00,1.8616143708192632
2013-04-08 17:03:00,17.219266718757346
2013-04-08 17:04:00,63.53757147450594
2013-04-08 17:05:00,0.0
2013-04-08 17:06:00,0.0
2013-04-08 17:07:00,0.0
2013-04-08 17:08:00,0.0
2013-04-08 17:09:00,0.0
2013-04-08 17:10:00,0.0
2013-04-08 17:11:00,0.0
2013-04-08 17:12:00,0.0
2013-04-08 17:13:00,0.0
2013-04-08 17:14:00,0.0
2013-04-08 17:15:00,0.0
2013-04-08 17:16:00,0.0
2013-04-08 17:17:00,0.0
2013-04-08 17:18:00,0.0
2013-04-08 17:19:00,0.0
2013-04-08 17:20:00,0.0
2013-04-08 17:21:00,93.27294092420547
2013-04-08 17:22:00,91.5428789274854
2013-04-08 17:23:00,0.0
2013-04-08 17:24:00,99.64051439617252
2013-04-08 17:25:00,100.69572781595473
2013-04-08 17:26:00,92.12332309461716
2013-04-08 17:27:00,91.84714421479653
2013-04-08 17:28:00,94.15182425346255
2013-04-08 17:29:00,93.47845793171535
2013-04-08 17:30:00,88.72898599873722
2013-04-08 17:31:00,89.60755931122027
2013-04-08 17:32:00,89.41566752720983
2013-04-08 17:33:00,88.2004656239547
2013-04-08 17:34:00,87.41564965166677
2013-04-08 17:35:00,86.49884028946228
2013-04-08 17:36:00,84.60715552009043
2013-04-08 17:37:00,67.39017543566091
2013-04-08 17:38:00,0.0
2013-04-08 17:39:00,13.840095428301275
2013-04-08 17:40:00,59.864265761646315
2013-04-08 17:41:00,0.0
2013-04-08 17:42:00,0.0
2013-04-08 17:43:00,0.0
2013-04-08 17:44:00,0.0
2013-04-08 17:45:00,0.0
2013-04-08 17:46:00,0.0
2013-04-08 17:47:00,0.0
2013-04-08 17:48:00,0.0
2013-04-08 17:49:00,0.0
2013-04-08 17:50:00,0.0
2013-04-08 17:51:00,0.0
2013-04-08 17:52:00,0.0
2013-04-08 17:53:00,0.0
2013-04-08 17:54:00,0.0
2013-04-08 17:55:00,0.0
2013-04-08 17:56:00,90.62638017458086
2013-04-08 17:57:00,89.11006620177898
2013-04-08 17:58:00,0.0
2013-04-08 17:59:00,97.2754448993738
2013-04-08 18:00:00,96.75530908325413
2013-04-08 18:01:00,90.64719032862413
2013-04-08 18:02:00,90.01728970244282
2013-04-08 18:03:00,88.81341758579771
2013-04-08 18:04:00,88.76492640473367
2013-04-08 18:05:00,69.75893310928426
2013-04-08 18:06:00,0.6029212309032865
2013-04-08 18:07:00,16.241801241192153
2013-04-08 18:08:00,62.53210119413284
2013-04-08 18:09:00,0.0
2013-04-08 18:10:00,0.0
2013-04-08 18:11:00,0.0
2013-04-08 18:12:00,0.0
2013-04-08 18:13:00,0.0
2013-04-08 18:14:00,0.0
2013-04-08 18:15:00,0.0
2013-04-08 18:16:00,0.0
2013-04-08 18:17:00,0.0
2013-04-08 18:18:00,0.0
2013-04-08 18:19:00,0.0
2013-04-08 18:20:00,79.32440275557511
2013-04-08 18:21:00,93.11694472730595
2013-04-08 18:22:00,7.081047370239612
2013-04-08 18:23:00,84.91870176656433
2013-04-08 18:24:00,103.03347295982252
2013-04-08 18:25:00,95.69023053508364
2013-04-08 18:26:00,94.3065181290001
2013-04-08 18:27:00,93.55790483310386
2013-04-08 18:28:00,92.28903885206749
2013-04-08 18:29:00,90.65886927755705
2013-04-08 18:30:00,88.9925459582971
2013-04-08 18:31:00,88.38404341505958
2013-04-08 18:32:00,87.3305812486828
2013-04-08 18:33:00,85.14682411242131
2013-04-08 18:34:00,85.27717959698218
2013-04-08 18:35:00,83.67934451285127
2013-04-08 18:36:00,83.1841700028299
2013-04-08 18:37:00,36.327601488947565
2013-04-08 18:38:00,0.0
2013-04-08 18:39:00,41.20117792145553
2013-04-08 18:40:00,26.990379315610014
2013-04-08 18:41:00,0.0
2013-04-08 18:42:00,0.0
2013-04-08 18:43:00,0.0
2013-04-08 18:44:00,0.0
2013-04-08 18:45:00,0.0
2013-04-08 18:46:00,0.0
2013-04-08 18:47:00,0.0
2013-04-08 18:48:00,0.0
2013-04-08 18:49:00,0.0
2013-04-08 18:50:00,0.0
2013-04-08 18:51:00,0.0
2013-04-08 18:52:00,0.0
2013-04-08 18:53:00,0.0
2013-04-08 18:54:00,0.0
2013-04-08 18:55:00,61.116290215035114
2013-04-08 18:56:00,89.76406691660351
2013-04-08 18:57:00,20.411449694855946
2013-04-08 18:58:00,63.632858626293896
2013-04-08 18:59:00,98.28016723549355
2013-04-08 19:00:00,91.25459640372902
2013-04-08 19:01:00,88.76643632437265
2013-04-08 19:02:00,89.78290126249244
2013-04-08 19:03:00,88.07431685202431
2013-04-08 19:04:00,86.01575560572294
2013-04-08 19:05:00,35.19583292611958
2013-04-08 19:06:00,0.6370150699083454
2013-04-08 19:07:00,47.87199331788378
2013-04-08 19:08:00,25.538459976402226
2013-04-08 19:09:00,0.0
2013-04-08 19:10:00,0.0
2013-04-08 19:11:00,0.0
2013-04-08 19:12:00,0.0
2013-04-08 19:13:00,0.0
2013-04-08 19:14:00,0.0
2013-04-08 19:15:00,0.0
2013-04-08 19:16:00,0.0
2013-04-08 19:17:00,0.0
2013-04-08 19:18:00,0.0
2013-04-08 19:19:00,0.0
2013-04-08 19:20:00,0.0
2013-04-08 19:21:00,0.0
2013-04-08 19:22:00,0.0
2013-04-08 19:23:00,0.0
2013-04-08 19:24:00,0.0
2013-04-08 19:25:00,73.09242003966597
2013-04-08 19:26:00,91.411273078279
2013-04-08 19:27:00,11.740504345720066
2013-04-08 19:28:00,75.76364596141345
2013-04-08 19:29:00,99.25979028395871
2013-04-08 19:30:00,92.3615504774121
2013-04-08 19:31:00,89.716737263897
2013-04-08 19:32:00,88.73316653325816
2013-04-08 19:33:00,88.05719577912892
2013-04-08 19:34:00,69.85202571843172
2013-04-08 19:35:00,1.8561208551843875
2013-04-08 19:36:00,16.765337770641
2013-04-08 19:37:00,61.83425604658112
2013-04-08 19:38:00,0.0
2013-04-08 19:39:00,0.0
2013-04-08 19:40:00,0.0
2013-04-08 19:41:00,0.0
2013-04-08 19:42:00,0.0
2013-04-08 19:43:00,0.0
2013-04-08 19:44:00,0.0
2013-04-08 19:45:00,0.0
2013-04-08 19:46:00,0.0
2013-04-08 19:47:00,0.0
2013-04-08 19:48:00,0.0
2013-04-08 19:49:00,0.0
2013-04-08 19:50:00,0.0
2013-04-08 19:51:00,0.0
2013-04-08 19:52:00,0.0
2013-04-08 19:53:00,0.0
2013-04-08 19:54:00,0.0
2013-04-08 19:55:00,46.01984951229452
2013-04-08 19:56:00,92.9094363905206
2013-04-08 19:57:00,40.96103574380003
2013-04-08 19:58:00,47.31340765357833
2013-04-08 19:59:00,100.31475832841116
2013-04-08 20:00:00,94.93179701376093
2013-04-08 20:01:00,91.4697822623878
2013-04-08 20:02:00,91.47235586744092
2013-04-08 20:03:00,89.38427149298984
2013-04-08 20:04:00,70.37497482765363
2013-04-08 20:05:00,3.1099324905821484
2013-04-08 20:06:00,17.475518876605687
2013-04-08 20:07:00,62.84373868096582
2013-04-08 20:08:00,0.0
2013-04-08 20:09:00,0.0
2013-04-08 20:10:00,0.0
2013-04-08 20:11:00,0.0
2013-04-08 20:12:00,0.0
2013-04-08 20:13:00,0.0
2013-04-08 20:14:00,0.0
2013-04-08 20:15:00,0.0
2013-04-08 20:16:00,0.0
2013-04-08 20:17:00,0.0
2013-04-08 20:18:00,0.0
2013-04-08 20:19:00,0.0
2013-04-08 20:20:00,0.0
2013-04-08 20:21:00,0.0
2013-04-08 20:22:00,0.0
2013-04-08 20:23:00,0.0
2013-04-08 20:24:00,0.0
2013-04-08 20:25:00,67.04901465085564
2013-04-08 20:26:00,93.07609113935207
2013-04-08 20:27:00,21.90145776531852
2013-04-08 20:28:00,68.33464722752518
2013-04-08 20:29:00,99.13738219058978
2013-04-08 20:30:00,97.23868770145944
2013-04-08 20:31:00,90.32517052425487
2013-04-08 20:32:00,90.61695327816588
2013-04-08 20:33:00,90.56615463562343
2013-04-08 20:34:00,54.618317217568254
2013-04-08 20:35:00,1.651230361206929
2013-04-08 20:36:00,33.839911389250865
2013-04-08 20:37:00,45.748079393338
2013-04-08 20:38:00,0.0
2013-04-08 20:39:00,0.0
2013-04-08 20:40:00,0.0
2013-04-08 20:41:00,0.0
2013-04-08 20:42:00,0.0
2013-04-08 20:43:00,0.0
2013-04-08 20:44:00,0.0
2013-04-08 20:45:00,0.0
2013-04-08 20:46:00,0.0
2013-04-08 20:47:00,0.0
2013-04-08 20:48:00,0.0
2013-04-08 20:49:00,0.0
2013-04-08 20:50:00,0.0
2013-04-08 20:51:00,0.0
2013-04-08 20:52:00,0.0
2013-04-08 20:53:00,0.0
2013-04-08 20:54:00,0.0
2013-04-08 20:55:00,6.3892227895001845
2013-04-08 20:56:00,93.1455644306302
2013-04-08 20:57:00,80.39356021161566
2013-04-08 20:58:00,4.356901227190543
2013-04-08 20:59:00,99.611552118643
2013-04-08 21:00:00,97.58399109965048
2013-04-08 21:01:00,92.36739873396529
2013-04-08 21:02:00,90.86620551532499
2013-04-08 21:03:00,90.09008265022304
2013-04-08 21:04:00,46.87993630232268
2013-04-08 21:05:00,2.1041880671128244
2013-04-08 21:06:00,42.341079889440046
2013-04-08 21:07:00,36.80653737727642
2013-04-08 21:08:00,0.0
2013-04-08 21:09:00,0.0
2013-04-08 21:10:00,0.0
2013-04-08 21:11:00,0.0
2013-04-08 21:12:00,0.0
2013-04-08 21:13:00,0.0
2013-04-08 21:14:00,0.0
2013-04-08 21:15:00,0.0
2013-04-08 21:16:00,0.0
2013-04-08 21:17:00,0.0
2013-04-08 21:18:00,0.0
2013-04-08 21:19:00,0.0
2013-04-08 21:20:00,0.0
2013-04-08 21:21:00,0.0
2013-04-08 21:22:00,0.0
2013-04-08 21:23:00,0.0
2013-04-08 21:24:00,0.0
2013-04-08 21:25:00,0.0
2013-04-08 21:26:00,205.56027303061268
2013-04-08 21:27:00,91.8372498180472
2013-04-08 21:28:00,0.0
2013-04-08 21:29:00,217.36009254712602
2013-04-08 21:30:00,97.78110848848696
2013-04-08 21:31:00,90.51786608349552
2013-04-08 21:32:00,92.87270405860808
2013-04-08 21:33:00,88.6276982964464
2013-04-08 21:34:00,50.55324280020325
2013-04-08 21:35:00,5.812355099138104
2013-04-08 21:36:00,32.78119420955564
2013-04-08 21:37:00,44.800068844374174
2013-04-08 21:38:00,0.0
2013-04-08 21:39:00,0.0
2013-04-08 21:40:00,0.0
2013-04-08 21:41:00,0.0
2013-04-08 21:42:00,0.0
2013-04-08 21:43:00,0.0
2013-04-08 21:44:00,0.0
2013-04-08 21:45:00,0.0
2013-04-08 21:46:00,0.0
2013-04-08 21:47:00,0.0
2013-04-08 21:48:00,0.0
2013-04-08 21:49:00,0.0
2013-04-08 21:50:00,44.60702958177811
2013-04-08 21:51:00,92.42452473886178
2013-04-08 21:52:00,38.65363967012518
2013-04-08 21:53:00,45.64579902607301
2013-04-08 21:54:00,102.47346799139551
2013-04-08 21:55:00,98.44466221974069
2013-04-08 21:56:00,93.10366806236247
2013-04-08 21:57:00,88.33681356410904
2013-04-08 21:58:00,95.771730786417
2013-04-08 21:59:00,90.7019812666934
2013-04-08 22:00:00,89.45090328131559
2013-04-08 22:01:00,88.46504627795406
2013-04-08 22:02:00,88.46746700165926
2013-04-08 22:03:00,86.11391273020634
2013-04-08 22:04:00,85.43137641997966
2013-04-08 22:05:00,57.14953954715907
2013-04-08 22:06:00,0.0
2013-04-08 22:07:00,25.141483357217226
2013-04-08 22:08:00,48.13619899284872
2013-04-08 22:09:00,0.0
2013-04-08 22:10:00,0.0
2013-04-08 22:11:00,0.0
2013-04-08 22:12:00,0.0
2013-04-08 22:13:00,0.0
2013-04-08 22:14:00,0.0
2013-04-08 22:15:00,0.0
2013-04-08 22:16:00,0.0
2013-04-08 22:17:00,0.0
2013-04-08 22:18:00,0.0
2013-04-08 22:19:00,0.0
2013-04-08 22:20:00,0.0
2013-04-08 22:21:00,0.0
2013-04-08 22:22:00,0.0
2013-04-08 22:23:00,0.0
2013-04-08 22:24:00,0.0
2013-04-08 22:25:00,0.0
2013-04-08 22:26:00,16.075073730193985
2013-04-08 22:27:00,94.09823765969179
2013-04-08 22:28:00,67.11678384094066
2013-04-08 22:29:00,11.808693180235787
2013-04-08 22:30:00,100.7961538476799
2013-04-08 22:31:00,93.73531178416651
2013-04-08 22:32:00,89.5491038323375
2013-04-08 22:33:00,87.84403129870846
2013-04-08 22:34:00,36.98256973102574
2013-04-08 22:35:00,2.637570177754812
2013-04-08 22:36:00,48.558271299358225
2013-04-08 22:37:00,26.91228214366935
2013-04-08 22:38:00,0.0
2013-04-08 22:39:00,0.0
2013-04-08 22:40:00,0.0
2013-04-08 22:41:00,0.0
2013-04-08 22:42:00,0.0
2013-04-08 22:43:00,0.0
2013-04-08 22:44:00,0.0
2013-04-08 22:45:00,0.0
2013-04-08 22:46:00,0.0
2013-04-08 22:47:00,0.0
2013-04-08 22:48:00,0.0
2013-04-08 22:49:00,0.0
2013-04-08 22:50:00,0.0
2013-04-08 22:51:00,0.0
2013-04-08 22:52:00,0.0
2013-04-08 22:53:00,0.0
2013-04-08 22:54:00,0.0
2013-04-08 22:55:00,68.27595097930329
2013-04-08 22:56:00,91.76298644599899
2013-04-08 22:57:00,17.57066524039737
2013-04-08 22:58:00,71.67043698944259
2013-04-08 22:59:00,101.70684825460205
2013-04-08 23:00:00,93.79537832259943
2013-04-08 23:01:00,91.73864029713314
2013-04-08 23:02:00,92.01073096055542
2013-04-08 23:03:00,91.37424047329763
2013-04-08 23:04:00,89.22471763735192
2013-04-08 23:05:00,88.48642542976471
2013-04-08 23:06:00,88.13770381197544
2013-04-08 23:07:00,39.715134441168296
2013-04-08 23:08:00,0.7289318155392064
2013-04-08 23:09:00,44.49796298978922
2013-04-08 23:10:00,30.15168649163569
2013-04-08 23:11:00,0.0
2013-04-08 23:12:00,0.0
2013-04-08 23:13:00,0.0
2013-04-08 23:14:00,0.0
2013-04-08 23:15:00,0.0
2013-04-08 23:16:00,0.0
2013-04-08 23:17:00,0.0
2013-04-08 23:18:00,0.0
2013-04-08 23:19:00,0.0
2013-04-08 23:20:00,0.0
2013-04-08 23:21:00,0.0
2013-04-08 23:22:00,0.0
2013-04-08 23:23:00,0.0
2013-04-08 23:24:00,0.0
2013-04-08 23:25:00,0.0
2013-04-08 23:26:00,0.0
2013-04-08 23:27:00,0.0
2013-04-08 23:28:00,0.0
2013-04-08 23:29:00,36.1439921811958
2013-04-08 23:30:00,94.05386033964388
2013-04-08 23:31:00,48.783915519728424
2013-04-08 23:32:00,35.36368708912078
2013-04-08 23:33:00,112.58939848581434
2013-04-08 23:34:00,95.40354398716043
2013-04-08 23:35:00,84.10724966514293
2013-04-08 23:36:00,100.67956831882765
2013-04-08 23:37:00,91.18996155201584
2013-04-08 23:38:00,90.49841858889509
2013-04-08 23:39:00,88.79712367292768
2013-04-08 23:40:00,30.586665200861145
2013-04-08 23:41:00,1.008233545080335
2013-04-08 23:42:00,54.95203318362532
2013-04-08 23:43:00,20.489366545489467
2013-04-08 23:44:00,0.0
2013-04-08 23:45:00,0.0
2013-04-08 23:46:00,0.0
2013-04-08 23:47:00,0.0
2013-04-08 23:48:00,0.0
2013-04-08 23:49:00,0.0
2013-04-08 23:50:00,0.0
2013-04-08 23:51:00,0.0
2013-04-08 23:52:00,0.0
2013-04-08 23:53:00,0.0
2013-04-08 23:54:00,0.0
2013-04-08 23:55:00,0.0
2013-04-08 23:56:00,0.0
2013-04-08 23:57:00,0.0
2013-04-08 23:58:00,0.0
2013-04-08 23:59:00,0.0
2013-04-09 00:00:00,0.0
2013-04-09 00:01:00,0.0
2013-04-09 00:02:00,7.759246418182378
2013-04-09 00:03:00,95.06075821489502
2013-04-09 00:04:00,78.12163012077202
2013-04-09 00:05:00,4.144656029137447
2013-04-09 00:06:00,103.24235974098751
2013-04-09 00:07:00,97.56132836088457
2013-04-09 00:08:00,92.69667850277658
2013-04-09 00:09:00,91.59753807592428
2013-04-09 00:10:00,90.78871074015072
2013-04-09 00:11:00,90.18206893890968
2013-04-09 00:12:00,89.12895872608698
2013-04-09 00:13:00,19.245946674443143
2013-04-09 00:14:00,1.0824325348066302
2013-04-09 00:15:00,65.75224985791468
2013-04-09 00:16:00,8.626638091217332
2013-04-09 00:17:00,0.0
2013-04-09 00:18:00,0.0
2013-04-09 00:19:00,0.0
2013-04-09 00:20:00,0.0
2013-04-09 00:21:00,0.0
2013-04-09 00:22:00,0.0
2013-04-09 00:23:00,0.0
2013-04-09 00:24:00,0.0
2013-04-09 00:25:00,0.0
2013-04-09 00:26:00,0.0
2013-04-09 00:27:00,0.0
2013-04-09 00:28:00,0.0
2013-04-09 00:29:00,0.0
2013-04-09 00:30:00,0.0
2013-04-09 00:31:00,0.0
2013-04-09 00:32:00,0.0
2013-04-09 00:33:00,0.0
2013-04-09 00:34:00,0.0
2013-04-09 00:35:00,27.676323525821434
2013-04-09 00:36:00,94.42415766591459
2013-04-09 00:37:00,59.074882956641176
2013-04-09 00:38:00,25.526351483525442
2013-04-09 00:39:00,101.8768208292727
2013-04-09 00:40:00,97.08562928635416
2013-04-09 00:41:00,92.3742639322875
2013-04-09 00:42:00,91.44647130253642
2013-04-09 00:43:00,90.55093268724428
2013-04-09 00:44:00,89.64239687571634
2013-04-09 00:45:00,88.5205395216271
2013-04-09 00:46:00,2.7278037139022278
2013-04-09 00:47:00,0.9234497123723521
2013-04-09 00:48:00,81.47291011756998
2013-04-09 00:49:00,0.0
2013-04-09 00:50:00,0.0
2013-04-09 00:51:00,0.0
2013-04-09 00:52:00,0.0
2013-04-09 00:53:00,0.0
2013-04-09 00:54:00,0.0
2013-04-09 00:55:00,0.0
2013-04-09 00:56:00,0.0
2013-04-09 00:57:00,0.0
2013-04-09 00:58:00,0.0
2013-04-09 00:59:00,0.0
2013-04-09 01:00:00,0.0
2013-04-09 01:01:00,0.0
2013-04-09 01:02:00,0.0
2013-04-09 01:03:00,0.0
2013-04-09 01:04:00,0.0
2013-04-09 01:05:00,0.0
2013-04-09 01:06:00,0.0
2013-04-09 01:07:00,0.0
2013-04-09 01:08:00,49.72682410604485
2013-04-09 01:09:00,95.04274489115551
2013-04-09 01:10:00,37.43469304853337
2013-04-09 01:11:00,47.526294173955705
2013-04-09 01:12:00,100.32088808811814
2013-04-09 01:13:00,94.50163075021162
2013-04-09 01:14:00,90.35043402198922
2013-04-09 01:15:00,71.23740704346822
2013-04-09 01:16:00,4.21271874216521
2013-04-09 01:17:00,18.414767403052707
2013-04-09 01:18:00,63.31101197525108
2013-04-09 01:19:00,0.0
2013-04-09 01:20:00,0.0
2013-04-09 01:21:00,0.0
2013-04-09 01:22:00,0.0
2013-04-09 01:23:00,0.0
2013-04-09 01:24:00,0.0
2013-04-09 01:25:00,0.0
2013-04-09 01:26:00,0.0
2013-04-09 01:27:00,0.0
2013-04-09 01:28:00,0.0
2013-04-09 01:29:00,0.0
2013-04-09 01:30:00,0.0
2013-04-09 01:31:00,0.0
2013-04-09 01:32:00,0.0
2013-04-09 01:33:00,0.0
2013-04-09 01:34:00,0.0
2013-04-09 01:35:00,0.0
2013-04-09 01:36:00,0.0
2013-04-09 01:37:00,0.0
2013-04-09 01:38:00,0.0
2013-04-09 01:39:00,101.5746628215654
2013-04-09 01:40:00,95.10270258225671
2013-04-09 01:41:00,0.0
2013-04-09 01:42:00,104.4583648604849
2013-04-09 01:43:00,103.44329528469987
2013-04-09 01:44:00,95.0569607779063
2013-04-09 01:45:00,92.29985424561156
2013-04-09 01:46:00,91.84088871308315
2013-04-09 01:47:00,90.86932685771895
2013-04-09 01:48:00,90.6441263936874
2013-04-09 01:49:00,88.65222758968125
2013-04-09 01:50:00,19.371726871006747
2013-04-09 01:51:00,1.4730597356588098
2013-04-09 01:52:00,65.53459974354722
2013-04-09 01:53:00,8.611544696948416
2013-04-09 01:54:00,0.0
2013-04-09 01:55:00,0.0
2013-04-09 01:56:00,0.0
2013-04-09 01:57:00,0.0
2013-04-09 01:58:00,0.0
2013-04-09 01:59:00,0.0
2013-04-09 02:00:00,0.0
2013-04-09 02:01:00,0.0
2013-04-09 02:02:00,0.0
2013-04-09 02:03:00,0.0
2013-04-09 02:04:00,0.0
2013-04-09 02:05:00,0.0
2013-04-09 02:06:00,0.0
2013-04-09 02:07:00,0.0
2013-04-09 02:08:00,0.0
2013-04-09 02:09:00,0.0
2013-04-09 02:10:00,0.0
2013-04-09 02:11:00,0.0
2013-04-09 02:12:00,26.46251690781828
2013-04-09 02:13:00,93.81482987613157
2013-04-09 02:14:00,58.58337615971517
2013-04-09 02:15:00,24.364762206177602
2013-04-09 02:16:00,102.84627382285593
2013-04-09 02:17:00,96.05652145290772
2013-04-09 02:18:00,91.66949944356891
2013-04-09 02:19:00,91.1185018974393
2013-04-09 02:20:00,89.65233530836251
2013-04-09 02:21:00,54.292810762454884
2013-04-09 02:22:00,3.7425059651813526
2013-04-09 02:23:00,33.98667965911877
2013-04-09 02:24:00,44.960401088834374
2013-04-09 02:25:00,0.0
2013-04-09 02:26:00,0.0
2013-04-09 02:27:00,0.0
2013-04-09 02:28:00,0.0
2013-04-09 02:29:00,0.0
2013-04-09 02:30:00,0.0
2013-04-09 02:31:00,0.0
2013-04-09 02:32:00,0.0
2013-04-09 02:33:00,0.0
2013-04-09 02:34:00,0.0
2013-04-09 02:35:00,0.0
2013-04-09 02:36:00,0.0
2013-04-09 02:37:00,0.0
2013-04-09 02:38:00,0.0
2013-04-09 02:39:00,0.0
2013-04-09 02:40:00,0.0
2013-04-09 02:41:00,0.0
2013-04-09 02:42:00,0.0
2013-04-09 02:43:00,0.0
2013-04-09 02:44:00,89.82504482863214
2013-04-09 02:45:00,95.47220662311581
2013-04-09 02:46:00,1.1227426429164162
2013-04-09 02:47:00,91.02934005163836
2013-04-09 02:48:00,100.77696135052048
2013-04-09 02:49:00,97.47496932458313
2013-04-09 02:50:00,92.03647437306836
2013-04-09 02:51:00,90.75264803765177
2013-04-09 02:52:00,90.69872877273019
2013-04-09 02:53:00,89.56400304359549
2013-04-09 02:54:00,54.294804581207764
2013-04-09 02:55:00,1.7357255558914646
2013-04-09 02:56:00,33.518414324788
2013-04-09 02:57:00,45.34472389533905
2013-04-09 02:58:00,0.0
2013-04-09 02:59:00,0.0
2013-04-09 03:00:00,0.0
2013-04-09 03:01:00,0.0
2013-04-09 03:02:00,0.0
2013-04-09 03:03:00,0.0
2013-04-09 03:04:00,0.0
2013-04-09 03:05:00,0.0
2013-04-09 03:06:00,0.0
2013-04-09 03:07:00,0.0
2013-04-09 03:08:00,0.0
2013-04-09 03:09:00,0.0
2013-04-09 03:10:00,0.0
2013-04-09 03:11:00,0.0
2013-04-09 03:12:00,0.0
2013-04-09 03:13:00,0.0
2013-04-09 03:14:00,0.0
2013-04-09 03:15:00,0.0
2013-04-09 03:16:00,0.0
2013-04-09 03:17:00,27.304540639825568
2013-04-09 03:18:00,94.36306429449272
2013-04-09 03:19:00,59.51476634129146
2013-04-09 03:20:00,25.070757562524253
2013-04-09 03:21:00,101.91901094323013
2013-04-09 03:22:00,97.68168647059824
2013-04-09 03:23:00,92.73311799053751
2013-04-09 03:24:00,91.50390308973164
2013-04-09 03:25:00,90.96109816981709
2013-04-09 03:26:00,90.4396010692722
2013-04-09 03:27:00,31.86182891569528
2013-04-09 03:28:00,1.91820376326424
2013-04-09 03:29:00,55.71088979987025
2013-04-09 03:30:00,21.418508088217067
2013-04-09 03:31:00,0.0
2013-04-09 03:32:00,0.0
2013-04-09 03:33:00,0.0
2013-04-09 03:34:00,0.0
2013-04-09 03:35:00,0.0
2013-04-09 03:36:00,0.0
2013-04-09 03:37:00,0.0
2013-04-09 03:38:00,0.0
2013-04-09 03:39:00,0.0
2013-04-09 03:40:00,0.0
2013-04-09 03:41:00,0.0
2013-04-09 03:42:00,0.0
2013-04-09 03:43:00,0.0
2013-04-09 03:44:00,0.0
2013-04-09 03:45:00,0.0
2013-04-09 03:46:00,0.0
2013-04-09 03:47:00,0.0
2013-04-09 03:48:00,0.0
2013-04-09 03:49:00,0.0
2013-04-09 03:50:00,183.6608179367774
2013-04-09 03:51:00,96.31323579882988
2013-04-09 03:52:00,0.0
2013-04-09 03:53:00,190.2619876395103
2013-04-09 03:54:00,101.91398025654792
2013-04-09 03:55:00,93.5038501235844
2013-04-09 03:56:00,91.52612885993662
2013-04-09 03:57:00,90.24282223025736
2013-04-09 03:58:00,88.8001716115353
2013-04-09 03:59:00,89.13646932238781
2013-04-09 04:00:00,11.346458855904698
2013-04-09 04:01:00,0.9330313109565525
2013-04-09 04:02:00,72.36680088830103
2013-04-09 04:03:00,0.33099293532155594
2013-04-09 04:04:00,0.0
2013-04-09 04:05:00,0.0
2013-04-09 04:06:00,0.0
2013-04-09 04:07:00,0.0
2013-04-09 04:08:00,0.0
2013-04-09 04:09:00,0.0
2013-04-09 04:10:00,0.0
2013-04-09 04:11:00,0.0
2013-04-09 04:12:00,0.0
2013-04-09 04:13:00,0.0
2013-04-09 04:14:00,0.0
2013-04-09 04:15:00,0.0
2013-04-09 04:16:00,0.0
2013-04-09 04:17:00,0.0
2013-04-09 04:18:00,0.0
2013-04-09 04:19:00,0.0
2013-04-09 04:20:00,0.0
2013-04-09 04:21:00,0.0
2013-04-09 04:22:00,0.0
2013-04-09 04:23:00,79.00154490717216
2013-04-09 04:24:00,94.57466622340168
2013-04-09 04:25:00,10.056137733970267
2013-04-09 04:26:00,79.50617042234725
2013-04-09 04:27:00,99.58175837259745
2013-04-09 04:28:00,95.03759625434077
2013-04-09 04:29:00,90.13949162980663
2013-04-09 04:30:00,63.03547707464305
2013-04-09 04:31:00,3.916283927399677
2013-04-09 04:32:00,26.66495660697227
2013-04-09 04:33:00,54.290571744891274
2013-04-09 04:34:00,0.0
2013-04-09 04:35:00,0.0
2013-04-09 04:36:00,0.0
2013-04-09 04:37:00,0.0
2013-04-09 04:38:00,0.0
2013-04-09 04:39:00,0.0
2013-04-09 04:40:00,0.0
2013-04-09 04:41:00,0.0
2013-04-09 04:42:00,0.0
2013-04-09 04:43:00,0.0
2013-04-09 04:44:00,0.0
2013-04-09 04:45:00,0.0
2013-04-09 04:46:00,0.0
2013-04-09 04:47:00,0.0
2013-04-09 04:48:00,0.0
2013-04-09 04:49:00,0.0
2013-04-09 04:50:00,0.0
2013-04-09 04:51:00,0.0
2013-04-09 04:52:00,0.0
2013-04-09 04:53:00,0.0
2013-04-09 04:54:00,9.321660394377227
2013-04-09 04:55:00,94.37625811372422
2013-04-09 04:56:00,78.12106522294471
2013-04-09 04:57:00,6.113892550564964
2013-04-09 04:58:00,101.53401364425524
2013-04-09 04:59:00,98.59410194765086
2013-04-09 05:00:00,92.76838532059423
2013-04-09 05:01:00,91.39853079904393
2013-04-09 05:02:00,91.36809162082615
2013-04-09 05:03:00,89.93242145576862
2013-04-09 05:04:00,54.74311660534802
2013-04-09 05:05:00,2.8245948077118697
2013-04-09 05:06:00,34.019266152988855
2013-04-09 05:07:00,45.58475830736269
2013-04-09 05:08:00,0.0
2013-04-09 05:09:00,0.0
2013-04-09 05:10:00,0.0
2013-04-09 05:11:00,0.0
2013-04-09 05:12:00,0.0
2013-04-09 05:13:00,0.0
2013-04-09 05:14:00,0.0
2013-04-09 05:15:00,0.0
2013-04-09 05:16:00,0.0
2013-04-09 05:17:00,0.0
2013-04-09 05:18:00,0.0
2013-04-09 05:19:00,0.0
2013-04-09 05:20:00,0.0
2013-04-09 05:21:00,0.0
2013-04-09 05:22:00,0.0
2013-04-09 05:23:00,0.0
2013-04-09 05:24:00,0.0
2013-04-09 05:25:00,0.0
2013-04-09 05:26:00,0.0
2013-04-09 05:27:00,45.616789311769494
2013-04-09 05:28:00,93.2402796439824
2013-04-09 05:29:00,39.94610706999713
2013-04-09 05:30:00,45.14503900056624
2013-04-09 05:31:00,101.97081343254057
2013-04-09 05:32:00,94.71855673568236
2013-04-09 05:33:00,91.45217137031568
2013-04-09 05:34:00,90.19272909598313
2013-04-09 05:35:00,90.09529703874878
2013-04-09 05:36:00,63.73142007387278
2013-04-09 05:37:00,2.7975183199793188
2013-04-09 05:38:00,25.711396048826714
2013-04-09 05:39:00,54.8902370760076
2013-04-09 05:40:00,0.0
2013-04-09 05:41:00,0.0
2013-04-09 05:42:00,0.0
2013-04-09 05:43:00,0.0
2013-04-09 05:44:00,0.0
2013-04-09 05:45:00,0.0
2013-04-09 05:46:00,0.0
2013-04-09 05:47:00,0.0
2013-04-09 05:48:00,0.0
2013-04-09 05:49:00,0.0
2013-04-09 05:50:00,0.0
2013-04-09 05:51:00,0.0
2013-04-09 05:52:00,0.0
2013-04-09 05:53:00,0.0
2013-04-09 05:54:00,0.0
2013-04-09 05:55:00,0.0
2013-04-09 05:56:00,0.0
2013-04-09 05:57:00,0.0
2013-04-09 05:58:00,0.0
2013-04-09 05:59:00,29.913850544419518
2013-04-09 06:00:00,93.07991565131668
2013-04-09 06:01:00,55.098831907940514
2013-04-09 06:02:00,27.08600911546636
2013-04-09 06:03:00,99.42064418643575
2013-04-09 06:04:00,94.02017683218136
2013-04-09 06:05:00,90.5880277329525
2013-04-09 06:06:00,37.87641965586357
2013-04-09 06:07:00,3.515753652433497
2013-04-09 06:08:00,50.916043842588266
2013-04-09 06:09:00,28.5404501371908
2013-04-09 06:10:00,0.0
2013-04-09 06:11:00,0.0
2013-04-09 06:12:00,0.0
2013-04-09 06:13:00,0.0
2013-04-09 06:14:00,0.0
2013-04-09 06:15:00,0.0
2013-04-09 06:16:00,0.0
2013-04-09 06:17:00,0.0
2013-04-09 06:18:00,0.0
2013-04-09 06:19:00,0.0
2013-04-09 06:20:00,0.0
2013-04-09 06:21:00,0.0
2013-04-09 06:22:00,0.0
2013-04-09 06:23:00,0.0
2013-04-09 06:24:00,0.0
2013-04-09 06:25:00,0.0
2013-04-09 06:26:00,0.0
2013-04-09 06:27:00,0.0
2013-04-09 06:28:00,0.0
2013-04-09 06:29:00,0.0
2013-04-09 06:30:00,84.65046763933941
2013-04-09 06:31:00,90.88202671071272
2013-04-09 06:32:00,2.760353130417537
2013-04-09 06:33:00,89.9808240898397
2013-04-09 06:34:00,100.21060159578514
2013-04-09 06:35:00,92.68883269355965
2013-04-09 06:36:00,91.84163895840315
2013-04-09 06:37:00,91.15656074035552
2013-04-09 06:38:00,89.9268431619828
2013-04-09 06:39:00,90.21529035415348
2013-04-09 06:40:00,28.38981586487349
2013-04-09 06:41:00,1.6329335986499083
2013-04-09 06:42:00,58.20007634354614
2013-04-09 06:43:00,18.39768052531316
2013-04-09 06:44:00,0.0
2013-04-09 06:45:00,0.0
2013-04-09 06:46:00,0.0
2013-04-09 06:47:00,0.0
2013-04-09 06:48:00,0.0
2013-04-09 06:49:00,0.0
2013-04-09 06:50:00,0.0
2013-04-09 06:51:00,0.0
2013-04-09 06:52:00,0.0
2013-04-09 06:53:00,0.0
2013-04-09 06:54:00,0.0
2013-04-09 06:55:00,0.0
2013-04-09 06:56:00,0.0
2013-04-09 06:57:00,0.0
2013-04-09 06:58:00,0.0
2013-04-09 06:59:00,0.0
2013-04-09 07:00:00,0.0
2013-04-09 07:01:00,0.0
2013-04-09 07:02:00,7.103287844002165
2013-04-09 07:03:00,93.94437919390438
2013-04-09 07:04:00,80.10322775838691
2013-04-09 07:05:00,3.894993614633445
2013-04-09 07:06:00,100.28790783040183
2013-04-09 07:07:00,98.2416036439073
2013-04-09 07:08:00,92.48332951648548
2013-04-09 07:09:00,91.29083280126041
2013-04-09 07:10:00,90.2870677398966
2013-04-09 07:11:00,90.18604077228628
2013-04-09 07:12:00,45.46649341869628
2013-04-09 07:13:00,2.1454388737153867
2013-04-09 07:14:00,42.26508429537713
2013-04-09 07:15:00,36.25355681718726
2013-04-09 07:16:00,0.0
2013-04-09 07:17:00,0.0
2013-04-09 07:18:00,0.0
2013-04-09 07:19:00,0.0
2013-04-09 07:20:00,0.0
2013-04-09 07:21:00,0.0
2013-04-09 07:22:00,0.0
2013-04-09 07:23:00,0.0
2013-04-09 07:24:00,0.0
2013-04-09 07:25:00,0.0
2013-04-09 07:26:00,0.0
2013-04-09 07:27:00,0.0
2013-04-09 07:28:00,0.0
2013-04-09 07:29:00,0.0
2013-04-09 07:30:00,0.0
2013-04-09 07:31:00,0.0
2013-04-09 07:32:00,0.0
2013-04-09 07:33:00,0.0
2013-04-09 07:34:00,0.0
2013-04-09 07:35:00,94.3388074335774
2013-04-09 07:36:00,91.1767586393941
2013-04-09 07:37:00,0.0
2013-04-09 07:38:00,99.93031418802391
2013-04-09 07:39:00,100.28100670559866
2013-04-09 07:40:00,92.0544915347672
2013-04-09 07:41:00,90.81799349329869
2013-04-09 07:42:00,90.95571906490076
2013-04-09 07:43:00,89.77267307961876
2013-04-09 07:44:00,62.80721790476269
2013-04-09 07:45:00,2.3486098807426647
2013-04-09 07:46:00,25.51221070065957
2013-04-09 07:47:00,54.53361487990054
2013-04-09 07:48:00,0.0
2013-04-09 07:49:00,0.0
2013-04-09 07:50:00,0.0
2013-04-09 07:51:00,0.0
2013-04-09 07:52:00,0.0
2013-04-09 07:53:00,0.0
2013-04-09 07:54:00,0.0
2013-04-09 07:55:00,0.0
2013-04-09 07:56:00,0.0
2013-04-09 07:57:00,0.0
2013-04-09 07:58:00,0.0
2013-04-09 07:59:00,0.0
2013-04-09 08:00:00,0.0
2013-04-09 08:01:00,0.0
2013-04-09 08:02:00,0.0
2013-04-09 08:03:00,0.0
2013-04-09 08:04:00,0.0
2013-04-09 08:05:00,0.0
2013-04-09 08:06:00,0.0
2013-04-09 08:07:00,55.2636175270953
2013-04-09 08:08:00,92.84858494448578
2013-04-09 08:09:00,30.26311257684017
2013-04-09 08:10:00,56.639165951649105
2013-04-09 08:11:00,102.72316092371977
2013-04-09 08:12:00,93.66762606087471
2013-04-09 08:13:00,91.90671668034211
2013-04-09 08:14:00,91.56863691859594
2013-04-09 08:15:00,90.0767657901376
2013-04-09 08:16:00,72.6195006788037
2013-04-09 08:17:00,2.9856679023126795
2013-04-09 08:18:00,17.51975707366322
2013-04-09 08:19:00,64.21735089015782
2013-04-09 08:20:00,0.0
2013-04-09 08:21:00,0.0
2013-04-09 08:22:00,0.0
2013-04-09 08:23:00,0.0
2013-04-09 08:24:00,0.0
2013-04-09 08:25:00,0.0
2013-04-09 08:26:00,0.0
2013-04-09 08:27:00,0.0
2013-04-09 08:28:00,0.0
2013-04-09 08:29:00,0.0
2013-04-09 08:30:00,0.0
2013-04-09 08:31:00,0.0
2013-04-09 08:32:00,0.0
2013-04-09 08:33:00,0.0
2013-04-09 08:34:00,0.0
2013-04-09 08:35:00,0.0
2013-04-09 08:36:00,0.0
2013-04-09 08:37:00,0.0
2013-04-09 08:38:00,0.0
2013-04-09 08:39:00,55.39231773612949
2013-04-09 08:40:00,91.61044968648554
2013-04-09 08:41:00,29.11107225559982
2013-04-09 08:42:00,55.88568323158149
2013-04-09 08:43:00,99.35092114618016
2013-04-09 08:44:00,91.29427006877717
2013-04-09 08:45:00,89.50521537413343
2013-04-09 08:46:00,46.839595508285186
2013-04-09 08:47:00,3.3836498951605463
2013-04-09 08:48:00,42.25493764231975
2013-04-09 08:49:00,36.980490849150435
2013-04-09 08:50:00,0.0
2013-04-09 08:51:00,0.0
2013-04-09 08:52:00,0.0
2013-04-09 08:53:00,0.0
2013-04-09 08:54:00,0.0
2013-04-09 08:55:00,0.0
2013-04-09 08:56:00,0.0
2013-04-09 08:57:00,0.0
2013-04-09 08:58:00,0.0
2013-04-09 08:59:00,0.0
2013-04-09 09:00:00,0.0
2013-04-09 09:01:00,0.0
2013-04-09 09:02:00,0.0
2013-04-09 09:03:00,0.0
2013-04-09 09:04:00,0.0
2013-04-09 09:05:00,0.0
2013-04-09 09:06:00,0.0
2013-04-09 09:07:00,0.0
2013-04-09 09:08:00,0.0
2013-04-09 09:09:00,75.92022985789474
2013-04-09 09:10:00,92.51523373747247
2013-04-09 09:11:00,11.229790658651805
2013-04-09 09:12:00,79.34350679691528
2013-04-09 09:13:00,101.990652534079
2013-04-09 09:14:00,93.50673549039783
2013-04-09 09:15:00,91.96747131596395
2013-04-09 09:16:00,91.3709386206106
2013-04-09 09:17:00,90.66773313329385
2013-04-09 09:18:00,89.35185772280552
2013-04-09 09:19:00,20.027748055072774
2013-04-09 09:20:00,2.1012307359878566
2013-04-09 09:21:00,65.86069402738202
2013-04-09 09:22:00,9.223251581059047
2013-04-09 09:23:00,0.0
2013-04-09 09:24:00,0.0
2013-04-09 09:25:00,0.0
2013-04-09 09:26:00,0.0
2013-04-09 09:27:00,0.0
2013-04-09 09:28:00,0.0
2013-04-09 09:29:00,0.0
2013-04-09 09:30:00,0.0
2013-04-09 09:31:00,0.0
2013-04-09 09:32:00,0.0
2013-04-09 09:33:00,0.0
2013-04-09 09:34:00,0.0
2013-04-09 09:35:00,0.0
2013-04-09 09:36:00,0.0
2013-04-09 09:37:00,0.0
2013-04-09 09:38:00,0.0
2013-04-09 09:39:00,0.0
2013-04-09 09:40:00,0.0
2013-04-09 09:41:00,83.80848847491949
2013-04-09 09:42:00,90.47470739452028
2013-04-09 09:43:00,2.9554575706908914
2013-04-09 09:44:00,89.97711660712025
2013-04-09 09:45:00,99.91450569689974
2013-04-09 09:46:00,93.00612499512079
2013-04-09 09:47:00,92.25874910359428
2013-04-09 09:48:00,91.3218897855992
2013-04-09 09:49:00,89.90414015651804
2013-04-09 09:50:00,89.57966978779835
2013-04-09 09:51:00,22.01007304168461
2013-04-09 09:52:00,1.3346892196501143
2013-04-09 09:53:00,63.77946538479412
2013-04-09 09:54:00,11.083061859364145
2013-04-09 09:55:00,0.0
2013-04-09 09:56:00,0.0
2013-04-09 09:57:00,0.0
2013-04-09 09:58:00,0.0
2013-04-09 09:59:00,0.0
2013-04-09 10:00:00,0.0
2013-04-09 10:01:00,0.0
2013-04-09 10:02:00,0.0
2013-04-09 10:03:00,0.0
2013-04-09 10:04:00,0.0
2013-04-09 10:05:00,0.0
2013-04-09 10:06:00,0.0
2013-04-09 10:07:00,0.0
2013-04-09 10:08:00,0.0
2013-04-09 10:09:00,0.0
2013-04-09 10:10:00,0.0
2013-04-09 10:11:00,0.0
2013-04-09 10:12:00,0.0
2013-04-09 10:13:00,129.63190049564528
2013-04-09 10:14:00,93.07944735760893
2013-04-09 10:15:00,0.0
2013-04-09 10:16:00,136.5023684921877
2013-04-09 10:17:00,100.90225538662136
2013-04-09 10:18:00,93.02950857396507
2013-04-09 10:19:00,91.75297409997872
2013-04-09 10:20:00,91.19190033204164
2013-04-09 10:21:00,89.65610625159162
2013-04-09 10:22:00,88.34334576311345
2013-04-09 10:23:00,28.243219309751517
2013-04-09 10:24:00,1.3828641081561754
2013-04-09 10:25:00,56.937420475874156
2013-04-09 10:26:00,17.527421410399658
2013-04-09 10:27:00,0.0
2013-04-09 10:28:00,0.0
2013-04-09 10:29:00,0.0
2013-04-09 10:30:00,0.0
2013-04-09 10:31:00,0.0
2013-04-09 10:32:00,0.0
2013-04-09 10:33:00,0.0
2013-04-09 10:34:00,0.0
2013-04-09 10:35:00,0.0
2013-04-09 10:36:00,0.0
2013-04-09 10:37:00,0.0
2013-04-09 10:38:00,0.0
2013-04-09 10:39:00,0.0
2013-04-09 10:40:00,0.0
2013-04-09 10:41:00,0.0
2013-04-09 10:42:00,0.0
2013-04-09 10:43:00,0.0
2013-04-09 10:44:00,0.0
2013-04-09 10:45:00,64.46680558444865
2013-04-09 10:46:00,93.5270984759519
2013-04-09 10:47:00,21.923120008526773
2013-04-09 10:48:00,66.52521737310407
2013-04-09 10:49:00,102.96960961662356
2013-04-09 10:50:00,94.20773017369574
2013-04-09 10:51:00,92.47434837508608
2013-04-09 10:52:00,91.96376842435095
2013-04-09 10:53:00,90.18725229817491
2013-04-09 10:54:00,89.61907629326375
2013-04-09 10:55:00,31.79960621073792
2013-04-09 10:56:00,1.2858227187260969
2013-04-09 10:57:00,55.13557858203418
2013-04-09 10:58:00,20.959579365693074
2013-04-09 10:59:00,0.0
2013-04-09 11:00:00,0.0
2013-04-09 11:01:00,0.0
2013-04-09 11:02:00,0.0
2013-04-09 11:03:00,0.0
2013-04-09 11:04:00,0.0
2013-04-09 11:05:00,0.0
2013-04-09 11:06:00,0.0
2013-04-09 11:07:00,0.0
2013-04-09 11:08:00,0.0
2013-04-09 11:09:00,0.0
2013-04-09 11:10:00,0.0
2013-04-09 11:11:00,0.0
2013-04-09 11:12:00,0.0
2013-04-09 11:13:00,0.0
2013-04-09 11:14:00,0.0
2013-04-09 11:15:00,0.0
2013-04-09 11:16:00,0.0
2013-04-09 11:17:00,95.6016312750153
2013-04-09 11:18:00,91.77066457913908
2013-04-09 11:19:00,0.0
2013-04-09 11:20:00,101.74237117828629
2013-04-09 11:21:00,100.30723199623199
2013-04-09 11:22:00,93.64781745405372
2013-04-09 11:23:00,92.23566566413484
2013-04-09 11:24:00,91.23197351400977
2013-04-09 11:25:00,90.3590637273763
2013-04-09 11:26:00,88.83906858317353
2013-04-09 11:27:00,28.041691041732694
2013-04-09 11:28:00,1.8576398870398536
2013-04-09 11:29:00,57.075001528224476
2013-04-09 11:30:00,17.717028224918902
2013-04-09 11:31:00,0.0
2013-04-09 11:32:00,0.0
2013-04-09 11:33:00,0.0
2013-04-09 11:34:00,0.0
2013-04-09 11:35:00,0.0
2013-04-09 11:36:00,0.0
2013-04-09 11:37:00,0.0
2013-04-09 11:38:00,0.0
2013-04-09 11:39:00,0.0
2013-04-09 11:40:00,0.0
2013-04-09 11:41:00,0.0
2013-04-09 11:42:00,0.0
2013-04-09 11:43:00,0.0
2013-04-09 11:44:00,0.0
2013-04-09 11:45:00,0.0
2013-04-09 11:46:00,0.0
2013-04-09 11:47:00,0.0
2013-04-09 11:48:00,16.328420172093946
2013-04-09 11:49:00,93.83011760413125
2013-04-09 11:50:00,71.50689869972705
2013-04-09 11:51:00,15.413616906854086
2013-04-09 11:52:00,100.97353701680723
2013-04-09 11:53:00,98.5677824777267
2013-04-09 11:54:00,92.46668669008852
2013-04-09 11:55:00,92.19998944927372
2013-04-09 11:56:00,91.62792076316201
2013-04-09 11:57:00,89.25928809328943
2013-04-09 11:58:00,80.05270585279757
2013-04-09 11:59:00,2.548148030060356
2013-04-09 12:00:00,9.029432946517224
2013-04-09 12:01:00,72.41764113828025
2013-04-09 12:02:00,0.0
2013-04-09 12:03:00,0.0
2013-04-09 12:04:00,0.0
2013-04-09 12:05:00,0.0
2013-04-09 12:06:00,0.0
2013-04-09 12:07:00,0.0
2013-04-09 12:08:00,0.0
2013-04-09 12:09:00,0.0
2013-04-09 12:10:00,0.0
2013-04-09 12:11:00,0.0
2013-04-09 12:12:00,0.0
2013-04-09 12:13:00,0.0
2013-04-09 12:14:00,0.0
2013-04-09 12:15:00,0.0
2013-04-09 12:16:00,0.0
2013-04-09 12:17:00,0.0
2013-04-09 12:18:00,0.0
2013-04-09 12:19:00,0.0
2013-04-09 12:20:00,82.94985191432441
2013-04-09 12:21:00,93.08251334545379
2013-04-09 12:22:00,3.415107331004146
2013-04-09 12:23:00,84.69594025861795
2013-04-09 12:24:00,100.46640779087966
2013-04-09 12:25:00,91.88529826342712
2013-04-09 12:26:00,89.8858707879578
2013-04-09 12:27:00,89.74447900519873
2013-04-09 12:28:00,3.186362541880749
2013-04-09 12:29:00,1.9882342541484266
2013-04-09 12:30:00,81.83193120188051
2013-04-09 12:31:00,0.0
2013-04-09 12:32:00,0.0
2013-04-09 12:33:00,0.0
2013-04-09 12:34:00,0.0
2013-04-09 12:35:00,0.0
2013-04-09 12:36:00,0.0
2013-04-09 12:37:00,0.0
2013-04-09 12:38:00,0.0
2013-04-09 12:39:00,0.0
2013-04-09 12:40:00,0.0
2013-04-09 12:41:00,0.0
2013-04-09 12:42:00,0.0
2013-04-09 12:43:00,0.0
2013-04-09 12:44:00,0.0
2013-04-09 12:45:00,0.0
2013-04-09 12:46:00,0.0
2013-04-09 12:47:00,0.0
2013-04-09 12:48:00,0.0
2013-04-09 12:49:00,110.73551516120749
2013-04-09 12:50:00,95.70825581154732
2013-04-09 12:51:00,0.0
2013-04-09 12:52:00,114.69878414125051
2013-04-09 12:53:00,103.28040091309772
2013-04-09 12:54:00,95.55412291899201
2013-04-09 12:55:00,92.2532605595947
2013-04-09 12:56:00,92.08435426797384
2013-04-09 12:57:00,91.23526696449166
2013-04-09 12:58:00,89.8185606472402
2013-04-09 12:59:00,88.94218305017124
2013-04-09 13:00:00,53.26285875720096
2013-04-09 13:01:00,1.0823779050767837
2013-04-09 13:02:00,33.10044924228224
2013-04-09 13:03:00,44.467767735437356
2013-04-09 13:04:00,0.0
2013-04-09 13:05:00,0.0
2013-04-09 13:06:00,0.0
2013-04-09 13:07:00,0.0
2013-04-09 13:08:00,0.0
2013-04-09 13:09:00,0.0
2013-04-09 13:10:00,0.0
2013-04-09 13:11:00,0.0
2013-04-09 13:12:00,0.0
2013-04-09 13:13:00,0.0
2013-04-09 13:14:00,0.0
2013-04-09 13:15:00,0.0
2013-04-09 13:16:00,0.0
2013-04-09 13:17:00,0.0
2013-04-09 13:18:00,0.0
2013-04-09 13:19:00,0.0
2013-04-09 13:20:00,0.0
2013-04-09 13:21:00,84.05537605937442
2013-04-09 13:22:00,92.42945222977636
2013-04-09 13:23:00,3.4600466942452166
2013-04-09 13:24:00,89.17230991998537
2013-04-09 13:25:00,101.2291328609537
2013-04-09 13:26:00,94.17218282093569
2013-04-09 13:27:00,91.97080623364367
2013-04-09 13:28:00,91.95379893265564
2013-04-09 13:29:00,91.09289662707107
2013-04-09 13:30:00,88.64711349503632
2013-04-09 13:31:00,79.5390717389853
2013-04-09 13:32:00,2.0297946909311784
2013-04-09 13:33:00,8.530390226044211
2013-04-09 13:34:00,71.93841137589095
2013-04-09 13:35:00,0.0
2013-04-09 13:36:00,0.0
2013-04-09 13:37:00,0.0
2013-04-09 13:38:00,0.0
2013-04-09 13:39:00,0.0
2013-04-09 13:40:00,0.0
2013-04-09 13:41:00,0.0
2013-04-09 13:42:00,0.0
2013-04-09 13:43:00,0.0
2013-04-09 13:44:00,0.0
2013-04-09 13:45:00,0.0
2013-04-09 13:46:00,0.0
2013-04-09 13:47:00,0.0
2013-04-09 13:48:00,0.0
2013-04-09 13:49:00,0.0
2013-04-09 13:50:00,0.0
2013-04-09 13:51:00,0.0
2013-04-09 13:52:00,38.65593867752002
2013-04-09 13:53:00,93.77668468888572
2013-04-09 13:54:00,47.73183991445705
2013-04-09 13:55:00,39.151467910531565
2013-04-09 13:56:00,102.64435040180516
2013-04-09 13:57:00,95.94224819268787
2013-04-09 13:58:00,92.04077568985836
2013-04-09 13:59:00,92.12643661004469
2013-04-09 14:00:00,90.46892816530855
2013-04-09 14:01:00,88.89674430648735
2013-04-09 14:02:00,88.45506682440309
2013-04-09 14:03:00,10.361632576751127
2013-04-09 14:04:00,0.8067308577368895
2013-04-09 14:05:00,72.7131713853624
2013-04-09 14:06:00,0.0
2013-04-09 14:07:00,0.0
2013-04-09 14:08:00,0.0
2013-04-09 14:09:00,0.0
2013-04-09 14:10:00,0.0
2013-04-09 14:11:00,0.0
2013-04-09 14:12:00,0.0
2013-04-09 14:13:00,0.0
2013-04-09 14:14:00,0.0
2013-04-09 14:15:00,0.0
2013-04-09 14:16:00,0.0
2013-04-09 14:17:00,0.0
2013-04-09 14:18:00,0.0
2013-04-09 14:19:00,0.0
2013-04-09 14:20:00,0.0
2013-04-09 14:21:00,0.0
2013-04-09 14:22:00,0.0
2013-04-09 14:23:00,28.542987500475288
2013-04-09 14:24:00,94.09240571143707
2013-04-09 14:25:00,59.79689599170178
2013-04-09 14:26:00,28.69581709170839
2013-04-09 14:27:00,101.61056011176152
2013-04-09 14:28:00,98.41730068066734
2013-04-09 14:29:00,92.91867065160045
2013-04-09 14:30:00,93.13475483653065
2013-04-09 14:31:00,91.08663850627191
2013-04-09 14:32:00,89.93218287401719
2013-04-09 14:33:00,88.76652887868829
2013-04-09 14:34:00,27.766399402616983
2013-04-09 14:35:00,1.2979818158114842
2013-04-09 14:36:00,56.981108767265425
2013-04-09 14:37:00,17.35150568266491
2013-04-09 14:38:00,0.0
2013-04-09 14:39:00,0.0
