2014-07-06 16:23:00,442.0000000000001
2014-07-06 16:24:00,447.49
2014-07-06 16:25:00,445.62000000000006
2014-07-06 16:26:00,451.49
2014-07-06 16:27:00,483.90000000000003
2014-07-06 16:28:00,533.21
2014-07-06 16:29:00,544.5899999999999
2014-07-06 16:30:00,540.04
2014-07-06 16:31:00,542.4
2014-07-06 16:32:00,542.0
2014-07-06 16:33:00,545.88
2014-07-06 16:34:00,546.8
2014-07-06 16:35:00,493.20000000000005
2014-07-06 16:36:00,430.70000000000005
2014-07-06 16:37:00,435.97
2014-07-06 16:38:00,442.6700000000001
2014-07-06 16:39:00,435.3
2014-07-06 16:40:00,440.53000000000003
2014-07-06 16:41:00,432.25
2014-07-06 16:42:00,426.43999999999994
2014-07-06 16:43:00,427.2
2014-07-06 16:44:00,397.7
2014-07-06 16:45:00,395.40000000000003
2014-07-06 16:46:00,395.99
2014-07-06 16:47:00,405.40000000000003
2014-07-06 16:48:00,399.6
2014-07-06 16:49:00,404.4200000000001
2014-07-06 16:50:00,407.88
2014-07-06 16:51:00,403.1
2014-07-06 16:52:00,401.20000000000005
2014-07-06 16:53:00,401.7
2014-07-06 16:54:00,400.15
2014-07-06 16:55:00,400.87
2014-07-06 16:56:00,402.00000000000006
2014-07-06 16:57:00,402.6
2014-07-06 16:58:00,403.69
2014-07-06 16:59:00,405.37
2014-07-06 17:00:00,402.1
2014-07-06 17:01:00,404.2000000000001
2014-07-06 17:02:00,404.38
2014-07-06 17:03:00,403.4800000000001
2014-07-06 17:04:00,406.59999999999997
2014-07-06 17:05:00,402.40000000000003
2014-07-06 17:06:00,402.64000000000004
2014-07-06 17:07:00,405.7
2014-07-06 17:08:00,401.6
2014-07-06 17:09:00,402.09999999999997
2014-07-06 17:10:00,402.11
2014-07-06 17:11:00,402.1600000000001
2014-07-06 17:12:00,496.92
2014-07-06 17:13:00,524.3
2014-07-06 17:14:00,510.38
2014-07-06 17:15:00,511.7000000000001
2014-07-06 17:16:00,509.53
2014-07-06 17:17:00,518.9
2014-07-06 17:18:00,516.0
2014-07-06 17:19:00,516.56
2014-07-06 17:20:00,512.56
2014-07-06 17:21:00,513.1
2014-07-06 17:22:00,511.49999999999994
2014-07-06 17:23:00,510.15
2014-07-06 17:24:00,510.96000000000004
2014-07-06 17:25:00,508.33
2014-07-06 17:26:00,506.4600000000001
2014-07-06 17:27:00,508.65999999999997
2014-07-06 17:28:00,507.23
2014-07-06 17:29:00,509.4
2014-07-06 17:30:00,507.59999999999997
2014-07-06 17:31:00,507.35
2014-07-06 17:32:00,506.4
2014-07-06 17:33:00,506.3
2014-07-06 17:34:00,409.59999999999997
2014-07-06 17:35:00,406.44
2014-07-06 17:36:00,404.22999999999996
2014-07-06 17:37:00,409.59999999999997
2014-07-06 17:38:00,398.09999999999997
2014-07-06 17:39:00,393.38000000000005
2014-07-06 17:40:00,394.29999999999995
2014-07-06 17:41:00,392.05999999999995
2014-07-06 17:42:00,393.90000000000003
2014-07-06 17:43:00,392.40000000000003
2014-07-06 17:44:00,392.95000000000005
2014-07-06 17:45:00,394.21
2014-07-06 17:46:00,393.80000000000007
2014-07-06 17:47:00,401.20000000000005
2014-07-06 17:48:00,398.38
2014-07-06 17:49:00,393.24
2014-07-06 17:50:00,393.2
2014-07-06 17:51:00,394.49999999999994
2014-07-06 17:52:00,391.90999999999997
2014-07-06 17:53:00,392.17
2014-07-06 17:54:00,389.19
2014-07-06 17:55:00,303.6
2014-07-06 17:56:00,305.21
2014-07-06 17:57:00,305.22999999999996
2014-07-06 17:58:00,306.18
2014-07-06 17:59:00,308.7
2014-07-06 18:00:00,307.21999999999997
2014-07-06 18:01:00,307.9
2014-07-06 18:02:00,305.69999999999993
2014-07-06 18:03:00,306.09999999999997
2014-07-06 18:04:00,306.82
2014-07-06 18:05:00,304.17
2014-07-06 18:06:00,305.17999999999995
2014-07-06 18:07:00,307.3
2014-07-06 18:08:00,308.1
2014-07-06 18:09:00,305.02
2014-07-06 18:10:00,307.21
2014-07-06 18:11:00,342.59999999999997
2014-07-06 18:12:00,429.08
2014-07-06 18:13:00,421.5
2014-07-06 18:14:00,413.46999999999997
2014-07-06 18:15:00,413.68999999999994
2014-07-06 18:16:00,413.3999999999999
2014-07-06 18:17:00,427.13
2014-07-06 18:18:00,417.25999999999993
2014-07-06 18:19:00,417.1
2014-07-06 18:20:00,415.19999999999993
2014-07-06 18:21:00,414.90000000000003
2014-07-06 18:22:00,415.59000000000003
2014-07-06 18:23:00,415.0
2014-07-06 18:24:00,413.40000000000003
2014-07-06 18:25:00,413.8
2014-07-06 18:26:00,412.71
2014-07-06 18:27:00,412.82000000000005
2014-07-06 18:28:00,416.48999999999995
2014-07-06 18:29:00,415.38
2014-07-06 18:30:00,414.88000000000005
2014-07-06 18:31:00,413.26
2014-07-06 18:32:00,337.68
2014-07-06 18:33:00,307.4
2014-07-06 18:34:00,307.92
2014-07-06 18:35:00,304.56
2014-07-06 18:36:00,304.99
2014-07-06 18:37:00,310.90999999999997
2014-07-06 18:38:00,310.70000000000005
2014-07-06 18:39:00,314.38
2014-07-06 18:40:00,310.34000000000003
2014-07-06 18:41:00,313.40000000000003
2014-07-06 18:42:00,312.44
2014-07-06 18:43:00,311.9
2014-07-06 18:44:00,307.65000000000003
2014-07-06 18:45:00,304.79999999999995
2014-07-06 18:46:00,305.2
2014-07-06 18:47:00,311.35
2014-07-06 18:48:00,320.06
2014-07-06 18:49:00,304.87000000000006
2014-07-06 18:50:00,305.6
2014-07-06 18:51:00,304.2699999999999
2014-07-06 18:52:00,304.2
2014-07-06 18:53:00,304.7
2014-07-06 18:54:00,303.99999999999994
2014-07-06 18:55:00,306.01
2014-07-06 18:56:00,303.62
2014-07-06 18:57:00,303.29999999999995
2014-07-06 18:58:00,304.5
2014-07-06 18:59:00,306.81
2014-07-06 19:00:00,304.56
2014-07-06 19:01:00,304.09999999999997
2014-07-06 19:02:00,303.59999999999997
2014-07-06 19:03:00,305.2
2014-07-06 19:04:00,302.93999999999994
2014-07-06 19:05:00,303.21
2014-07-06 19:06:00,304.2
2014-07-06 19:07:00,304.09999999999997
2014-07-06 19:08:00,303.17
2014-07-06 19:09:00,303.25
2014-07-06 19:10:00,329.7
2014-07-06 19:11:00,432.28
2014-07-06 19:12:00,418.29
2014-07-06 19:13:00,411.34999999999997
2014-07-06 19:14:00,409.59999999999997
2014-07-06 19:15:00,1832.81
2014-07-06 19:16:00,2523.7
2014-07-06 19:17:00,2546.7
2014-07-06 19:18:00,2645.0299999999997
2014-07-06 19:19:00,2630.85
2014-07-06 19:20:00,2635.6
2014-07-06 19:21:00,2619.96
2014-07-06 19:22:00,2621.7000000000003
2014-07-06 19:23:00,2626.33
2014-07-06 19:24:00,2624.3199999999997
2014-07-06 19:25:00,2018.4
2014-07-06 19:26:00,617.6999999999999
2014-07-06 19:27:00,3643.7000000000003
2014-07-06 19:28:00,4068.99
2014-07-06 19:29:00,3235.0299999999997
2014-07-06 19:30:00,4720.599999999999
2014-07-06 19:31:00,3053.6099999999997
2014-07-06 19:32:00,1927.62
2014-07-06 19:33:00,4291.860000000001
2014-07-06 19:34:00,3090.3499999999995
2014-07-06 19:35:00,1534.7
2014-07-06 19:36:00,2177.7699999999995
2014-07-06 19:37:00,4142.200000000001
2014-07-06 19:38:00,1143.3
2014-07-06 19:39:00,2283.57
2014-07-06 19:40:00,7183.0
2014-07-06 19:41:00,5296.500000000001
2014-07-06 19:42:00,4889.5
2014-07-06 19:43:00,3063.14
2014-07-06 19:44:00,3249.0999999999995
2014-07-06 19:45:00,2126.7599999999998
2014-07-06 19:46:00,2665.8999999999996
2014-07-06 19:47:00,5039.07
2014-07-06 19:48:00,5305.740000000001
2014-07-06 19:49:00,4268.15
2014-07-06 19:50:00,5729.1
2014-07-06 19:51:00,3853.22
2014-07-06 19:52:00,2881.4700000000003
2014-07-06 19:53:00,3590.7999999999997
2014-07-06 19:54:00,4351.13
2014-07-06 19:55:00,2611.6
2014-07-06 19:56:00,2838.56
2014-07-06 19:57:00,4495.8
2014-07-06 19:58:00,2764.75
2014-07-06 19:59:00,1013.2
2014-07-06 20:00:00,361.4899999999999
2014-07-06 20:01:00,355.29999999999995
2014-07-06 20:02:00,355.29999999999995
2014-07-06 20:03:00,355.4000000000001
2014-07-06 20:04:00,348.55
2014-07-06 20:05:00,342.55999999999995
2014-07-06 20:06:00,390.37
2014-07-06 20:07:00,465.72999999999996
2014-07-06 20:08:00,452.02
2014-07-06 20:09:00,444.75
2014-07-06 20:10:00,446.88
2014-07-06 20:11:00,445.92999999999995
2014-07-06 20:12:00,445.9000000000001
2014-07-06 20:13:00,450.1600000000001
2014-07-06 20:14:00,449.03000000000003
2014-07-06 20:15:00,448.6
2014-07-06 20:16:00,453.4000000000001
2014-07-06 20:17:00,460.2
2014-07-06 20:18:00,459.09
2014-07-06 20:19:00,452.8
2014-07-06 20:20:00,451.5
2014-07-06 20:21:00,452.24
2014-07-06 20:22:00,451.5
2014-07-06 20:23:00,454.0
2014-07-06 20:24:00,450.5
2014-07-06 20:25:00,447.5900000000001
2014-07-06 20:26:00,441.96999999999997
2014-07-06 20:27:00,440.97999999999996
2014-07-06 20:28:00,443.3
2014-07-06 20:29:00,444.43
2014-07-06 20:30:00,441.35999999999996
2014-07-06 20:31:00,452.9
2014-07-06 20:32:00,561.2
2014-07-06 20:33:00,502.04
2014-07-06 20:34:00,424.43
2014-07-06 20:35:00,419.1900000000001
2014-07-06 20:36:00,414.1000000000001
2014-07-06 20:37:00,415.14
2014-07-06 20:38:00,414.98
2014-07-06 20:39:00,420.0000000000001
2014-07-06 20:40:00,416.7
2014-07-06 20:41:00,417.81
2014-07-06 20:42:00,420.39000000000004
2014-07-06 20:43:00,419.90000000000003
2014-07-06 20:44:00,419.30000000000007
2014-07-06 20:45:00,419.52
2014-07-06 20:46:00,420.39000000000004
2014-07-06 20:47:00,423.95000000000005
2014-07-06 20:48:00,417.7000000000001
2014-07-06 20:49:00,417.60999999999996
2014-07-06 20:50:00,419.22999999999996
2014-07-06 20:51:00,419.8
2014-07-06 20:52:00,418.4
2014-07-06 20:53:00,418.06000000000006
2014-07-06 20:54:00,417.52
2014-07-06 20:55:00,417.9
2014-07-06 20:56:00,416.7
2014-07-06 20:57:00,418.25999999999993
2014-07-06 20:58:00,418.89000000000004
2014-07-06 20:59:00,419.67999999999995
2014-07-06 21:00:00,422.5
2014-07-06 21:01:00,421.43000000000006
2014-07-06 21:02:00,420.68
2014-07-06 21:03:00,421.3
2014-07-06 21:04:00,416.9
2014-07-06 21:05:00,532.0600000000001
2014-07-06 21:06:00,534.03
2014-07-06 21:07:00,528.4
2014-07-06 21:08:00,529.6000000000001
2014-07-06 21:09:00,528.51
2014-07-06 21:10:00,528.36
2014-07-06 21:11:00,527.7
2014-07-06 21:12:00,529.8499999999999
2014-07-06 21:13:00,528.9
2014-07-06 21:14:00,528.1700000000001
2014-07-06 21:15:00,526.8
2014-07-06 21:16:00,524.9
2014-07-06 21:17:00,536.04
2014-07-06 21:18:00,527.93
2014-07-06 21:19:00,531.3
2014-07-06 21:20:00,523.1999999999999
2014-07-06 21:21:00,524.0
2014-07-06 21:22:00,521.0699999999999
2014-07-06 21:23:00,523.09
2014-07-06 21:24:00,523.8999999999999
2014-07-06 21:25:00,424.44000000000005
2014-07-06 21:26:00,414.40000000000003
2014-07-06 21:27:00,416.0
2014-07-06 21:28:00,417.62
2014-07-06 21:29:00,416.89000000000004
2014-07-06 21:30:00,418.20000000000005
2014-07-06 21:31:00,415.81
2014-07-06 21:32:00,416.4
2014-07-06 21:33:00,414.89000000000004
2014-07-06 21:34:00,415.00000000000006
2014-07-06 21:35:00,417.09999999999997
2014-07-06 21:36:00,417.2900000000001
2014-07-06 21:37:00,419.7
2014-07-06 21:38:00,417.24
2014-07-06 21:39:00,423.49999999999994
2014-07-06 21:40:00,416.52000000000004
2014-07-06 21:41:00,420.00999999999993
2014-07-06 21:42:00,415.4
2014-07-06 21:43:00,416.79999999999995
2014-07-06 21:44:00,416.61
2014-07-06 21:45:00,417.93
2014-07-06 21:46:00,419.5
2014-07-06 21:47:00,429.70000000000005
2014-07-06 21:48:00,415.7300000000001
2014-07-06 21:49:00,418.97
2014-07-06 21:50:00,418.3
2014-07-06 21:51:00,419.0
2014-07-06 21:52:00,417.4099999999999
2014-07-06 21:53:00,416.0799999999999
2014-07-06 21:54:00,415.69999999999993
2014-07-06 21:55:00,417.9000000000001
2014-07-06 21:56:00,416.15
2014-07-06 21:57:00,417.58
2014-07-06 21:58:00,417.80000000000007
2014-07-06 21:59:00,509.6
2014-07-06 22:00:00,537.75
2014-07-06 22:01:00,525.08
2014-07-06 22:02:00,523.6999999999999
2014-07-06 22:03:00,526.8
2014-07-06 22:04:00,525.25
2014-07-06 22:05:00,523.1200000000001
2014-07-06 22:06:00,527.22
2014-07-06 22:07:00,525.7700000000001
2014-07-06 22:08:00,527.18
2014-07-06 22:09:00,527.9
2014-07-06 22:10:00,527.1
2014-07-06 22:11:00,528.03
2014-07-06 22:12:00,529.08
2014-07-06 22:13:00,525.2
2014-07-06 22:14:00,527.0
2014-07-06 22:15:00,525.42
2014-07-06 22:16:00,524.88
2014-07-06 22:17:00,534.86
2014-07-06 22:18:00,525.01
2014-07-06 22:19:00,540.25
2014-07-06 22:20:00,515.0000000000001
2014-07-06 22:21:00,421.8
2014-07-06 22:22:00,418.50000000000006
2014-07-06 22:23:00,417.5
2014-07-06 22:24:00,418.29999999999995
2014-07-06 22:25:00,416.46999999999997
2014-07-06 22:26:00,417.05000000000007
2014-07-06 22:27:00,418.68000000000006
2014-07-06 22:28:00,416.87999999999994
2014-07-06 22:29:00,418.28000000000003
2014-07-06 22:30:00,418.40000000000003
2014-07-06 22:31:00,420.1000000000001
2014-07-06 22:32:00,418.5000000000001
2014-07-06 22:33:00,419.0
2014-07-06 22:34:00,418.8
2014-07-06 22:35:00,417.6
2014-07-06 22:36:00,417.0
2014-07-06 22:37:00,419.68
2014-07-06 22:38:00,417.1100000000001
2014-07-06 22:39:00,424.64
2014-07-06 22:40:00,418.4200000000001
2014-07-06 22:41:00,417.3999999999999
2014-07-06 22:42:00,418.09999999999997
2014-07-06 22:43:00,416.90000000000003
2014-07-06 22:44:00,418.6
2014-07-06 22:45:00,417.2000000000001
2014-07-06 22:46:00,417.3
2014-07-06 22:47:00,438.55000000000007
2014-07-06 22:48:00,415.89
2014-07-06 22:49:00,419.6
2014-07-06 22:50:00,419.91
2014-07-06 22:51:00,417.02000000000004
2014-07-06 22:52:00,420.21
2014-07-06 22:53:00,417.20000000000005
2014-07-06 22:54:00,456.29999999999995
2014-07-06 22:55:00,540.7199999999999
2014-07-06 22:56:00,535.1899999999999
2014-07-06 22:57:00,530.8999999999999
2014-07-06 22:58:00,531.98
2014-07-06 22:59:00,531.27
2014-07-06 23:00:00,529.3399999999999
2014-07-06 23:01:00,529.3
2014-07-06 23:02:00,527.8000000000001
2014-07-06 23:03:00,528.99
2014-07-06 23:04:00,526.98
2014-07-06 23:05:00,526.5
2014-07-06 23:06:00,525.7
2014-07-06 23:07:00,527.9000000000001
2014-07-06 23:08:00,540.0100000000001
2014-07-06 23:09:00,524.6000000000001
2014-07-06 23:10:00,523.95
2014-07-06 23:11:00,524.32
2014-07-06 23:12:00,523.41
2014-07-06 23:13:00,523.1899999999999
2014-07-06 23:14:00,415.90000000000003
2014-07-06 23:15:00,418.09999999999997
2014-07-06 23:16:00,418.72
2014-07-06 23:17:00,426.09999999999997
2014-07-06 23:18:00,418.5000000000001
2014-07-06 23:19:00,421.5
2014-07-06 23:20:00,420.14000000000004
2014-07-06 23:21:00,418.5999999999999
2014-07-06 23:22:00,418.9
2014-07-06 23:23:00,415.20000000000005
2014-07-06 23:24:00,342.02
2014-07-06 23:25:00,300.18000000000006
2014-07-06 23:26:00,301.50000000000006
2014-07-06 23:27:00,299.09999999999997
2014-07-06 23:28:00,300.22
2014-07-06 23:29:00,299.17999999999995
2014-07-06 23:30:00,299.50000000000006
2014-07-06 23:31:00,301.6
2014-07-06 23:32:00,300.26000000000005
2014-07-06 23:33:00,298.88
2014-07-06 23:34:00,347.5700000000001
2014-07-06 23:35:00,299.5
2014-07-06 23:36:00,298.62
2014-07-06 23:37:00,303.22
2014-07-06 23:38:00,312.58
2014-07-06 23:39:00,311.50000000000006
2014-07-06 23:40:00,307.0
2014-07-06 23:41:00,307.57000000000005
2014-07-06 23:42:00,305.79
2014-07-06 23:43:00,304.70000000000005
2014-07-06 23:44:00,307.9
2014-07-06 23:45:00,307.0300000000001
2014-07-06 23:46:00,307.25
2014-07-06 23:47:00,315.6
2014-07-06 23:48:00,306.6
2014-07-06 23:49:00,395.70000000000005
2014-07-06 23:50:00,428.65000000000003
2014-07-06 23:51:00,419.67
2014-07-06 23:52:00,419.29999999999995
2014-07-06 23:53:00,419.43000000000006
2014-07-06 23:54:00,417.87
2014-07-06 23:55:00,417.29999999999995
2014-07-06 23:56:00,418.8
2014-07-06 23:57:00,417.76
2014-07-06 23:58:00,417.93
2014-07-06 23:59:00,417.76000000000005
2014-07-07 00:00:00,418.2
2014-07-07 00:01:00,416.71000000000004
2014-07-07 00:02:00,418.01
2014-07-07 00:03:00,419.09
2014-07-07 00:04:00,417.5999999999999
2014-07-07 00:05:00,415.40000000000003
2014-07-07 00:06:00,416.66999999999996
2014-07-07 00:07:00,413.5799999999999
2014-07-07 00:08:00,413.40000000000003
2014-07-07 00:09:00,307.00000000000006
2014-07-07 00:10:00,306.90999999999997
2014-07-07 00:11:00,306.09
2014-07-07 00:12:00,306.9
2014-07-07 00:13:00,308.0
2014-07-07 00:14:00,307.57
2014-07-07 00:15:00,306.02
2014-07-07 00:16:00,308.2
2014-07-07 00:17:00,316.79999999999995
2014-07-07 00:18:00,308.59999999999997
2014-07-07 00:19:00,316.03000000000003
2014-07-07 00:20:00,313.2
2014-07-07 00:21:00,305.3999999999999
2014-07-07 00:22:00,309.43
2014-07-07 00:23:00,306.96000000000004
2014-07-07 00:24:00,306.2
2014-07-07 00:25:00,306.5
2014-07-07 00:26:00,309.04
2014-07-07 00:27:00,307.1
2014-07-07 00:28:00,305.90000000000003
2014-07-07 00:29:00,310.2
2014-07-07 00:30:00,308.2
2014-07-07 00:31:00,309.81
2014-07-07 00:32:00,309.46999999999997
2014-07-07 00:33:00,310.3
2014-07-07 00:34:00,309.09999999999997
2014-07-07 00:35:00,306.49
2014-07-07 00:36:00,307.23
2014-07-07 00:37:00,309.0
2014-07-07 00:38:00,308.3
2014-07-07 00:39:00,311.36
2014-07-07 00:40:00,309.21
2014-07-07 00:41:00,308.00000000000006
2014-07-07 00:42:00,307.3
2014-07-07 00:43:00,306.51
2014-07-07 00:44:00,306.0
2014-07-07 00:45:00,393.4
2014-07-07 00:46:00,427.80000000000007
2014-07-07 00:47:00,430.36999999999995
2014-07-07 00:48:00,413.46999999999997
2014-07-07 00:49:00,413.47
2014-07-07 00:50:00,416.1
2014-07-07 00:51:00,416.2
2014-07-07 00:52:00,432.55999999999995
2014-07-07 00:53:00,417.47
2014-07-07 00:54:00,418.30000000000007
2014-07-07 00:55:00,416.91
2014-07-07 00:56:00,417.38
2014-07-07 00:57:00,418.59
2014-07-07 00:58:00,418.5
2014-07-07 00:59:00,421.4
2014-07-07 01:00:00,456.75
2014-07-07 01:01:00,456.67999999999995
2014-07-07 01:02:00,428.3
2014-07-07 01:03:00,429.8
2014-07-07 01:04:00,424.64
2014-07-07 01:05:00,402.35
2014-07-07 01:06:00,316.7
2014-07-07 01:07:00,318.79
2014-07-07 01:08:00,343.5900000000001
2014-07-07 01:09:00,317.76
2014-07-07 01:10:00,315.8
2014-07-07 01:11:00,318.70000000000005
2014-07-07 01:12:00,320.89
2014-07-07 01:13:00,315.35
2014-07-07 01:14:00,318.09999999999997
2014-07-07 01:15:00,316.3
2014-07-07 01:16:00,322.0
2014-07-07 01:17:00,325.6700000000001
2014-07-07 01:18:00,318.63000000000005
2014-07-07 01:19:00,314.5
2014-07-07 01:20:00,316.67999999999995
2014-07-07 01:21:00,319.36
2014-07-07 01:22:00,314.38
2014-07-07 01:23:00,315.1
2014-07-07 01:24:00,317.71999999999997
2014-07-07 01:25:00,316.13
2014-07-07 01:26:00,315.84
2014-07-07 01:27:00,315.09999999999997
2014-07-07 01:28:00,316.5400000000001
2014-07-07 01:29:00,317.21999999999997
2014-07-07 01:30:00,320.55999999999995
2014-07-07 01:31:00,318.5
2014-07-07 01:32:00,316.79999999999995
2014-07-07 01:33:00,317.15999999999997
2014-07-07 01:34:00,319.67
2014-07-07 01:35:00,315.6
2014-07-07 01:36:00,311.7
2014-07-07 01:37:00,315.12
2014-07-07 01:38:00,316.90999999999997
2014-07-07 01:39:00,320.40000000000003
2014-07-07 01:40:00,315.40000000000003
2014-07-07 01:41:00,317.67999999999995
2014-07-07 01:42:00,474.3599999999999
2014-07-07 01:43:00,436.38999999999993
2014-07-07 01:44:00,427.3
2014-07-07 01:45:00,426.39
2014-07-07 01:46:00,425.35999999999996
2014-07-07 01:47:00,428.20000000000005
2014-07-07 01:48:00,431.17
2014-07-07 01:49:00,427.86
2014-07-07 01:50:00,426.58
2014-07-07 01:51:00,422.1700000000001
2014-07-07 01:52:00,421.75
2014-07-07 01:53:00,430.33000000000004
2014-07-07 01:54:00,431.05000000000007
2014-07-07 01:55:00,426.82
2014-07-07 01:56:00,429.24
2014-07-07 01:57:00,430.90000000000003
2014-07-07 01:58:00,429.29999999999995
2014-07-07 01:59:00,425.93999999999994
2014-07-07 02:00:00,423.4
2014-07-07 02:01:00,328.0
2014-07-07 02:02:00,316.45
2014-07-07 02:03:00,315.42999999999995
2014-07-07 02:04:00,313.99999999999994
2014-07-07 02:05:00,313.28000000000003
2014-07-07 02:06:00,313.34
2014-07-07 02:07:00,327.4
2014-07-07 02:08:00,316.0
2014-07-07 02:09:00,314.09999999999997
2014-07-07 02:10:00,315.34
2014-07-07 02:11:00,314.11
2014-07-07 02:12:00,313.6
2014-07-07 02:13:00,312.5
2014-07-07 02:14:00,310.0
2014-07-07 02:15:00,307.66
2014-07-07 02:16:00,305.7
2014-07-07 02:17:00,314.8
2014-07-07 02:18:00,309.09999999999997
2014-07-07 02:19:00,310.6
2014-07-07 02:20:00,313.68999999999994
2014-07-07 02:21:00,310.49999999999994
2014-07-07 02:22:00,311.3
2014-07-07 02:23:00,309.65999999999997
2014-07-07 02:24:00,310.32
2014-07-07 02:25:00,308.4
2014-07-07 02:26:00,306.2
2014-07-07 02:27:00,319.84
2014-07-07 02:28:00,308.27
2014-07-07 02:29:00,308.50000000000006
2014-07-07 02:30:00,310.29999999999995
2014-07-07 02:31:00,306.60999999999996
2014-07-07 02:32:00,307.39
2014-07-07 02:33:00,314.07000000000005
2014-07-07 02:34:00,307.9
2014-07-07 02:35:00,307.85999999999996
2014-07-07 02:36:00,308.83
2014-07-07 02:37:00,307.9
2014-07-07 02:38:00,383.4
2014-07-07 02:39:00,433.56000000000006
2014-07-07 02:40:00,422.28
2014-07-07 02:41:00,421.0
2014-07-07 02:42:00,420.09999999999997
2014-07-07 02:43:00,419.06
2014-07-07 02:44:00,419.71000000000004
2014-07-07 02:45:00,417.77000000000004
2014-07-07 02:46:00,417.4
2014-07-07 02:47:00,426.97
2014-07-07 02:48:00,416.91999999999996
2014-07-07 02:49:00,419.29
2014-07-07 02:50:00,419.09
2014-07-07 02:51:00,417.30000000000007
2014-07-07 02:52:00,415.06
2014-07-07 02:53:00,417.28999999999996
2014-07-07 02:54:00,414.4
2014-07-07 02:55:00,414.8
2014-07-07 02:56:00,417.87
2014-07-07 02:57:00,318.89000000000004
2014-07-07 02:58:00,310.8
2014-07-07 02:59:00,310.79999999999995
2014-07-07 03:00:00,310.98
2014-07-07 03:01:00,307.55999999999995
2014-07-07 03:02:00,308.6
2014-07-07 03:03:00,308.9
2014-07-07 03:04:00,309.71
2014-07-07 03:05:00,307.97999999999996
2014-07-07 03:06:00,306.98999999999995
2014-07-07 03:07:00,307.19999999999993
2014-07-07 03:08:00,318.43
2014-07-07 03:09:00,308.16
2014-07-07 03:10:00,307.8
2014-07-07 03:11:00,311.99999999999994
2014-07-07 03:12:00,310.78
2014-07-07 03:13:00,308.75
2014-07-07 03:14:00,305.7
2014-07-07 03:15:00,306.59999999999997
2014-07-07 03:16:00,306.59999999999997
2014-07-07 03:17:00,319.25
2014-07-07 03:18:00,310.66
2014-07-07 03:19:00,314.3
2014-07-07 03:20:00,311.12
2014-07-07 03:21:00,307.22
2014-07-07 03:22:00,307.00000000000006
2014-07-07 03:23:00,310.4
2014-07-07 03:24:00,308.49999999999994
2014-07-07 03:25:00,308.58000000000004
2014-07-07 03:26:00,309.79999999999995
2014-07-07 03:27:00,308.8
2014-07-07 03:28:00,323.59000000000003
2014-07-07 03:29:00,308.44999999999993
2014-07-07 03:30:00,310.07
2014-07-07 03:31:00,310.4
2014-07-07 03:32:00,309.8999999999999
2014-07-07 03:33:00,304.59999999999997
2014-07-07 03:34:00,306.38
2014-07-07 03:35:00,399.6
2014-07-07 03:36:00,435.1
2014-07-07 03:37:00,425.0799999999999
2014-07-07 03:38:00,424.09
2014-07-07 03:39:00,424.5999999999999
2014-07-07 03:40:00,421.99999999999994
2014-07-07 03:41:00,426.14
2014-07-07 03:42:00,422.82
2014-07-07 03:43:00,424.20000000000005
2014-07-07 03:44:00,424.3
2014-07-07 03:45:00,411.48
2014-07-07 03:46:00,417.47
2014-07-07 03:47:00,424.29999999999995
2014-07-07 03:48:00,420.80000000000007
2014-07-07 03:49:00,419.64
2014-07-07 03:50:00,418.7
2014-07-07 03:51:00,416.09999999999997
2014-07-07 03:52:00,415.7
2014-07-07 03:53:00,413.41999999999996
2014-07-07 03:54:00,356.53999999999996
2014-07-07 03:55:00,306.88
2014-07-07 03:56:00,306.2
2014-07-07 03:57:00,306.89
2014-07-07 03:58:00,309.19999999999993
2014-07-07 03:59:00,309.0
2014-07-07 04:00:00,317.09999999999997
2014-07-07 04:01:00,307.8
2014-07-07 04:02:00,313.11
2014-07-07 04:03:00,303.5
2014-07-07 04:04:00,301.3
2014-07-07 04:05:00,300.09999999999997
2014-07-07 04:06:00,301.32000000000005
2014-07-07 04:07:00,299.31999999999994
2014-07-07 04:08:00,299.7
2014-07-07 04:09:00,299.79999999999995
2014-07-07 04:10:00,303.59999999999997
2014-07-07 04:11:00,301.08000000000004
2014-07-07 04:12:00,300.09999999999997
2014-07-07 04:13:00,299.5
2014-07-07 04:14:00,299.49
2014-07-07 04:15:00,299.46999999999997
2014-07-07 04:16:00,298.7
2014-07-07 04:17:00,307.4
2014-07-07 04:18:00,299.80000000000007
2014-07-07 04:19:00,306.83
2014-07-07 04:20:00,300.5
2014-07-07 04:21:00,297.0999999999999
2014-07-07 04:22:00,300.48999999999995
2014-07-07 04:23:00,301.96
2014-07-07 04:24:00,299.30000000000007
2014-07-07 04:25:00,300.6
2014-07-07 04:26:00,299.42
2014-07-07 04:27:00,300.78000000000003
2014-07-07 04:28:00,300.49999999999994
2014-07-07 04:29:00,303.0
2014-07-07 04:30:00,298.51
2014-07-07 04:31:00,300.34
2014-07-07 04:32:00,300.90000000000003
2014-07-07 04:33:00,362.40000000000003
2014-07-07 04:34:00,421.9
2014-07-07 04:35:00,411.81
2014-07-07 04:36:00,408.39
2014-07-07 04:37:00,410.40000000000003
2014-07-07 04:38:00,411.5
2014-07-07 04:39:00,412.7699999999999
2014-07-07 04:40:00,411.46999999999997
2014-07-07 04:41:00,408.2
2014-07-07 04:42:00,408.4
2014-07-07 04:43:00,407.55999999999995
2014-07-07 04:44:00,409.40000000000003
2014-07-07 04:45:00,409.2
2014-07-07 04:46:00,407.9
2014-07-07 04:47:00,420.97999999999996
2014-07-07 04:48:00,407.15
2014-07-07 04:49:00,409.4
2014-07-07 04:50:00,408.40000000000003
2014-07-07 04:51:00,407.74
2014-07-07 04:52:00,320.17
2014-07-07 04:53:00,299.1
2014-07-07 04:54:00,299.7
2014-07-07 04:55:00,299.97
2014-07-07 04:56:00,298.77000000000004
2014-07-07 04:57:00,298.8999999999999
2014-07-07 04:58:00,300.20000000000005
2014-07-07 04:59:00,302.00000000000006
2014-07-07 05:00:00,303.76
2014-07-07 05:01:00,300.9
2014-07-07 05:02:00,300.29999999999995
2014-07-07 05:03:00,299.61
2014-07-07 05:04:00,299.98999999999995
2014-07-07 05:05:00,298.89
2014-07-07 05:06:00,300.1
2014-07-07 05:07:00,300.91
2014-07-07 05:08:00,298.57
2014-07-07 05:09:00,308.09999999999997
2014-07-07 05:10:00,299.4
2014-07-07 05:11:00,300.3
2014-07-07 05:12:00,299.5
2014-07-07 05:13:00,302.09999999999997
2014-07-07 05:14:00,298.79999999999995
2014-07-07 05:15:00,299.90999999999997
2014-07-07 05:16:00,298.9
2014-07-07 05:17:00,307.29
2014-07-07 05:18:00,301.3
2014-07-07 05:19:00,304.43
2014-07-07 05:20:00,301.95
2014-07-07 05:21:00,298.7
2014-07-07 05:22:00,299.7
2014-07-07 05:23:00,298.84999999999997
2014-07-07 05:24:00,299.57
2014-07-07 05:25:00,300.06
2014-07-07 05:26:00,301.2
2014-07-07 05:27:00,299.9
2014-07-07 05:28:00,300.51
2014-07-07 05:29:00,299.4
2014-07-07 05:30:00,300.6
2014-07-07 05:31:00,376.9
2014-07-07 05:32:00,424.86
2014-07-07 05:33:00,412.44999999999993
2014-07-07 05:34:00,411.03000000000003
2014-07-07 05:35:00,410.0
2014-07-07 05:36:00,415.49
2014-07-07 05:37:00,410.66
2014-07-07 05:38:00,409.70000000000005
2014-07-07 05:39:00,411.49999999999994
2014-07-07 05:40:00,412.71
2014-07-07 05:41:00,408.56000000000006
2014-07-07 05:42:00,409.12000000000006
2014-07-07 05:43:00,409.7
2014-07-07 05:44:00,410.2099999999999
2014-07-07 05:45:00,409.43
2014-07-07 05:46:00,408.20000000000005
2014-07-07 05:47:00,414.90000000000003
2014-07-07 05:48:00,408.64000000000004
2014-07-07 05:49:00,409.5199999999999
2014-07-07 05:50:00,365.70000000000005
2014-07-07 05:51:00,298.2
2014-07-07 05:52:00,298.2
2014-07-07 05:53:00,300.85
2014-07-07 05:54:00,307.84
2014-07-07 05:55:00,298.9
2014-07-07 05:56:00,298.19999999999993
2014-07-07 05:57:00,301.23999999999995
2014-07-07 05:58:00,298.74
2014-07-07 05:59:00,301.09999999999997
2014-07-07 06:00:00,305.4
2014-07-07 06:01:00,303.28
2014-07-07 06:02:00,302.5
2014-07-07 06:03:00,302.7
2014-07-07 06:04:00,300.6
2014-07-07 06:05:00,299.43
2014-07-07 06:06:00,299.13
2014-07-07 06:07:00,300.2
2014-07-07 06:08:00,300.64
2014-07-07 06:09:00,298.75000000000006
2014-07-07 06:10:00,301.17
2014-07-07 06:11:00,298.43
2014-07-07 06:12:00,302.72999999999996
2014-07-07 06:13:00,300.34999999999997
2014-07-07 06:14:00,302.57
2014-07-07 06:15:00,298.59999999999997
2014-07-07 06:16:00,299.20000000000005
2014-07-07 06:17:00,310.46999999999997
2014-07-07 06:18:00,302.74999999999994
2014-07-07 06:19:00,300.59999999999997
2014-07-07 06:20:00,305.59999999999997
2014-07-07 06:21:00,299.90999999999997
2014-07-07 06:22:00,299.60999999999996
2014-07-07 06:23:00,300.5
2014-07-07 06:24:00,299.0799999999999
2014-07-07 06:25:00,310.24000000000007
2014-07-07 06:26:00,299.93999999999994
2014-07-07 06:27:00,300.29999999999995
2014-07-07 06:28:00,1003.1999999999999
2014-07-07 06:29:00,734.4999999999999
2014-07-07 06:30:00,639.92
2014-07-07 06:31:00,499.34
2014-07-07 06:32:00,410.84
2014-07-07 06:33:00,412.25
2014-07-07 06:34:00,506.8
2014-07-07 06:35:00,411.91
2014-07-07 06:36:00,411.15
2014-07-07 06:37:00,410.0299999999999
2014-07-07 06:38:00,410.20000000000005
2014-07-07 06:39:00,418.07
2014-07-07 06:40:00,411.2
2014-07-07 06:41:00,410.62999999999994
2014-07-07 06:42:00,411.8999999999999
2014-07-07 06:43:00,411.5999999999999
2014-07-07 06:44:00,407.38999999999993
2014-07-07 06:45:00,406.48
2014-07-07 06:46:00,409.50000000000006
2014-07-07 06:47:00,415.5699999999999
2014-07-07 06:48:00,407.66999999999996
2014-07-07 06:49:00,408.01000000000005
2014-07-07 06:50:00,407.97
2014-07-07 06:51:00,404.2
2014-07-07 06:52:00,362.11
2014-07-07 06:53:00,298.01
2014-07-07 06:54:00,312.8
2014-07-07 06:55:00,305.5
2014-07-07 06:56:00,304.24
2014-07-07 06:57:00,304.69000000000005
2014-07-07 06:58:00,305.90000000000003
2014-07-07 06:59:00,311.37999999999994
2014-07-07 07:00:00,308.5
2014-07-07 07:01:00,307.58
2014-07-07 07:02:00,306.7
2014-07-07 07:03:00,306.96999999999997
2014-07-07 07:04:00,309.30999999999995
2014-07-07 07:05:00,299.59
2014-07-07 07:06:00,297.9
2014-07-07 07:07:00,298.0
2014-07-07 07:08:00,300.92
2014-07-07 07:09:00,301.19999999999993
2014-07-07 07:10:00,298.97999999999996
2014-07-07 07:11:00,298.8
2014-07-07 07:12:00,300.5
2014-07-07 07:13:00,299.69000000000005
2014-07-07 07:14:00,298.04
2014-07-07 07:15:00,299.7
2014-07-07 07:16:00,299.33
2014-07-07 07:17:00,306.17
2014-07-07 07:18:00,302.47999999999996
2014-07-07 07:19:00,306.0
2014-07-07 07:20:00,302.50000000000006
2014-07-07 07:21:00,299.44000000000005
2014-07-07 07:22:00,302.46
2014-07-07 07:23:00,301.18
2014-07-07 07:24:00,299.6
2014-07-07 07:25:00,298.06
2014-07-07 07:26:00,296.86
2014-07-07 07:27:00,299.2
2014-07-07 07:28:00,298.51
2014-07-07 07:29:00,302.8
2014-07-07 07:30:00,302.78999999999996
2014-07-07 07:31:00,299.5
2014-07-07 07:32:00,301.1
2014-07-07 07:33:00,413.71
2014-07-07 07:34:00,419.59
2014-07-07 07:35:00,410.40000000000003
2014-07-07 07:36:00,410.40000000000003
2014-07-07 07:37:00,408.87
2014-07-07 07:38:00,411.84999999999997
2014-07-07 07:39:00,411.7
2014-07-07 07:40:00,413.5
2014-07-07 07:41:00,409.63
2014-07-07 07:42:00,410.78
2014-07-07 07:43:00,410.4
2014-07-07 07:44:00,407.8
2014-07-07 07:45:00,409.10999999999996
2014-07-07 07:46:00,407.98
2014-07-07 07:47:00,416.6
2014-07-07 07:48:00,412.0
2014-07-07 07:49:00,410.62
2014-07-07 07:50:00,409.34000000000003
2014-07-07 07:51:00,407.28999999999996
2014-07-07 07:52:00,407.9
2014-07-07 07:53:00,406.26
2014-07-07 07:54:00,406.15999999999997
2014-07-07 07:55:00,323.06
2014-07-07 07:56:00,300.1
2014-07-07 07:57:00,300.37
2014-07-07 07:58:00,300.4
2014-07-07 07:59:00,303.90000000000003
2014-07-07 08:00:00,302.79999999999995
2014-07-07 08:01:00,301.28
2014-07-07 08:02:00,300.75
2014-07-07 08:03:00,300.49999999999994
2014-07-07 08:04:00,299.6
2014-07-07 08:05:00,298.32
2014-07-07 08:06:00,298.22999999999996
2014-07-07 08:07:00,298.82
2014-07-07 08:08:00,298.7
2014-07-07 08:09:00,301.09
2014-07-07 08:10:00,299.04
2014-07-07 08:11:00,299.73999999999995
2014-07-07 08:12:00,298.5
2014-07-07 08:13:00,299.92
2014-07-07 08:14:00,300.54
2014-07-07 08:15:00,297.24
2014-07-07 08:16:00,300.2
2014-07-07 08:17:00,311.02
2014-07-07 08:18:00,298.63
2014-07-07 08:19:00,303.6
2014-07-07 08:20:00,303.3
2014-07-07 08:21:00,300.96
2014-07-07 08:22:00,303.06999999999994
2014-07-07 08:23:00,298.71000000000004
2014-07-07 08:24:00,301.1
2014-07-07 08:25:00,298.64000000000004
2014-07-07 08:26:00,298.15
2014-07-07 08:27:00,298.46000000000004
2014-07-07 08:28:00,299.4
2014-07-07 08:29:00,297.90000000000003
2014-07-07 08:30:00,301.85999999999996
2014-07-07 08:31:00,299.77
2014-07-07 08:32:00,299.7
2014-07-07 08:33:00,298.6
2014-07-07 08:34:00,299.40000000000003
2014-07-07 08:35:00,298.76
2014-07-07 08:36:00,376.40000000000003
2014-07-07 08:37:00,423.18999999999994
2014-07-07 08:38:00,414.51
2014-07-07 08:39:00,415.71000000000004
2014-07-07 08:40:00,417.0
2014-07-07 08:41:00,408.0
2014-07-07 08:42:00,410.83000000000004
2014-07-07 08:43:00,409.96
2014-07-07 08:44:00,411.2
2014-07-07 08:45:00,412.12999999999994
2014-07-07 08:46:00,408.88
2014-07-07 08:47:00,420.68
2014-07-07 08:48:00,411.9
2014-07-07 08:49:00,412.79999999999995
2014-07-07 08:50:00,410.17999999999995
2014-07-07 08:51:00,407.71000000000004
2014-07-07 08:52:00,406.2
2014-07-07 08:53:00,407.5
2014-07-07 08:54:00,414.12
2014-07-07 08:55:00,407.31
2014-07-07 08:56:00,405.61999999999995
2014-07-07 08:57:00,382.96
2014-07-07 08:58:00,300.91999999999996
2014-07-07 08:59:00,305.21000000000004
2014-07-07 09:00:00,308.3
2014-07-07 09:01:00,300.0999999999999
2014-07-07 09:02:00,299.58
2014-07-07 09:03:00,300.84999999999997
2014-07-07 09:04:00,302.90000000000003
2014-07-07 09:05:00,300.09999999999997
2014-07-07 09:06:00,300.11000000000007
2014-07-07 09:07:00,297.79
2014-07-07 09:08:00,298.28000000000003
2014-07-07 09:09:00,299.99999999999994
2014-07-07 09:10:00,298.81000000000006
2014-07-07 09:11:00,300.29
2014-07-07 09:12:00,300.80000000000007
2014-07-07 09:13:00,299.79999999999995
2014-07-07 09:14:00,302.27
2014-07-07 09:15:00,299.99
2014-07-07 09:16:00,299.69
2014-07-07 09:17:00,312.1
2014-07-07 09:18:00,299.40999999999997
2014-07-07 09:19:00,306.31
2014-07-07 09:20:00,309.49999999999994
2014-07-07 09:21:00,298.99999999999994
2014-07-07 09:22:00,299.1
2014-07-07 09:23:00,299.64
2014-07-07 09:24:00,299.66999999999996
2014-07-07 09:25:00,300.09999999999997
2014-07-07 09:26:00,298.89
2014-07-07 09:27:00,298.53
2014-07-07 09:28:00,300.26
2014-07-07 09:29:00,303.49999999999994
2014-07-07 09:30:00,298.59999999999997
2014-07-07 09:31:00,299.91
2014-07-07 09:32:00,300.12
2014-07-07 09:33:00,297.69999999999993
2014-07-07 09:34:00,299.59999999999997
2014-07-07 09:35:00,300.40999999999997
2014-07-07 09:36:00,300.18000000000006
2014-07-07 09:37:00,299.2
2014-07-07 09:38:00,364.1
2014-07-07 09:39:00,426.36
2014-07-07 09:40:00,415.31999999999994
2014-07-07 09:41:00,409.1
2014-07-07 09:42:00,410.27
2014-07-07 09:43:00,408.4700000000001
2014-07-07 09:44:00,411.0
2014-07-07 09:45:00,411.3
2014-07-07 09:46:00,411.79999999999995
2014-07-07 09:47:00,424.21999999999997
2014-07-07 09:48:00,444.27
2014-07-07 09:49:00,412.17999999999995
2014-07-07 09:50:00,410.46
2014-07-07 09:51:00,410.39
2014-07-07 09:52:00,419.55
2014-07-07 09:53:00,410.7
2014-07-07 09:54:00,417.69999999999993
2014-07-07 09:55:00,411.53999999999996
2014-07-07 09:56:00,408.59
2014-07-07 09:57:00,408.9
2014-07-07 09:58:00,407.29999999999995
2014-07-07 09:59:00,832.4899999999999
2014-07-07 10:00:00,1343.3600000000001
2014-07-07 10:01:00,436.80000000000007
2014-07-07 10:02:00,338.70000000000005
2014-07-07 10:03:00,301.21999999999997
2014-07-07 10:04:00,440.9000000000001
2014-07-07 10:05:00,301.4
2014-07-07 10:06:00,337.89000000000004
2014-07-07 10:07:00,299.66999999999996
2014-07-07 10:08:00,302.5
2014-07-07 10:09:00,300.39
2014-07-07 10:10:00,304.4599999999999
2014-07-07 10:11:00,308.75
2014-07-07 10:12:00,334.1
2014-07-07 10:13:00,333.29999999999995
2014-07-07 10:14:00,335.49999999999994
2014-07-07 10:15:00,337.55999999999995
2014-07-07 10:16:00,332.52
2014-07-07 10:17:00,344.7
2014-07-07 10:18:00,332.4100000000001
2014-07-07 10:19:00,335.98
2014-07-07 10:20:00,344.7999999999999
2014-07-07 10:21:00,333.99999999999994
2014-07-07 10:22:00,330.69999999999993
2014-07-07 10:23:00,331.19999999999993
2014-07-07 10:24:00,331.51
2014-07-07 10:25:00,332.20000000000005
2014-07-07 10:26:00,330.31
2014-07-07 10:27:00,328.7
2014-07-07 10:28:00,329.4900000000001
2014-07-07 10:29:00,329.0
2014-07-07 10:30:00,331.3299999999999
2014-07-07 10:31:00,329.09
2014-07-07 10:32:00,330.84999999999997
2014-07-07 10:33:00,329.07
2014-07-07 10:34:00,337.11
2014-07-07 10:35:00,344.44
2014-07-07 10:36:00,341.19999999999993
2014-07-07 10:37:00,336.2
2014-07-07 10:38:00,436.2
2014-07-07 10:39:00,461.94
2014-07-07 10:40:00,461.23
2014-07-07 10:41:00,453.6
2014-07-07 10:42:00,457.40000000000003
2014-07-07 10:43:00,456.23999999999995
2014-07-07 10:44:00,460.2299999999999
2014-07-07 10:45:00,463.39999999999986
2014-07-07 10:46:00,458.69999999999993
2014-07-07 10:47:00,465.59000000000003
2014-07-07 10:48:00,452.9699999999999
2014-07-07 10:49:00,457.57000000000005
2014-07-07 10:50:00,455.16
2014-07-07 10:51:00,459.55
2014-07-07 10:52:00,462.81000000000006
2014-07-07 10:53:00,463.70000000000005
2014-07-07 10:54:00,465.99999999999994
2014-07-07 10:55:00,465.56
2014-07-07 10:56:00,463.59
2014-07-07 10:57:00,483.1
2014-07-07 10:58:00,462.20000000000005
2014-07-07 10:59:00,437.6300000000001
2014-07-07 11:00:00,355.16
2014-07-07 11:01:00,356.79999999999995
2014-07-07 11:02:00,354.98
2014-07-07 11:03:00,349.55
2014-07-07 11:04:00,331.82000000000005
2014-07-07 11:05:00,353.50000000000006
2014-07-07 11:06:00,338.8
2014-07-07 11:07:00,345.20000000000005
2014-07-07 11:08:00,353.42999999999995
2014-07-07 11:09:00,353.3
2014-07-07 11:10:00,345.2799999999999
2014-07-07 11:11:00,352.02
2014-07-07 11:12:00,344.9700000000001
2014-07-07 11:13:00,342.79999999999995
2014-07-07 11:14:00,341.00000000000006
2014-07-07 11:15:00,336.24
2014-07-07 11:16:00,341.25999999999993
2014-07-07 11:17:00,355.70000000000005
2014-07-07 11:18:00,343.4
2014-07-07 11:19:00,336.57000000000005
2014-07-07 11:20:00,338.19
2014-07-07 11:21:00,333.9
2014-07-07 11:22:00,330.28
2014-07-07 11:23:00,766.2
2014-07-07 11:24:00,2437.6000000000004
2014-07-07 11:25:00,2441.0699999999997
2014-07-07 11:26:00,2450.3
2014-07-07 11:27:00,2457.03
2014-07-07 11:28:00,2441.62
2014-07-07 11:29:00,2448.77
2014-07-07 11:30:00,2446.3
2014-07-07 11:31:00,2446.64
2014-07-07 11:32:00,2444.6200000000003
2014-07-07 11:33:00,1047.51
2014-07-07 11:34:00,447.62000000000006
2014-07-07 11:35:00,2443.46
2014-07-07 11:36:00,1328.23
2014-07-07 11:37:00,453.7
2014-07-07 11:38:00,1949.9499999999998
2014-07-07 11:39:00,2562.14
2014-07-07 11:40:00,1799.17
2014-07-07 11:41:00,565.03
2014-07-07 11:42:00,1357.3000000000002
2014-07-07 11:43:00,2562.79
2014-07-07 11:44:00,820.0899999999999
2014-07-07 11:45:00,560.5
2014-07-07 11:46:00,1888.05
2014-07-07 11:47:00,2370.32
2014-07-07 11:48:00,1902.4500000000003
2014-07-07 11:49:00,2558.3399999999997
2014-07-07 11:50:00,2553.32
2014-07-07 11:51:00,1307.84
2014-07-07 11:52:00,555.8399999999999
2014-07-07 11:53:00,444.4
2014-07-07 11:54:00,443.9
2014-07-07 11:55:00,441.0
2014-07-07 11:56:00,455.40000000000003
2014-07-07 11:57:00,454.2
2014-07-07 11:58:00,452.0
2014-07-07 11:59:00,453.21999999999997
2014-07-07 12:00:00,457.53999999999996
2014-07-07 12:01:00,464.09999999999997
2014-07-07 12:02:00,541.9
2014-07-07 12:03:00,452.47
2014-07-07 12:04:00,457.31
2014-07-07 12:05:00,463.7
2014-07-07 12:06:00,445.99999999999994
2014-07-07 12:07:00,442.61
2014-07-07 12:08:00,361.7
2014-07-07 12:09:00,346.83000000000004
2014-07-07 12:10:00,346.09999999999997
2014-07-07 12:11:00,344.41999999999996
2014-07-07 12:12:00,348.5
2014-07-07 12:13:00,341.4
2014-07-07 12:14:00,344.40000000000003
2014-07-07 12:15:00,336.31
2014-07-07 12:16:00,347.32000000000005
2014-07-07 12:17:00,339.49999999999994
2014-07-07 12:18:00,336.51000000000005
2014-07-07 12:19:00,335.5299999999999
2014-07-07 12:20:00,342.1
2014-07-07 12:21:00,332.1
2014-07-07 12:22:00,331.8
2014-07-07 12:23:00,331.59999999999997
2014-07-07 12:24:00,332.71
2014-07-07 12:25:00,332.18
2014-07-07 12:26:00,331.00000000000006
2014-07-07 12:27:00,331.5
2014-07-07 12:28:00,338.23
2014-07-07 12:29:00,337.48999999999995
2014-07-07 12:30:00,338.3
2014-07-07 12:31:00,343.7
2014-07-07 12:32:00,342.44
2014-07-07 12:33:00,336.37
2014-07-07 12:34:00,332.59999999999997
2014-07-07 12:35:00,334.6000000000001
2014-07-07 12:36:00,331.36
2014-07-07 12:37:00,330.73
2014-07-07 12:38:00,335.1
2014-07-07 12:39:00,331.70000000000005
2014-07-07 12:40:00,335.69
2014-07-07 12:41:00,340.86000000000007
2014-07-07 12:42:00,335.40000000000003
2014-07-07 12:43:00,337.8
2014-07-07 12:44:00,338.08
2014-07-07 12:45:00,332.56999999999994
2014-07-07 12:46:00,332.50000000000006
2014-07-07 12:47:00,370.09999999999997
2014-07-07 12:48:00,458.95
2014-07-07 12:49:00,480.65
2014-07-07 12:50:00,469.4
2014-07-07 12:51:00,444.0
2014-07-07 12:52:00,445.02000000000004
2014-07-07 12:53:00,444.43
2014-07-07 12:54:00,435.3
2014-07-07 12:55:00,414.0
2014-07-07 12:56:00,415.37
2014-07-07 12:57:00,415.07
2014-07-07 12:58:00,412.79999999999995
2014-07-07 12:59:00,413.99999999999994
2014-07-07 13:00:00,419.36000000000007
2014-07-07 13:01:00,413.68
2014-07-07 13:02:00,415.0
2014-07-07 13:03:00,415.09999999999997
2014-07-07 13:04:00,412.85
2014-07-07 13:05:00,413.35
2014-07-07 13:06:00,411.6
2014-07-07 13:07:00,411.30000000000007
2014-07-07 13:08:00,409.76
2014-07-07 13:09:00,412.52
2014-07-07 13:10:00,419.0999999999999
2014-07-07 13:11:00,411.59999999999997
2014-07-07 13:12:00,301.73
2014-07-07 13:13:00,302.46
2014-07-07 13:14:00,303.09999999999997
2014-07-07 13:15:00,303.0999999999999
2014-07-07 13:16:00,302.5999999999999
2014-07-07 13:17:00,314.02000000000004
2014-07-07 13:18:00,310.0
2014-07-07 13:19:00,302.3
2014-07-07 13:20:00,305.7
2014-07-07 13:21:00,302.49000000000007
2014-07-07 13:22:00,303.59
2014-07-07 13:23:00,304.0
2014-07-07 13:24:00,307.91999999999996
2014-07-07 13:25:00,316.29999999999995
2014-07-07 13:26:00,325.24000000000007
2014-07-07 13:27:00,325.6
2014-07-07 13:28:00,324.4
2014-07-07 13:29:00,324.38000000000005
2014-07-07 13:30:00,330.18999999999994
2014-07-07 13:31:00,328.29999999999995
2014-07-07 13:32:00,331.4
2014-07-07 13:33:00,328.98
2014-07-07 13:34:00,335.55
2014-07-07 13:35:00,335.6
2014-07-07 13:36:00,332.88
2014-07-07 13:37:00,330.41999999999996
2014-07-07 13:38:00,330.8
2014-07-07 13:39:00,329.3
2014-07-07 13:40:00,334.0
2014-07-07 13:41:00,329.0
2014-07-07 13:42:00,329.56
2014-07-07 13:43:00,331.7
2014-07-07 13:44:00,330.69999999999993
2014-07-07 13:45:00,328.87
2014-07-07 13:46:00,332.72999999999996
2014-07-07 13:47:00,343.1
2014-07-07 13:48:00,331.3
2014-07-07 13:49:00,331.73
2014-07-07 13:50:00,376.6700000000001
2014-07-07 13:51:00,456.8
2014-07-07 13:52:00,441.79999999999995
2014-07-07 13:53:00,436.55999999999995
2014-07-07 13:54:00,437.59999999999997
2014-07-07 13:55:00,438.00000000000006
2014-07-07 13:56:00,439.7
2014-07-07 13:57:00,440.68
2014-07-07 13:58:00,441.57
2014-07-07 13:59:00,441.30999999999995
2014-07-07 14:00:00,446.8
2014-07-07 14:01:00,471.87
2014-07-07 14:02:00,486.27
2014-07-07 14:03:00,451.15000000000003
2014-07-07 14:04:00,449.40000000000003
2014-07-07 14:05:00,450.58
2014-07-07 14:06:00,445.55000000000007
2014-07-07 14:07:00,448.3
2014-07-07 14:08:00,447.0
2014-07-07 14:09:00,446.74
2014-07-07 14:10:00,444.62000000000006
2014-07-07 14:11:00,449.18000000000006
2014-07-07 14:12:00,405.95
2014-07-07 14:13:00,351.34000000000003
2014-07-07 14:14:00,339.94
2014-07-07 14:15:00,335.70000000000005
2014-07-07 14:16:00,912.98
2014-07-07 14:17:00,3242.8999999999996
2014-07-07 14:18:00,3227.54
2014-07-07 14:19:00,336.6
2014-07-07 14:20:00,338.91
2014-07-07 14:21:00,334.0
2014-07-07 14:22:00,337.06999999999994
2014-07-07 14:23:00,340.8
2014-07-07 14:24:00,339.75
2014-07-07 14:25:00,337.90000000000003
2014-07-07 14:26:00,340.2
2014-07-07 14:27:00,338.92
2014-07-07 14:28:00,341.09
2014-07-07 14:29:00,342.72999999999996
2014-07-07 14:30:00,334.90000000000003
2014-07-07 14:31:00,337.1
2014-07-07 14:32:00,339.69
2014-07-07 14:33:00,349.32
2014-07-07 14:34:00,342.0
2014-07-07 14:35:00,346.49999999999994
2014-07-07 14:36:00,351.34000000000003
2014-07-07 14:37:00,343.97999999999996
2014-07-07 14:38:00,341.29999999999995
2014-07-07 14:39:00,340.70000000000005
2014-07-07 14:40:00,347.6
2014-07-07 14:41:00,344.56999999999994
2014-07-07 14:42:00,348.70000000000005
2014-07-07 14:43:00,345.1
2014-07-07 14:44:00,342.6000000000001
2014-07-07 14:45:00,341.34000000000003
2014-07-07 14:46:00,342.8
2014-07-07 14:47:00,353.2
2014-07-07 14:48:00,395.2900000000001
2014-07-07 14:49:00,471.82000000000005
2014-07-07 14:50:00,453.00000000000006
2014-07-07 14:51:00,454.9000000000001
2014-07-07 14:52:00,449.71999999999997
2014-07-07 14:53:00,453.03999999999996
2014-07-07 14:54:00,451.29999999999995
2014-07-07 14:55:00,448.90000000000003
2014-07-07 14:56:00,448.86
2014-07-07 14:57:00,449.57000000000005
2014-07-07 14:58:00,452.71999999999997
2014-07-07 14:59:00,453.09999999999997
2014-07-07 15:00:00,452.30000000000007
2014-07-07 15:01:00,450.76000000000005
2014-07-07 15:02:00,450.5799999999999
2014-07-07 15:03:00,453.1
2014-07-07 15:04:00,450.2
2014-07-07 15:05:00,447.16
2014-07-07 15:06:00,459.29999999999995
2014-07-07 15:07:00,447.0
2014-07-07 15:08:00,442.30000000000007
2014-07-07 15:09:00,351.57
2014-07-07 15:10:00,343.12
2014-07-07 15:11:00,340.0
2014-07-07 15:12:00,340.80000000000007
2014-07-07 15:13:00,339.7300000000001
2014-07-07 15:14:00,344.79999999999995
2014-07-07 15:15:00,340.09999999999997
2014-07-07 15:16:00,340.5
2014-07-07 15:17:00,351.47
2014-07-07 15:18:00,341.09999999999997
2014-07-07 15:19:00,340.20000000000005
2014-07-07 15:20:00,342.7
2014-07-07 15:21:00,340.41
2014-07-07 15:22:00,343.78
2014-07-07 15:23:00,337.5
2014-07-07 15:24:00,342.4
2014-07-07 15:25:00,341.93000000000006
2014-07-07 15:26:00,340.91
2014-07-07 15:27:00,347.8
2014-07-07 15:28:00,337.90000000000003
2014-07-07 15:29:00,336.66999999999996
2014-07-07 15:30:00,335.52
2014-07-07 15:31:00,342.6000000000001
2014-07-07 15:32:00,341.7000000000001
2014-07-07 15:33:00,337.99
2014-07-07 15:34:00,337.64
2014-07-07 15:35:00,337.78999999999996
2014-07-07 15:36:00,337.5
2014-07-07 15:37:00,343.59
2014-07-07 15:38:00,338.78999999999996
2014-07-07 15:39:00,335.6
2014-07-07 15:40:00,346.5999999999999
2014-07-07 15:41:00,334.09999999999997
2014-07-07 15:42:00,343.15
2014-07-07 15:43:00,346.8
2014-07-07 15:44:00,333.2
2014-07-07 15:45:00,339.82
2014-07-07 15:46:00,337.22
2014-07-07 15:47:00,462.79999999999995
2014-07-07 15:48:00,463.79999999999995
2014-07-07 15:49:00,452.3
2014-07-07 15:50:00,453.0
2014-07-07 15:51:00,449.29999999999995
2014-07-07 15:52:00,449.69999999999993
2014-07-07 15:53:00,446.90999999999997
2014-07-07 15:54:00,447.33
2014-07-07 15:55:00,450.5
2014-07-07 15:56:00,453.4
2014-07-07 15:57:00,447.03
2014-07-07 15:58:00,450.0399999999999
2014-07-07 15:59:00,453.3
2014-07-07 16:00:00,459.50999999999993
2014-07-07 16:01:00,447.6
2014-07-07 16:02:00,447.22999999999996
2014-07-07 16:03:00,447.3
2014-07-07 16:04:00,446.6
2014-07-07 16:05:00,442.8299999999999
2014-07-07 16:06:00,445.04
2014-07-07 16:07:00,340.0
2014-07-07 16:08:00,336.70000000000005
2014-07-07 16:09:00,347.86
2014-07-07 16:10:00,338.17
2014-07-07 16:11:00,341.69999999999993
2014-07-07 16:12:00,337.4
2014-07-07 16:13:00,342.18
2014-07-07 16:14:00,340.99000000000007
2014-07-07 16:15:00,341.5
2014-07-07 16:16:00,343.9
2014-07-07 16:17:00,351.21000000000004
2014-07-07 16:18:00,341.71
2014-07-07 16:19:00,344.12000000000006
2014-07-07 16:20:00,349.79999999999995
2014-07-07 16:21:00,345.9
2014-07-07 16:22:00,349.27000000000004
