2014-07-06 16:23:00,-4.441421375976286e-137
2014-07-06 16:24:00,-1.145230974800633e-137
2014-07-06 16:25:00,-2.953005073414173e-138
2014-07-06 16:26:00,-7.614393214545003e-139
2014-07-06 16:27:00,-1.963389245338757e-139
2014-07-06 16:28:00,-5.062645466414807e-140
2014-07-06 16:29:00,-1.3054150713852836e-140
2014-07-06 16:30:00,-3.3660435436465613e-141
2014-07-06 16:31:00,-8.679422649612094e-142
2014-07-06 16:32:00,-2.2380095965420475e-142
2014-07-06 16:33:00,-5.770760517622427e-143
2014-07-06 16:34:00,-1.488004207095848e-143
2014-07-06 16:35:00,-3.8368539355832006e-144
2014-07-06 16:36:00,-9.893418347070372e-145
2014-07-06 16:37:00,-2.551041249770033e-145
2014-07-06 16:38:00,-6.5779200168521535e-146
2014-07-06 16:39:00,-1.696132187278417e-146
2014-07-06 16:40:00,-4.373516840204363e-147
2014-07-06 16:41:00,-1.1277216301309814e-147
2014-07-06 16:42:00,-2.907856815307653e-148
2014-07-06 16:43:00,-7.497977366409077e-149
2014-07-06 16:44:00,-1.9333711443845683e-149
2014-07-06 16:45:00,-4.985243085268677e-150
2014-07-06 16:46:00,-1.2854566848895516e-150
2014-07-06 16:47:00,-3.3145803734429756e-151
2014-07-06 16:48:00,-8.546723651724386e-152
2014-07-06 16:49:00,-2.2037928470284827e-152
2014-07-06 16:50:00,-5.682531822160976e-153
2014-07-06 16:51:00,-1.465254229925018e-153
2014-07-06 16:52:00,-3.77819258299718e-154
2014-07-06 16:53:00,-9.74215866617534e-155
2014-07-06 16:54:00,-2.5120385843763977e-155
2014-07-06 16:55:00,-6.477350724439415e-156
2014-07-06 16:56:00,-1.6702001580845308e-156
2014-07-06 16:57:00,-4.306650491442769e-157
2014-07-06 16:58:00,-1.1104799844298657e-157
2014-07-06 16:59:00,-2.863398825304273e-158
2014-07-06 17:00:00,-7.383341390852722e-159
2014-07-06 17:01:00,-1.9038119877722906e-159
2014-07-06 17:02:00,-4.9090241029301517e-160
2014-07-06 17:03:00,-1.2658034405669755e-160
2014-07-06 17:04:00,-3.2639040195277022e-161
2014-07-06 17:05:00,-8.416053478190243e-162
2014-07-06 17:06:00,-2.170099234658424e-162
2014-07-06 17:07:00,-5.59565204815925e-163
2014-07-06 17:08:00,-1.4428520753337248e-163
2014-07-06 17:09:00,-3.720428099133683e-164
2014-07-06 17:10:00,-9.593211582429647e-165
2014-07-06 17:11:00,-2.473632227610795e-165
2014-07-06 17:12:00,-6.378319027885937e-166
2014-07-06 17:13:00,-1.6446646016085584e-166
2014-07-06 17:14:00,-4.240806456933355e-167
2014-07-06 17:15:00,-1.0935019448693708e-167
2014-07-06 17:16:00,-2.819620549950473e-168
2014-07-06 17:17:00,-7.270458075547747e-169
2014-07-06 17:18:00,-1.874704758738728e-169
2014-07-06 17:19:00,-4.8339704265094e-170
2014-07-06 17:20:00,-1.2464506731230886e-170
2014-07-06 17:21:00,-3.2140024523295974e-171
2014-07-06 17:22:00,-8.287381110475518e-172
2014-07-06 17:23:00,-2.1369207612301758e-172
2014-07-06 17:24:00,-5.510100572065263e-173
2014-07-06 17:25:00,-1.4207924254899359e-173
2014-07-06 17:26:00,-3.6635467718382064e-174
2014-07-06 17:27:00,-9.446541738719504e-175
2014-07-06 17:28:00,-2.4358130625582738e-175
2014-07-06 17:29:00,-6.280801419010512e-176
2014-07-06 17:30:00,-1.6195194562105245e-176
2014-07-06 17:31:00,-4.1759691065945725e-177
2014-07-06 17:32:00,-1.0767834811961848e-177
2014-07-06 17:33:00,-2.776511597142386e-178
2014-07-06 17:34:00,-7.159300624210167e-179
2014-07-06 17:35:00,-1.8460425477988637e-179
2014-07-06 17:36:00,-4.76006423973756e-180
2014-07-06 17:37:00,-1.2273937885908965e-180
2014-07-06 17:38:00,-3.1648638261963793e-181
2014-07-06 17:39:00,-8.160676004287977e-182
2014-07-06 17:40:00,-2.1042495508250692e-182
2014-07-06 17:41:00,-5.425857085639464e-183
2014-07-06 17:42:00,-1.3990700438662514e-183
2014-07-06 17:43:00,-3.60753509860147e-184
2014-07-06 17:44:00,-9.302114318506089e-185
2014-07-06 17:45:00,-2.3985721116919426e-185
2014-07-06 17:46:00,-6.184774749049579e-186
2014-07-06 17:47:00,-1.5947587529272359e-186
2014-07-06 17:48:00,-4.1121230493138485e-187
2014-07-06 17:49:00,-1.0603206247752839e-187
2014-07-06 17:50:00,-2.7340617336621856e-188
2014-07-06 17:51:00,-7.0498426502456825e-189
2014-07-06 17:52:00,-1.8178185511068403e-189
2014-07-06 17:53:00,-4.687287998737153e-190
2014-07-06 17:54:00,-1.2086282632403775e-190
2014-07-06 17:55:00,-3.1164764765829694e-191
2014-07-06 17:56:00,-8.035908082322428e-192
2014-07-06 17:57:00,-2.0720778479396214e-192
2014-07-06 17:58:00,-5.342901591131141e-193
2014-07-06 17:59:00,-1.3776797739957455e-193
2014-07-06 18:00:00,-3.55237978335143e-194
2014-07-06 18:01:00,-9.159895037555054e-195
2014-07-06 18:02:00,-2.3619005347414263e-195
2014-07-06 18:03:00,-6.090216223155987e-196
2014-07-06 18:04:00,-1.5703766140536272e-196
2014-07-06 18:05:00,-4.049253129290252e-197
2014-07-06 18:06:00,-1.0441094676480971e-197
2014-07-06 18:07:00,-2.692260882745796e-198
2014-07-06 18:08:00,-6.942058170480789e-199
2014-07-06 18:09:00,-1.7900260688405918e-199
2014-07-06 18:10:00,-4.61562442785819e-200
2014-07-06 18:11:00,-1.1901496425044038e-200
2014-07-06 18:12:00,-3.0688289172841374e-201
2014-07-06 18:13:00,-7.913047727125508e-202
2014-07-06 18:14:00,-2.040398015643757e-202
2014-07-06 18:15:00,-5.261214396536036e-203
2014-07-06 18:16:00,-1.3566165382485766e-203
2014-07-06 18:17:00,-3.498067733299739e-204
2014-07-06 18:18:00,-9.019850135802296e-205
2014-07-06 18:19:00,-2.3257896265943377e-205
2014-07-06 18:20:00,-5.997103394992378e-206
2014-07-06 18:21:00,-1.5463672517489075e-206
2014-07-06 18:22:00,-3.987344422439358e-207
2014-07-06 18:23:00,-1.0281461616039839e-207
2014-07-06 18:24:00,-2.651099121691569e-208
2014-07-06 18:25:00,-6.835921598996033e-209
2014-07-06 18:26:00,-1.7626585036098186e-209
2014-07-06 18:27:00,-4.5450565155754724e-210
2014-07-06 18:28:00,-1.1719535399210591e-210
2014-07-06 18:29:00,-3.021909837703464e-211
2014-07-06 18:30:00,-7.792065774060793e-212
2014-07-06 18:31:00,-2.0092025337669808e-212
2014-07-06 18:32:00,-5.1807761109180616e-213
2014-07-06 18:33:00,-1.3358753366259193e-213
2014-07-06 18:34:00,-3.4445860558323657e-214
2014-07-06 18:35:00,-8.88194636933849e-215
2014-07-06 18:36:00,-2.290230815230669e-215
2014-07-06 18:37:00,-5.905414161403203e-216
2014-07-06 18:38:00,-1.52272496666198e-216
2014-07-06 18:39:00,-3.926382232850343e-217
2014-07-06 18:40:00,-1.0124269172678547e-217
2014-07-06 18:41:00,-2.6105666795063207e-218
2014-07-06 18:42:00,-6.731407741054076e-219
2014-07-06 18:43:00,-1.7357093588926424e-219
2014-07-06 18:44:00,-4.4755675104531784e-220
2014-07-06 18:45:00,-1.1540356360931271e-220
2014-07-06 18:46:00,-2.9757081001734955e-221
2014-07-06 18:47:00,-7.67293350438917e-222
2014-07-06 18:48:00,-1.9784839971145823e-222
2014-07-06 18:49:00,-5.1015676398076595e-223
2014-07-06 18:50:00,-1.315451245574229e-223
2014-07-06 18:51:00,-3.3919220554492323e-224
2014-07-06 18:52:00,-8.74615100251759e-225
2014-07-06 18:53:00,-2.2552156596862208e-225
2014-07-06 18:54:00,-5.8151267571640734e-226
2014-07-06 18:55:00,-1.4994441465784558e-226
2014-07-06 18:56:00,-3.866352089296817e-227
2014-07-06 18:57:00,-9.969480031995779e-228
2014-07-06 18:58:00,-2.570653934584023e-228
2014-07-06 18:59:00,-6.628491787117664e-229
2014-07-06 19:00:00,-1.709172237491194e-229
2014-07-06 19:01:00,-4.4071409171662685e-230
2014-07-06 19:02:00,-1.1363916776621434e-230
2014-07-06 19:03:00,-2.9302127373092804e-231
2014-07-06 19:04:00,-7.555622638449237e-232
2014-07-06 19:05:00,-1.948235113709406e-232
2014-07-06 19:06:00,-5.023570180669479e-233
2014-07-06 19:07:00,-1.2953394168152644e-233
2014-07-06 19:08:00,-3.340063230750899e-234
2014-07-06 19:09:00,-8.612431800186332e-235
2014-07-06 19:10:00,-2.22073584805124e-235
2014-07-06 19:11:00,-5.726219749819136e-236
2014-07-06 19:12:00,-1.4765192650892228e-236
2014-07-06 19:13:00,-3.8072397418006947e-237
2014-07-06 19:14:00,-9.81705745009094e-238
2014-07-06 19:15:00,-2.5313514124225888e-238
2014-07-06 19:16:00,-6.527149306958861e-239
2014-07-06 19:17:00,-1.683040840013782e-239
2014-07-06 19:18:00,-4.339760492584422e-240
2014-07-06 19:19:00,-1.1190174762987133e-240
2014-07-06 19:20:00,-2.885412949404489e-241
2014-07-06 19:21:00,-7.440105328944905e-242
2014-07-06 19:22:00,-1.918448703060294e-242
2014-07-06 19:23:00,-4.946765218438302e-243
2014-07-06 19:24:00,-1.2755350761954366e-243
2014-07-06 19:25:00,-3.2889972714704726e-244
2014-07-06 19:26:00,-8.48075702003147e-245
2014-07-06 19:27:00,-2.186783195495257e-245
2014-07-06 19:28:00,-5.63867203458953e-246
2014-07-06 19:29:00,-1.453944880277151e-246
2014-07-06 19:30:00,-3.7490311582521696e-247
2014-07-06 19:31:00,-9.666965244834521e-248
2014-07-06 19:32:00,-2.4926497833753234e-248
2014-07-06 19:33:00,-6.427356243864795e-249
2014-07-06 19:34:00,-1.6573089633797953e-249
2014-07-06 19:35:00,-4.273410241918567e-250
2014-07-06 19:36:00,-1.1019089077085424e-250
2014-07-06 19:37:00,-2.8412981018698075e-251
2014-07-06 19:38:00,-7.326354154335147e-252
2014-07-06 19:39:00,-1.8891176944585808e-252
2014-07-06 19:40:00,-4.8711345211248903e-253
2014-07-06 19:41:00,-1.2560335225537162e-253
2014-07-06 19:42:00,-3.238712055552873e-254
2014-07-06 19:43:00,497.8036645963589
2014-07-06 19:44:00,1032.744729458747
2014-07-06 19:45:00,1009.8946566722542
2014-07-06 19:46:00,809.3947321507917
2014-07-06 19:47:00,749.3350731651525
2014-07-06 19:48:00,881.313568259025
2014-07-06 19:49:00,857.3499036032398
2014-07-06 19:50:00,1713.0380911242928
2014-07-06 19:51:00,2625.9632548752325
2014-07-06 19:52:00,2412.6482183128574
2014-07-06 19:53:00,2004.7860858297806
2014-07-06 19:54:00,1655.2036994429952
2014-07-06 19:55:00,2227.7354722856353
2014-07-06 19:56:00,1800.8312465438933
2014-07-06 19:57:00,1901.3834498164235
2014-07-06 19:58:00,1928.4283205173115
2014-07-06 19:59:00,1080.2804570217097
2014-07-06 20:00:00,463.0348552749623
2014-07-06 20:01:00,-114.98368328258553
2014-07-06 20:02:00,272.5092977225516
2014-07-06 20:03:00,26.589877512161955
2014-07-06 20:04:00,139.94706806112652
2014-07-06 20:05:00,-63.603566129086936
2014-07-06 20:06:00,-16.40032950550638
2014-07-06 20:07:00,-4.228863635464908
2014-07-06 20:08:00,-1.0904224601922308
2014-07-06 20:09:00,-0.28116800260951597
2014-07-06 20:10:00,-0.07249983247546563
2014-07-06 20:11:00,-0.01869425276058422
2014-07-06 20:12:00,-0.004820357155926736
2014-07-06 20:13:00,-0.0012429404592028193
2014-07-06 20:14:00,-0.00032049512829642986
2014-07-06 20:15:00,-8.264042456837683e-05
2014-07-06 20:16:00,-2.1309028343562986e-05
2014-07-06 20:17:00,-5.4945832057172606e-06
2014-07-06 20:18:00,-1.4167912359866166e-06
2014-07-06 20:19:00,-3.653229610354659e-07
2014-07-06 20:20:00,-9.419938694552663e-08
2014-07-06 20:21:00,-2.4289534048890737e-08
2014-07-06 20:22:00,-6.263113629957764e-09
2014-07-06 20:23:00,-1.6149586180949299e-09
2014-07-06 20:24:00,-4.164208877967309e-10
2014-07-06 20:25:00,-1.073751078513614e-10
2014-07-06 20:26:00,-2.768692475320945e-11
2014-07-06 20:27:00,-7.139138834215817e-12
2014-07-06 20:28:00,-1.8408437827064736e-12
2014-07-06 20:29:00,-4.746659101358411e-13
2014-07-06 20:30:00,-1.223937242050145e-13
2014-07-06 20:31:00,-3.1559510394342946e-14
2014-07-06 20:32:00,-8.137694173456016e-15
2014-07-06 20:33:00,-2.0983236315532362e-15
2014-07-06 20:34:00,-5.410576963062162e-16
2014-07-06 20:35:00,-1.3951300282287406e-16
2014-07-06 20:36:00,-3.597375675373444e-17
2014-07-06 20:37:00,-9.275918006149743e-18
2014-07-06 20:38:00,-2.3918173307794267e-18
2014-07-06 20:39:00,-6.167357387186491e-19
2014-07-06 20:40:00,-1.5902676451001905e-19
2014-07-06 20:41:00,-4.100542621879864e-20
2014-07-06 20:42:00,-1.0573345842545056e-20
2014-07-06 20:43:00,-2.7263621577677436e-21
2014-07-06 20:44:00,-7.029989112243617e-22
2014-07-06 20:45:00,-1.812699269517637e-22
2014-07-06 20:46:00,-4.674087810444841e-23
2014-07-06 20:47:00,-1.205224563562819e-23
2014-07-06 20:48:00,-3.1076999567041966e-24
2014-07-06 20:49:00,-8.013277618861227e-25
2014-07-06 20:50:00,-2.0662425295728756e-25
2014-07-06 20:51:00,-5.327855085123862e-26
2014-07-06 20:52:00,-1.3737999969416286e-26
2014-07-06 20:53:00,-3.542375686731244e-27
2014-07-06 20:54:00,-9.134099238520018e-28
2014-07-06 20:55:00,-2.355249027133135e-28
2014-07-06 20:56:00,-6.073065153942745e-29
2014-07-06 20:57:00,-1.56595417041446e-29
2014-07-06 20:58:00,-4.037849754083581e-30
2014-07-06 20:59:00,-1.0411690804615933e-30
2014-07-06 21:00:00,-2.6846790250501925e-31
2014-07-06 21:01:00,-6.92250817163098e-32
2014-07-06 21:02:00,-1.7849850555373934e-32
2014-07-06 21:03:00,-4.602626056187642e-33
2014-07-06 21:04:00,-1.186797981718583e-33
2014-07-06 21:05:00,-3.0601865809145787e-34
2014-07-06 21:06:00,-7.890763259008213e-35
2014-07-06 21:07:00,-2.0346519129923054e-35
2014-07-06 21:08:00,-5.2463979353540416e-36
2014-07-06 21:09:00,-1.3527960787951332e-36
2014-07-06 21:10:00,-3.4882165885119143e-37
2014-07-06 21:11:00,-8.99444872667401e-38
2014-07-06 21:12:00,-2.319239813353282e-38
2014-07-06 21:13:00,-5.980214547103676e-39
2014-07-06 21:14:00,-1.542012422496382e-39
2014-07-06 21:15:00,-3.976115392523552e-40
2014-07-06 21:16:00,-1.0252507297618285e-40
2014-07-06 21:17:00,-2.643633182411391e-41
2014-07-06 21:18:00,-6.816670498513291e-42
2014-07-06 21:19:00,-1.7576945619556468e-42
2014-07-06 21:20:00,-4.53225687496896e-43
2014-07-06 21:21:00,-1.1686531224086827e-43
2014-07-06 21:22:00,-3.0133996333228775e-44
2014-07-06 21:23:00,-7.770122011392257e-45
2014-07-06 21:24:00,-2.0035442828189464e-45
2014-07-06 21:25:00,-5.166186177425001e-46
2014-07-06 21:26:00,-1.3321132878714559e-46
2014-07-06 21:27:00,-3.434885524408411e-47
2014-07-06 21:28:00,-8.856933320320228e-48
2014-07-06 21:29:00,-2.2837811415594732e-48
2014-07-06 21:30:00,-5.888783525757473e-49
2014-07-06 21:31:00,-1.5184367180453172e-49
2014-07-06 21:32:00,-3.915324882674324e-50
2014-07-06 21:33:00,-1.0095757534512842e-50
2014-07-06 21:34:00,-2.6032148863739503e-51
2014-07-06 21:35:00,-6.712450969104502e-52
2014-07-06 21:36:00,-1.7308213105449546e-52
2014-07-06 21:37:00,-4.46296356252689e-53
2014-07-06 21:38:00,-1.150785678399857e-53
2014-07-06 21:39:00,-2.9673280076263814e-54
2014-07-06 21:40:00,-7.651325238150769e-55
2014-07-06 21:41:00,-1.9729122547121423e-55
2014-07-06 21:42:00,-5.087200770639355e-56
2014-07-06 21:43:00,-1.3117467144817698e-56
2014-07-06 21:44:00,-3.3823698346731816e-57
2014-07-06 21:45:00,-8.721520376002696e-58
2014-07-06 21:46:00,-2.2488645945594323e-58
2014-07-06 21:47:00,-5.798750385975026e-59
2014-07-06 21:48:00,-1.495221460651421e-59
2014-07-06 21:49:00,-3.85546379406104e-60
2014-07-06 21:50:00,-9.941404305982442e-61
2014-07-06 21:51:00,-2.563414542427758e-61
2014-07-06 21:52:00,-6.609824843735838e-62
2014-07-06 21:53:00,-1.7043589221229697e-62
2014-07-06 21:54:00,-4.3947296699898344e-63
2014-07-06 21:55:00,-1.1331914083116848e-63
2014-07-06 21:56:00,-2.9219607673254576e-64
2014-07-06 21:57:00,-7.534344739262523e-65
2014-07-06 21:58:00,-1.9427485572300397e-65
2014-07-06 21:59:00,-5.00942296541329e-66
2014-07-06 22:00:00,-1.2916915240018178e-66
2014-07-06 22:01:00,-3.3306570531129156e-67
2014-07-06 22:02:00,-8.588177749347207e-68
2014-07-06 22:03:00,-2.2144818838504335e-68
2014-07-06 22:04:00,-5.710093755657006e-69
2014-07-06 22:05:00,-1.4723611394690055e-69
2014-07-06 22:06:00,-3.796517916839251e-70
2014-07-06 22:07:00,-9.789410971603866e-71
2014-07-06 22:08:00,-2.5242227027534013e-71
2014-07-06 22:09:00,-6.508767760979787e-72
2014-07-06 22:10:00,-1.6783011150388027e-72
2014-07-06 22:11:00,-4.327538999972511e-73
2014-07-06 22:12:00,-1.1158661356099537e-73
2014-07-06 22:13:00,-2.877287143129351e-74
2014-07-06 22:14:00,-7.419152745854901e-75
2014-07-06 22:15:00,-1.9130460301038572e-75
2014-07-06 22:16:00,-4.932834298823538e-76
2014-07-06 22:17:00,-1.2719429557232679e-76
2014-07-06 22:18:00,-3.2797349041297255e-77
2014-07-06 22:19:00,-8.456873787434114e-78
2014-07-06 22:20:00,-2.180624847652385e-78
2014-07-06 22:21:00,-5.622792589461772e-79
2014-07-06 22:22:00,-1.4498503279066682e-79
2014-07-06 22:23:00,-3.73847325841393e-80
2014-07-06 22:24:00,-9.639741451144853e-81
2014-07-06 22:25:00,-2.4856300639776567e-81
2014-07-06 22:26:00,-6.409255731871042e-82
2014-07-06 22:27:00,-1.6526417036807192e-82
2014-07-06 22:28:00,-4.261375602728773e-83
2014-07-06 22:29:00,-1.0988057476154122e-83
2014-07-06 22:30:00,-2.8332965303961824e-84
2014-07-06 22:31:00,-7.305721913611187e-85
2014-07-06 22:32:00,-1.8837976225364646e-85
2014-07-06 22:33:00,-4.857416590224685e-86
2014-07-06 22:34:00,-1.2524963217238207e-86
2014-07-06 22:35:00,-3.2295912998047623e-87
2014-07-06 22:36:00,-8.327577321280406e-88
2014-07-06 22:37:00,-2.1472854489700041e-88
2014-07-06 22:38:00,-5.53682616380583e-89
2014-07-06 22:39:00,-1.4276836823397523e-89
2014-07-06 22:40:00,-3.681316040123903e-90
2014-07-06 22:41:00,-9.492360215998413e-91
2014-07-06 22:42:00,-2.447627464966098e-91
2014-07-06 22:43:00,-6.311265134206377e-92
2014-07-06 22:44:00,-1.627374597008199e-92
2014-07-06 22:45:00,-4.196223772367573e-93
2014-07-06 22:46:00,-1.082006194526879e-93
2014-07-06 22:47:00,-2.789978486618703e-94
2014-07-06 22:48:00,-7.194025316278662e-95
2014-07-06 22:49:00,-1.8549963915303493e-95
2014-07-06 22:50:00,-4.783151936934e-96
2014-07-06 22:51:00,-1.2333470057544651e-96
2014-07-06 22:52:00,-3.1802143370312433e-97
2014-07-06 22:53:00,-8.200257658445228e-98
2014-07-06 22:54:00,-2.1144557736842153e-98
2014-07-06 22:55:00,-5.452174071947328e-99
2014-07-06 22:56:00,-1.4058559408420472e-99
2014-07-06 22:57:00,-3.6250326939670024e-100
2014-07-06 22:58:00,-9.347232280754302e-101
2014-07-06 22:59:00,-2.410205884647496e-101
2014-07-06 23:00:00,-6.2147727069430785e-102
2014-07-06 23:01:00,-1.602493797106178e-102
2014-07-06 23:02:00,-4.132068043124006e-103
2014-07-06 23:03:00,-1.0654634884602201e-103
2014-07-06 23:04:00,-2.7473227289440873e-104
2014-07-06 23:05:00,-7.084036439277965e-105
2014-07-06 23:06:00,-1.8266355002388652e-105
2014-07-06 23:07:00,-4.710022709979728e-106
2014-07-06 23:08:00,-1.2144904621435313e-106
2014-07-06 23:09:00,-3.131592294687449e-107
2014-07-06 23:10:00,-8.074884575738998e-108
2014-07-06 23:11:00,-2.0821280286750754e-108
2014-07-06 23:12:00,-5.368816219143629e-109
2014-07-06 23:13:00,-1.384361921936178e-109
2014-07-06 23:14:00,-3.5696098593827504e-110
2014-07-06 23:15:00,-9.204323194892654e-111
2014-07-06 23:16:00,-2.3733564398737665e-111
2014-07-06 23:17:00,-6.119755544673263e-112
2014-07-06 23:18:00,-1.5779933977614861e-112
2014-07-06 23:19:00,-4.0688931856868145e-113
2014-07-06 23:20:00,-1.0491737025018094e-113
2014-07-06 23:21:00,-2.7053191317325966e-114
2014-07-06 23:22:00,-6.975729173410299e-115
2014-07-06 23:23:00,-1.7987082163429775e-115
2014-07-06 23:24:00,-4.6380115499209786e-116
2014-07-06 23:25:00,-1.1959222147178529e-116
2014-07-06 23:26:00,-3.083713630854997e-117
2014-07-06 23:27:00,-7.951428312054832e-118
2014-07-06 23:28:00,-2.0502945399701258e-118
2014-07-06 23:29:00,-5.286732817874975e-119
2014-07-06 23:30:00,-1.3631965233641128e-119
2014-07-06 23:31:00,-3.5150343800778694e-120
2014-07-06 23:32:00,-9.063599034598496e-121
2014-07-06 23:33:00,-2.337070383310368e-121
2014-07-06 23:34:00,-6.026191092187941e-122
2014-07-06 23:35:00,-1.5538675830604266e-122
2014-07-06 23:36:00,-4.00668420358618e-123
2014-07-06 23:37:00,-1.0331329697765332e-123
2014-07-06 23:38:00,-2.6639577241549237e-124
2014-07-06 23:39:00,-6.869077808657671e-125
2014-07-06 23:40:00,-1.771207910454324e-125
2014-07-06 23:41:00,-4.5671013627216154e-126
2014-07-06 23:42:00,-1.1776378557401154e-126
2014-07-06 23:43:00,-3.0365669800807372e-127
2014-07-06 23:44:00,-7.829859561300113e-128
2014-07-06 23:45:00,-2.0189477509257223e-128
2014-07-06 23:46:00,-5.2059043831559626e-129
2014-07-06 23:47:00,-1.3423547208759954e-129
2014-07-06 23:48:00,-3.4612933009065226e-130
2014-07-06 23:49:00,-8.925026394724724e-131
2014-07-06 23:50:00,-2.301339101360438e-131
2014-07-06 23:51:00,-5.934057139125341e-132
2014-07-06 23:52:00,-1.5301106260086738e-132
2014-07-06 23:53:00,-3.945426329631996e-133
2014-07-06 23:54:00,-1.0173374825295692e-133
2014-07-06 23:55:00,-2.623228687825978e-134
2014-07-06 23:56:00,-6.764057028080388e-135
2014-07-06 23:57:00,-1.7441280545404262e-135
2014-07-06 23:58:00,-4.497275315696367e-136
2014-07-06 23:59:00,-1.1596330448627412e-136
2014-07-07 00:00:00,-2.99014115067456e-137
2014-07-07 00:01:00,-7.710149465441361e-138
2014-07-07 00:02:00,-1.988080220428415e-138
2014-07-07 00:03:00,-5.126311727904028e-139
2014-07-07 00:04:00,-1.321831567037243e-139
2014-07-07 00:05:00,-3.408373864791321e-140
2014-07-07 00:06:00,-8.788572380844862e-141
2014-07-07 00:07:00,-2.266154112118774e-141
2014-07-07 00:08:00,-5.84333181469389e-142
2014-07-07 00:09:00,-1.5067168871708881e-142
2014-07-07 00:10:00,-3.8851050224074e-143
2014-07-07 00:11:00,-1.0017834912222161e-143
2014-07-07 00:12:00,-2.583122354472487e-144
2014-07-07 00:13:00,-6.660641901809031e-145
2014-07-07 00:14:00,-1.7174622203752747e-145
2014-07-07 00:15:00,-4.428516833513381e-146
2014-07-07 00:16:00,-1.141903508097288e-146
2014-07-07 00:17:00,-2.944425122056652e-147
2014-07-07 00:18:00,-7.592269607653318e-148
2014-07-07 00:19:00,-1.957684621133313e-148
2014-07-07 00:20:00,-5.047935958384654e-149
2014-07-07 00:21:00,-1.3016221900541637e-149
2014-07-07 00:22:00,-3.3562635096973525e-150
2014-07-07 00:23:00,-8.654204601457112e-151
2014-07-07 00:24:00,-2.2315070633604855e-151
2014-07-07 00:25:00,-5.753993582482518e-152
2014-07-07 00:26:00,-1.4836808133330092e-152
2014-07-07 00:27:00,-3.8257059628188016e-153
2014-07-07 00:28:00,-9.86467303642505e-154
2014-07-07 00:29:00,-2.543629203637719e-154
2014-07-07 00:30:00,-6.558807881121616e-155
2014-07-07 00:31:00,-1.6912040780133485e-155
2014-07-07 00:32:00,-4.3608095942581613e-156
2014-07-07 00:33:00,-1.1244450367995982e-156
2014-07-07 00:34:00,-2.8994080421398757e-157
2014-07-07 00:35:00,-7.47619200557108e-158
2014-07-07 00:36:00,-1.927753737722009e-158
2014-07-07 00:37:00,-4.970758469729084e-159
2014-07-07 00:38:00,-1.281721792617585e-159
2014-07-07 00:39:00,-3.304949865649789e-160
2014-07-07 00:40:00,-8.521891160289142e-161
2014-07-07 00:41:00,-2.1973897305562393e-161
2014-07-07 00:42:00,-5.666021235349721e-162
2014-07-07 00:43:00,-1.4609969361832996e-162
2014-07-07 00:44:00,-3.7672150506956834e-163
2014-07-07 00:45:00,-9.713852840283041e-164
2014-07-07 00:46:00,-2.504739860423984e-164
2014-07-07 00:47:00,-6.458530792622187e-165
2014-07-07 00:48:00,-1.6653473942874892e-165
2014-07-07 00:49:00,-4.29413752556252e-166
2014-07-07 00:50:00,-1.1072534866716585e-166
2014-07-07 00:51:00,-2.8550792247531015e-167
2014-07-07 00:52:00,-7.361889104652273e-168
2014-07-07 00:53:00,-1.898280465190448e-168
2014-07-07 00:54:00,-4.8947609415176694e-169
2014-07-07 00:55:00,-1.2621256507639053e-169
2014-07-07 00:56:00,-3.2544207517964988e-170
2014-07-07 00:57:00,-8.391600648727807e-171
2014-07-07 00:58:00,-2.1637940149211793e-171
2014-07-07 00:59:00,-5.579393890387446e-172
2014-07-07 01:00:00,-1.43865987101498e-172
2014-07-07 01:01:00,-3.709618401444677e-173
2014-07-07 01:02:00,-9.565338522041807e-174
2014-07-07 01:03:00,-2.46644509326432e-174
2014-07-07 01:04:00,-6.359786832499022e-175
2014-07-07 01:05:00,-1.6398860313283583e-175
2014-07-07 01:06:00,-4.228484800786196e-176
2014-07-07 01:07:00,-1.090324776776949e-176
2014-07-07 01:08:00,-2.811428147105504e-177
2014-07-07 01:09:00,-7.24933377163266e-178
2014-07-07 01:10:00,-1.869257807162436e-178
2014-07-07 01:11:00,-4.819925333429465e-179
2014-07-07 01:12:00,-1.2428291127536613e-179
2014-07-07 01:13:00,-3.204664173519546e-180
2014-07-07 01:14:00,-8.263302138364203e-181
2014-07-07 01:15:00,-2.130711941492025e-181
2014-07-07 01:16:00,-5.494090983965811e-182
2014-07-07 01:17:00,-1.416664315447381e-182
2014-07-07 01:18:00,-3.6529023427512138e-183
2014-07-07 01:19:00,-9.419094827320434e-184
2014-07-07 01:20:00,-2.4287358117334646e-184
2014-07-07 01:21:00,-6.262552560875114e-185
2014-07-07 01:22:00,-1.614813945108831e-185
2014-07-07 01:23:00,-4.163835835261474e-186
2014-07-07 01:24:00,-1.0736548885722518e-186
2014-07-07 01:25:00,-2.768444447288803e-187
2014-07-07 01:26:00,-7.138499288086125e-188
2014-07-07 01:27:00,-1.840678874229018e-188
2014-07-07 01:28:00,-4.7462338809609416e-189
2014-07-07 01:29:00,-1.2238275979678967e-189
2014-07-07 01:30:00,-3.155668319583034e-190
2014-07-07 01:31:00,-8.13696517365255e-191
2014-07-07 01:32:00,-2.098135657234898e-191
2014-07-07 01:33:00,-5.410092266849903e-192
2014-07-07 01:34:00,-1.3950050481674771e-192
2014-07-07 01:35:00,-3.597053411338008e-193
2014-07-07 01:36:00,-9.275087040736729e-194
2014-07-07 01:37:00,-2.3916030643881078e-194
2014-07-07 01:38:00,-6.1668048962442074e-195
2014-07-07 01:39:00,-1.5901251840079798e-195
2014-07-07 01:40:00,-4.1001752825944382e-196
2014-07-07 01:41:00,-1.0572398649534955e-196
2014-07-07 01:42:00,-2.726117921816418e-197
2014-07-07 01:43:00,-7.02935934408432e-198
2014-07-07 01:44:00,-1.812536882312785e-198
2014-07-07 01:45:00,-4.673669091208363e-199
2014-07-07 01:46:00,-1.2051165958202448e-199
2014-07-07 01:47:00,-3.107421559334357e-200
2014-07-07 01:48:00,-8.012559764677637e-201
2014-07-07 01:49:00,-2.066057429179117e-201
2014-07-07 01:50:00,-5.327377799393587e-202
2014-07-07 01:51:00,-1.3736769276906335e-202
2014-07-07 01:52:00,-3.542058349765553e-203
2014-07-07 01:53:00,-9.133280977670905e-204
2014-07-07 01:54:00,-2.3550380366436046e-204
2014-07-07 01:55:00,-6.0725211099905315e-205
2014-07-07 01:56:00,-1.5658138873984002e-205
2014-07-07 01:57:00,-4.037488031019005e-206
2014-07-07 01:58:00,-1.0410758093165463e-206
2014-07-07 01:59:00,-2.6844385232030406e-207
2014-07-07 02:00:00,-6.921888031946469e-208
2014-07-07 02:01:00,-1.7848251510574849e-208
2014-07-07 02:02:00,-4.602213738715876e-209
2014-07-07 02:03:00,-1.1866916646862448e-209
2014-07-07 02:04:00,-3.059912439939227e-210
2014-07-07 02:05:00,-7.890056380039416e-211
2014-07-07 02:06:00,-2.0344696425832397e-211
2014-07-07 02:07:00,-5.245927946807148e-212
2014-07-07 02:08:00,-1.3526748911400127e-212
2014-07-07 02:09:00,-3.4879041032853774e-213
2014-07-07 02:10:00,-8.99364297614802e-214
2014-07-07 02:11:00,-2.3190320486804545e-214
2014-07-07 02:12:00,-5.979678820995534e-215
2014-07-07 02:13:00,-1.5418742842561906e-215
2014-07-07 02:14:00,-3.975759199813504e-216
2014-07-07 02:15:00,-1.0251588846317097e-216
2014-07-07 02:16:00,-2.6433963575774723e-217
2014-07-07 02:17:00,-6.816059840094828e-218
2014-07-07 02:18:00,-1.7575371022424761e-218
2014-07-07 02:19:00,-4.531850861385485e-219
2014-07-07 02:20:00,-1.1685484308487986e-219
2014-07-07 02:21:00,-3.0131296836669524e-220
2014-07-07 02:22:00,-7.769425939840013e-221
2014-07-07 02:23:00,-2.0033647991275765e-221
2014-07-07 02:24:00,-5.165723374494475e-222
2014-07-07 02:25:00,-1.3319939530444125e-222
2014-07-07 02:26:00,-3.4345778167430506e-223
2014-07-07 02:27:00,-8.856139888849637e-224
2014-07-07 02:28:00,-2.283576553384015e-224
2014-07-07 02:29:00,-5.888255990322183e-225
2014-07-07 02:30:00,-1.5183006917892686e-225
2014-07-07 02:31:00,-3.914974135765396e-226
2014-07-07 02:32:00,-1.0094853125338622e-226
2014-07-07 02:33:00,-2.60298168233576e-227
2014-07-07 02:34:00,-6.711849646993565e-228
2014-07-07 02:35:00,-1.730666258220539e-228
2014-07-07 02:36:00,-4.4625637564522214e-229
2014-07-07 02:37:00,-1.1506825874607788e-229
2014-07-07 02:38:00,-2.9670621852088245e-230
2014-07-07 02:39:00,-7.650639808779495e-231
2014-07-07 02:40:00,-1.9727355151325211e-231
2014-07-07 02:41:00,-5.08674504346597e-232
2014-07-07 02:42:00,-1.3116292041554145e-232
2014-07-07 02:43:00,-3.3820668315258838e-233
2014-07-07 02:44:00,-8.720739075242001e-234
2014-07-07 02:45:00,-2.2486631343160966e-234
2014-07-07 02:46:00,-5.7982309159865434e-235
2014-07-07 02:47:00,-1.4950875140900218e-235
2014-07-07 02:48:00,-3.8551184096941027e-236
2014-07-07 02:49:00,-9.940513724248282e-237
2014-07-07 02:50:00,-2.5631849038276624e-237
2014-07-07 02:51:00,-6.609232715189905e-238
2014-07-07 02:52:00,-1.704206240381279e-238
2014-07-07 02:53:00,-4.394335976518693e-239
2014-07-07 02:54:00,-1.1330898935217538e-239
2014-07-07 02:55:00,-2.9216990090460526e-240
2014-07-07 02:56:00,-7.53366978936679e-241
2014-07-07 02:57:00,-1.9425745198081316e-241
2014-07-07 02:58:00,-5.008974205816394e-242
2014-07-07 02:59:00,-1.2915758102815737e-242
2014-07-07 03:00:00,-3.330358682556812e-243
2014-07-07 03:01:00,-8.587408393831629e-244
2014-07-07 03:02:00,-2.2142835037168107e-244
2014-07-07 03:03:00,-5.709582227804515e-245
2014-07-07 03:04:00,-1.4722292408058958e-245
2014-07-07 03:05:00,-3.796177813026404e-246
2014-07-07 03:06:00,-9.788534005902305e-247
2014-07-07 03:07:00,-2.5239965750794614e-247
2014-07-07 03:08:00,-6.5081846854405945e-248
2014-07-07 03:09:00,-1.6781507676360275e-248
2014-07-07 03:10:00,-4.327151325648976e-249
2014-07-07 03:11:00,-1.1157661728715302e-249
2014-07-07 03:12:00,-2.877029386851055e-250
2014-07-07 03:13:00,-7.418488115213698e-251
2014-07-07 03:14:00,-1.912874653525974e-251
2014-07-07 03:15:00,-4.932392400276008e-252
2014-07-07 03:16:00,-1.2718290111407725e-252
2014-07-07 03:17:00,-3.2794410953369696e-253
2014-07-07 03:18:00,-8.45611619453333e-254
2014-07-07 03:19:00,-2.1804295005366896e-254
2014-07-07 03:20:00,-5.622288882317153e-255
2014-07-07 03:21:00,-1.449720445831731e-255
2014-07-07 03:22:00,-3.738138354421308e-256
2014-07-07 03:23:00,-9.638877893300991e-257
2014-07-07 03:24:00,-2.4854073935516966e-257
2014-07-07 03:25:00,-6.40868157092646e-258
2014-07-07 03:26:00,-1.6524936549272616e-258
2014-07-07 03:27:00,-4.260993855527147e-259
2014-07-07 03:28:00,-1.0987073131993264e-259
2014-07-07 03:29:00,-2.8330427149331464e-260
2014-07-07 03:30:00,-7.305067444454533e-261
2014-07-07 03:31:00,-1.8836288661213565e-261
2014-07-07 03:32:00,-4.856981447829164e-262
2014-07-07 03:33:00,-1.2523841192309842e-262
2014-07-07 03:34:00,-3.229301983031301e-263
2014-07-07 03:35:00,-8.32683131115822e-264
2014-07-07 03:36:00,-2.1470930885007607e-264
2014-07-07 03:37:00,-5.536330157799725e-265
2014-07-07 03:38:00,-1.4275557860216763e-265
2014-07-07 03:39:00,-3.68098625645133e-266
2014-07-07 03:40:00,-9.491509861022584e-267
2014-07-07 03:41:00,-2.4474081989302403e-267
2014-07-07 03:42:00,-6.310699751562914e-268
2014-07-07 03:43:00,-1.627228811760213e-268
2014-07-07 03:44:00,-4.1958478616682985e-269
2014-07-07 03:45:00,-1.0819092650665892e-269
2014-07-07 03:46:00,-2.7897285517201757e-270
2014-07-07 03:47:00,-7.193380853248078e-271
2014-07-07 03:48:00,-1.8548302152183766e-271
2014-07-07 03:49:00,-4.7827234473948764e-272
2014-07-07 03:50:00,-1.2332365187165485e-272
2014-07-07 03:51:00,-3.1799294435978748e-273
2014-07-07 03:52:00,-8.199523054010601e-274
2014-07-07 03:53:00,-2.1142663541984528e-274
2014-07-07 03:54:00,-5.4516856493373477e-275
2014-07-07 03:55:00,-1.4057299999202491e-275
2014-07-07 03:56:00,-3.6247079523305545e-276
2014-07-07 03:57:00,-9.346394926787683e-277
2014-07-07 03:58:00,-2.409989970952282e-277
2014-07-07 03:59:00,-6.214215968388787e-278
2014-07-07 04:00:00,-1.6023502407570708e-278
2014-07-07 04:01:00,-4.1316978796927005e-279
2014-07-07 04:02:00,-1.0653680409466229e-279
2014-07-07 04:03:00,-2.7470766152794015e-280
2014-07-07 04:04:00,-7.083401829390594e-281
2014-07-07 04:05:00,-1.8264718645828857e-281
2014-07-07 04:06:00,-4.709600771582953e-282
2014-07-07 04:07:00,-1.2143816643328253e-282
2014-07-07 04:08:00,-3.1313117569668974e-283
2014-07-07 04:09:00,-8.074161202612353e-284
2014-07-07 04:10:00,-2.0819415052084297e-284
2014-07-07 04:11:00,-5.368335263986502e-285
2014-07-07 04:12:00,-1.3842379065150142e-285
2014-07-07 04:13:00,-3.569290082694521e-286
2014-07-07 04:14:00,-9.203498643162266e-287
2014-07-07 04:15:00,-2.3731438272655858e-287
2014-07-07 04:16:00,-6.1192073180495936e-288
2014-07-07 04:17:00,-1.5778520362339162e-288
2014-07-07 04:18:00,-4.068528681654514e-289
2014-07-07 04:19:00,-1.0490797142776037e-289
2014-07-07 04:20:00,-2.705076780879711e-290
2014-07-07 04:21:00,-6.975104266022505e-291
2014-07-07 04:22:00,-1.798547082499415e-291
2014-07-07 04:23:00,-4.637596062505934e-292
2014-07-07 04:24:00,-1.1958150803080375e-292
2014-07-07 04:25:00,-3.0834373822533323e-293
2014-07-07 04:26:00,-7.950715998521245e-294
2014-07-07 04:27:00,-2.050110868246085e-294
2014-07-07 04:28:00,-5.286259216003288e-295
2014-07-07 04:29:00,-1.3630744040046032e-295
2014-07-07 04:30:00,-3.5147194924299833e-296
2014-07-07 04:31:00,-9.062787089373575e-297
2014-07-07 04:32:00,-2.336861021319424e-297
2014-07-07 04:33:00,-6.0256512473576394e-298
2014-07-07 04:34:00,-1.553728382797987e-298
2014-07-07 04:35:00,-4.00632527242729e-299
2014-07-07 04:36:00,-1.0330404185306966e-299
2014-07-07 04:37:00,-2.6637190785850003e-300
2014-07-07 04:38:00,-6.868462455428627e-301
2014-07-07 04:39:00,-1.7710492401733357e-301
2014-07-07 04:40:00,-4.566692227659916e-302
2014-07-07 04:41:00,-1.177532359299794e-302
2014-07-07 04:42:00,-3.0362949550216035e-303
2014-07-07 04:43:00,-7.829158138271256e-304
2014-07-07 04:44:00,-2.0187668873436076e-304
2014-07-07 04:45:00,-5.205438022144876e-305
2014-07-07 04:46:00,-1.3422344685895705e-305
2014-07-07 04:47:00,-3.460983227550444e-306
2014-07-07 04:48:00,-8.92422686326374e-307
2014-07-07 04:49:00,-2.301132940287951e-307
2014-07-07 04:50:00,-5.933525547938977e-308
2014-07-07 04:51:00,-1.5299735539676284e-308
2014-07-07 04:52:00,-3.94507288614339e-309
2014-07-07 04:53:00,-1.01724634629488e-309
2014-07-07 04:54:00,-2.62299369086883e-310
2014-07-07 04:55:00,-6.76345108258e-311
2014-07-07 04:56:00,-1.7439718099257e-311
2014-07-07 04:57:00,-4.49687243871e-312
2014-07-07 04:58:00,-1.15952916401e-312
2014-07-07 04:59:00,-2.9898732714e-313
2014-07-07 05:00:00,-7.7094589645e-314
2014-07-07 05:01:00,-1.987902273e-314
2014-07-07 05:02:00,-5.12585621e-315
2014-07-07 05:03:00,-1.321711145e-315
2014-07-07 05:04:00,-3.4080892e-316
2014-07-07 05:05:00,-8.7874264e-317
2014-07-07 05:06:00,-2.2658107e-317
2014-07-07 05:07:00,-5.839965e-318
2014-07-07 05:08:00,-1.51011e-318
2014-07-07 05:09:00,-3.85643e-319
2014-07-07 05:10:00,-9.649e-320
2014-07-07 05:11:00,-2.224e-320
2014-07-07 05:12:00,-9.46e-321
2014-07-07 05:13:00,-4.43e-321
2014-07-07 05:14:00,2.554e-321
2014-07-07 05:15:00,3.98e-321
2014-07-07 05:16:00,-3.216e-321
2014-07-07 05:17:00,-5.504e-321
2014-07-07 05:18:00,2.115e-321
2014-07-07 05:19:00,4.4e-321
2014-07-07 05:20:00,-3.187e-321
2014-07-07 05:21:00,-5.25e-321
2014-07-07 05:22:00,2.14e-321
2014-07-07 05:23:00,4.24e-321
2014-07-07 05:24:00,-3.177e-321
2014-07-07 05:25:00,-5.336e-321
2014-07-07 05:26:00,2.154e-321
2014-07-07 05:27:00,4.29e-321
2014-07-07 05:28:00,-3.187e-321
2014-07-07 05:29:00,-5.31e-321
2014-07-07 05:30:00,2.134e-321
2014-07-07 05:31:00,4.264e-321
2014-07-07 05:32:00,-3.19e-321
2014-07-07 05:33:00,-5.326e-321
2014-07-07 05:34:00,2.144e-321
2014-07-07 05:35:00,4.274e-321
2014-07-07 05:36:00,-3.187e-321
2014-07-07 05:37:00,-5.31e-321
2014-07-07 05:38:00,2.154e-321
2014-07-07 05:39:00,4.284e-321
2014-07-07 05:40:00,-3.177e-321
2014-07-07 05:41:00,-5.31e-321
2014-07-07 05:42:00,2.154e-321
2014-07-07 05:43:00,4.284e-321
2014-07-07 05:44:00,-3.177e-321
2014-07-07 05:45:00,-5.306e-321
2014-07-07 05:46:00,2.154e-321
2014-07-07 05:47:00,4.284e-321
2014-07-07 05:48:00,-3.177e-321
2014-07-07 05:49:00,-5.306e-321
2014-07-07 05:50:00,2.154e-321
2014-07-07 05:51:00,4.284e-321
2014-07-07 05:52:00,-3.177e-321
2014-07-07 05:53:00,-5.306e-321
2014-07-07 05:54:00,2.154e-321
2014-07-07 05:55:00,4.284e-321
2014-07-07 05:56:00,-3.177e-321
2014-07-07 05:57:00,-5.306e-321
2014-07-07 05:58:00,2.154e-321
2014-07-07 05:59:00,4.284e-321
2014-07-07 06:00:00,-3.177e-321
2014-07-07 06:01:00,-5.306e-321
2014-07-07 06:02:00,2.154e-321
2014-07-07 06:03:00,4.284e-321
2014-07-07 06:04:00,-3.177e-321
2014-07-07 06:05:00,-5.306e-321
2014-07-07 06:06:00,2.154e-321
2014-07-07 06:07:00,4.284e-321
2014-07-07 06:08:00,-3.177e-321
2014-07-07 06:09:00,-5.306e-321
2014-07-07 06:10:00,2.154e-321
2014-07-07 06:11:00,4.284e-321
2014-07-07 06:12:00,-3.177e-321
2014-07-07 06:13:00,-5.306e-321
2014-07-07 06:14:00,2.154e-321
2014-07-07 06:15:00,4.284e-321
2014-07-07 06:16:00,-3.177e-321
2014-07-07 06:17:00,-5.306e-321
2014-07-07 06:18:00,2.154e-321
2014-07-07 06:19:00,4.284e-321
2014-07-07 06:20:00,-3.177e-321
2014-07-07 06:21:00,-5.306e-321
2014-07-07 06:22:00,2.154e-321
2014-07-07 06:23:00,4.284e-321
2014-07-07 06:24:00,-3.177e-321
2014-07-07 06:25:00,-5.306e-321
2014-07-07 06:26:00,2.154e-321
2014-07-07 06:27:00,4.284e-321
2014-07-07 06:28:00,-3.177e-321
2014-07-07 06:29:00,-5.306e-321
2014-07-07 06:30:00,2.154e-321
2014-07-07 06:31:00,4.284e-321
2014-07-07 06:32:00,-3.177e-321
2014-07-07 06:33:00,-5.306e-321
2014-07-07 06:34:00,2.154e-321
2014-07-07 06:35:00,4.284e-321
2014-07-07 06:36:00,-3.177e-321
2014-07-07 06:37:00,-5.306e-321
2014-07-07 06:38:00,2.154e-321
2014-07-07 06:39:00,4.284e-321
2014-07-07 06:40:00,-3.177e-321
2014-07-07 06:41:00,-5.306e-321
2014-07-07 06:42:00,2.154e-321
2014-07-07 06:43:00,4.284e-321
2014-07-07 06:44:00,-3.177e-321
2014-07-07 06:45:00,-5.306e-321
2014-07-07 06:46:00,2.154e-321
2014-07-07 06:47:00,4.284e-321
2014-07-07 06:48:00,-3.177e-321
2014-07-07 06:49:00,-5.306e-321
2014-07-07 06:50:00,2.154e-321
2014-07-07 06:51:00,4.284e-321
2014-07-07 06:52:00,-3.177e-321
2014-07-07 06:53:00,-5.306e-321
2014-07-07 06:54:00,2.154e-321
2014-07-07 06:55:00,4.284e-321
2014-07-07 06:56:00,-3.177e-321
2014-07-07 06:57:00,-5.306e-321
2014-07-07 06:58:00,2.154e-321
2014-07-07 06:59:00,4.284e-321
2014-07-07 07:00:00,-3.177e-321
2014-07-07 07:01:00,-5.306e-321
2014-07-07 07:02:00,2.154e-321
2014-07-07 07:03:00,4.284e-321
2014-07-07 07:04:00,-3.177e-321
2014-07-07 07:05:00,-5.306e-321
2014-07-07 07:06:00,2.154e-321
2014-07-07 07:07:00,4.284e-321
2014-07-07 07:08:00,-3.177e-321
2014-07-07 07:09:00,-5.306e-321
2014-07-07 07:10:00,2.154e-321
2014-07-07 07:11:00,4.284e-321
2014-07-07 07:12:00,-3.177e-321
2014-07-07 07:13:00,-5.306e-321
2014-07-07 07:14:00,2.154e-321
2014-07-07 07:15:00,4.284e-321
2014-07-07 07:16:00,-3.177e-321
2014-07-07 07:17:00,-5.306e-321
2014-07-07 07:18:00,2.154e-321
2014-07-07 07:19:00,4.284e-321
2014-07-07 07:20:00,-3.177e-321
2014-07-07 07:21:00,-5.306e-321
2014-07-07 07:22:00,2.154e-321
2014-07-07 07:23:00,4.284e-321
2014-07-07 07:24:00,-3.177e-321
2014-07-07 07:25:00,-5.306e-321
2014-07-07 07:26:00,2.154e-321
2014-07-07 07:27:00,4.284e-321
2014-07-07 07:28:00,-3.177e-321
2014-07-07 07:29:00,-5.306e-321
2014-07-07 07:30:00,2.154e-321
2014-07-07 07:31:00,4.284e-321
2014-07-07 07:32:00,-3.177e-321
2014-07-07 07:33:00,-5.306e-321
2014-07-07 07:34:00,2.154e-321
2014-07-07 07:35:00,4.284e-321
2014-07-07 07:36:00,-3.177e-321
2014-07-07 07:37:00,-5.306e-321
2014-07-07 07:38:00,2.154e-321
2014-07-07 07:39:00,4.284e-321
2014-07-07 07:40:00,-3.177e-321
2014-07-07 07:41:00,-5.306e-321
2014-07-07 07:42:00,2.154e-321
2014-07-07 07:43:00,4.284e-321
2014-07-07 07:44:00,-3.177e-321
2014-07-07 07:45:00,-5.306e-321
2014-07-07 07:46:00,2.154e-321
2014-07-07 07:47:00,4.284e-321
2014-07-07 07:48:00,-3.177e-321
2014-07-07 07:49:00,-5.306e-321
2014-07-07 07:50:00,2.154e-321
2014-07-07 07:51:00,4.284e-321
2014-07-07 07:52:00,-3.177e-321
2014-07-07 07:53:00,-5.306e-321
2014-07-07 07:54:00,2.154e-321
2014-07-07 07:55:00,4.284e-321
2014-07-07 07:56:00,-3.177e-321
2014-07-07 07:57:00,-5.306e-321
2014-07-07 07:58:00,2.154e-321
2014-07-07 07:59:00,4.284e-321
2014-07-07 08:00:00,-3.177e-321
2014-07-07 08:01:00,-5.306e-321
2014-07-07 08:02:00,2.154e-321
2014-07-07 08:03:00,4.284e-321
2014-07-07 08:04:00,-3.177e-321
2014-07-07 08:05:00,-5.306e-321
2014-07-07 08:06:00,2.154e-321
2014-07-07 08:07:00,4.284e-321
2014-07-07 08:08:00,-3.177e-321
2014-07-07 08:09:00,-5.306e-321
2014-07-07 08:10:00,2.154e-321
2014-07-07 08:11:00,4.284e-321
2014-07-07 08:12:00,-3.177e-321
2014-07-07 08:13:00,-5.306e-321
2014-07-07 08:14:00,2.154e-321
2014-07-07 08:15:00,4.284e-321
2014-07-07 08:16:00,-3.177e-321
2014-07-07 08:17:00,-5.306e-321
2014-07-07 08:18:00,2.154e-321
2014-07-07 08:19:00,4.284e-321
2014-07-07 08:20:00,-3.177e-321
2014-07-07 08:21:00,-5.306e-321
2014-07-07 08:22:00,2.154e-321
2014-07-07 08:23:00,4.284e-321
2014-07-07 08:24:00,-3.177e-321
2014-07-07 08:25:00,-5.306e-321
2014-07-07 08:26:00,2.154e-321
2014-07-07 08:27:00,4.284e-321
2014-07-07 08:28:00,-3.177e-321
2014-07-07 08:29:00,-5.306e-321
2014-07-07 08:30:00,2.154e-321
2014-07-07 08:31:00,4.284e-321
2014-07-07 08:32:00,-3.177e-321
2014-07-07 08:33:00,-5.306e-321
2014-07-07 08:34:00,2.154e-321
2014-07-07 08:35:00,4.284e-321
2014-07-07 08:36:00,-3.177e-321
2014-07-07 08:37:00,-5.306e-321
2014-07-07 08:38:00,2.154e-321
2014-07-07 08:39:00,4.284e-321
2014-07-07 08:40:00,-3.177e-321
2014-07-07 08:41:00,-5.306e-321
2014-07-07 08:42:00,2.154e-321
2014-07-07 08:43:00,4.284e-321
2014-07-07 08:44:00,-3.177e-321
2014-07-07 08:45:00,-5.306e-321
2014-07-07 08:46:00,2.154e-321
2014-07-07 08:47:00,4.284e-321
2014-07-07 08:48:00,-3.177e-321
2014-07-07 08:49:00,-5.306e-321
2014-07-07 08:50:00,2.154e-321
2014-07-07 08:51:00,4.284e-321
2014-07-07 08:52:00,-3.177e-321
2014-07-07 08:53:00,-5.306e-321
2014-07-07 08:54:00,2.154e-321
2014-07-07 08:55:00,4.284e-321
2014-07-07 08:56:00,-3.177e-321
2014-07-07 08:57:00,-5.306e-321
2014-07-07 08:58:00,2.154e-321
2014-07-07 08:59:00,4.284e-321
2014-07-07 09:00:00,-3.177e-321
2014-07-07 09:01:00,-5.306e-321
2014-07-07 09:02:00,2.154e-321
2014-07-07 09:03:00,4.284e-321
2014-07-07 09:04:00,-3.177e-321
2014-07-07 09:05:00,-5.306e-321
2014-07-07 09:06:00,2.154e-321
2014-07-07 09:07:00,4.284e-321
2014-07-07 09:08:00,-3.177e-321
2014-07-07 09:09:00,-5.306e-321
2014-07-07 09:10:00,2.154e-321
2014-07-07 09:11:00,4.284e-321
2014-07-07 09:12:00,-3.177e-321
2014-07-07 09:13:00,-5.306e-321
2014-07-07 09:14:00,2.154e-321
2014-07-07 09:15:00,4.284e-321
2014-07-07 09:16:00,-3.177e-321
2014-07-07 09:17:00,-5.306e-321
2014-07-07 09:18:00,2.154e-321
2014-07-07 09:19:00,4.284e-321
2014-07-07 09:20:00,-3.177e-321
2014-07-07 09:21:00,-5.306e-321
2014-07-07 09:22:00,2.154e-321
2014-07-07 09:23:00,4.284e-321
2014-07-07 09:24:00,-3.177e-321
2014-07-07 09:25:00,-5.306e-321
2014-07-07 09:26:00,2.154e-321
2014-07-07 09:27:00,4.284e-321
2014-07-07 09:28:00,-3.177e-321
2014-07-07 09:29:00,-5.306e-321
2014-07-07 09:30:00,2.154e-321
2014-07-07 09:31:00,4.284e-321
2014-07-07 09:32:00,-3.177e-321
2014-07-07 09:33:00,-5.306e-321
2014-07-07 09:34:00,2.154e-321
2014-07-07 09:35:00,4.284e-321
2014-07-07 09:36:00,-3.177e-321
2014-07-07 09:37:00,-5.306e-321
2014-07-07 09:38:00,2.154e-321
2014-07-07 09:39:00,4.284e-321
2014-07-07 09:40:00,-3.177e-321
2014-07-07 09:41:00,-5.306e-321
2014-07-07 09:42:00,2.154e-321
2014-07-07 09:43:00,4.284e-321
2014-07-07 09:44:00,-3.177e-321
2014-07-07 09:45:00,-5.306e-321
2014-07-07 09:46:00,2.154e-321
2014-07-07 09:47:00,4.284e-321
2014-07-07 09:48:00,-3.177e-321
2014-07-07 09:49:00,-5.306e-321
2014-07-07 09:50:00,2.154e-321
2014-07-07 09:51:00,4.284e-321
2014-07-07 09:52:00,-3.177e-321
2014-07-07 09:53:00,-5.306e-321
2014-07-07 09:54:00,2.154e-321
2014-07-07 09:55:00,4.284e-321
2014-07-07 09:56:00,-3.177e-321
2014-07-07 09:57:00,-5.306e-321
2014-07-07 09:58:00,2.154e-321
2014-07-07 09:59:00,4.284e-321
2014-07-07 10:00:00,-3.177e-321
2014-07-07 10:01:00,-5.306e-321
2014-07-07 10:02:00,2.154e-321
2014-07-07 10:03:00,4.284e-321
2014-07-07 10:04:00,-3.177e-321
2014-07-07 10:05:00,-5.306e-321
2014-07-07 10:06:00,2.154e-321
2014-07-07 10:07:00,4.284e-321
2014-07-07 10:08:00,-3.177e-321
2014-07-07 10:09:00,-5.306e-321
2014-07-07 10:10:00,2.154e-321
2014-07-07 10:11:00,4.284e-321
2014-07-07 10:12:00,-3.177e-321
2014-07-07 10:13:00,-5.306e-321
2014-07-07 10:14:00,2.154e-321
2014-07-07 10:15:00,4.284e-321
2014-07-07 10:16:00,-3.177e-321
2014-07-07 10:17:00,-5.306e-321
2014-07-07 10:18:00,2.154e-321
2014-07-07 10:19:00,4.284e-321
2014-07-07 10:20:00,-3.177e-321
2014-07-07 10:21:00,-5.306e-321
2014-07-07 10:22:00,2.154e-321
2014-07-07 10:23:00,4.284e-321
2014-07-07 10:24:00,-3.177e-321
2014-07-07 10:25:00,-5.306e-321
2014-07-07 10:26:00,2.154e-321
2014-07-07 10:27:00,4.284e-321
2014-07-07 10:28:00,-3.177e-321
2014-07-07 10:29:00,-5.306e-321
2014-07-07 10:30:00,2.154e-321
2014-07-07 10:31:00,4.284e-321
2014-07-07 10:32:00,-3.177e-321
2014-07-07 10:33:00,-5.306e-321
2014-07-07 10:34:00,2.154e-321
2014-07-07 10:35:00,4.284e-321
2014-07-07 10:36:00,-3.177e-321
2014-07-07 10:37:00,-5.306e-321
2014-07-07 10:38:00,2.154e-321
2014-07-07 10:39:00,4.284e-321
2014-07-07 10:40:00,-3.177e-321
2014-07-07 10:41:00,-5.306e-321
2014-07-07 10:42:00,2.154e-321
2014-07-07 10:43:00,4.284e-321
2014-07-07 10:44:00,-3.177e-321
2014-07-07 10:45:00,-5.306e-321
2014-07-07 10:46:00,2.154e-321
2014-07-07 10:47:00,4.284e-321
2014-07-07 10:48:00,-3.177e-321
2014-07-07 10:49:00,-5.306e-321
2014-07-07 10:50:00,2.154e-321
2014-07-07 10:51:00,4.284e-321
2014-07-07 10:52:00,-3.177e-321
2014-07-07 10:53:00,-5.306e-321
2014-07-07 10:54:00,2.154e-321
2014-07-07 10:55:00,4.284e-321
2014-07-07 10:56:00,-3.177e-321
2014-07-07 10:57:00,-5.306e-321
2014-07-07 10:58:00,2.154e-321
2014-07-07 10:59:00,4.284e-321
2014-07-07 11:00:00,-3.177e-321
2014-07-07 11:01:00,-5.306e-321
2014-07-07 11:02:00,2.154e-321
2014-07-07 11:03:00,4.284e-321
2014-07-07 11:04:00,-3.177e-321
2014-07-07 11:05:00,-5.306e-321
2014-07-07 11:06:00,2.154e-321
2014-07-07 11:07:00,4.284e-321
2014-07-07 11:08:00,-3.177e-321
2014-07-07 11:09:00,-5.306e-321
2014-07-07 11:10:00,2.154e-321
2014-07-07 11:11:00,4.284e-321
2014-07-07 11:12:00,-3.177e-321
2014-07-07 11:13:00,-5.306e-321
2014-07-07 11:14:00,2.154e-321
2014-07-07 11:15:00,4.284e-321
2014-07-07 11:16:00,-3.177e-321
2014-07-07 11:17:00,-5.306e-321
2014-07-07 11:18:00,2.154e-321
2014-07-07 11:19:00,4.284e-321
2014-07-07 11:20:00,-3.177e-321
2014-07-07 11:21:00,-5.306e-321
2014-07-07 11:22:00,2.154e-321
2014-07-07 11:23:00,4.284e-321
2014-07-07 11:24:00,-3.177e-321
2014-07-07 11:25:00,-5.306e-321
2014-07-07 11:26:00,2.154e-321
2014-07-07 11:27:00,4.284e-321
2014-07-07 11:28:00,-3.177e-321
2014-07-07 11:29:00,-5.306e-321
2014-07-07 11:30:00,2.154e-321
2014-07-07 11:31:00,4.284e-321
2014-07-07 11:32:00,-3.177e-321
2014-07-07 11:33:00,-5.306e-321
2014-07-07 11:34:00,2.154e-321
2014-07-07 11:35:00,4.284e-321
2014-07-07 11:36:00,-3.177e-321
2014-07-07 11:37:00,-5.306e-321
2014-07-07 11:38:00,2.154e-321
2014-07-07 11:39:00,4.284e-321
2014-07-07 11:40:00,-3.177e-321
2014-07-07 11:41:00,-5.306e-321
2014-07-07 11:42:00,2.154e-321
2014-07-07 11:43:00,4.284e-321
2014-07-07 11:44:00,-3.177e-321
2014-07-07 11:45:00,-5.306e-321
2014-07-07 11:46:00,2.154e-321
2014-07-07 11:47:00,4.284e-321
2014-07-07 11:48:00,-3.177e-321
2014-07-07 11:49:00,-5.306e-321
2014-07-07 11:50:00,2.154e-321
2014-07-07 11:51:00,4.284e-321
2014-07-07 11:52:00,-3.177e-321
2014-07-07 11:53:00,-5.306e-321
2014-07-07 11:54:00,2.154e-321
2014-07-07 11:55:00,4.284e-321
2014-07-07 11:56:00,-3.177e-321
2014-07-07 11:57:00,-5.306e-321
2014-07-07 11:58:00,2.154e-321
2014-07-07 11:59:00,4.284e-321
2014-07-07 12:00:00,-3.177e-321
2014-07-07 12:01:00,-5.306e-321
2014-07-07 12:02:00,2.154e-321
2014-07-07 12:03:00,4.284e-321
2014-07-07 12:04:00,-3.177e-321
2014-07-07 12:05:00,-5.306e-321
2014-07-07 12:06:00,2.154e-321
2014-07-07 12:07:00,4.284e-321
2014-07-07 12:08:00,-3.177e-321
2014-07-07 12:09:00,-5.306e-321
2014-07-07 12:10:00,2.154e-321
2014-07-07 12:11:00,4.284e-321
2014-07-07 12:12:00,-3.177e-321
2014-07-07 12:13:00,-5.306e-321
2014-07-07 12:14:00,2.154e-321
2014-07-07 12:15:00,4.284e-321
2014-07-07 12:16:00,-3.177e-321
2014-07-07 12:17:00,-5.306e-321
2014-07-07 12:18:00,2.154e-321
2014-07-07 12:19:00,4.284e-321
2014-07-07 12:20:00,-3.177e-321
2014-07-07 12:21:00,-5.306e-321
2014-07-07 12:22:00,2.154e-321
2014-07-07 12:23:00,4.284e-321
2014-07-07 12:24:00,-3.177e-321
2014-07-07 12:25:00,-5.306e-321
2014-07-07 12:26:00,2.154e-321
2014-07-07 12:27:00,4.284e-321
2014-07-07 12:28:00,-3.177e-321
2014-07-07 12:29:00,-5.306e-321
2014-07-07 12:30:00,2.154e-321
2014-07-07 12:31:00,4.284e-321
2014-07-07 12:32:00,-3.177e-321
2014-07-07 12:33:00,-5.306e-321
2014-07-07 12:34:00,2.154e-321
2014-07-07 12:35:00,4.284e-321
2014-07-07 12:36:00,-3.177e-321
2014-07-07 12:37:00,-5.306e-321
2014-07-07 12:38:00,2.154e-321
2014-07-07 12:39:00,4.284e-321
2014-07-07 12:40:00,-3.177e-321
2014-07-07 12:41:00,-5.306e-321
2014-07-07 12:42:00,2.154e-321
2014-07-07 12:43:00,4.284e-321
2014-07-07 12:44:00,-3.177e-321
2014-07-07 12:45:00,-5.306e-321
2014-07-07 12:46:00,2.154e-321
2014-07-07 12:47:00,4.284e-321
2014-07-07 12:48:00,-3.177e-321
2014-07-07 12:49:00,-5.306e-321
2014-07-07 12:50:00,2.154e-321
2014-07-07 12:51:00,4.284e-321
2014-07-07 12:52:00,-3.177e-321
2014-07-07 12:53:00,-5.306e-321
2014-07-07 12:54:00,2.154e-321
2014-07-07 12:55:00,4.284e-321
2014-07-07 12:56:00,-3.177e-321
2014-07-07 12:57:00,-5.306e-321
2014-07-07 12:58:00,2.154e-321
2014-07-07 12:59:00,4.284e-321
2014-07-07 13:00:00,-3.177e-321
2014-07-07 13:01:00,-5.306e-321
2014-07-07 13:02:00,2.154e-321
2014-07-07 13:03:00,4.284e-321
2014-07-07 13:04:00,-3.177e-321
2014-07-07 13:05:00,-5.306e-321
2014-07-07 13:06:00,2.154e-321
2014-07-07 13:07:00,4.284e-321
2014-07-07 13:08:00,-3.177e-321
2014-07-07 13:09:00,-5.306e-321
2014-07-07 13:10:00,2.154e-321
2014-07-07 13:11:00,4.284e-321
2014-07-07 13:12:00,-3.177e-321
2014-07-07 13:13:00,-5.306e-321
2014-07-07 13:14:00,2.154e-321
2014-07-07 13:15:00,4.284e-321
2014-07-07 13:16:00,-3.177e-321
2014-07-07 13:17:00,-5.306e-321
2014-07-07 13:18:00,2.154e-321
2014-07-07 13:19:00,4.284e-321
2014-07-07 13:20:00,-3.177e-321
2014-07-07 13:21:00,-5.306e-321
2014-07-07 13:22:00,2.154e-321
2014-07-07 13:23:00,4.284e-321
2014-07-07 13:24:00,-3.177e-321
2014-07-07 13:25:00,-5.306e-321
2014-07-07 13:26:00,2.154e-321
2014-07-07 13:27:00,4.284e-321
2014-07-07 13:28:00,-3.177e-321
2014-07-07 13:29:00,-5.306e-321
2014-07-07 13:30:00,2.154e-321
2014-07-07 13:31:00,4.284e-321
2014-07-07 13:32:00,-3.177e-321
2014-07-07 13:33:00,-5.306e-321
2014-07-07 13:34:00,2.154e-321
2014-07-07 13:35:00,4.284e-321
2014-07-07 13:36:00,-3.177e-321
2014-07-07 13:37:00,-5.306e-321
2014-07-07 13:38:00,2.154e-321
2014-07-07 13:39:00,4.284e-321
2014-07-07 13:40:00,-3.177e-321
2014-07-07 13:41:00,-5.306e-321
2014-07-07 13:42:00,2.154e-321
2014-07-07 13:43:00,4.284e-321
2014-07-07 13:44:00,-3.177e-321
2014-07-07 13:45:00,-5.306e-321
2014-07-07 13:46:00,2.154e-321
2014-07-07 13:47:00,4.284e-321
2014-07-07 13:48:00,-3.177e-321
2014-07-07 13:49:00,-5.306e-321
2014-07-07 13:50:00,2.154e-321
2014-07-07 13:51:00,4.284e-321
2014-07-07 13:52:00,-3.177e-321
2014-07-07 13:53:00,-5.306e-321
2014-07-07 13:54:00,2.154e-321
2014-07-07 13:55:00,4.284e-321
2014-07-07 13:56:00,-3.177e-321
2014-07-07 13:57:00,-5.306e-321
2014-07-07 13:58:00,2.154e-321
2014-07-07 13:59:00,4.284e-321
2014-07-07 14:00:00,-3.177e-321
2014-07-07 14:01:00,-5.306e-321
2014-07-07 14:02:00,2.154e-321
2014-07-07 14:03:00,4.284e-321
2014-07-07 14:04:00,-3.177e-321
2014-07-07 14:05:00,-5.306e-321
2014-07-07 14:06:00,2.154e-321
2014-07-07 14:07:00,4.284e-321
2014-07-07 14:08:00,-3.177e-321
2014-07-07 14:09:00,-5.306e-321
2014-07-07 14:10:00,2.154e-321
2014-07-07 14:11:00,4.284e-321
2014-07-07 14:12:00,-3.177e-321
2014-07-07 14:13:00,-5.306e-321
2014-07-07 14:14:00,2.154e-321
2014-07-07 14:15:00,4.284e-321
2014-07-07 14:16:00,-3.177e-321
2014-07-07 14:17:00,-5.306e-321
2014-07-07 14:18:00,2.154e-321
2014-07-07 14:19:00,4.284e-321
2014-07-07 14:20:00,-3.177e-321
2014-07-07 14:21:00,-5.306e-321
2014-07-07 14:22:00,2.154e-321
2014-07-07 14:23:00,4.284e-321
2014-07-07 14:24:00,-3.177e-321
2014-07-07 14:25:00,-5.306e-321
2014-07-07 14:26:00,2.154e-321
2014-07-07 14:27:00,4.284e-321
2014-07-07 14:28:00,-3.177e-321
2014-07-07 14:29:00,-5.306e-321
2014-07-07 14:30:00,2.154e-321
2014-07-07 14:31:00,4.284e-321
2014-07-07 14:32:00,-3.177e-321
2014-07-07 14:33:00,-5.306e-321
2014-07-07 14:34:00,2.154e-321
2014-07-07 14:35:00,4.284e-321
2014-07-07 14:36:00,-3.177e-321
2014-07-07 14:37:00,-5.306e-321
2014-07-07 14:38:00,2.154e-321
2014-07-07 14:39:00,4.284e-321
2014-07-07 14:40:00,-3.177e-321
2014-07-07 14:41:00,-5.306e-321
2014-07-07 14:42:00,2.154e-321
2014-07-07 14:43:00,4.284e-321
2014-07-07 14:44:00,-3.177e-321
2014-07-07 14:45:00,-5.306e-321
2014-07-07 14:46:00,2.154e-321
2014-07-07 14:47:00,4.284e-321
2014-07-07 14:48:00,-3.177e-321
2014-07-07 14:49:00,-5.306e-321
2014-07-07 14:50:00,2.154e-321
2014-07-07 14:51:00,4.284e-321
2014-07-07 14:52:00,-3.177e-321
2014-07-07 14:53:00,-5.306e-321
2014-07-07 14:54:00,2.154e-321
2014-07-07 14:55:00,4.284e-321
2014-07-07 14:56:00,-3.177e-321
2014-07-07 14:57:00,-5.306e-321
2014-07-07 14:58:00,2.154e-321
2014-07-07 14:59:00,4.284e-321
2014-07-07 15:00:00,-3.177e-321
2014-07-07 15:01:00,-5.306e-321
2014-07-07 15:02:00,2.154e-321
2014-07-07 15:03:00,4.284e-321
2014-07-07 15:04:00,-3.177e-321
2014-07-07 15:05:00,-5.306e-321
2014-07-07 15:06:00,2.154e-321
2014-07-07 15:07:00,4.284e-321
2014-07-07 15:08:00,-3.177e-321
2014-07-07 15:09:00,-5.306e-321
2014-07-07 15:10:00,2.154e-321
2014-07-07 15:11:00,4.284e-321
2014-07-07 15:12:00,-3.177e-321
2014-07-07 15:13:00,-5.306e-321
2014-07-07 15:14:00,2.154e-321
2014-07-07 15:15:00,4.284e-321
2014-07-07 15:16:00,-3.177e-321
2014-07-07 15:17:00,-5.306e-321
2014-07-07 15:18:00,2.154e-321
2014-07-07 15:19:00,4.284e-321
2014-07-07 15:20:00,-3.177e-321
2014-07-07 15:21:00,-5.306e-321
2014-07-07 15:22:00,2.154e-321
2014-07-07 15:23:00,4.284e-321
2014-07-07 15:24:00,-3.177e-321
2014-07-07 15:25:00,-5.306e-321
2014-07-07 15:26:00,2.154e-321
2014-07-07 15:27:00,4.284e-321
2014-07-07 15:28:00,-3.177e-321
2014-07-07 15:29:00,-5.306e-321
2014-07-07 15:30:00,2.154e-321
2014-07-07 15:31:00,4.284e-321
2014-07-07 15:32:00,-3.177e-321
2014-07-07 15:33:00,-5.306e-321
2014-07-07 15:34:00,2.154e-321
2014-07-07 15:35:00,4.284e-321
2014-07-07 15:36:00,-3.177e-321
2014-07-07 15:37:00,-5.306e-321
2014-07-07 15:38:00,2.154e-321
2014-07-07 15:39:00,4.284e-321
2014-07-07 15:40:00,-3.177e-321
2014-07-07 15:41:00,-5.306e-321
2014-07-07 15:42:00,2.154e-321
2014-07-07 15:43:00,4.284e-321
2014-07-07 15:44:00,-3.177e-321
2014-07-07 15:45:00,-5.306e-321
2014-07-07 15:46:00,2.154e-321
2014-07-07 15:47:00,4.284e-321
2014-07-07 15:48:00,-3.177e-321
2014-07-07 15:49:00,-5.306e-321
2014-07-07 15:50:00,2.154e-321
2014-07-07 15:51:00,4.284e-321
2014-07-07 15:52:00,-3.177e-321
2014-07-07 15:53:00,-5.306e-321
2014-07-07 15:54:00,2.154e-321
2014-07-07 15:55:00,4.284e-321
2014-07-07 15:56:00,-3.177e-321
2014-07-07 15:57:00,-5.306e-321
2014-07-07 15:58:00,2.154e-321
2014-07-07 15:59:00,4.284e-321
2014-07-07 16:00:00,-3.177e-321
2014-07-07 16:01:00,-5.306e-321
2014-07-07 16:02:00,2.154e-321
2014-07-07 16:03:00,4.284e-321
2014-07-07 16:04:00,-3.177e-321
2014-07-07 16:05:00,-5.306e-321
2014-07-07 16:06:00,2.154e-321
2014-07-07 16:07:00,4.284e-321
2014-07-07 16:08:00,-3.177e-321
2014-07-07 16:09:00,-5.306e-321
2014-07-07 16:10:00,2.154e-321
2014-07-07 16:11:00,4.284e-321
2014-07-07 16:12:00,-3.177e-321
2014-07-07 16:13:00,-5.306e-321
2014-07-07 16:14:00,2.154e-321
2014-07-07 16:15:00,4.284e-321
2014-07-07 16:16:00,-3.177e-321
2014-07-07 16:17:00,-5.306e-321
2014-07-07 16:18:00,2.154e-321
2014-07-07 16:19:00,4.284e-321
2014-07-07 16:20:00,-3.177e-321
2014-07-07 16:21:00,-5.306e-321
2014-07-07 16:22:00,2.154e-321
