2013-06-08 19:38:00,2169.9
2013-06-08 19:39:00,2184.3999999999996
2013-06-08 19:40:00,2201.22
2013-06-08 19:41:00,2198.0
2013-06-08 19:42:00,2194.3999999999996
2013-06-08 19:43:00,2196.0
2013-06-08 19:44:00,2174.0
2013-06-08 19:45:00,2168.5
2013-06-08 19:46:00,467.2
2013-06-08 19:47:00,219.4
2013-06-08 19:48:00,179.50000000000003
2013-06-08 19:49:00,178.50000000000003
2013-06-08 19:50:00,176.4
2013-06-08 19:51:00,180.71999999999997
2013-06-08 19:52:00,179.04000000000002
2013-06-08 19:53:00,189.00000000000003
2013-06-08 19:54:00,180.6
2013-06-08 19:55:00,179.56000000000003
2013-06-08 19:56:00,177.56
2013-06-08 19:57:00,242.09999999999997
2013-06-08 19:58:00,265.9
2013-06-08 19:59:00,263.70000000000005
2013-06-08 20:00:00,265.93000000000006
2013-06-08 20:01:00,265.88
2013-06-08 20:02:00,261.40000000000003
2013-06-08 20:03:00,261.2
2013-06-08 20:04:00,253.78
2013-06-08 20:05:00,253.0
2013-06-08 20:06:00,251.4
2013-06-08 20:07:00,251.70000000000002
2013-06-08 20:08:00,247.22
2013-06-08 20:09:00,246.41
2013-06-08 20:10:00,248.20000000000002
2013-06-08 20:11:00,243.0
2013-06-08 20:12:00,244.03
2013-06-08 20:13:00,243.98
2013-06-08 20:14:00,240.59999999999997
2013-06-08 20:15:00,240.1
2013-06-08 20:16:00,238.99
2013-06-08 20:17:00,217.35999999999999
2013-06-08 20:18:00,167.7
2013-06-08 20:19:00,165.89999999999998
2013-06-08 20:20:00,167.18000000000004
2013-06-08 20:21:00,166.82
2013-06-08 20:22:00,167.2
2013-06-08 20:23:00,168.8
2013-06-08 20:24:00,172.52
2013-06-08 20:25:00,173.63000000000002
2013-06-08 20:26:00,174.18999999999997
2013-06-08 20:27:00,171.89999999999998
2013-06-08 20:28:00,170.0
2013-06-08 20:29:00,171.54
2013-06-08 20:30:00,171.0
2013-06-08 20:31:00,173.79999999999998
2013-06-08 20:32:00,168.59999999999997
2013-06-08 20:33:00,168.15000000000003
2013-06-08 20:34:00,166.45999999999998
2013-06-08 20:35:00,167.29999999999998
2013-06-08 20:36:00,165.9
2013-06-08 20:37:00,166.52999999999997
2013-06-08 20:38:00,167.52000000000004
2013-06-08 20:39:00,167.79999999999998
2013-06-08 20:40:00,166.4
2013-06-08 20:41:00,228.96999999999997
2013-06-08 20:42:00,255.07999999999996
2013-06-08 20:43:00,254.20000000000002
2013-06-08 20:44:00,249.39999999999998
2013-06-08 20:45:00,248.37999999999997
2013-06-08 20:46:00,246.45
2013-06-08 20:47:00,248.49999999999997
2013-06-08 20:48:00,247.59999999999997
2013-06-08 20:49:00,245.21000000000004
2013-06-08 20:50:00,244.87
2013-06-08 20:51:00,245.4
2013-06-08 20:52:00,246.89999999999998
2013-06-08 20:53:00,239.79999999999995
2013-06-08 20:54:00,226.78
2013-06-08 20:55:00,218.4
2013-06-08 20:56:00,217.0
2013-06-08 20:57:00,218.70000000000002
2013-06-08 20:58:00,218.34
2013-06-08 20:59:00,213.76000000000002
2013-06-08 21:00:00,216.9
2013-06-08 21:01:00,215.79999999999998
2013-06-08 21:02:00,220.0
2013-06-08 21:03:00,157.97
2013-06-08 21:04:00,151.9
2013-06-08 21:05:00,150.30000000000004
2013-06-08 21:06:00,148.13
2013-06-08 21:07:00,153.62000000000003
2013-06-08 21:08:00,150.8
2013-06-08 21:09:00,150.3
2013-06-08 21:10:00,149.86
2013-06-08 21:11:00,151.77
2013-06-08 21:12:00,153.60000000000002
2013-06-08 21:13:00,151.20000000000002
2013-06-08 21:14:00,150.02
2013-06-08 21:15:00,149.77000000000004
2013-06-08 21:16:00,152.70000000000002
2013-06-08 21:17:00,151.4
2013-06-08 21:18:00,150.3
2013-06-08 21:19:00,151.29000000000002
2013-06-08 21:20:00,149.9
2013-06-08 21:21:00,149.20000000000002
2013-06-08 21:22:00,150.60000000000002
2013-06-08 21:23:00,151.77999999999997
2013-06-08 21:24:00,150.92000000000002
2013-06-08 21:25:00,152.4
2013-06-08 21:26:00,227.89999999999995
2013-06-08 21:27:00,238.85999999999999
2013-06-08 21:28:00,237.03
2013-06-08 21:29:00,234.8
2013-06-08 21:30:00,231.39999999999998
2013-06-08 21:31:00,230.87999999999997
2013-06-08 21:32:00,228.67999999999998
2013-06-08 21:33:00,236.49999999999997
2013-06-08 21:34:00,229.8
2013-06-08 21:35:00,227.17000000000002
2013-06-08 21:36:00,228.84
2013-06-08 21:37:00,223.79999999999995
2013-06-08 21:38:00,219.4
2013-06-08 21:39:00,220.54
2013-06-08 21:40:00,215.85
2013-06-08 21:41:00,217.59999999999997
2013-06-08 21:42:00,226.70000000000002
2013-06-08 21:43:00,216.29
2013-06-08 21:44:00,163.87
2013-06-08 21:45:00,152.35999999999996
2013-06-08 21:46:00,140.5
2013-06-08 21:47:00,140.8
2013-06-08 21:48:00,141.62
2013-06-08 21:49:00,147.73000000000002
2013-06-08 21:50:00,148.09999999999997
2013-06-08 21:51:00,148.39999999999998
2013-06-08 21:52:00,147.79000000000002
2013-06-08 21:53:00,148.34000000000003
2013-06-08 21:54:00,147.8
2013-06-08 21:55:00,148.2
2013-06-08 21:56:00,146.68
2013-06-08 21:57:00,147.97
2013-06-08 21:58:00,147.60000000000002
2013-06-08 21:59:00,148.5
2013-06-08 22:00:00,147.81
2013-06-08 22:01:00,149.01
2013-06-08 22:02:00,148.8
2013-06-08 22:03:00,149.3
2013-06-08 22:04:00,150.37999999999997
2013-06-08 22:05:00,148.66
2013-06-08 22:06:00,148.1
2013-06-08 22:07:00,178.00000000000003
2013-06-08 22:08:00,233.02000000000004
2013-06-08 22:09:00,236.91
2013-06-08 22:10:00,232.8
2013-06-08 22:11:00,175.5
2013-06-08 22:12:00,147.98
2013-06-08 22:13:00,146.91
2013-06-08 22:14:00,146.0
2013-06-08 22:15:00,140.6
2013-06-08 22:16:00,137.47
2013-06-08 22:17:00,135.37
2013-06-08 22:18:00,135.29999999999998
2013-06-08 22:19:00,134.89999999999998
2013-06-08 22:20:00,134.17000000000002
2013-06-08 22:21:00,134.78
2013-06-08 22:22:00,133.29000000000002
2013-06-08 22:23:00,133.4
2013-06-08 22:24:00,132.32999999999998
2013-06-08 22:25:00,68.0
2013-06-08 22:26:00,59.3
2013-06-08 22:27:00,59.3
2013-06-08 22:28:00,59.1
2013-06-08 22:29:00,59.879999999999995
2013-06-08 22:30:00,58.46999999999999
2013-06-08 22:31:00,59.900000000000006
2013-06-08 22:32:00,59.099999999999994
2013-06-08 22:33:00,59.93
2013-06-08 22:34:00,59.5
2013-06-08 22:35:00,59.19999999999999
2013-06-08 22:36:00,59.300000000000004
2013-06-08 22:37:00,59.22999999999999
2013-06-08 22:38:00,59.81999999999999
2013-06-08 22:39:00,58.599999999999994
2013-06-08 22:40:00,59.7
2013-06-08 22:41:00,59.209999999999994
2013-06-08 22:42:00,59.11000000000001
2013-06-08 22:43:00,59.599999999999994
2013-06-08 22:44:00,59.300000000000004
2013-06-08 22:45:00,58.919999999999995
2013-06-08 22:46:00,58.86
2013-06-08 22:47:00,59.3
2013-06-08 22:48:00,59.300000000000004
2013-06-08 22:49:00,137.20000000000002
2013-06-08 22:50:00,148.12
2013-06-08 22:51:00,149.60000000000002
2013-06-08 22:52:00,142.3
2013-06-08 22:53:00,140.79999999999998
2013-06-08 22:54:00,139.46
2013-06-08 22:55:00,138.2
2013-06-08 22:56:00,137.3
2013-06-08 22:57:00,136.0
2013-06-08 22:58:00,135.25
2013-06-08 22:59:00,135.5
2013-06-08 23:00:00,136.8
2013-06-08 23:01:00,136.2
2013-06-08 23:02:00,135.85
2013-06-08 23:03:00,135.12
2013-06-08 23:04:00,134.5
2013-06-08 23:05:00,134.3
2013-06-08 23:06:00,81.25
2013-06-08 23:07:00,60.38
2013-06-08 23:08:00,59.89999999999999
2013-06-08 23:09:00,60.50000000000001
2013-06-08 23:10:00,59.53
2013-06-08 23:11:00,59.35000000000001
2013-06-08 23:12:00,60.0
2013-06-08 23:13:00,59.4
2013-06-08 23:14:00,59.29
2013-06-08 23:15:00,59.13000000000001
2013-06-08 23:16:00,59.69999999999999
2013-06-08 23:17:00,59.699999999999996
2013-06-08 23:18:00,60.05
2013-06-08 23:19:00,59.36000000000001
2013-06-08 23:20:00,59.8
2013-06-08 23:21:00,59.5
2013-06-08 23:22:00,58.900000000000006
2013-06-08 23:23:00,60.269999999999996
2013-06-08 23:24:00,59.300000000000004
2013-06-08 23:25:00,59.4
2013-06-08 23:26:00,58.81
2013-06-08 23:27:00,59.43000000000001
2013-06-08 23:28:00,59.400000000000006
2013-06-08 23:29:00,60.19999999999999
2013-06-08 23:30:00,220.38000000000002
2013-06-08 23:31:00,146.93
2013-06-08 23:32:00,145.8
2013-06-08 23:33:00,143.0
2013-06-08 23:34:00,140.78
2013-06-08 23:35:00,140.0
2013-06-08 23:36:00,138.79999999999998
2013-06-08 23:37:00,136.89999999999998
2013-06-08 23:38:00,135.9
2013-06-08 23:39:00,135.48000000000002
2013-06-08 23:40:00,135.06
2013-06-08 23:41:00,133.60000000000002
2013-06-08 23:42:00,133.5
2013-06-08 23:43:00,132.67000000000002
2013-06-08 23:44:00,132.8
2013-06-08 23:45:00,130.8
2013-06-08 23:46:00,131.10000000000002
2013-06-08 23:47:00,74.71
2013-06-08 23:48:00,57.800000000000004
2013-06-08 23:49:00,58.49999999999999
2013-06-08 23:50:00,57.57
2013-06-08 23:51:00,58.260000000000005
2013-06-08 23:52:00,58.77
2013-06-08 23:53:00,59.2
2013-06-08 23:54:00,59.3
2013-06-08 23:55:00,59.519999999999996
2013-06-08 23:56:00,59.660000000000004
2013-06-08 23:57:00,59.3
2013-06-08 23:58:00,59.89999999999999
2013-06-08 23:59:00,59.309999999999995
2013-06-09 00:00:00,60.77
2013-06-09 00:01:00,60.900000000000006
2013-06-09 00:02:00,61.1
2013-06-09 00:03:00,60.88
2013-06-09 00:04:00,61.13
2013-06-09 00:05:00,60.89999999999999
2013-06-09 00:06:00,59.2
2013-06-09 00:07:00,59.849999999999994
2013-06-09 00:08:00,60.58
2013-06-09 00:09:00,59.99999999999999
2013-06-09 00:10:00,60.4
2013-06-09 00:11:00,120.33999999999999
2013-06-09 00:12:00,146.16
2013-06-09 00:13:00,145.5
2013-06-09 00:14:00,142.5
2013-06-09 00:15:00,140.40999999999997
2013-06-09 00:16:00,139.08
2013-06-09 00:17:00,137.89999999999998
2013-06-09 00:18:00,136.1
2013-06-09 00:19:00,136.8
2013-06-09 00:20:00,135.78
2013-06-09 00:21:00,134.9
2013-06-09 00:22:00,134.2
2013-06-09 00:23:00,134.28
2013-06-09 00:24:00,134.11
2013-06-09 00:25:00,134.10000000000002
2013-06-09 00:26:00,133.10000000000002
2013-06-09 00:27:00,103.27
2013-06-09 00:28:00,59.230000000000004
2013-06-09 00:29:00,60.8
2013-06-09 00:30:00,60.0
2013-06-09 00:31:00,61.19999999999999
2013-06-09 00:32:00,59.290000000000006
2013-06-09 00:33:00,59.79
2013-06-09 00:34:00,60.5
2013-06-09 00:35:00,59.53
2013-06-09 00:36:00,59.85999999999999
2013-06-09 00:37:00,59.40000000000001
2013-06-09 00:38:00,59.900000000000006
2013-06-09 00:39:00,59.78
2013-06-09 00:40:00,59.160000000000004
2013-06-09 00:41:00,59.7
2013-06-09 00:42:00,60.4
2013-06-09 00:43:00,59.44
2013-06-09 00:44:00,59.61
2013-06-09 00:45:00,60.49999999999999
2013-06-09 00:46:00,59.3
2013-06-09 00:47:00,59.599999999999994
2013-06-09 00:48:00,59.26
2013-06-09 00:49:00,60.400000000000006
2013-06-09 00:50:00,60.300000000000004
2013-06-09 00:51:00,85.0
2013-06-09 00:52:00,146.12
2013-06-09 00:53:00,147.49
2013-06-09 00:54:00,143.4
2013-06-09 00:55:00,140.00000000000003
2013-06-09 00:56:00,139.35
2013-06-09 00:57:00,138.39
2013-06-09 00:58:00,137.70000000000002
2013-06-09 00:59:00,136.2
2013-06-09 01:00:00,135.51
2013-06-09 01:01:00,134.42000000000002
2013-06-09 01:02:00,134.60000000000002
2013-06-09 01:03:00,134.39999999999998
2013-06-09 01:04:00,133.93
2013-06-09 01:05:00,134.59
2013-06-09 01:06:00,131.4
2013-06-09 01:07:00,132.01999999999998
2013-06-09 01:08:00,59.31999999999999
2013-06-09 01:09:00,58.900000000000006
2013-06-09 01:10:00,58.80000000000001
2013-06-09 01:11:00,59.6
2013-06-09 01:12:00,59.269999999999996
2013-06-09 01:13:00,58.92
2013-06-09 01:14:00,58.800000000000004
2013-06-09 01:15:00,59.2
2013-06-09 01:16:00,59.5
2013-06-09 01:17:00,59.89000000000001
2013-06-09 01:18:00,59.19999999999999
2013-06-09 01:19:00,59.6
2013-06-09 01:20:00,59.150000000000006
2013-06-09 01:21:00,59.940000000000005
2013-06-09 01:22:00,59.89999999999999
2013-06-09 01:23:00,59.5
2013-06-09 01:24:00,58.879999999999995
2013-06-09 01:25:00,59.910000000000004
2013-06-09 01:26:00,58.80000000000001
2013-06-09 01:27:00,59.500000000000014
2013-06-09 01:28:00,59.78
2013-06-09 01:29:00,60.1
2013-06-09 01:30:00,59.400000000000006
2013-06-09 01:31:00,59.50000000000001
2013-06-09 01:32:00,223.78
2013-06-09 01:33:00,145.49
2013-06-09 01:34:00,145.9
2013-06-09 01:35:00,142.86999999999998
2013-06-09 01:36:00,139.57999999999998
2013-06-09 01:37:00,138.0
2013-06-09 01:38:00,138.6
2013-06-09 01:39:00,136.9
2013-06-09 01:40:00,135.39
2013-06-09 01:41:00,135.66
2013-06-09 01:42:00,133.8
2013-06-09 01:43:00,132.90000000000003
2013-06-09 01:44:00,133.4
2013-06-09 01:45:00,132.37
2013-06-09 01:46:00,131.3
2013-06-09 01:47:00,131.1
2013-06-09 01:48:00,90.67000000000002
2013-06-09 01:49:00,58.19
2013-06-09 01:50:00,58.900000000000006
2013-06-09 01:51:00,59.99999999999999
2013-06-09 01:52:00,59.67
2013-06-09 01:53:00,59.989999999999995
2013-06-09 01:54:00,59.7
2013-06-09 01:55:00,59.0
2013-06-09 01:56:00,59.8
2013-06-09 01:57:00,59.21000000000001
2013-06-09 01:58:00,59.19999999999999
2013-06-09 01:59:00,59.4
2013-06-09 02:00:00,60.32
2013-06-09 02:01:00,60.36000000000001
2013-06-09 02:02:00,60.300000000000004
2013-06-09 02:03:00,59.80000000000002
2013-06-09 02:04:00,60.74
2013-06-09 02:05:00,60.67
2013-06-09 02:06:00,59.5
2013-06-09 02:07:00,60.3
2013-06-09 02:08:00,59.410000000000004
2013-06-09 02:09:00,59.35
2013-06-09 02:10:00,59.800000000000004
2013-06-09 02:11:00,59.89999999999999
2013-06-09 02:12:00,59.660000000000004
2013-06-09 02:13:00,268.11
2013-06-09 02:14:00,147.1
2013-06-09 02:15:00,142.5
2013-06-09 02:16:00,140.34
2013-06-09 02:17:00,138.78
2013-06-09 02:18:00,137.5
2013-06-09 02:19:00,136.09000000000003
2013-06-09 02:20:00,136.1
2013-06-09 02:21:00,133.8
2013-06-09 02:22:00,134.89999999999998
2013-06-09 02:23:00,133.89999999999998
2013-06-09 02:24:00,132.31
2013-06-09 02:25:00,132.70000000000002
2013-06-09 02:26:00,131.9
2013-06-09 02:27:00,132.98
2013-06-09 02:28:00,83.47
2013-06-09 02:29:00,59.3
2013-06-09 02:30:00,59.8
2013-06-09 02:31:00,58.9
2013-06-09 02:32:00,59.77
2013-06-09 02:33:00,59.60999999999999
2013-06-09 02:34:00,59.4
2013-06-09 02:35:00,59.4
2013-06-09 02:36:00,59.57
2013-06-09 02:37:00,58.79
2013-06-09 02:38:00,59.10000000000001
2013-06-09 02:39:00,59.379999999999995
2013-06-09 02:40:00,58.97
2013-06-09 02:41:00,59.7
2013-06-09 02:42:00,59.199999999999996
2013-06-09 02:43:00,60.58000000000001
2013-06-09 02:44:00,60.160000000000004
2013-06-09 02:45:00,59.1
2013-06-09 02:46:00,59.4
2013-06-09 02:47:00,59.92
2013-06-09 02:48:00,58.94000000000001
2013-06-09 02:49:00,60.0
2013-06-09 02:50:00,59.4
2013-06-09 02:51:00,59.39
2013-06-09 02:52:00,60.0
2013-06-09 02:53:00,136.2
2013-06-09 02:54:00,165.5
2013-06-09 02:55:00,142.61999999999998
2013-06-09 02:56:00,140.2
2013-06-09 02:57:00,138.6
2013-06-09 02:58:00,137.6
2013-06-09 02:59:00,136.36
2013-06-09 03:00:00,136.81
2013-06-09 03:01:00,135.89999999999998
2013-06-09 03:02:00,136.0
2013-06-09 03:03:00,134.86
2013-06-09 03:04:00,135.20999999999998
2013-06-09 03:05:00,133.5
2013-06-09 03:06:00,132.7
2013-06-09 03:07:00,132.82
2013-06-09 03:08:00,90.91
2013-06-09 03:09:00,59.900000000000006
2013-06-09 03:10:00,60.00000000000001
2013-06-09 03:11:00,59.7
2013-06-09 03:12:00,58.910000000000004
2013-06-09 03:13:00,59.300000000000004
2013-06-09 03:14:00,59.80000000000001
2013-06-09 03:15:00,59.699999999999996
2013-06-09 03:16:00,59.16
2013-06-09 03:17:00,59.7
2013-06-09 03:18:00,60.0
2013-06-09 03:19:00,60.13
2013-06-09 03:20:00,59.589999999999996
2013-06-09 03:21:00,59.49999999999999
2013-06-09 03:22:00,59.9
2013-06-09 03:23:00,60.8
2013-06-09 03:24:00,59.769999999999996
2013-06-09 03:25:00,59.400000000000006
2013-06-09 03:26:00,59.800000000000004
2013-06-09 03:27:00,59.47
2013-06-09 03:28:00,60.269999999999996
2013-06-09 03:29:00,59.49999999999999
2013-06-09 03:30:00,58.480000000000004
2013-06-09 03:31:00,59.269999999999996
2013-06-09 03:32:00,59.279999999999994
2013-06-09 03:33:00,111.7
2013-06-09 03:34:00,146.2
2013-06-09 03:35:00,145.0
2013-06-09 03:36:00,141.90000000000003
2013-06-09 03:37:00,139.59999999999997
2013-06-09 03:38:00,138.31
2013-06-09 03:39:00,136.79000000000002
2013-06-09 03:40:00,135.5
2013-06-09 03:41:00,135.0
2013-06-09 03:42:00,133.81
2013-06-09 03:43:00,133.40000000000003
2013-06-09 03:44:00,131.8
2013-06-09 03:45:00,132.57
2013-06-09 03:46:00,131.89
2013-06-09 03:47:00,130.90000000000003
2013-06-09 03:48:00,102.3
2013-06-09 03:49:00,58.60000000000001
2013-06-09 03:50:00,59.02
2013-06-09 03:51:00,58.87
2013-06-09 03:52:00,58.400000000000006
2013-06-09 03:53:00,59.099999999999994
2013-06-09 03:54:00,59.23
2013-06-09 03:55:00,59.910000000000004
2013-06-09 03:56:00,59.60000000000001
2013-06-09 03:57:00,59.4
2013-06-09 03:58:00,59.790000000000006
2013-06-09 03:59:00,59.10000000000001
2013-06-09 04:00:00,60.6
2013-06-09 04:01:00,60.69999999999999
2013-06-09 04:02:00,60.11
2013-06-09 04:03:00,60.1
2013-06-09 04:04:00,60.99999999999999
2013-06-09 04:05:00,60.739999999999995
2013-06-09 04:06:00,59.980000000000004
2013-06-09 04:07:00,58.9
2013-06-09 04:08:00,59.3
2013-06-09 04:09:00,59.400000000000006
2013-06-09 04:10:00,58.970000000000006
2013-06-09 04:11:00,58.70000000000001
2013-06-09 04:12:00,58.89999999999999
2013-06-09 04:13:00,94.11
2013-06-09 04:14:00,144.86999999999998
2013-06-09 04:15:00,145.29999999999998
2013-06-09 04:16:00,140.6
2013-06-09 04:17:00,139.49
2013-06-09 04:18:00,138.35999999999999
2013-06-09 04:19:00,136.6
2013-06-09 04:20:00,134.89999999999998
2013-06-09 04:21:00,135.0
2013-06-09 04:22:00,133.72
2013-06-09 04:23:00,134.8
2013-06-09 04:24:00,132.5
2013-06-09 04:25:00,133.0
2013-06-09 04:26:00,132.29999999999998
2013-06-09 04:27:00,131.89999999999998
2013-06-09 04:28:00,102.28
2013-06-09 04:29:00,58.05
2013-06-09 04:30:00,59.6
2013-06-09 04:31:00,59.70000000000001
2013-06-09 04:32:00,59.12
2013-06-09 04:33:00,58.72
2013-06-09 04:34:00,58.7
2013-06-09 04:35:00,58.1
2013-06-09 04:36:00,59.0
2013-06-09 04:37:00,58.52
2013-06-09 04:38:00,57.89999999999999
2013-06-09 04:39:00,58.00000000000001
2013-06-09 04:40:00,58.64
2013-06-09 04:41:00,57.47
2013-06-09 04:42:00,57.300000000000004
2013-06-09 04:43:00,58.199999999999996
2013-06-09 04:44:00,58.42999999999999
2013-06-09 04:45:00,60.67
2013-06-09 04:46:00,59.2
2013-06-09 04:47:00,58.699999999999996
2013-06-09 04:48:00,58.800000000000004
2013-06-09 04:49:00,58.27
2013-06-09 04:50:00,58.800000000000004
2013-06-09 04:51:00,58.360000000000014
2013-06-09 04:52:00,58.81
2013-06-09 04:53:00,58.49999999999999
2013-06-09 04:54:00,140.3
2013-06-09 04:55:00,145.58
2013-06-09 04:56:00,142.39
2013-06-09 04:57:00,140.2
2013-06-09 04:58:00,137.8
2013-06-09 04:59:00,136.75
2013-06-09 05:00:00,137.82
2013-06-09 05:01:00,136.29999999999998
2013-06-09 05:02:00,136.2
2013-06-09 05:03:00,139.13
2013-06-09 05:04:00,134.5
2013-06-09 05:05:00,133.8
2013-06-09 05:06:00,131.89999999999998
2013-06-09 05:07:00,131.54
2013-06-09 05:08:00,131.78
2013-06-09 05:09:00,79.30000000000001
2013-06-09 05:10:00,58.2
2013-06-09 05:11:00,56.75
2013-06-09 05:12:00,57.690000000000005
2013-06-09 05:13:00,58.0
2013-06-09 05:14:00,57.99
2013-06-09 05:15:00,58.989999999999995
2013-06-09 05:16:00,58.20000000000001
2013-06-09 05:17:00,58.7
2013-06-09 05:18:00,58.38
2013-06-09 05:19:00,57.6
2013-06-09 05:20:00,58.1
2013-06-09 05:21:00,58.0
2013-06-09 05:22:00,58.3
2013-06-09 05:23:00,58.42
2013-06-09 05:24:00,59.00000000000001
2013-06-09 05:25:00,58.99999999999999
2013-06-09 05:26:00,57.99
2013-06-09 05:27:00,59.50000000000001
2013-06-09 05:28:00,58.8
2013-06-09 05:29:00,58.26000000000001
2013-06-09 05:30:00,57.8
2013-06-09 05:31:00,59.099999999999994
2013-06-09 05:32:00,58.599999999999994
2013-06-09 05:33:00,58.60000000000001
2013-06-09 05:34:00,57.47
2013-06-09 05:35:00,262.99
2013-06-09 05:36:00,145.70000000000002
2013-06-09 05:37:00,141.6
2013-06-09 05:38:00,138.88000000000002
2013-06-09 05:39:00,137.4
2013-06-09 05:40:00,135.9
2013-06-09 05:41:00,135.29000000000002
2013-06-09 05:42:00,133.94
2013-06-09 05:43:00,133.8
2013-06-09 05:44:00,132.9
2013-06-09 05:45:00,132.62
2013-06-09 05:46:00,132.6
2013-06-09 05:47:00,132.3
2013-06-09 05:48:00,130.5
2013-06-09 05:49:00,130.24
2013-06-09 05:50:00,58.39999999999999
2013-06-09 05:51:00,57.3
2013-06-09 05:52:00,57.42999999999999
2013-06-09 05:53:00,57.08
2013-06-09 05:54:00,57.900000000000006
2013-06-09 05:55:00,58.2
2013-06-09 05:56:00,58.900000000000006
2013-06-09 05:57:00,59.32000000000001
2013-06-09 05:58:00,58.4
2013-06-09 05:59:00,58.599999999999994
2013-06-09 06:00:00,60.73999999999999
2013-06-09 06:01:00,60.370000000000005
2013-06-09 06:02:00,61.300000000000004
2013-06-09 06:03:00,60.400000000000006
2013-06-09 06:04:00,60.91
2013-06-09 06:05:00,59.17
2013-06-09 06:06:00,59.099999999999994
2013-06-09 06:07:00,59.49999999999999
2013-06-09 06:08:00,58.94
2013-06-09 06:09:00,58.86000000000001
2013-06-09 06:10:00,58.49999999999999
2013-06-09 06:11:00,59.07
2013-06-09 06:12:00,58.59
2013-06-09 06:13:00,58.99
2013-06-09 06:14:00,59.199999999999996
2013-06-09 06:15:00,94.21
2013-06-09 06:16:00,145.12000000000003
2013-06-09 06:17:00,145.00000000000003
2013-06-09 06:18:00,141.5
2013-06-09 06:19:00,139.48000000000002
2013-06-09 06:20:00,137.3
2013-06-09 06:21:00,135.89999999999998
2013-06-09 06:22:00,134.6
2013-06-09 06:23:00,134.34
2013-06-09 06:24:00,134.58
2013-06-09 06:25:00,133.10000000000002
2013-06-09 06:26:00,132.7
2013-06-09 06:27:00,132.24
2013-06-09 06:28:00,131.5
2013-06-09 06:29:00,131.7
2013-06-09 06:30:00,116.60000000000001
2013-06-09 06:31:00,58.790000000000006
2013-06-09 06:32:00,57.67
2013-06-09 06:33:00,58.29999999999999
2013-06-09 06:34:00,58.28
2013-06-09 06:35:00,58.260000000000005
2013-06-09 06:36:00,58.5
2013-06-09 06:37:00,58.6
2013-06-09 06:38:00,59.22
2013-06-09 06:39:00,58.379999999999995
2013-06-09 06:40:00,59.0
2013-06-09 06:41:00,58.7
2013-06-09 06:42:00,57.67
2013-06-09 06:43:00,58.800000000000004
2013-06-09 06:44:00,59.0
2013-06-09 06:45:00,58.64000000000001
2013-06-09 06:46:00,57.55
2013-06-09 06:47:00,59.0
2013-06-09 06:48:00,58.6
2013-06-09 06:49:00,59.169999999999995
2013-06-09 06:50:00,59.88
2013-06-09 06:51:00,59.6
2013-06-09 06:52:00,59.800000000000004
2013-06-09 06:53:00,59.71999999999999
2013-06-09 06:54:00,59.84
2013-06-09 06:55:00,59.400000000000006
2013-06-09 06:56:00,85.50000000000001
2013-06-09 06:57:00,146.07
2013-06-09 06:58:00,145.28
2013-06-09 06:59:00,142.4
2013-06-09 07:00:00,145.3
2013-06-09 07:01:00,137.85
2013-06-09 07:02:00,138.4
2013-06-09 07:03:00,137.10000000000002
2013-06-09 07:04:00,134.33999999999997
2013-06-09 07:05:00,133.03
2013-06-09 07:06:00,131.89999999999998
2013-06-09 07:07:00,132.0
2013-06-09 07:08:00,132.85
2013-06-09 07:09:00,130.43
2013-06-09 07:10:00,131.4
2013-06-09 07:11:00,86.80000000000001
2013-06-09 07:12:00,57.89
2013-06-09 07:13:00,57.5
2013-06-09 07:14:00,58.2
2013-06-09 07:15:00,58.93999999999999
2013-06-09 07:16:00,57.56
2013-06-09 07:17:00,57.900000000000006
2013-06-09 07:18:00,59.599999999999994
2013-06-09 07:19:00,59.489999999999995
2013-06-09 07:20:00,59.67
2013-06-09 07:21:00,58.79999999999999
2013-06-09 07:22:00,58.4
2013-06-09 07:23:00,58.72999999999999
2013-06-09 07:24:00,58.41
2013-06-09 07:25:00,58.19999999999999
2013-06-09 07:26:00,59.5
2013-06-09 07:27:00,58.34
2013-06-09 07:28:00,59.00000000000001
2013-06-09 07:29:00,60.1
2013-06-09 07:30:00,58.57
2013-06-09 07:31:00,59.33
2013-06-09 07:32:00,59.300000000000004
2013-06-09 07:33:00,58.7
2013-06-09 07:34:00,58.62
2013-06-09 07:35:00,59.27
2013-06-09 07:36:00,59.7
2013-06-09 07:37:00,127.19999999999999
2013-06-09 07:38:00,146.23000000000002
2013-06-09 07:39:00,143.4
2013-06-09 07:40:00,140.4
2013-06-09 07:41:00,138.6
2013-06-09 07:42:00,137.42000000000002
2013-06-09 07:43:00,136.3
2013-06-09 07:44:00,135.00000000000003
2013-06-09 07:45:00,133.49
2013-06-09 07:46:00,131.73000000000002
2013-06-09 07:47:00,131.7
2013-06-09 07:48:00,131.0
2013-06-09 07:49:00,130.72000000000003
2013-06-09 07:50:00,130.75
2013-06-09 07:51:00,130.4
2013-06-09 07:52:00,80.7
2013-06-09 07:53:00,57.7
2013-06-09 07:54:00,57.190000000000005
2013-06-09 07:55:00,58.2
2013-06-09 07:56:00,57.89000000000001
2013-06-09 07:57:00,57.61
2013-06-09 07:58:00,57.50000000000001
2013-06-09 07:59:00,58.0
2013-06-09 08:00:00,59.18
2013-06-09 08:01:00,59.36
2013-06-09 08:02:00,60.7
2013-06-09 08:03:00,59.300000000000004
2013-06-09 08:04:00,59.78
2013-06-09 08:05:00,59.7
2013-06-09 08:06:00,59.5
2013-06-09 08:07:00,59.800000000000004
2013-06-09 08:08:00,59.480000000000004
2013-06-09 08:09:00,59.599999999999994
2013-06-09 08:10:00,59.9
2013-06-09 08:11:00,59.9
2013-06-09 08:12:00,60.0
2013-06-09 08:13:00,60.0
2013-06-09 08:14:00,58.7
2013-06-09 08:15:00,59.39
2013-06-09 08:16:00,58.15
2013-06-09 08:17:00,58.800000000000004
2013-06-09 08:18:00,134.5
2013-06-09 08:19:00,144.44
2013-06-09 08:20:00,142.19
2013-06-09 08:21:00,139.6
2013-06-09 08:22:00,138.07999999999998
2013-06-09 08:23:00,137.4
2013-06-09 08:24:00,136.2
2013-06-09 08:25:00,134.6
2013-06-09 08:26:00,133.89
2013-06-09 08:27:00,133.78
2013-06-09 08:28:00,133.10000000000002
2013-06-09 08:29:00,132.3
2013-06-09 08:30:00,132.16
2013-06-09 08:31:00,130.8
2013-06-09 08:32:00,122.39999999999999
2013-06-09 08:33:00,56.77
2013-06-09 08:34:00,58.0
2013-06-09 08:35:00,58.3
2013-06-09 08:36:00,57.699999999999996
2013-06-09 08:37:00,59.67
2013-06-09 08:38:00,59.36000000000001
2013-06-09 08:39:00,59.1
2013-06-09 08:40:00,59.7
2013-06-09 08:41:00,58.92999999999999
2013-06-09 08:42:00,77.60000000000001
2013-06-09 08:43:00,92.69999999999999
2013-06-09 08:44:00,93.03
2013-06-09 08:45:00,96.36
2013-06-09 08:46:00,93.8
2013-06-09 08:47:00,102.8
2013-06-09 08:48:00,980.4800000000001
2013-06-09 08:49:00,3030.7999999999993
2013-06-09 08:50:00,3040.7999999999997
2013-06-09 08:51:00,2446.2000000000003
2013-06-09 08:52:00,84.4
2013-06-09 08:53:00,81.69999999999999
2013-06-09 08:54:00,81.89999999999999
2013-06-09 08:55:00,82.23
2013-06-09 08:56:00,82.88
2013-06-09 08:57:00,81.3
2013-06-09 08:58:00,78.57
2013-06-09 08:59:00,162.30999999999997
2013-06-09 09:00:00,164.7
2013-06-09 09:01:00,161.50000000000003
2013-06-09 09:02:00,159.44
2013-06-09 09:03:00,752.05
2013-06-09 09:04:00,1209.8999999999999
2013-06-09 09:05:00,425.5
2013-06-09 09:06:00,156.88000000000002
2013-06-09 09:07:00,162.0
2013-06-09 09:08:00,163.79999999999998
2013-06-09 09:09:00,162.49999999999997
2013-06-09 09:10:00,161.58
2013-06-09 09:11:00,159.10999999999999
2013-06-09 09:12:00,164.09999999999997
2013-06-09 09:13:00,150.76000000000002
2013-06-09 09:14:00,85.15999999999998
2013-06-09 09:15:00,87.08999999999999
2013-06-09 09:16:00,89.80000000000001
2013-06-09 09:17:00,88.76
2013-06-09 09:18:00,88.25
2013-06-09 09:19:00,84.4
2013-06-09 09:20:00,90.89999999999999
2013-06-09 09:21:00,88.83
2013-06-09 09:22:00,84.07999999999998
2013-06-09 09:23:00,84.10000000000001
2013-06-09 09:24:00,84.47
2013-06-09 09:25:00,86.57
2013-06-09 09:26:00,87.10000000000001
2013-06-09 09:27:00,88.6
2013-06-09 09:28:00,87.26
2013-06-09 09:29:00,87.61
2013-06-09 09:30:00,86.70000000000002
2013-06-09 09:31:00,85.49999999999999
2013-06-09 09:32:00,87.26000000000002
2013-06-09 09:33:00,85.58999999999999
2013-06-09 09:34:00,88.10000000000001
2013-06-09 09:35:00,87.70000000000002
2013-06-09 09:36:00,85.34
2013-06-09 09:37:00,85.29999999999998
2013-06-09 09:38:00,85.49999999999999
2013-06-09 09:39:00,103.81
2013-06-09 09:40:00,169.64000000000001
2013-06-09 09:41:00,172.80000000000004
2013-06-09 09:42:00,168.5
2013-06-09 09:43:00,166.54000000000002
2013-06-09 09:44:00,163.89000000000001
2013-06-09 09:45:00,165.9
2013-06-09 09:46:00,161.52
2013-06-09 09:47:00,159.59
2013-06-09 09:48:00,159.9
2013-06-09 09:49:00,159.9
2013-06-09 09:50:00,158.05
2013-06-09 09:51:00,157.95000000000002
2013-06-09 09:52:00,159.70000000000002
2013-06-09 09:53:00,159.1
2013-06-09 09:54:00,159.78000000000003
2013-06-09 09:55:00,92.00000000000001
2013-06-09 09:56:00,87.60000000000001
2013-06-09 09:57:00,90.50000000000001
2013-06-09 09:58:00,93.31
2013-06-09 09:59:00,95.40000000000002
2013-06-09 10:00:00,93.00000000000003
2013-06-09 10:01:00,94.59
2013-06-09 10:02:00,89.85999999999999
2013-06-09 10:03:00,88.1
2013-06-09 10:04:00,86.58
2013-06-09 10:05:00,86.27
2013-06-09 10:06:00,86.39999999999999
2013-06-09 10:07:00,86.3
2013-06-09 10:08:00,87.23
2013-06-09 10:09:00,88.08000000000001
2013-06-09 10:10:00,91.00000000000001
2013-06-09 10:11:00,89.36000000000001
2013-06-09 10:12:00,86.34
2013-06-09 10:13:00,83.89999999999999
2013-06-09 10:14:00,84.6
2013-06-09 10:15:00,83.73
2013-06-09 10:16:00,85.01
2013-06-09 10:17:00,86.6
2013-06-09 10:18:00,83.39999999999999
2013-06-09 10:19:00,85.11
2013-06-09 10:20:00,84.1
2013-06-09 10:21:00,143.5
2013-06-09 10:22:00,168.26999999999998
2013-06-09 10:23:00,166.6
2013-06-09 10:24:00,164.3
2013-06-09 10:25:00,161.29999999999998
2013-06-09 10:26:00,160.51000000000002
2013-06-09 10:27:00,159.18
2013-06-09 10:28:00,159.4
2013-06-09 10:29:00,158.9
2013-06-09 10:30:00,161.75
2013-06-09 10:31:00,447.0800000000001
2013-06-09 10:32:00,3034.2
2013-06-09 10:33:00,3126.0
2013-06-09 10:34:00,3218.2000000000003
2013-06-09 10:35:00,228.60000000000002
2013-06-09 10:36:00,82.78
2013-06-09 10:37:00,82.78
2013-06-09 10:38:00,82.5
2013-06-09 10:39:00,82.8
2013-06-09 10:40:00,77.27
2013-06-09 10:41:00,76.16999999999999
2013-06-09 10:42:00,75.99999999999999
2013-06-09 10:43:00,76.36000000000001
2013-06-09 10:44:00,77.04
2013-06-09 10:45:00,75.80000000000001
2013-06-09 10:46:00,76.19999999999999
2013-06-09 10:47:00,75.91999999999999
2013-06-09 10:48:00,76.96
2013-06-09 10:49:00,77.00000000000001
2013-06-09 10:50:00,77.39999999999999
2013-06-09 10:51:00,76.68
2013-06-09 10:52:00,78.06
2013-06-09 10:53:00,77.39999999999999
2013-06-09 10:54:00,77.67
2013-06-09 10:55:00,76.34
2013-06-09 10:56:00,77.10000000000001
2013-06-09 10:57:00,77.5
2013-06-09 10:58:00,75.6
2013-06-09 10:59:00,75.66
2013-06-09 11:00:00,68.70000000000002
2013-06-09 11:01:00,59.29999999999999
2013-06-09 11:02:00,145.88
2013-06-09 11:03:00,145.8
2013-06-09 11:04:00,142.60000000000002
2013-06-09 11:05:00,140.38
2013-06-09 11:06:00,136.4
2013-06-09 11:07:00,135.7
2013-06-09 11:08:00,135.09999999999997
2013-06-09 11:09:00,134.56
2013-06-09 11:10:00,133.3
2013-06-09 11:11:00,132.5
2013-06-09 11:12:00,131.78
2013-06-09 11:13:00,131.79000000000002
2013-06-09 11:14:00,130.9
2013-06-09 11:15:00,131.3
2013-06-09 11:16:00,109.05999999999999
2013-06-09 11:17:00,58.7
2013-06-09 11:18:00,57.699999999999996
2013-06-09 11:19:00,58.1
2013-06-09 11:20:00,59.14
2013-06-09 11:21:00,58.09
2013-06-09 11:22:00,57.900000000000006
2013-06-09 11:23:00,57.70000000000001
2013-06-09 11:24:00,57.39
2013-06-09 11:25:00,58.599999999999994
2013-06-09 11:26:00,58.300000000000004
2013-06-09 11:27:00,57.45
2013-06-09 11:28:00,57.08
2013-06-09 11:29:00,58.10000000000001
2013-06-09 11:30:00,58.1
2013-06-09 11:31:00,57.78000000000001
2013-06-09 11:32:00,57.99999999999999
2013-06-09 11:33:00,57.70000000000001
2013-06-09 11:34:00,62.11
2013-06-09 11:35:00,63.709999999999994
2013-06-09 11:36:00,59.0
2013-06-09 11:37:00,60.61
2013-06-09 11:38:00,953.35
2013-06-09 11:39:00,1385.2
2013-06-09 11:40:00,1245.9
2013-06-09 11:41:00,63.89999999999999
2013-06-09 11:42:00,128.1
2013-06-09 11:43:00,145.0
2013-06-09 11:44:00,141.44
2013-06-09 11:45:00,137.72
2013-06-09 11:46:00,137.1
2013-06-09 11:47:00,135.06
2013-06-09 11:48:00,134.77999999999997
2013-06-09 11:49:00,133.1
2013-06-09 11:50:00,133.2
2013-06-09 11:51:00,132.88
2013-06-09 11:52:00,135.32
2013-06-09 11:53:00,134.2
2013-06-09 11:54:00,130.74
2013-06-09 11:55:00,130.44
2013-06-09 11:56:00,269.70000000000005
2013-06-09 11:57:00,1414.0
2013-06-09 11:58:00,1520.6
2013-06-09 11:59:00,949.8000000000001
2013-06-09 12:00:00,1082.4
2013-06-09 12:01:00,1294.76
2013-06-09 12:02:00,1286.8200000000002
2013-06-09 12:03:00,579.6
2013-06-09 12:04:00,1236.47
2013-06-09 12:05:00,1226.1399999999999
2013-06-09 12:06:00,877.8000000000001
2013-06-09 12:07:00,76.30000000000001
2013-06-09 12:08:00,83.67
2013-06-09 12:09:00,84.39999999999999
2013-06-09 12:10:00,83.9
2013-06-09 12:11:00,84.59
2013-06-09 12:12:00,83.83
2013-06-09 12:13:00,83.39999999999999
2013-06-09 12:14:00,84.60000000000001
2013-06-09 12:15:00,84.83999999999999
2013-06-09 12:16:00,84.74
2013-06-09 12:17:00,84.5
2013-06-09 12:18:00,66.66
2013-06-09 12:19:00,59.17
2013-06-09 12:20:00,58.599999999999994
2013-06-09 12:21:00,58.6
2013-06-09 12:22:00,146.55
2013-06-09 12:23:00,1607.6
2013-06-09 12:24:00,1607.2
2013-06-09 12:25:00,1638.1
2013-06-09 12:26:00,1425.3000000000002
2013-06-09 12:27:00,1677.3000000000002
2013-06-09 12:28:00,1719.3
2013-06-09 12:29:00,1866.2
2013-06-09 12:30:00,2347.9
2013-06-09 12:31:00,2366.7
2013-06-09 12:32:00,2361.7
2013-06-09 12:33:00,2320.0
2013-06-09 12:34:00,2321.1
2013-06-09 12:35:00,2322.7
2013-06-09 12:36:00,2335.7000000000003
2013-06-09 12:37:00,533.5000000000001
2013-06-09 12:38:00,266.40000000000003
2013-06-09 12:39:00,1007.6000000000001
2013-06-09 12:40:00,1130.7
2013-06-09 12:41:00,666.43
2013-06-09 12:42:00,259.2
2013-06-09 12:43:00,245.99999999999997
2013-06-09 12:44:00,251.88
2013-06-09 12:45:00,201.53
2013-06-09 12:46:00,197.40000000000003
2013-06-09 12:47:00,288.00000000000006
2013-06-09 12:48:00,265.77000000000004
2013-06-09 12:49:00,246.67
2013-06-09 12:50:00,224.1
2013-06-09 12:51:00,198.01
2013-06-09 12:52:00,173.08
2013-06-09 12:53:00,207.0
2013-06-09 12:54:00,245.19999999999996
2013-06-09 12:55:00,226.35000000000002
2013-06-09 12:56:00,227.88
2013-06-09 12:57:00,273.0
2013-06-09 12:58:00,328.68
2013-06-09 12:59:00,389.37
2013-06-09 13:00:00,535.0
2013-06-09 13:01:00,513.2
2013-06-09 13:02:00,585.37
2013-06-09 13:03:00,586.82
2013-06-09 13:04:00,209.80000000000004
2013-06-09 13:05:00,185.4
2013-06-09 13:06:00,168.68
2013-06-09 13:07:00,160.89999999999998
2013-06-09 13:08:00,159.6
2013-06-09 13:09:00,157.96000000000004
2013-06-09 13:10:00,155.73999999999998
2013-06-09 13:11:00,153.39999999999998
2013-06-09 13:12:00,160.70000000000002
2013-06-09 13:13:00,163.15
2013-06-09 13:14:00,161.48000000000002
2013-06-09 13:15:00,157.90000000000003
2013-06-09 13:16:00,161.05
2013-06-09 13:17:00,91.99
2013-06-09 13:18:00,86.39999999999999
2013-06-09 13:19:00,85.89999999999999
2013-06-09 13:20:00,87.11
2013-06-09 13:21:00,86.9
2013-06-09 13:22:00,86.80000000000001
2013-06-09 13:23:00,86.04
2013-06-09 13:24:00,83.15
2013-06-09 13:25:00,83.30000000000001
2013-06-09 13:26:00,83.3
2013-06-09 13:27:00,83.19999999999999
2013-06-09 13:28:00,83.25
2013-06-09 13:29:00,83.6
2013-06-09 13:30:00,83.3
2013-06-09 13:31:00,84.23
2013-06-09 13:32:00,83.3
2013-06-09 13:33:00,85.0
2013-06-09 13:34:00,81.6
2013-06-09 13:35:00,82.61
2013-06-09 13:36:00,82.10000000000001
2013-06-09 13:37:00,82.69999999999999
2013-06-09 13:38:00,82.39
2013-06-09 13:39:00,98.3
2013-06-09 13:40:00,101.2
2013-06-09 13:41:00,101.16999999999999
2013-06-09 13:42:00,115.2
2013-06-09 13:43:00,181.09999999999997
2013-06-09 13:44:00,175.0
2013-06-09 13:45:00,171.78
2013-06-09 13:46:00,170.2
2013-06-09 13:47:00,163.7
2013-06-09 13:48:00,160.0
2013-06-09 13:49:00,154.31
2013-06-09 13:50:00,152.59999999999997
2013-06-09 13:51:00,152.10000000000002
2013-06-09 13:52:00,150.06
2013-06-09 13:53:00,147.98
2013-06-09 13:54:00,147.09999999999997
2013-06-09 13:55:00,146.79999999999998
2013-06-09 13:56:00,147.66000000000003
2013-06-09 13:57:00,124.99999999999999
2013-06-09 13:58:00,74.7
2013-06-09 13:59:00,76.00999999999999
2013-06-09 14:00:00,76.35
2013-06-09 14:01:00,75.69999999999999
2013-06-09 14:02:00,76.5
2013-06-09 14:03:00,75.14
2013-06-09 14:04:00,75.7
2013-06-09 14:05:00,75.19999999999999
2013-06-09 14:06:00,75.97
2013-06-09 14:07:00,75.36
2013-06-09 14:08:00,74.0
2013-06-09 14:09:00,74.8
2013-06-09 14:10:00,75.1
2013-06-09 14:11:00,74.2
2013-06-09 14:12:00,64.30000000000001
2013-06-09 14:13:00,56.36
2013-06-09 14:14:00,55.63
2013-06-09 14:15:00,55.4
2013-06-09 14:16:00,56.4
2013-06-09 14:17:00,56.790000000000006
2013-06-09 14:18:00,55.8
2013-06-09 14:19:00,55.400000000000006
2013-06-09 14:20:00,60.59
2013-06-09 14:21:00,85.92999999999999
2013-06-09 14:22:00,82.5
2013-06-09 14:23:00,90.7
2013-06-09 14:24:00,166.89
2013-06-09 14:25:00,168.38000000000002
2013-06-09 14:26:00,162.1
2013-06-09 14:27:00,159.9
2013-06-09 14:28:00,159.03000000000003
2013-06-09 14:29:00,155.49999999999997
2013-06-09 14:30:00,155.6
2013-06-09 14:31:00,152.44
2013-06-09 14:32:00,149.73000000000002
2013-06-09 14:33:00,148.09999999999997
2013-06-09 14:34:00,147.7
2013-06-09 14:35:00,147.85
2013-06-09 14:36:00,147.5
2013-06-09 14:37:00,147.2
2013-06-09 14:38:00,132.32999999999998
2013-06-09 14:39:00,74.68
2013-06-09 14:40:00,73.8
2013-06-09 14:41:00,73.74000000000001
2013-06-09 14:42:00,74.25
2013-06-09 14:43:00,74.3
2013-06-09 14:44:00,75.1
2013-06-09 14:45:00,74.60000000000001
2013-06-09 14:46:00,74.67
2013-06-09 14:47:00,74.5
2013-06-09 14:48:00,75.0
2013-06-09 14:49:00,74.75
2013-06-09 14:50:00,75.24000000000001
2013-06-09 14:51:00,66.2
2013-06-09 14:52:00,56.69
2013-06-09 14:53:00,57.080000000000005
2013-06-09 14:54:00,57.5
2013-06-09 14:55:00,56.5
2013-06-09 14:56:00,56.459999999999994
2013-06-09 14:57:00,55.540000000000006
2013-06-09 14:58:00,56.79999999999999
2013-06-09 14:59:00,56.46
2013-06-09 15:00:00,57.92
2013-06-09 15:01:00,57.99999999999999
2013-06-09 15:02:00,57.49999999999999
2013-06-09 15:03:00,57.279999999999994
2013-06-09 15:04:00,76.54
2013-06-09 15:05:00,142.29999999999998
2013-06-09 15:06:00,142.59
2013-06-09 15:07:00,139.69000000000003
2013-06-09 15:08:00,137.2
2013-06-09 15:09:00,135.9
2013-06-09 15:10:00,134.36
2013-06-09 15:11:00,133.06
2013-06-09 15:12:00,132.89999999999998
2013-06-09 15:13:00,132.09999999999997
2013-06-09 15:14:00,131.56
2013-06-09 15:15:00,129.98000000000002
2013-06-09 15:16:00,129.6
2013-06-09 15:17:00,129.62
2013-06-09 15:18:00,128.87
2013-06-09 15:19:00,92.5
2013-06-09 15:20:00,55.8
2013-06-09 15:21:00,56.11
2013-06-09 15:22:00,56.11
2013-06-09 15:23:00,56.8
2013-06-09 15:24:00,55.4
2013-06-09 15:25:00,55.29
2013-06-09 15:26:00,55.6
2013-06-09 15:27:00,55.699999999999996
2013-06-09 15:28:00,55.809999999999995
2013-06-09 15:29:00,56.300000000000004
2013-06-09 15:30:00,56.199999999999996
2013-06-09 15:31:00,56.3
2013-06-09 15:32:00,55.58
2013-06-09 15:33:00,56.20000000000001
2013-06-09 15:34:00,56.0
2013-06-09 15:35:00,55.64999999999999
2013-06-09 15:36:00,55.809999999999995
2013-06-09 15:37:00,56.099999999999994
2013-06-09 15:38:00,55.49999999999999
2013-06-09 15:39:00,55.69
2013-06-09 15:40:00,58.779999999999994
2013-06-09 15:41:00,67.4
2013-06-09 15:42:00,56.57
2013-06-09 15:43:00,54.84
2013-06-09 15:44:00,159.29999999999998
2013-06-09 15:45:00,141.2
2013-06-09 15:46:00,141.92000000000002
2013-06-09 15:47:00,182.13
2013-06-09 15:48:00,219.4
2013-06-09 15:49:00,221.65
2013-06-09 15:50:00,222.48
2013-06-09 15:51:00,225.4
2013-06-09 15:52:00,216.0
2013-06-09 15:53:00,237.42
2013-06-09 15:54:00,215.01000000000002
2013-06-09 15:55:00,213.70000000000002
2013-06-09 15:56:00,213.16000000000003
2013-06-09 15:57:00,213.67000000000002
2013-06-09 15:58:00,211.99999999999997
2013-06-09 15:59:00,216.91
2013-06-09 16:00:00,1922.31
2013-06-09 16:01:00,3082.7
2013-06-09 16:02:00,3096.0999999999995
2013-06-09 16:03:00,3069.6
2013-06-09 16:04:00,138.5
2013-06-09 16:05:00,137.3
2013-06-09 16:06:00,141.1
2013-06-09 16:07:00,138.1
2013-06-09 16:08:00,139.8
2013-06-09 16:09:00,139.98
2013-06-09 16:10:00,138.60000000000002
2013-06-09 16:11:00,139.6
2013-06-09 16:12:00,1317.0
2013-06-09 16:13:00,3089.5
2013-06-09 16:14:00,3092.4
2013-06-09 16:15:00,1562.39
2013-06-09 16:16:00,130.0
2013-06-09 16:17:00,129.7
2013-06-09 16:18:00,129.49
2013-06-09 16:19:00,130.0
2013-06-09 16:20:00,129.5
2013-06-09 16:21:00,130.17000000000002
2013-06-09 16:22:00,132.14
2013-06-09 16:23:00,126.39999999999999
2013-06-09 16:24:00,131.7
2013-06-09 16:25:00,133.49
2013-06-09 16:26:00,188.01
2013-06-09 16:27:00,217.4
2013-06-09 16:28:00,216.50000000000003
2013-06-09 16:29:00,200.33999999999997
2013-06-09 16:30:00,195.92000000000002
2013-06-09 16:31:00,212.0
2013-06-09 16:32:00,210.98999999999998
2013-06-09 16:33:00,210.81
2013-06-09 16:34:00,212.10000000000002
2013-06-09 16:35:00,208.3
2013-06-09 16:36:00,208.85
2013-06-09 16:37:00,209.17000000000004
2013-06-09 16:38:00,210.7
2013-06-09 16:39:00,210.20000000000002
2013-06-09 16:40:00,209.82999999999998
2013-06-09 16:41:00,209.37999999999997
2013-06-09 16:42:00,178.8
2013-06-09 16:43:00,133.0
2013-06-09 16:44:00,135.04
2013-06-09 16:45:00,136.29999999999998
2013-06-09 16:46:00,113.9
2013-06-09 16:47:00,85.36
2013-06-09 16:48:00,68.66
2013-06-09 16:49:00,68.3
2013-06-09 16:50:00,68.92
2013-06-09 16:51:00,69.26
2013-06-09 16:52:00,68.3
2013-06-09 16:53:00,76.6
2013-06-09 16:54:00,78.47999999999999
2013-06-09 16:55:00,81.65
2013-06-09 16:56:00,83.1
2013-06-09 16:57:00,81.10000000000001
2013-06-09 16:58:00,69.4
2013-06-09 16:59:00,67.48
2013-06-09 17:00:00,62.60000000000001
2013-06-09 17:01:00,59.98000000000001
2013-06-09 17:02:00,60.9
2013-06-09 17:03:00,61.7
2013-06-09 17:04:00,61.1
2013-06-09 17:05:00,139.92
2013-06-09 17:06:00,145.13
2013-06-09 17:07:00,146.60000000000002
2013-06-09 17:08:00,140.3
2013-06-09 17:09:00,148.22
2013-06-09 17:10:00,137.01
2013-06-09 17:11:00,136.6
2013-06-09 17:12:00,136.1
2013-06-09 17:13:00,137.1
2013-06-09 17:14:00,161.9
2013-06-09 17:15:00,158.2
2013-06-09 17:16:00,149.60000000000002
2013-06-09 17:17:00,162.08
2013-06-09 17:18:00,205.5
2013-06-09 17:19:00,214.50000000000003
2013-06-09 17:20:00,202.95
2013-06-09 17:21:00,204.68
2013-06-09 17:22:00,143.2
2013-06-09 17:23:00,142.27
2013-06-09 17:24:00,136.47
2013-06-09 17:25:00,138.4
2013-06-09 17:26:00,137.89999999999998
2013-06-09 17:27:00,137.04
2013-06-09 17:28:00,137.39000000000001
2013-06-09 17:29:00,136.59999999999997
2013-06-09 17:30:00,138.79999999999998
2013-06-09 17:31:00,138.47000000000003
2013-06-09 17:32:00,135.51999999999998
2013-06-09 17:33:00,137.5
2013-06-09 17:34:00,138.99999999999997
2013-06-09 17:35:00,133.39
2013-06-09 17:36:00,132.60000000000002
2013-06-09 17:37:00,131.8
2013-06-09 17:38:00,131.32999999999998
2013-06-09 17:39:00,141.26
2013-06-09 17:40:00,136.89999999999998
2013-06-09 17:41:00,1422.4
2013-06-09 17:42:00,5087.8
2013-06-09 17:43:00,5074.8
2013-06-09 17:44:00,5202.6
2013-06-09 17:45:00,2805.5999999999995
2013-06-09 17:46:00,2281.1
2013-06-09 17:47:00,2283.5
2013-06-09 17:48:00,2274.8
2013-06-09 17:49:00,2272.4
2013-06-09 17:50:00,2268.89
2013-06-09 17:51:00,2275.5
2013-06-09 17:52:00,2268.3
2013-06-09 17:53:00,2255.2
2013-06-09 17:54:00,2260.19
2013-06-09 17:55:00,2254.49
2013-06-09 17:56:00,4843.3
2013-06-09 17:57:00,4802.400000000001
2013-06-09 17:58:00,2228.8
2013-06-09 17:59:00,2179.0
2013-06-09 18:00:00,2172.5
2013-06-09 18:01:00,2163.9
2013-06-09 18:02:00,2127.98
2013-06-09 18:03:00,566.1
2013-06-09 18:04:00,193.29999999999998
2013-06-09 18:05:00,190.75999999999996
2013-06-09 18:06:00,189.10000000000002
2013-06-09 18:07:00,187.50000000000003
2013-06-09 18:08:00,191.1
2013-06-09 18:09:00,141.67
2013-06-09 18:10:00,94.17
2013-06-09 18:11:00,140.9
2013-06-09 18:12:00,188.68999999999994
2013-06-09 18:13:00,151.68
2013-06-09 18:14:00,95.7
2013-06-09 18:15:00,500.0
2013-06-09 18:16:00,2061.8999999999996
2013-06-09 18:17:00,2039.7
2013-06-09 18:18:00,2036.2
2013-06-09 18:19:00,2055.6
2013-06-09 18:20:00,2085.2000000000003
2013-06-09 18:21:00,2072.7000000000003
2013-06-09 18:22:00,2075.6
2013-06-09 18:23:00,2044.5
2013-06-09 18:24:00,2034.6
2013-06-09 18:25:00,2199.0
2013-06-09 18:26:00,2125.3999999999996
2013-06-09 18:27:00,2128.0
2013-06-09 18:28:00,2119.7999999999997
2013-06-09 18:29:00,654.4
2013-06-09 18:30:00,269.9
2013-06-09 18:31:00,229.10000000000002
2013-06-09 18:32:00,230.77999999999997
2013-06-09 18:33:00,230.9
2013-06-09 18:34:00,231.39999999999998
2013-06-09 18:35:00,227.5
2013-06-09 18:36:00,234.63
2013-06-09 18:37:00,226.33999999999997
2013-06-09 18:38:00,225.79999999999998
2013-06-09 18:39:00,224.7
2013-06-09 18:40:00,224.03
2013-06-09 18:41:00,165.85999999999999
2013-06-09 18:42:00,152.6
2013-06-09 18:43:00,152.04
2013-06-09 18:44:00,151.31
2013-06-09 18:45:00,152.10000000000002
2013-06-09 18:46:00,150.89999999999998
2013-06-09 18:47:00,151.16
2013-06-09 18:48:00,150.96
2013-06-09 18:49:00,137.5
2013-06-09 18:50:00,133.08
2013-06-09 18:51:00,132.63
2013-06-09 18:52:00,133.2
2013-06-09 18:53:00,132.5
2013-06-09 18:54:00,133.1
2013-06-09 18:55:00,133.82999999999998
2013-06-09 18:56:00,140.39999999999998
2013-06-09 18:57:00,138.05999999999997
2013-06-09 18:58:00,136.39999999999998
2013-06-09 18:59:00,133.1
2013-06-09 19:00:00,133.7
2013-06-09 19:01:00,134.35000000000002
2013-06-09 19:02:00,134.43
2013-06-09 19:03:00,134.2
2013-06-09 19:04:00,230.39999999999998
2013-06-09 19:05:00,225.24
2013-06-09 19:06:00,219.82
2013-06-09 19:07:00,217.59999999999997
2013-06-09 19:08:00,212.91
2013-06-09 19:09:00,211.88
2013-06-09 19:10:00,209.6
2013-06-09 19:11:00,208.50000000000003
2013-06-09 19:12:00,209.10999999999999
2013-06-09 19:13:00,207.97
2013-06-09 19:14:00,206.5
2013-06-09 19:15:00,210.4
2013-06-09 19:16:00,207.48
2013-06-09 19:17:00,206.59999999999997
2013-06-09 19:18:00,209.20000000000002
2013-06-09 19:19:00,204.9
2013-06-09 19:20:00,165.48
2013-06-09 19:21:00,132.40000000000003
2013-06-09 19:22:00,132.40999999999997
2013-06-09 19:23:00,133.29000000000002
2013-06-09 19:24:00,135.3
2013-06-09 19:25:00,157.6
2013-06-09 19:26:00,165.57
2013-06-09 19:27:00,161.92000000000002
2013-06-09 19:28:00,166.60000000000002
2013-06-09 19:29:00,160.4
2013-06-09 19:30:00,165.54
2013-06-09 19:31:00,164.33
2013-06-09 19:32:00,165.6
2013-06-09 19:33:00,165.48000000000002
2013-06-09 19:34:00,162.89
2013-06-09 19:35:00,159.5
2013-06-09 19:36:00,167.4
2013-06-09 19:37:00,162.17
