2013-04-04 19:47:00,-6.23940284915862e-05
2013-04-04 19:48:00,-6.234724789774354e-05
2013-04-04 19:49:00,-6.230050237815418e-05
2013-04-04 19:50:00,-6.22537919065208e-05
2013-04-04 19:51:00,-6.220711645656589e-05
2013-04-04 19:52:00,-6.216047600203151e-05
2013-04-04 19:53:00,-6.21138705166795e-05
2013-04-04 19:54:00,-6.20672999742913e-05
2013-04-04 19:55:00,-6.20207643486681e-05
2013-04-04 19:56:00,-6.197426361363064e-05
2013-04-04 19:57:00,-6.192779774301934e-05
2013-04-04 19:58:00,-6.188136671069421e-05
2013-04-04 19:59:00,-6.183497049053489e-05
2013-04-04 20:00:00,-6.178860905644057e-05
2013-04-04 20:01:00,-6.174228238233008e-05
2013-04-04 20:02:00,-6.169599044214166e-05
2013-04-04 20:03:00,-6.164973320983319e-05
2013-04-04 20:04:00,-6.160351065938213e-05
2013-04-04 20:05:00,-6.155732276478532e-05
2013-04-04 20:06:00,-6.151116950005919e-05
2013-04-04 20:07:00,-6.146505083923965e-05
2013-04-04 20:08:00,-6.141896675638198e-05
2013-04-04 20:09:00,-6.137291722556101e-05
2013-04-04 20:10:00,-6.132690222087101e-05
2013-04-04 20:11:00,-6.12809217164256e-05
2013-04-04 20:12:00,-6.123497568635788e-05
2013-04-04 20:13:00,-6.118906410482032e-05
2013-04-04 20:14:00,-6.11431869459847e-05
2013-04-04 20:15:00,-6.109734418404233e-05
2013-04-04 20:16:00,-6.105153579320369e-05
2013-04-04 20:17:00,-6.100576174769871e-05
2013-04-04 20:18:00,-6.096002202177659e-05
2013-04-04 20:19:00,-6.091431658970587e-05
2013-04-04 20:20:00,-6.086864542577434e-05
2013-04-04 20:21:00,-6.0823008504289134e-05
2013-04-04 20:22:00,-6.077740579957658e-05
2013-04-04 20:23:00,-6.073183728598229e-05
2013-04-04 20:24:00,-6.068630293787112e-05
2013-04-04 20:25:00,-6.0640802729627116e-05
2013-04-04 20:26:00,-6.059533663565354e-05
2013-04-04 20:27:00,-6.054990463037286e-05
2013-04-04 20:28:00,-6.0504506688226724e-05
2013-04-04 20:29:00,-6.045914278367592e-05
2013-04-04 20:30:00,-6.041381289120038e-05
2013-04-04 20:31:00,-6.03685169852992e-05
2013-04-04 20:32:00,-6.0323255040490576e-05
2013-04-04 20:33:00,-6.027802703131182e-05
2013-04-04 20:34:00,-6.0232832932319324e-05
2013-04-04 20:35:00,-6.018767271808856e-05
2013-04-04 20:36:00,-6.014254636321408e-05
2013-04-04 20:37:00,-6.009745384230944e-05
2013-04-04 20:38:00,-6.0052395130007266e-05
2013-04-04 20:39:00,-6.00073702009592e-05
2013-04-04 20:40:00,-5.99623790298359e-05
2013-04-04 20:41:00,-5.9917421591326956e-05
2013-04-04 20:42:00,-5.987249786014102e-05
2013-04-04 20:43:00,-5.982760781100564e-05
2013-04-04 20:44:00,-5.9782751418667344e-05
2013-04-04 20:45:00,-5.9737928657891594e-05
2013-04-04 20:46:00,-5.969313950346276e-05
2013-04-04 20:47:00,-5.964838393018411e-05
2013-04-04 20:48:00,-5.9603661912877826e-05
2013-04-04 20:49:00,-5.955897342638496e-05
2013-04-04 20:50:00,-5.951431844556541e-05
2013-04-04 20:51:00,-5.946969694529794e-05
2013-04-04 20:52:00,-5.942510890048016e-05
2013-04-04 20:53:00,-5.938055428602848e-05
2013-04-04 20:54:00,-5.9336033076878126e-05
2013-04-04 20:55:00,-5.929154524798311e-05
2013-04-04 20:56:00,-5.9247090774316216e-05
2013-04-04 20:57:00,-5.9202669630869024e-05
2013-04-04 20:58:00,-5.915828179265184e-05
2013-04-04 20:59:00,-5.911392723469369e-05
2013-04-04 21:00:00,-5.9069605932042354e-05
2013-04-04 21:01:00,-5.902531785976432e-05
2013-04-04 21:02:00,-5.8981062992944746e-05
2013-04-04 21:03:00,-5.8936841306687476e-05
2013-04-04 21:04:00,-5.8892652776115034e-05
2013-04-04 21:05:00,-5.8848497376368596e-05
2013-04-04 21:06:00,-5.8804375082607966e-05
2013-04-04 21:07:00,-5.8760285870011555e-05
2013-04-04 21:08:00,-5.8716229713776434e-05
2013-04-04 21:09:00,-5.867220658911822e-05
2013-04-04 21:10:00,-5.862821647127115e-05
2013-04-04 21:11:00,-5.8584259335487994e-05
2013-04-04 21:12:00,-5.85403351570401e-05
2013-04-04 21:13:00,-5.8496443911217366e-05
2013-04-04 21:14:00,-5.845258557332817e-05
2013-04-04 21:15:00,-5.840876011869947e-05
2013-04-04 21:16:00,-5.836496752267667e-05
2013-04-04 21:17:00,-5.832120776062369e-05
2013-04-04 21:18:00,-5.827748080792289e-05
2013-04-04 21:19:00,-5.823378663997511e-05
2013-04-04 21:20:00,-5.819012523219965e-05
2013-04-04 21:21:00,-5.814649656003418e-05
2013-04-04 21:22:00,-5.810290059893486e-05
2013-04-04 21:23:00,-5.805933732437619e-05
2013-04-04 21:24:00,-5.801580671185111e-05
2013-04-04 21:25:00,-5.7972308736870894e-05
2013-04-04 21:26:00,-5.7928843374965186e-05
2013-04-04 21:27:00,-5.7885410601681994e-05
2013-04-04 21:28:00,-5.7842010392587635e-05
2013-04-04 21:29:00,-5.7798642723266784e-05
2013-04-04 21:30:00,-5.775530756932237e-05
2013-04-04 21:31:00,-5.7712004906375666e-05
2013-04-04 21:32:00,-5.766873471006616e-05
2013-04-04 21:33:00,-5.762549695605167e-05
2013-04-04 21:34:00,-5.758229162000823e-05
2013-04-04 21:35:00,-5.753911867763012e-05
2013-04-04 21:36:00,-5.749597810462983e-05
2013-04-04 21:37:00,-5.7452869876738076e-05
2013-04-04 21:38:00,-5.740979396970376e-05
2013-04-04 21:39:00,-5.7366750359294e-05
2013-04-04 21:40:00,-5.7323739021294023e-05
2013-04-04 21:41:00,-5.728075993150724e-05
2013-04-04 21:42:00,-5.723781306575524e-05
2013-04-04 21:43:00,-5.719489839987767e-05
2013-04-04 21:44:00,-5.715201590973235e-05
2013-04-04 21:45:00,-5.710916557119517e-05
2013-04-04 21:46:00,-5.706634736016012e-05
2013-04-04 21:47:00,-5.7023561252539255e-05
2013-04-04 21:48:00,-5.69808072242627e-05
2013-04-04 21:49:00,-5.693808525127862e-05
2013-04-04 21:50:00,-5.689539530955321e-05
2013-04-04 21:51:00,-5.685273737507069e-05
2013-04-04 21:52:00,-5.6810111423833295e-05
2013-04-04 21:53:00,-5.676751743186124e-05
2013-04-04 21:54:00,-5.672495537519271e-05
2013-04-04 21:55:00,-5.668242522988388e-05
2013-04-04 21:56:00,-5.6639926972008875e-05
2013-04-04 21:57:00,-5.6597460577659704e-05
2013-04-04 21:58:00,-5.6555026022946395e-05
2013-04-04 21:59:00,-5.651262328399682e-05
2013-04-04 22:00:00,-5.647025233695677e-05
2013-04-04 22:01:00,-5.642791315798991e-05
2013-04-04 22:02:00,-5.63856057232778e-05
2013-04-04 22:03:00,-5.634333000901984e-05
2013-04-04 22:04:00,-5.6301085991433255e-05
2013-04-04 22:05:00,-5.625887364675316e-05
2013-04-04 22:06:00,-5.6216692951232445e-05
2013-04-04 22:07:00,-5.617454388114179e-05
2013-04-04 22:08:00,-5.6132426412769715e-05
2013-04-04 22:09:00,-5.6090340522422475e-05
2013-04-04 22:10:00,-5.604828618642412e-05
2013-04-04 22:11:00,-5.6006263381116415e-05
2013-04-04 22:12:00,-5.59642720828589e-05
2013-04-04 22:13:00,-5.5922312268028835e-05
2013-04-04 22:14:00,-5.588038391302117e-05
2013-04-04 22:15:00,-5.583848699424857e-05
2013-04-04 22:16:00,-5.579662148814137e-05
2013-04-04 22:17:00,-5.575478737114759e-05
2013-04-04 22:18:00,-5.5712984619732906e-05
2013-04-04 22:19:00,-5.567121321038065e-05
2013-04-04 22:20:00,-5.562947311959176e-05
2013-04-04 22:21:00,-5.558776432388481e-05
2013-04-04 22:22:00,-5.554608679979597e-05
2013-04-04 22:23:00,-5.550444052387902e-05
2013-04-04 22:24:00,-5.546282547270529e-05
2013-04-04 22:25:00,-5.542124162286371e-05
2013-04-04 22:26:00,-5.537968895096073e-05
2013-04-04 22:27:00,-5.533816743362037e-05
2013-04-04 22:28:00,-5.529667704748415e-05
2013-04-04 22:29:00,-5.525521776921113e-05
2013-04-04 22:30:00,-5.521378957547784e-05
2013-04-04 22:31:00,-5.517239244297832e-05
2013-04-04 22:32:00,-5.513102634842408e-05
2013-04-04 22:33:00,-5.508969126854407e-05
2013-04-04 22:34:00,-5.504838718008471e-05
2013-04-04 22:35:00,-5.5007114059809866e-05
2013-04-04 22:36:00,-5.496587188450079e-05
2013-04-04 22:37:00,-5.4924660630956174e-05
2013-04-04 22:38:00,-5.488348027599209e-05
2013-04-04 22:39:00,-5.4842330796441984e-05
2013-04-04 22:40:00,-5.480121216915668e-05
2013-04-04 22:41:00,-5.476012437100438e-05
2013-04-04 22:42:00,-5.47190673788706e-05
2013-04-04 22:43:00,-5.467804116965819e-05
2013-04-04 22:44:00,-5.4637045720287344e-05
2013-04-04 22:45:00,-5.4596081007695517e-05
2013-04-04 22:46:00,-5.455514700883749e-05
2013-04-04 22:47:00,-5.451424370068531e-05
2013-04-04 22:48:00,-5.447337106022828e-05
2013-04-04 22:49:00,-5.443252906447299e-05
2013-04-04 22:50:00,-5.43917176904432e-05
2013-04-04 22:51:00,-5.435093691518e-05
2013-04-04 22:52:00,-5.431018671574159e-05
2013-04-04 22:53:00,-5.426946706920345e-05
2013-04-04 22:54:00,-5.4228777952658175e-05
2013-04-04 22:55:00,-5.4188119343215625e-05
2013-04-04 22:56:00,-5.414749121800273e-05
2013-04-04 22:57:00,-5.410689355416362e-05
2013-04-04 22:58:00,-5.4066326328859565e-05
2013-04-04 22:59:00,-5.402578951926895e-05
2013-04-04 23:00:00,-5.3985283102587236e-05
2013-04-04 23:01:00,-5.394480705602703e-05
2013-04-04 23:02:00,-5.390436135681802e-05
2013-04-04 23:03:00,-5.386394598220694e-05
2013-04-04 23:04:00,-5.382356090945759e-05
2013-04-04 23:05:00,-5.378320611585084e-05
2013-04-04 23:06:00,-5.3742881578684566e-05
2013-04-04 23:07:00,-5.370258727527368e-05
2013-04-04 23:08:00,-5.366232318295011e-05
2013-04-04 23:09:00,-5.362208927906275e-05
2013-04-04 23:10:00,-5.358188554097751e-05
2013-04-04 23:11:00,-5.354171194607723e-05
2013-04-04 23:12:00,-5.350156847176177e-05
2013-04-04 23:13:00,-5.346145509544787e-05
2013-04-04 23:14:00,-5.342137179456924e-05
2013-04-04 23:15:00,-5.3381318546576496e-05
2013-04-04 23:16:00,-5.334129532893716e-05
2013-04-04 23:17:00,-5.330130211913565e-05
2013-04-04 23:18:00,-5.326133889467329e-05
2013-04-04 23:19:00,-5.3221405633068215e-05
2013-04-04 23:20:00,-5.318150231185548e-05
2013-04-04 23:21:00,-5.314162890858693e-05
2013-04-04 23:22:00,-5.3101785400831284e-05
2013-04-04 23:23:00,-5.306197176617406e-05
2013-04-04 23:24:00,-5.3022187982217555e-05
2013-04-04 23:25:00,-5.298243402658091e-05
2013-04-04 23:26:00,-5.294270987690002e-05
2013-04-04 23:27:00,-5.2903015510827545e-05
2013-04-04 23:28:00,-5.28633509060329e-05
2013-04-04 23:29:00,-5.2823716040202255e-05
2013-04-04 23:30:00,-5.278411089103849e-05
2013-04-04 23:31:00,-5.2744535436261235e-05
2013-04-04 23:32:00,-5.270498965360678e-05
2013-04-04 23:33:00,-5.2665473520828144e-05
2013-04-04 23:34:00,-5.2625987015695004e-05
2013-04-04 23:35:00,-5.258653011599373e-05
2013-04-04 23:36:00,-5.2547102799527324e-05
2013-04-04 23:37:00,-5.250770504411544e-05
2013-04-04 23:38:00,-5.246833682759435e-05
2013-04-04 23:39:00,-5.242899812781697e-05
2013-04-04 23:40:00,-5.238968892265278e-05
2013-04-04 23:41:00,-5.235040918998791e-05
2013-04-04 23:42:00,-5.2311158907725006e-05
2013-04-04 23:43:00,-5.227193805378332e-05
2013-04-04 23:44:00,-5.223274660609865e-05
2013-04-04 23:45:00,-5.219358454262335e-05
2013-04-04 23:46:00,-5.215445184132629e-05
2013-04-04 23:47:00,-5.211534848019286e-05
2013-04-04 23:48:00,-5.207627443722495e-05
2013-04-04 23:49:00,-5.203722969044095e-05
2013-04-04 23:50:00,-5.199821421787574e-05
2013-04-04 23:51:00,-5.1959227997580656e-05
2013-04-04 23:52:00,-5.19202710076235e-05
2013-04-04 23:53:00,-5.18813432260885e-05
2013-04-04 23:54:00,-5.184244463107634e-05
2013-04-04 23:55:00,-5.180357520070409e-05
2013-04-04 23:56:00,-5.176473491310527e-05
2013-04-04 23:57:00,-5.1725923746429755e-05
2013-04-04 23:58:00,-5.168714167884383e-05
2013-04-04 23:59:00,-5.1648388688530144e-05
2013-04-05 00:00:00,-5.160966475368769e-05
2013-04-05 00:01:00,-5.157096985253181e-05
2013-04-05 00:02:00,-5.1532303963294206e-05
2013-04-05 00:03:00,-5.1493667064222866e-05
2013-04-05 00:04:00,-5.1455059133582106e-05
2013-04-05 00:05:00,-5.141648014965253e-05
2013-04-05 00:06:00,-5.137793009073102e-05
2013-04-05 00:07:00,-5.133940893513076e-05
2013-04-05 00:08:00,-5.130091666118115e-05
2013-04-05 00:09:00,-5.126245324722789e-05
2013-04-05 00:10:00,-5.1224018671632867e-05
2013-04-05 00:11:00,-5.1185612912774216e-05
2013-04-05 00:12:00,-5.11472359490463e-05
2013-04-05 00:13:00,-5.1108887758859635e-05
2013-04-05 00:14:00,-5.107056832064096e-05
2013-04-05 00:15:00,-5.103227761283317e-05
2013-04-05 00:16:00,-5.0994015613895336e-05
2013-04-05 00:17:00,-5.095578230230267e-05
2013-04-05 00:18:00,-5.091757765654653e-05
2013-04-05 00:19:00,-5.0879401655134396e-05
2013-04-05 00:20:00,-5.084125427658986e-05
2013-04-05 00:21:00,-5.0803135499452636e-05
2013-04-05 00:22:00,-5.076504530227849e-05
2013-04-05 00:23:00,-5.072698366363928e-05
2013-04-05 00:24:00,-5.0688950562122965e-05
2013-04-05 00:25:00,0.24414514328806936
2013-04-05 00:26:00,0.07742731360820282
2013-04-05 00:27:00,0.12213390649088217
2013-04-05 00:28:00,0.017666347428305265
2013-04-05 00:29:00,0.273725608621295
2013-04-05 00:30:00,0.0733731375647802
2013-04-05 00:31:00,0.12638132213503064
2013-04-05 00:32:00,0.01688729956920164
2013-04-05 00:33:00,0.029529538949222833
2013-04-05 00:34:00,0.2079597044321131
2013-04-05 00:35:00,0.07148002815138133
2013-04-05 00:36:00,0.11457880261521573
2013-04-05 00:37:00,0.09540015664730261
2013-04-05 00:38:00,0.052065291064303576
2013-04-05 00:39:00,0.08319895269624597
2013-04-05 00:40:00,0.16651304240779552
2013-04-05 00:41:00,0.06356613221959986
2013-04-05 00:42:00,0.2396137649417821
2013-04-05 00:43:00,0.06875236624529629
2013-04-05 00:44:00,0.05238545977020226
2013-04-05 00:45:00,-0.005700139228738654
2013-04-05 00:46:00,0.012691306444384707
2013-04-05 00:47:00,0.06830021035345199
2013-04-05 00:48:00,0.022376130407133446
2013-04-05 00:49:00,0.014855150367957315
2013-04-05 00:50:00,-0.0014153050552165316
2013-04-05 00:51:00,0.004196021181403287
2013-04-05 00:52:00,-0.0008304037882976794
2013-04-05 00:53:00,-5.1592862560296257e-05
2013-04-05 00:54:00,-5.155418025676582e-05
2013-04-05 00:55:00,-5.151552695570809e-05
2013-04-05 00:56:00,-5.147690263537866e-05
2013-04-05 00:57:00,-5.143830727404867e-05
2013-04-05 00:58:00,-5.1399740850005936e-05
2013-04-05 00:59:00,-5.136120334155437e-05
2013-04-05 01:00:00,0.0706369335309178
2013-04-05 01:01:00,0.09306479286221184
2013-04-05 01:02:00,0.03728337714436776
2013-04-05 01:03:00,0.013491902622204656
2013-04-05 01:04:00,0.002832734405123026
2013-04-05 01:05:00,0.0034175966707778423
2013-04-05 01:06:00,-0.0008300563452081574
2013-04-05 01:07:00,-5.124567996996841e-05
2013-04-05 01:08:00,-5.1207257970318555e-05
2013-04-05 01:09:00,-5.1168864777975854e-05
2013-04-05 01:10:00,-5.1130500371342145e-05
2013-04-05 01:11:00,-5.1092164728834826e-05
2013-04-05 01:12:00,-5.105385782888774e-05
2013-04-05 01:13:00,-5.101557964995084e-05
2013-04-05 01:14:00,-5.097733017049025e-05
2013-04-05 01:15:00,-5.093910936898821e-05
2013-04-05 01:16:00,-5.0900917223943116e-05
2013-04-05 01:17:00,-5.086275371386949e-05
2013-04-05 01:18:00,-5.082461881729795e-05
2013-04-05 01:19:00,0.070637469713132
2013-04-05 01:20:00,0.022377072416772892
2013-04-05 01:21:00,0.22692086034824943
2013-04-05 01:22:00,0.1365573543226889
2013-04-05 01:23:00,0.1420334443217091
2013-04-05 01:24:00,0.03241408202982872
2013-04-05 01:25:00,0.0262352419249125
2013-04-05 01:26:00,0.07118493860470304
2013-04-05 01:27:00,0.0258456819410941
2013-04-05 01:28:00,0.1747321377177709
2013-04-05 01:29:00,0.04955764636693055
2013-04-05 01:30:00,0.03807574759694374
2013-04-05 01:31:00,-0.00392907364023707
2013-04-05 01:32:00,0.009602663038441438
2013-04-05 01:33:00,-0.001821079747111831
2013-04-05 01:34:00,-5.1104551244485785e-05
2013-04-05 01:35:00,0.07706339510200941
2013-04-05 01:36:00,0.09510394193428437
2013-04-05 01:37:00,0.18001530949425948
2013-04-05 01:38:00,0.058223828200134886
2013-04-05 01:39:00,0.03303273925093894
2013-04-05 01:40:00,0.0713079180115413
2013-04-05 01:41:00,0.030093201988969837
2013-04-05 01:42:00,0.25749386063260615
2013-04-05 01:43:00,0.07606308163705933
2013-04-05 01:44:00,0.1263809624637644
2013-04-05 01:45:00,0.09400140150466985
2013-04-05 01:46:00,0.05399589347332745
2013-04-05 01:47:00,0.22422131144950697
2013-04-05 01:48:00,0.0699920054564731
2013-04-05 01:49:00,0.20917905633734724
2013-04-05 01:50:00,0.18735667458012983
2013-04-05 01:51:00,0.23280256267783195
2013-04-05 01:52:00,0.28124667490134037
2013-04-05 01:53:00,0.18108608587614433
2013-04-05 01:54:00,0.21450963879701415
2013-04-05 01:55:00,0.20528867381379134
2013-04-05 01:56:00,0.22569116671654246
2013-04-05 01:57:00,0.15130132863441653
2013-04-05 01:58:00,0.12983432743571013
2013-04-05 01:59:00,0.04284741282742231
2013-04-05 02:00:00,0.09099225197279523
2013-04-05 02:01:00,0.024087383768960205
2013-04-05 02:02:00,0.08894007798326328
2013-04-05 02:03:00,0.23229706292876917
2013-04-05 02:04:00,0.15707309377517226
2013-04-05 02:05:00,0.22560781176925943
2013-04-05 02:06:00,0.13667085863312442
2013-04-05 02:07:00,0.2082306557736484
2013-04-05 02:08:00,0.05852107908444204
2013-04-05 02:09:00,0.03727136657098984
2013-04-05 02:10:00,0.14107320951783847
2013-04-05 02:11:00,0.12320668345684904
2013-04-05 02:12:00,0.12131835186943463
2013-04-05 02:13:00,0.11166795549322067
2013-04-05 02:14:00,0.046451310242225374
2013-04-05 02:15:00,0.08822272507079248
2013-04-05 02:16:00,0.02435506842442578
2013-04-05 02:17:00,0.1793629310007271
2013-04-05 02:18:00,0.2607697956586347
2013-04-05 02:19:00,0.10535616274135856
2013-04-05 02:20:00,0.20144341519063458
2013-04-05 02:21:00,0.26854563271222054
2013-04-05 02:22:00,0.18276948039589602
2013-04-05 02:23:00,0.061658179404745606
2013-04-05 02:24:00,0.02041496184019219
2013-04-05 02:25:00,0.1509311025434968
2013-04-05 02:26:00,0.11740036240937271
2013-04-05 02:27:00,0.12209603977443492
2013-04-05 02:28:00,0.2787482048937626
2013-04-05 02:29:00,0.09946144048000116
2013-04-05 02:30:00,0.05276764638006751
2013-04-05 02:31:00,0.2814559191952313
2013-04-05 02:32:00,0.10355097536936575
2013-04-05 02:33:00,0.05688156656425716
2013-04-05 02:34:00,-0.005510064530662044
2013-04-05 02:35:00,0.01693512708521296
2013-04-05 02:36:00,-0.0031706860392243055
2013-04-05 02:37:00,-5.5555497001055944e-05
2013-04-05 02:38:00,-5.551384366974e-05
2013-04-05 02:39:00,-5.547222156845634e-05
2013-04-05 02:40:00,0.07063282559497103
2013-04-05 02:41:00,0.02237243178058941
2013-04-05 02:42:00,0.08553971074014308
2013-04-05 02:43:00,0.02100882271388202
2013-04-05 02:44:00,0.08978738915043225
2013-04-05 02:45:00,0.161606549875197
2013-04-05 02:46:00,0.06395476156212934
2013-04-05 02:47:00,0.02761580763020828
2013-04-05 02:48:00,0.0014649205705922104
2013-04-05 02:49:00,0.007661073465813422
2013-04-05 02:50:00,0.07550142123683684
2013-04-05 02:51:00,0.024411259593303758
2013-04-05 02:52:00,0.08689480962025473
2013-04-05 02:53:00,0.02088478581090529
2013-04-05 02:54:00,0.01948521311948844
2013-04-05 02:55:00,0.06841960180149667
2013-04-05 02:56:00,0.02662006518632637
2013-04-05 02:57:00,0.014072624253714056
2013-04-05 02:58:00,0.07569540519654364
2013-04-05 02:59:00,0.0286589865647512
2013-04-05 03:00:00,0.08611607285502912
2013-04-05 03:01:00,0.09157307745915572
2013-04-05 03:02:00,0.1190275307041544
2013-04-05 03:03:00,0.03710489665850772
2013-04-05 03:04:00,0.01909055346535484
2013-04-05 03:05:00,0.0019257888587691817
2013-04-05 03:06:00,0.0037995435378434745
2013-04-05 03:07:00,-0.0009050575703404936
2013-04-05 03:08:00,0.07063280994638732
2013-04-05 03:09:00,0.23443718482067283
2013-04-05 03:10:00,0.32633069567807216
2013-04-05 03:11:00,0.1914675752233781
2013-04-05 03:12:00,0.21540179757849592
2013-04-05 03:13:00,0.06696018685460359
2013-04-05 03:14:00,0.04073152576660646
2013-04-05 03:15:00,-0.001225963790818147
2013-04-05 03:16:00,0.00766049355294025
2013-04-05 03:17:00,-0.0016136195783074598
2013-04-05 03:18:00,-5.603310654186946e-05
2013-04-05 03:19:00,0.1413205213561719
2013-04-05 03:20:00,0.20545482037346796
2013-04-05 03:21:00,0.15141827328988477
2013-04-05 03:22:00,0.19490017945163576
2013-04-05 03:23:00,0.13579076730400866
2013-04-05 03:24:00,0.13603230233171926
2013-04-05 03:25:00,0.03906764049626067
2013-04-05 03:26:00,0.16393500141214234
2013-04-05 03:27:00,0.04600167529930943
2013-04-05 03:28:00,0.1107266266776259
2013-04-05 03:29:00,0.020833290325945317
2013-04-05 03:30:00,0.09538898588113762
2013-04-05 03:31:00,0.09001429178204266
2013-04-05 03:32:00,0.11902629038649983
2013-04-05 03:33:00,0.037103657270794635
2013-04-05 03:34:00,0.0897775712325308
2013-04-05 03:35:00,0.09504062840604446
2013-04-05 03:36:00,0.2017880576297907
2013-04-05 03:37:00,0.13429739306178812
2013-04-05 03:38:00,0.12982239498726753
2013-04-05 03:39:00,0.2818432056564658
2013-04-05 03:40:00,0.24121561484678697
2013-04-05 03:41:00,0.16809712621951567
2013-04-05 03:42:00,0.05094229510959909
2013-04-05 03:43:00,0.1673935996552135
2013-04-05 03:44:00,0.19061599017717762
2013-04-05 03:45:00,0.07730178912159572
2013-04-05 03:46:00,0.09693814336657358
2013-04-05 03:47:00,0.09882636636851966
2013-04-05 03:48:00,0.044214603126455795
2013-04-05 03:49:00,0.0890422119078828
2013-04-05 03:50:00,0.027292845392927742
2013-04-05 03:51:00,0.01967296483303034
2013-04-05 03:52:00,0.13905219923368067
2013-04-05 03:53:00,0.04943154868200242
2013-04-05 03:54:00,0.028906139576127143
2013-04-05 03:55:00,0.06790302059833844
2013-04-05 03:56:00,0.10155345990312317
2013-04-05 03:57:00,0.03571912180048563
2013-04-05 03:58:00,0.08417345296436737
2013-04-05 03:59:00,0.02525385440100092
2013-04-05 04:00:00,0.018317702896051613
2013-04-05 04:01:00,-0.0022004392492457146
2013-04-05 04:02:00,0.07487792019739115
2013-04-05 04:03:00,0.09227932084562829
2013-04-05 04:04:00,0.0372766823654425
2013-04-05 04:05:00,0.0841734690884067
2013-04-05 04:06:00,0.025253870512951124
2013-04-05 04:07:00,0.08900597522156656
2013-04-05 04:08:00,0.09734185902717216
2013-04-05 04:09:00,0.04356319576063078
2013-04-05 04:10:00,0.014061533619706183
2013-04-05 04:11:00,0.14407851930538468
2013-04-05 04:12:00,0.048652632936916435
2013-04-05 04:13:00,0.028905996153064398
2013-04-05 04:14:00,0.20927938973409832
2013-04-05 04:15:00,0.0757207021725046
2013-04-05 04:16:00,0.04310476196204649
2013-04-05 04:17:00,0.066539123728696
2013-04-05 04:18:00,0.03511259450061574
2013-04-05 04:19:00,0.012512228287429004
2013-04-05 04:20:00,0.2106428631369161
2013-04-05 04:21:00,0.142161144425686
2013-04-05 04:22:00,0.06631123264303793
2013-04-05 04:23:00,0.010757547266749698
2013-04-05 04:24:00,0.1719760871404264
2013-04-05 04:25:00,0.12351347591000186
2013-04-05 04:26:00,0.055469712778257976
2013-04-05 04:27:00,0.011749114213120408
2013-04-05 04:28:00,0.008231590065852513
2013-04-05 04:29:00,0.07310739657908422
2013-04-05 04:30:00,0.09227873451818747
2013-04-05 04:31:00,0.037276096477606976
2013-04-05 04:32:00,0.15486113986549171
2013-04-05 04:33:00,0.04768110635488945
2013-04-05 04:34:00,0.033223936481834596
2013-04-05 04:35:00,-0.0035646993868284882
2013-04-05 04:36:00,0.008436691799307465
2013-04-05 04:37:00,0.06907206460915519
2013-04-05 04:38:00,0.022369217635241023
2013-04-05 04:39:00,0.08553649900463478
2013-04-05 04:40:00,0.021005613386406996
2013-04-05 04:41:00,0.01909592600354016
2013-04-05 04:42:00,-0.0022009879444679654
2013-04-05 04:43:00,0.14556562813920382
2013-04-05 04:44:00,0.044018337598784735
2013-04-05 04:45:00,0.029755116108822838
2013-04-05 04:46:00,0.06790242788731218
2013-04-05 04:47:00,0.10155286763648838
2013-04-05 04:48:00,0.10640678620355395
2013-04-05 04:49:00,0.0359124262114231
2013-04-05 04:50:00,0.017732244670899663
2013-04-05 04:51:00,0.002046618254070198
2013-04-05 04:52:00,0.24760605247437584
2013-04-05 04:53:00,0.147328793530144
2013-04-05 04:54:00,0.21524198547993675
2013-04-05 04:55:00,0.0549929782452766
2013-04-05 04:56:00,0.0430649382521513
2013-04-05 04:57:00,-0.0012288657710787063
2013-04-05 04:58:00,0.07834584997411542
2013-04-05 04:59:00,0.09149955986857905
2013-04-05 05:00:00,0.03727569434413834
2013-04-05 05:01:00,0.013484225582237337
2013-04-05 05:02:00,0.1442015755723886
2013-04-05 05:03:00,0.048265572841485
2013-04-05 05:04:00,0.02897588798352893
2013-04-05 05:05:00,0.20927848476954158
2013-04-05 05:06:00,0.0757197978864545
2013-04-05 05:07:00,0.04310385835399465
2013-04-05 05:08:00,-0.004150035427510798
2013-04-05 05:09:00,0.012683871395483904
2013-04-05 05:10:00,-0.0023954753465857967
2013-04-05 05:11:00,0.14131739810280664
2013-04-05 05:12:00,0.12191103301330614
2013-04-05 05:13:00,0.05422129203157981
2013-04-05 05:14:00,0.013475600211621891
2013-04-05 05:15:00,0.07763684575639695
2013-04-05 05:16:00,0.10255939322036306
2013-04-05 05:17:00,0.03846480059546023
2013-04-05 05:18:00,0.08552742892891654
2013-04-05 05:19:00,0.2693244896584255
2013-04-05 05:20:00,0.09618058843648292
2013-04-05 05:21:00,0.04922379465005286
2013-04-05 05:22:00,0.07016579085822625
2013-04-05 05:23:00,0.03626338403814758
2013-04-05 05:24:00,0.012157034712561791
2013-04-05 05:25:00,-0.0014231108403344407
2013-04-05 05:26:00,0.004188221248756709
2013-04-05 05:27:00,-0.0008381978728608737
2013-04-05 05:28:00,0.14131713134786478
2013-04-05 05:29:00,0.11548456134694439
2013-04-05 05:30:00,0.12287038909745102
2013-04-05 05:31:00,0.1116624524215009
2013-04-05 05:32:00,0.11713406752213754
2013-04-05 05:33:00,0.18133330732515013
2013-04-05 05:34:00,0.06168420062985014
2013-04-05 05:35:00,0.10935988793015006
2013-04-05 05:36:00,0.025077841401977788
2013-04-05 05:37:00,0.09460707560165876
2013-04-05 05:38:00,0.019322899844126648
2013-04-05 05:39:00,0.09659533617371086
2013-04-05 05:40:00,0.16357023665320922
2013-04-05 05:41:00,0.06530552013820756
2013-04-05 05:42:00,0.02748743367738775
2013-04-05 05:43:00,0.0018466669671991895
2013-04-05 05:44:00,0.007585871920527304
2013-04-05 05:45:00,-0.0016174408694792934
2013-04-05 05:46:00,-5.985153265955492e-05
2013-04-05 05:47:00,-5.980665832930399e-05
2013-04-05 05:48:00,-5.976181764406475e-05
2013-04-05 05:49:00,-5.9717010578611674e-05
2013-04-05 05:50:00,-5.967223710773769e-05
2013-04-05 05:51:00,-5.962749720625501e-05
2013-04-05 05:52:00,-5.958279084899461e-05
2013-04-05 05:53:00,-5.9538118010806325e-05
2013-04-05 05:54:00,-5.9493478666558885e-05
2013-04-05 05:55:00,-5.944887279113984e-05
2013-04-05 05:56:00,-5.9404300359455585e-05
2013-04-05 05:57:00,-5.935976134643131e-05
2013-04-05 05:58:00,-5.931525572701102e-05
2013-04-05 05:59:00,-5.9270783476157506e-05
2013-04-05 06:00:00,-5.922634456885231e-05
2013-04-05 06:01:00,-5.9181938980095766e-05
2013-04-05 06:02:00,-5.9137566684906926e-05
2013-04-05 06:03:00,-5.909322765832358e-05
2013-04-05 06:04:00,-5.9048921875402236e-05
2013-04-05 06:05:00,-5.90046493112181e-05
2013-04-05 06:06:00,-5.896040994086506e-05
2013-04-05 06:07:00,-5.891620373945568e-05
2013-04-05 06:08:00,-5.887203068212122e-05
2013-04-05 06:09:00,-5.882789074401152e-05
2013-04-05 06:10:00,-5.878378390029509e-05
2013-04-05 06:11:00,-5.873971012615906e-05
2013-04-05 06:12:00,-5.869566939680916e-05
2013-04-05 06:13:00,-5.86516616874697e-05
2013-04-05 06:14:00,-5.860768697338357e-05
2013-04-05 06:15:00,-5.856374522981222e-05
2013-04-05 06:16:00,-5.851983643203568e-05
2013-04-05 06:17:00,-5.8475960555352454e-05
2013-04-05 06:18:00,-5.84321175750796e-05
2013-04-05 06:19:00,-5.8388307466552704e-05
2013-04-05 06:20:00,-5.8344530205125805e-05
2013-04-05 06:21:00,-5.8300785766171436e-05
2013-04-05 06:22:00,-5.82570741250806e-05
2013-04-05 06:23:00,-5.8213395257262744e-05
2013-04-05 06:24:00,-5.816974913814575e-05
2013-04-05 06:25:00,-5.812613574317593e-05
2013-04-05 06:26:00,-5.8082555047818e-05
2013-04-05 06:27:00,-5.803900702755509e-05
2013-04-05 06:28:00,-5.799549165788868e-05
2013-04-05 06:29:00,-5.795200891433863e-05
2013-04-05 06:30:00,-5.790855877244318e-05
2013-04-05 06:31:00,-5.786514120775887e-05
2013-04-05 06:32:00,-5.7821756195860596e-05
2013-04-05 06:33:00,-5.777840371234155e-05
2013-04-05 06:34:00,-5.773508373281323e-05
2013-04-05 06:35:00,-5.769179623290543e-05
2013-04-05 06:36:00,-5.764854118826619e-05
2013-04-05 06:37:00,-5.7605318574561826e-05
2013-04-05 06:38:00,-5.756212836747691e-05
2013-04-05 06:39:00,-5.751897054271421e-05
2013-04-05 06:40:00,-5.747584507599475e-05
2013-04-05 06:41:00,-5.7432751943057735e-05
2013-04-05 06:42:00,-5.738969111966055e-05
2013-04-05 06:43:00,-5.734666258157878e-05
2013-04-05 06:44:00,-5.7303666304606165e-05
2013-04-05 06:45:00,-5.726070226455459e-05
2013-04-05 06:46:00,-5.721777043725408e-05
2013-04-05 06:47:00,-5.7174870798552764e-05
2013-04-05 06:48:00,-5.713200332431691e-05
2013-04-05 06:49:00,-5.708916799043086e-05
2013-04-05 06:50:00,-5.704636477279704e-05
2013-04-05 06:51:00,-5.7003593647335936e-05
2013-04-05 06:52:00,-5.6960854589986115e-05
2013-04-05 06:53:00,-5.691814757670415e-05
2013-04-05 06:54:00,-5.687547258346466e-05
2013-04-05 06:55:00,-5.6832829586260277e-05
2013-04-05 06:56:00,-5.679021856110163e-05
2013-04-05 06:57:00,-5.6747639484017325e-05
2013-04-05 06:58:00,-5.670509233105396e-05
2013-04-05 06:59:00,-5.666257707827608e-05
2013-04-05 07:00:00,-5.662009370176618e-05
2013-04-05 07:01:00,-5.657764217762467e-05
2013-04-05 07:02:00,-5.653522248196991e-05
2013-04-05 07:03:00,-5.649283459093815e-05
2013-04-05 07:04:00,-5.645047848068352e-05
2013-04-05 07:05:00,-5.6408154127378055e-05
2013-04-05 07:06:00,-5.6365861507211625e-05
2013-04-05 07:07:00,-5.632360059639198e-05
2013-04-05 07:08:00,-5.62813713711447e-05
2013-04-05 07:09:00,-5.623917380771317e-05
2013-04-05 07:10:00,-5.619700788235863e-05
2013-04-05 07:11:00,-5.615487357136007e-05
2013-04-05 07:12:00,-5.611277085101428e-05
2013-04-05 07:13:00,-5.6070699697635847e-05
2013-04-05 07:14:00,-5.6028660087557076e-05
2013-04-05 07:15:00,-5.598665199712806e-05
2013-04-05 07:16:00,-5.59446754027166e-05
2013-04-05 07:17:00,-5.5902730280708214e-05
2013-04-05 07:18:00,-5.586081660750612e-05
2013-04-05 07:19:00,-5.581893435953125e-05
2013-04-05 07:20:00,-5.577708351322221e-05
2013-04-05 07:21:00,-5.573526404503524e-05
2013-04-05 07:22:00,-5.5693475931444256e-05
2013-04-05 07:23:00,-5.565171914894084e-05
2013-04-05 07:24:00,-5.560999367403416e-05
2013-04-05 07:25:00,-5.5568299483250984e-05
2013-04-05 07:26:00,-5.552663655313573e-05
2013-04-05 07:27:00,-5.548500486025038e-05
2013-04-05 07:28:00,-5.544340438117447e-05
2013-04-05 07:29:00,-5.540183509250513e-05
2013-04-05 07:30:00,-5.536029697085698e-05
2013-04-05 07:31:00,-5.531878999286224e-05
2013-04-05 07:32:00,-5.527731413517062e-05
2013-04-05 07:33:00,-5.523586937444934e-05
2013-04-05 07:34:00,-5.5194455687383085e-05
2013-04-05 07:35:00,-5.515307305067407e-05
2013-04-05 07:36:00,-5.511172144104198e-05
2013-04-05 07:37:00,-5.507040083522388e-05
2013-04-05 07:38:00,-5.5029111209974367e-05
2013-04-05 07:39:00,-5.4987852542065393e-05
2013-04-05 07:40:00,-5.4946624808286386e-05
2013-04-05 07:41:00,-5.490542798544414e-05
2013-04-05 07:42:00,-5.486426205036284e-05
2013-04-05 07:43:00,-5.4823126979884066e-05
2013-04-05 07:44:00,-5.4782022750866754e-05
2013-04-05 07:45:00,-5.474094934018718e-05
2013-04-05 07:46:00,-5.469990672473896e-05
2013-04-05 07:47:00,-5.465889488143303e-05
2013-04-05 07:48:00,-5.461791378719767e-05
2013-04-05 07:49:00,-5.457696341897842e-05
2013-04-05 07:50:00,-5.4536043753738115e-05
2013-04-05 07:51:00,-5.4495154768456886e-05
2013-04-05 07:52:00,-5.445429644013206e-05
2013-04-05 07:53:00,-5.441346874577831e-05
2013-04-05 07:54:00,-5.437267166242746e-05
2013-04-05 07:55:00,-5.4331905167128567e-05
2013-04-05 07:56:00,-5.429116923694793e-05
2013-04-05 07:57:00,-5.425046384896901e-05
2013-04-05 07:58:00,-5.4209788980292485e-05
2013-04-05 07:59:00,-5.416914460803616e-05
2013-04-05 08:00:00,-5.412853070933501e-05
2013-04-05 08:01:00,-5.408794726134118e-05
2013-04-05 08:02:00,-5.404739424122392e-05
2013-04-05 08:03:00,-5.40068716261696e-05
2013-04-05 08:04:00,-5.396637939338168e-05
2013-04-05 08:05:00,-5.3925917520080755e-05
2013-04-05 08:06:00,-5.388548598350446e-05
2013-04-05 08:07:00,-5.384508476090749e-05
2013-04-05 08:08:00,-5.380471382956166e-05
2013-04-05 08:09:00,-5.376437316675574e-05
2013-04-05 08:10:00,-5.372406274979559e-05
2013-04-05 08:11:00,-5.3683782556004034e-05
2013-04-05 08:12:00,-5.364353256272095e-05
2013-04-05 08:13:00,-5.360331274730318e-05
2013-04-05 08:14:00,-5.356312308712454e-05
2013-04-05 08:15:00,-5.3522963559575824e-05
2013-04-05 08:16:00,-5.3482834142064754e-05
2013-04-05 08:17:00,-5.3442734812016004e-05
2013-04-05 08:18:00,-5.3402665546871204e-05
2013-04-05 08:19:00,-5.336262632408884e-05
2013-04-05 08:20:00,-5.332261712114432e-05
2013-04-05 08:21:00,-5.328263791552998e-05
2013-04-05 08:22:00,-5.3242688684754985e-05
2013-04-05 08:23:00,-5.320276940634536e-05
2013-04-05 08:24:00,-5.316288005784402e-05
2013-04-05 08:25:00,-5.312302061681069e-05
2013-04-05 08:26:00,-5.308319106082191e-05
2013-04-05 08:27:00,-5.304339136747107e-05
2013-04-05 08:28:00,-5.300362151436831e-05
2013-04-05 08:29:00,-5.296388147914061e-05
2013-04-05 08:30:00,-5.2924171239431675e-05
2013-04-05 08:31:00,-5.288449077290201e-05
2013-04-05 08:32:00,-5.284484005722884e-05
2013-04-05 08:33:00,-5.2805219070106145e-05
2013-04-05 08:34:00,-5.2765627789244615e-05
2013-04-05 08:35:00,-5.2726066192371696e-05
2013-04-05 08:36:00,-5.2686534257231456e-05
2013-04-05 08:37:00,-5.264703196158473e-05
2013-04-05 08:38:00,-5.2607559283208965e-05
2013-04-05 08:39:00,-5.256811619989829e-05
2013-04-05 08:40:00,-5.2528702689463504e-05
2013-04-05 08:41:00,-5.2489318729732005e-05
2013-04-05 08:42:00,-5.244996429854785e-05
2013-04-05 08:43:00,-5.241063937377171e-05
2013-04-05 08:44:00,-5.23713439332808e-05
2013-04-05 08:45:00,-5.233207795496898e-05
2013-04-05 08:46:00,-5.229284141674667e-05
2013-04-05 08:47:00,-5.225363429654083e-05
2013-04-05 08:48:00,-5.2214456572295005e-05
2013-04-05 08:49:00,-5.217530822196924e-05
2013-04-05 08:50:00,-5.213618922354013e-05
2013-04-05 08:51:00,-5.2097099555000765e-05
2013-04-05 08:52:00,-5.2058039194360765e-05
2013-04-05 08:53:00,-5.201900811964622e-05
2013-04-05 08:54:00,-5.198000630889968e-05
2013-04-05 08:55:00,-5.194103374018014e-05
2013-04-05 08:56:00,-5.1902090391563137e-05
2013-04-05 08:57:00,-5.186317624114054e-05
2013-04-05 08:58:00,-5.1824291267020706e-05
2013-04-05 08:59:00,-5.178543544732838e-05
2013-04-05 09:00:00,-5.1746608760204723e-05
2013-04-05 09:01:00,-5.1707811183807264e-05
2013-04-05 09:02:00,-5.166904269630996e-05
2013-04-05 09:03:00,-5.1630303275903053e-05
2013-04-05 09:04:00,-5.159159290079321e-05
2013-04-05 09:05:00,-5.1552911549203385e-05
2013-04-05 09:06:00,-5.151425919937289e-05
2013-04-05 09:07:00,-5.147563582955735e-05
2013-04-05 09:08:00,-5.143704141802868e-05
2013-04-05 09:09:00,-5.139847594307509e-05
2013-04-05 09:10:00,-5.135993938300108e-05
2013-04-05 09:11:00,-5.132143171612741e-05
2013-04-05 09:12:00,-5.128295292079109e-05
2013-04-05 09:13:00,-5.124450297534537e-05
2013-04-05 09:14:00,-5.1206081858159734e-05
2013-04-05 09:15:00,-5.1167689547619877e-05
2013-04-05 09:16:00,-5.112932602212773e-05
2013-04-05 09:17:00,-5.1090991260101366e-05
2013-04-05 09:18:00,-5.10526852399751e-05
2013-04-05 09:19:00,-5.1014407940199344e-05
2013-04-05 09:20:00,-5.097615933924074e-05
2013-04-05 09:21:00,-5.0937939415582024e-05
2013-04-05 09:22:00,-5.089974814772208e-05
2013-04-05 09:23:00,-5.086158551417593e-05
2013-04-05 09:24:00,-5.082345149347467e-05
2013-04-05 09:25:00,-5.078534606416551e-05
2013-04-05 09:26:00,-5.0747269204811784e-05
2013-04-05 09:27:00,-5.070922089399282e-05
2013-04-05 09:28:00,-5.067120111030407e-05
2013-04-05 09:29:00,-5.0633209832357e-05
2013-04-05 09:30:00,-5.059524703877913e-05
2013-04-05 09:31:00,-5.055731270821399e-05
2013-04-05 09:32:00,-5.051940681932113e-05
2013-04-05 09:33:00,-5.048152935077611e-05
2013-04-05 09:34:00,-5.044368028127046e-05
2013-04-05 09:35:00,-5.04058595895117e-05
2013-04-05 09:36:00,-5.036806725422331e-05
2013-04-05 09:37:00,-5.033030325414472e-05
2013-04-05 09:38:00,-5.0292567568031296e-05
2013-04-05 09:39:00,-5.0254860174654334e-05
2013-04-05 09:40:00,-5.021718105280107e-05
2013-04-05 09:41:00,-5.017953018127462e-05
2013-04-05 09:42:00,-5.014190753889397e-05
2013-04-05 09:43:00,-5.010431310449404e-05
2013-04-05 09:44:00,-5.0066746856925606e-05
2013-04-05 09:45:00,-5.002920877505527e-05
2013-04-05 09:46:00,-4.999169883776549e-05
2013-04-05 09:47:00,-4.995421702395457e-05
2013-04-05 09:48:00,-4.991676331253664e-05
2013-04-05 09:49:00,-4.9879337682441615e-05
2013-04-05 09:50:00,-4.984194011261523e-05
2013-04-05 09:51:00,-4.980457058201898e-05
2013-04-05 09:52:00,-4.976722906963018e-05
2013-04-05 09:53:00,-4.972991555444186e-05
2013-04-05 09:54:00,-4.969263001546282e-05
2013-04-05 09:55:00,-4.96553724317176e-05
2013-04-05 09:56:00,-4.9618142782246447e-05
2013-04-05 09:57:00,-4.958094104610535e-05
2013-04-05 09:58:00,-4.954376720236599e-05
2013-04-05 09:59:00,-4.950662123011574e-05
2013-04-05 10:00:00,-4.9469503108457656e-05
2013-04-05 10:01:00,-4.9432412816510444e-05
2013-04-05 10:02:00,-4.939535033340848e-05
2013-04-05 10:03:00,-4.935831563830179e-05
2013-04-05 10:04:00,-4.932130871035603e-05
2013-04-05 10:05:00,-4.928432952875247e-05
2013-04-05 10:06:00,-4.924737807268799e-05
2013-04-05 10:07:00,-4.921045432137506e-05
2013-04-05 10:08:00,-4.9173558254041754e-05
2013-04-05 10:09:00,-4.913668984993172e-05
2013-04-05 10:10:00,-4.909984908830415e-05
2013-04-05 10:11:00,-4.906303594843378e-05
2013-04-05 10:12:00,-4.902625040961092e-05
2013-04-05 10:13:00,-4.8989492451141376e-05
2013-04-05 10:14:00,-4.8952762052346486e-05
2013-04-05 10:15:00,-4.89160591925631e-05
2013-04-05 10:16:00,-4.887938385114353e-05
2013-04-05 10:17:00,-4.8842736007455595e-05
2013-04-05 10:18:00,-4.8806115640882564e-05
2013-04-05 10:19:00,-4.87695227308232e-05
2013-04-05 10:20:00,-4.873295725669167e-05
2013-04-05 10:21:00,-4.869641919791757e-05
2013-04-05 10:22:00,-4.865990853394598e-05
2013-04-05 10:23:00,-4.862342524423734e-05
2013-04-05 10:24:00,-4.8586969308267486e-05
2013-04-05 10:25:00,-4.855054070552768e-05
2013-04-05 10:26:00,-4.8514139415524525e-05
2013-04-05 10:27:00,-4.847776541778001e-05
2013-04-05 10:28:00,-4.844141869183146e-05
2013-04-05 10:29:00,-4.840509921723157e-05
2013-04-05 10:30:00,-4.836880697354833e-05
2013-04-05 10:31:00,-4.833254194036507e-05
2013-04-05 10:32:00,-4.829630409728045e-05
2013-04-05 10:33:00,-4.8260093423908375e-05
2013-04-05 10:34:00,-4.822390989987807e-05
2013-04-05 10:35:00,-4.818775350483402e-05
2013-04-05 10:36:00,-4.815162421843597e-05
2013-04-05 10:37:00,-4.811552202035893e-05
2013-04-05 10:38:00,-4.807944689029314e-05
2013-04-05 10:39:00,-4.804339880794406e-05
2013-04-05 10:40:00,-4.8007377753032396e-05
2013-04-05 10:41:00,-4.797138370529401e-05
2013-04-05 10:42:00,-4.793541664447999e-05
2013-04-05 10:43:00,-4.789947655035662e-05
2013-04-05 10:44:00,-4.78635634027053e-05
2013-04-05 10:45:00,-4.7827677181322656e-05
2013-04-05 10:46:00,-4.7791817866020395e-05
2013-04-05 10:47:00,-4.775598543662542e-05
2013-04-05 10:48:00,-4.772017987297972e-05
2013-04-05 10:49:00,-4.768440115494041e-05
2013-04-05 10:50:00,-4.7648649262379715e-05
2013-04-05 10:51:00,-4.761292417518493e-05
2013-04-05 10:52:00,-4.757722587325846e-05
2013-04-05 10:53:00,-4.754155433651776e-05
2013-04-05 10:54:00,-4.750590954489535e-05
2013-04-05 10:55:00,-4.747029147833877e-05
2013-04-05 10:56:00,-4.7434700116810636e-05
2013-04-05 10:57:00,-4.7399135440288547e-05
2013-04-05 10:58:00,-4.7363597428765124e-05
2013-04-05 10:59:00,-4.732808606224803e-05
2013-04-05 11:00:00,-4.7292601320759876e-05
2013-04-05 11:01:00,-4.725714318433823e-05
2013-04-05 11:02:00,-4.72217116330357e-05
2013-04-05 11:03:00,-4.718630664691978e-05
2013-04-05 11:04:00,-4.715092820607295e-05
2013-04-05 11:05:00,-4.7115576290592604e-05
2013-04-05 11:06:00,-4.708025088059105e-05
2013-04-05 11:07:00,-4.704495195619554e-05
2013-04-05 11:08:00,-4.70096794975482e-05
2013-04-05 11:09:00,-4.697443348480604e-05
2013-04-05 11:10:00,-4.693921389814098e-05
2013-04-05 11:11:00,-4.690402071773976e-05
2013-04-05 11:12:00,-4.686885392380402e-05
2013-04-05 11:13:00,-4.68337134965502e-05
2013-04-05 11:14:00,-4.679859941620962e-05
2013-04-05 11:15:00,-4.6763511663028386e-05
2013-04-05 11:16:00,-4.6728450217267435e-05
2013-04-05 11:17:00,-4.669341505920249e-05
2013-04-05 11:18:00,-4.6658406169124063e-05
2013-04-05 11:19:00,-4.662342352733746e-05
2013-04-05 11:20:00,-4.658846711416274e-05
2013-04-05 11:21:00,-4.655353690993472e-05
2013-04-05 11:22:00,-4.651863289500295e-05
2013-04-05 11:23:00,-4.648375504973174e-05
2013-04-05 11:24:00,-4.644890335450008e-05
2013-04-05 11:25:00,-4.641407778970173e-05
2013-04-05 11:26:00,-4.637927833574509e-05
2013-04-05 11:27:00,-4.634450497305329e-05
2013-04-05 11:28:00,-4.630975768206411e-05
2013-04-05 11:29:00,-4.627503644323002e-05
2013-04-05 11:30:00,-4.624034123701814e-05
2013-04-05 11:31:00,-4.620567204391023e-05
2013-04-05 11:32:00,-4.6171028844402665e-05
2013-04-05 11:33:00,-4.6136411619006505e-05
2013-04-05 11:34:00,-4.6101820348247345e-05
2013-04-05 11:35:00,-4.606725501266544e-05
2013-04-05 11:36:00,-4.603271559281559e-05
2013-04-05 11:37:00,-4.5998202069267205e-05
2013-04-05 11:38:00,-4.596371442260426e-05
2013-04-05 11:39:00,-4.5929252633425275e-05
2013-04-05 11:40:00,-4.5894816682343325e-05
2013-04-05 11:41:00,-4.586040654998603e-05
2013-04-05 11:42:00,-4.5826022216995514e-05
2013-04-05 11:43:00,-4.5791663664028426e-05
2013-04-05 11:44:00,-4.5757330871755906e-05
2013-04-05 11:45:00,-4.57230238208636e-05
2013-04-05 11:46:00,-4.568874249205165e-05
2013-04-05 11:47:00,-4.565448686603463e-05
2013-04-05 11:48:00,-4.56202569235416e-05
2013-04-05 11:49:00,-4.5586052645316045e-05
2013-04-05 11:50:00,-4.5551874012115934e-05
2013-04-05 11:51:00,-4.551772100471363e-05
2013-04-05 11:52:00,-4.54835936038959e-05
2013-04-05 11:53:00,-4.544949179046394e-05
2013-04-05 11:54:00,-4.541541554523331e-05
2013-04-05 11:55:00,-4.538136484903401e-05
2013-04-05 11:56:00,-4.5347339682710363e-05
2013-04-05 11:57:00,-4.531334002712107e-05
2013-04-05 11:58:00,-4.527936586313918e-05
2013-04-05 11:59:00,-4.52454171716521e-05
2013-04-05 12:00:00,-4.5211493933561544e-05
2013-04-05 12:01:00,-4.517759612978354e-05
2013-04-05 12:02:00,-4.5143723741248475e-05
2013-04-05 12:03:00,-4.510987674890096e-05
2013-04-05 12:04:00,-4.507605513369996e-05
2013-04-05 12:05:00,-4.504225887661866e-05
2013-04-05 12:06:00,-4.500848795864456e-05
2013-04-05 12:07:00,-4.497474236077937e-05
2013-04-05 12:08:00,-4.494102206403908e-05
2013-04-05 12:09:00,-4.490732704945391e-05
2013-04-05 12:10:00,-4.487365729806825e-05
2013-04-05 12:11:00,-4.48400127909408e-05
2013-04-05 12:12:00,-4.480639350914437e-05
2013-04-05 12:13:00,-4.4772799433765996e-05
2013-04-05 12:14:00,-4.473923054590692e-05
2013-04-05 12:15:00,-4.4705686826682516e-05
2013-04-05 12:16:00,-4.4672168257222305e-05
2013-04-05 12:17:00,-4.463867481867002e-05
2013-04-05 12:18:00,-4.460520649218348e-05
2013-04-05 12:19:00,-4.457176325893462e-05
2013-04-05 12:20:00,-4.453834510010955e-05
2013-04-05 12:21:00,-4.450495199690844e-05
2013-04-05 12:22:00,-4.4471583930545554e-05
2013-04-05 12:23:00,-4.443824088224926e-05
2013-04-05 12:24:00,-4.4404922833262e-05
2013-04-05 12:25:00,-4.4371629764840265e-05
2013-04-05 12:26:00,-4.4338361658254615e-05
2013-04-05 12:27:00,-4.430511849478964e-05
2013-04-05 12:28:00,-4.427190025574397e-05
2013-04-05 12:29:00,-4.423870692243025e-05
2013-04-05 12:30:00,-4.420553847617513e-05
2013-04-05 12:31:00,-4.417239489831929e-05
2013-04-05 12:32:00,-4.413927617021737e-05
2013-04-05 12:33:00,-4.4106182273238e-05
2013-04-05 12:34:00,-4.407311318876377e-05
2013-04-05 12:35:00,-4.404006889819126e-05
2013-04-05 12:36:00,-4.4007049382930966e-05
2013-04-05 12:37:00,-4.397405462440733e-05
2013-04-05 12:38:00,-4.39410846040587e-05
2013-04-05 12:39:00,-4.390813930333741e-05
2013-04-05 12:40:00,-4.387521870370962e-05
2013-04-05 12:41:00,-4.3842322786655414e-05
2013-04-05 12:42:00,-4.3809451533668786e-05
2013-04-05 12:43:00,-4.3776604926257593e-05
2013-04-05 12:44:00,-4.374378294594352e-05
2013-04-05 12:45:00,-4.371098557426216e-05
2013-04-05 12:46:00,-4.3678212792762914e-05
2013-04-05 12:47:00,-4.364546458300904e-05
2013-04-05 12:48:00,-4.3612740926577594e-05
2013-04-05 12:49:00,-4.358004180505947e-05
2013-04-05 12:50:00,-4.3547367200059335e-05
2013-04-05 12:51:00,-4.3514717093195686e-05
2013-04-05 12:52:00,-4.348209146610078e-05
2013-04-05 12:53:00,-4.344949030042065e-05
2013-04-05 12:54:00,-4.341691357781507e-05
2013-04-05 12:55:00,-4.33843612799576e-05
2013-04-05 12:56:00,-4.33518333885355e-05
2013-04-05 12:57:00,-4.331932988524981e-05
2013-04-05 12:58:00,-4.328685075181525e-05
2013-04-05 12:59:00,-4.325439596996024e-05
2013-04-05 13:00:00,-4.3221965521426955e-05
2013-04-05 13:01:00,-4.3189559387971216e-05
2013-04-05 13:02:00,-4.315717755136252e-05
2013-04-05 13:03:00,-4.3124819993384055e-05
2013-04-05 13:04:00,-4.309248669583265e-05
2013-04-05 13:05:00,-4.306017764051881e-05
2013-04-05 13:06:00,-4.3027892809266635e-05
2013-04-05 13:07:00,-4.2995632183913865e-05
2013-04-05 13:08:00,-4.29633957463119e-05
2013-04-05 13:09:00,-4.29311834783257e-05
2013-04-05 13:10:00,-4.289899536183382e-05
2013-04-05 13:11:00,-4.286683137872843e-05
2013-04-05 13:12:00,-4.2834691510915265e-05
2013-04-05 13:13:00,-4.280257574031362e-05
2013-04-05 13:14:00,-4.2770484048856355e-05
2013-04-05 13:15:00,-4.2738416418489876e-05
2013-04-05 13:16:00,-4.270637283117411e-05
2013-04-05 13:17:00,-4.267435326888253e-05
2013-04-05 13:18:00,-4.264235771360212e-05
2013-04-05 13:19:00,-4.261038614733336e-05
2013-04-05 13:20:00,-4.2578438552090216e-05
2013-04-05 13:21:00,-4.254651490990018e-05
2013-04-05 13:22:00,-4.251461520280418e-05
2013-04-05 13:23:00,-4.248273941285662e-05
2013-04-05 13:24:00,-4.245088752212536e-05
2013-04-05 13:25:00,-4.241905951269172e-05
2013-04-05 13:26:00,-4.238725536665042e-05
2013-04-05 13:27:00,-4.235547506610964e-05
2013-04-05 13:28:00,-4.232371859319095e-05
2013-04-05 13:29:00,-4.2291985930029335e-05
2013-04-05 13:30:00,-4.2260277058773187e-05
2013-04-05 13:31:00,-4.2228591961584246e-05
2013-04-05 13:32:00,-4.2196930620637674e-05
2013-04-05 13:33:00,-4.216529301812195e-05
2013-04-05 13:34:00,-4.213367913623895e-05
2013-04-05 13:35:00,-4.210208895720386e-05
2013-04-05 13:36:00,-4.20705224632452e-05
2013-04-05 13:37:00,-4.2038979636604875e-05
2013-04-05 13:38:00,-4.2007460459538025e-05
2013-04-05 13:39:00,-4.1975964914313134e-05
2013-04-05 13:40:00,-4.194449298321198e-05
2013-04-05 13:41:00,-4.191304464852962e-05
2013-04-05 13:42:00,-4.188161989257437e-05
2013-04-05 13:43:00,-4.185021869766784e-05
2013-04-05 13:44:00,-4.181884104614488e-05
2013-04-05 13:45:00,-4.1787486920353584e-05
2013-04-05 13:46:00,-4.1756156302655285e-05
2013-04-05 13:47:00,-4.1724849175424526e-05
2013-04-05 13:48:00,-4.1693565521049086e-05
2013-04-05 13:49:00,-4.166230532192994e-05
2013-04-05 13:50:00,-4.163106856048124e-05
2013-04-05 13:51:00,-4.159985521913036e-05
2013-04-05 13:52:00,-4.1568665280317834e-05
2013-04-05 13:53:00,-4.153749872649734e-05
2013-04-05 13:54:00,-4.150635554013574e-05
2013-04-05 13:55:00,-4.147523570371302e-05
2013-04-05 13:56:00,-4.144413919972232e-05
2013-04-05 13:57:00,-4.1413066010669896e-05
2013-04-05 13:58:00,-4.1382016119075134e-05
2013-04-05 13:59:00,-4.1350989507470484e-05
2013-04-05 14:00:00,-4.1319986158401564e-05
2013-04-05 14:01:00,-4.1289006054427004e-05
2013-04-05 14:02:00,-4.125804917811856e-05
2013-04-05 14:03:00,-4.1227115512061034e-05
2013-04-05 14:04:00,-4.1196205038852294e-05
2013-04-05 14:05:00,-4.116531774110325e-05
2013-04-05 14:06:00,-4.1134453601437854e-05
2013-04-05 14:07:00,-4.110361260249308e-05
2013-04-05 14:08:00,-4.1072794726918926e-05
2013-04-05 14:09:00,-4.1041999957378404e-05
2013-04-05 14:10:00,-4.1011228276547504e-05
2013-04-05 14:11:00,-4.098047966711522e-05
2013-04-05 14:12:00,-4.094975411178354e-05
2013-04-05 14:13:00,-4.0919051593267384e-05
2013-04-05 14:14:00,-4.0888372094294645e-05
2013-04-05 14:15:00,-4.085771559760621e-05
2013-04-05 14:16:00,-4.082708208595583e-05
2013-04-05 14:17:00,-4.079647154211025e-05
2013-04-05 14:18:00,-4.0765883948849095e-05
2013-04-05 14:19:00,-4.073531928896493e-05
2013-04-05 14:20:00,-4.0704777545263197e-05
2013-04-05 14:21:00,-4.067425870056225e-05
2013-04-05 14:22:00,-4.0643762737693314e-05
2013-04-05 14:23:00,-4.0613289639500486e-05
2013-04-05 14:24:00,-4.058283938884074e-05
2013-04-05 14:25:00,-4.055241196858388e-05
2013-04-05 14:26:00,-4.052200736161258e-05
2013-04-05 14:27:00,-4.049162555082231e-05
2013-04-05 14:28:00,-4.046126651912143e-05
2013-04-05 14:29:00,-4.043093024943104e-05
2013-04-05 14:30:00,-4.0400616724685073e-05
2013-04-05 14:31:00,-4.037032592783028e-05
2013-04-05 14:32:00,-4.0340057841826174e-05
2013-04-05 14:33:00,-4.0309812449645046e-05
2013-04-05 14:34:00,-4.0279589734271974e-05
2013-04-05 14:35:00,-4.024938967870476e-05
2013-04-05 14:36:00,-4.0219212265953975e-05
2013-04-05 14:37:00,-4.018905747904291e-05
2013-04-05 14:38:00,-4.015892530100764e-05
2013-04-05 14:39:00,-4.012881571489688e-05
2013-04-05 14:40:00,-4.009872870377211e-05
2013-04-05 14:41:00,-4.006866425070748e-05
2013-04-05 14:42:00,-4.003862233878984e-05
2013-04-05 14:43:00,-4.0008602951118735e-05
2013-04-05 14:44:00,-3.9978606070806364e-05
2013-04-05 14:45:00,-3.994863168097758e-05
2013-04-05 14:46:00,-3.9918679764769924e-05
2013-04-05 14:47:00,-3.988875030533355e-05
2013-04-05 14:48:00,-3.985884328583124e-05
2013-04-05 14:49:00,-3.982895868943842e-05
2013-04-05 14:50:00,-3.979909649934312e-05
2013-04-05 14:51:00,-3.9769256698746e-05
2013-04-05 14:52:00,-3.973943927086026e-05
2013-04-05 14:53:00,-3.9709644198911726e-05
2013-04-05 14:54:00,-3.96798714661388e-05
2013-04-05 14:55:00,-3.965012105579245e-05
2013-04-05 14:56:00,-3.962039295113618e-05
2013-04-05 14:57:00,-3.959068713544608e-05
2013-04-05 14:58:00,-3.9561003592010745e-05
2013-04-05 14:59:00,-3.953134230413132e-05
2013-04-05 15:00:00,-3.950170325512144e-05
2013-04-05 15:01:00,-3.947208642830731e-05
2013-04-05 15:02:00,-3.944249180702758e-05
2013-04-05 15:03:00,-3.941291937463341e-05
2013-04-05 15:04:00,-3.938336911448845e-05
2013-04-05 15:05:00,-3.935384100996881e-05
2013-04-05 15:06:00,-3.9324335044463085e-05
2013-04-05 15:07:00,-3.929485120137229e-05
2013-04-05 15:08:00,-3.926538946410993e-05
2013-04-05 15:09:00,-3.923594981610191e-05
2013-04-05 15:10:00,-3.920653224078658e-05
2013-04-05 15:11:00,-3.917713672161469e-05
2013-04-05 15:12:00,-3.914776324204942e-05
2013-04-05 15:13:00,-3.911841178556632e-05
2013-04-05 15:14:00,-3.908908233565338e-05
2013-04-05 15:15:00,-3.905977487581091e-05
2013-04-05 15:16:00,-3.903048938955163e-05
2013-04-05 15:17:00,-3.9001225860400615e-05
2013-04-05 15:18:00,-3.897198427189526e-05
2013-04-05 15:19:00,-3.894276460758537e-05
2013-04-05 15:20:00,-3.891356685103301e-05
2013-04-05 15:21:00,-3.8884390985812624e-05
2013-04-05 15:22:00,-3.885523699551094e-05
2013-04-05 15:23:00,-3.8826104863727e-05
2013-04-05 15:24:00,-3.8796994574072147e-05
2013-04-05 15:25:00,-3.876790611017001e-05
2013-04-05 15:26:00,-3.873883945565651e-05
2013-04-05 15:27:00,-3.8709794594179806e-05
2013-04-05 15:28:00,-3.868077150940035e-05
2013-04-05 15:29:00,-3.86517701849908e-05
2013-04-05 15:30:00,-3.862279060463612e-05
2013-04-05 15:31:00,-3.8593832752033456e-05
2013-04-05 15:32:00,-3.8564896610892186e-05
2013-04-05 15:33:00,-3.853598216493391e-05
2013-04-05 15:34:00,-3.8507089397892445e-05
2013-04-05 15:35:00,-3.847821829351377e-05
2013-04-05 15:36:00,-3.8449368835556095e-05
2013-04-05 15:37:00,-3.842054100778976e-05
2013-04-05 15:38:00,-3.83917347939973e-05
2013-04-05 15:39:00,-3.836295017797342e-05
2013-04-05 15:40:00,-3.833418714352494e-05
2013-04-05 15:41:00,-3.8305445674470866e-05
2013-04-05 15:42:00,-3.8276725754642294e-05
2013-04-05 15:43:00,-3.824802736788246e-05
2013-04-05 15:44:00,-3.8219350498046725e-05
2013-04-05 15:45:00,-3.8190695129002535e-05
2013-04-05 15:46:00,-3.816206124462945e-05
2013-04-05 15:47:00,-3.8133448828819104e-05
2013-04-05 15:48:00,-3.8104857865475196e-05
2013-04-05 15:49:00,-3.8076288338513526e-05
2013-04-05 15:50:00,-3.8047740231861935e-05
2013-04-05 15:51:00,-3.8019213529460304e-05
2013-04-05 15:52:00,-3.799070821526058e-05
2013-04-05 15:53:00,-3.796222427322671e-05
2013-04-05 15:54:00,-3.79337616873347e-05
2013-04-05 15:55:00,-3.790532044157255e-05
2013-04-05 15:56:00,-3.787690051994026e-05
2013-04-05 15:57:00,-3.784850190644985e-05
2013-04-05 15:58:00,-3.78201245851253e-05
2013-04-05 15:59:00,-3.779176854000257e-05
2013-04-05 16:00:00,-3.7763433755129624e-05
2013-04-05 16:01:00,-3.773512021456634e-05
2013-04-05 16:02:00,-3.770682790238457e-05
2013-04-05 16:03:00,-3.7678556802668114e-05
2013-04-05 16:04:00,-3.76503068995127e-05
2013-04-05 16:05:00,-3.7622078177025976e-05
2013-04-05 16:06:00,-3.7593870619327496e-05
2013-04-05 16:07:00,-3.756568421054875e-05
2013-04-05 16:08:00,-3.7537518934833096e-05
2013-04-05 16:09:00,-3.75093747763358e-05
2013-04-05 16:10:00,-3.748125171922399e-05
2013-04-05 16:11:00,-3.74531497476767e-05
2013-04-05 16:12:00,-3.7425068845884765e-05
2013-04-05 16:13:00,-3.7397008998050936e-05
2013-04-05 16:14:00,-3.736897018838978e-05
2013-04-05 16:15:00,-3.734095240112769e-05
2013-04-05 16:16:00,-3.73129556205029e-05
2013-04-05 16:17:00,-3.7284979830765465e-05
2013-04-05 16:18:00,-3.725702501617723e-05
2013-04-05 16:19:00,-3.722909116101186e-05
2013-04-05 16:20:00,-3.72011782495548e-05
2013-04-05 16:21:00,-3.717328626610328e-05
2013-04-05 16:22:00,-3.714541519496629e-05
2013-04-05 16:23:00,-3.711756502046462e-05
2013-04-05 16:24:00,-3.708973572693077e-05
2013-04-05 16:25:00,-3.7061927298709034e-05
2013-04-05 16:26:00,-3.70341397201554e-05
2013-04-05 16:27:00,-3.7006372975637616e-05
2013-04-05 16:28:00,-3.6978627049535136e-05
2013-04-05 16:29:00,-3.695090192623913e-05
2013-04-05 16:30:00,-3.692319759015247e-05
2013-04-05 16:31:00,-3.6895514025689714e-05
2013-04-05 16:32:00,-3.6867851217277116e-05
2013-04-05 16:33:00,-3.6840209149352615e-05
2013-04-05 16:34:00,-3.681258780636581e-05
2013-04-05 16:35:00,-3.678498717277795e-05
2013-04-05 16:36:00,-3.675740723306192e-05
2013-04-05 16:37:00,-3.67298479717023e-05
2013-04-05 16:38:00,-3.6702309373195256e-05
2013-04-05 16:39:00,-3.667479142204857e-05
2013-04-05 16:40:00,-3.66472941027817e-05
2013-04-05 16:41:00,-3.661981739992566e-05
2013-04-05 16:42:00,-3.659236129802306e-05
2013-04-05 16:43:00,-3.656492578162812e-05
2013-04-05 16:44:00,-3.653751083530663e-05
2013-04-05 16:45:00,-3.651011644363598e-05
2013-04-05 16:46:00,-3.648274259120507e-05
2013-04-05 16:47:00,-3.64553892626144e-05
2013-04-05 16:48:00,-3.6428056442475996e-05
2013-04-05 16:49:00,-3.640074411541343e-05
2013-04-05 16:50:00,-3.637345226606179e-05
2013-04-05 16:51:00,-3.63461808790677e-05
2013-04-05 16:52:00,-3.6318929939089276e-05
2013-04-05 16:53:00,-3.629169943079617e-05
2013-04-05 16:54:00,-3.626448933886948e-05
2013-04-05 16:55:00,-3.623729964800183e-05
2013-04-05 16:56:00,-3.62101303428973e-05
2013-04-05 16:57:00,-3.6182981408271456e-05
2013-04-05 16:58:00,-3.615585282885131e-05
2013-04-05 16:59:00,-3.6128744589375315e-05
2013-04-05 17:00:00,-3.610165667459339e-05
2013-04-05 17:01:00,-3.6074589069266877e-05
2013-04-05 17:02:00,-3.604754175816853e-05
2013-04-05 17:03:00,-3.602051472608256e-05
2013-04-05 17:04:00,-3.5993507957804534e-05
2013-04-05 17:05:00,-3.596652143814146e-05
2013-04-05 17:06:00,-3.5939555151911714e-05
2013-04-05 17:07:00,-3.591260908394504e-05
2013-04-05 17:08:00,-3.588568321908262e-05
2013-04-05 17:09:00,-3.585877754217694e-05
2013-04-05 17:10:00,-3.583189203809185e-05
2013-04-05 17:11:00,-3.580502669170258e-05
2013-04-05 17:12:00,-3.577818148789568e-05
2013-04-05 17:13:00,-3.575135641156901e-05
2013-04-05 17:14:00,-3.572455144763179e-05
2013-04-05 17:15:00,-3.5697766581004546e-05
2013-04-05 17:16:00,-3.567100179661911e-05
2013-04-05 17:17:00,-3.5644257079418584e-05
2013-04-05 17:18:00,-3.5617532414357395e-05
2013-04-05 17:19:00,-3.559082778640123e-05
2013-04-05 17:20:00,-3.556414318052705e-05
2013-04-05 17:21:00,-3.553747858172309e-05
2013-04-05 17:22:00,-3.551083397498884e-05
2013-04-05 17:23:00,-3.548420934533502e-05
2013-04-05 17:24:00,-3.545760467778359e-05
2013-04-05 17:25:00,-3.5431019957367776e-05
2013-04-05 17:26:00,-3.540445516913198e-05
2013-04-05 17:27:00,-3.5377910298131846e-05
2013-04-05 17:28:00,-3.5351385329434194e-05
2013-04-05 17:29:00,-3.532488024811707e-05
2013-04-05 17:30:00,-3.529839503926971e-05
2013-04-05 17:31:00,-3.527192968799249e-05
2013-04-05 17:32:00,-3.524548417939701e-05
2013-04-05 17:33:00,-3.5219058498605986e-05
2013-04-05 17:34:00,-3.519265263075331e-05
2013-04-05 17:35:00,-3.5166266560984035e-05
2013-04-05 17:36:00,-3.513990027445431e-05
2013-04-05 17:37:00,-3.511355375633147e-05
2013-04-05 17:38:00,-3.508722699179391e-05
2013-04-05 17:39:00,-3.5060919966031177e-05
2013-04-05 17:40:00,-3.5034632664243914e-05
2013-04-05 17:41:00,-3.5008365071643855e-05
2013-04-05 17:42:00,-3.498211717345384e-05
2013-04-05 17:43:00,-3.495588895490775e-05
2013-04-05 17:44:00,-3.492968040125058e-05
2013-04-05 17:45:00,-3.490349149773835e-05
2013-04-05 17:46:00,-3.4877322229638166e-05
2013-04-05 17:47:00,-3.485117258222816e-05
2013-04-05 17:48:00,-3.482504254079752e-05
2013-04-05 17:49:00,-3.4798932090646434e-05
2013-04-05 17:50:00,-3.477284121708615e-05
2013-04-05 17:51:00,-3.4746769905438884e-05
2013-04-05 17:52:00,-3.4720718141037894e-05
2013-04-05 17:53:00,-3.469468590922742e-05
2013-04-05 17:54:00,-3.466867319536271e-05
2013-04-05 17:55:00,-3.464267998480995e-05
2013-04-05 17:56:00,-3.461670626294632e-05
2013-04-05 17:57:00,-3.4590752015159995e-05
2013-04-05 17:58:00,-3.456481722685005e-05
2013-04-05 17:59:00,-3.453890188342655e-05
2013-04-05 18:00:00,-3.4513005970310475e-05
2013-04-05 18:01:00,-3.4487129472933734e-05
2013-04-05 18:02:00,-3.446127237673918e-05
2013-04-05 18:03:00,-3.4435434667180556e-05
2013-04-05 18:04:00,-3.440961632972254e-05
2013-04-05 18:05:00,-3.438381734984068e-05
2013-04-05 18:06:00,-3.435803771302142e-05
2013-04-05 18:07:00,-3.4332277404762094e-05
2013-04-05 18:08:00,-3.4306536410570916e-05
2013-04-05 18:09:00,-3.4280814715966956e-05
2013-04-05 18:10:00,-3.425511230648013e-05
2013-04-05 18:11:00,-3.4229429167651206e-05
2013-04-05 18:12:00,-3.420376528503183e-05
2013-04-05 18:13:00,-3.417812064418443e-05
2013-04-05 18:14:00,-3.415249523068228e-05
2013-04-05 18:15:00,-3.412688903010949e-05
2013-04-05 18:16:00,-3.410130202806094e-05
2013-04-05 18:17:00,-3.407573421014234e-05
2013-04-05 18:18:00,-3.405018556197017e-05
2013-04-05 18:19:00,-3.402465606917172e-05
2013-04-05 18:20:00,-3.399914571738504e-05
2013-04-05 18:21:00,-3.397365449225896e-05
2013-04-05 18:22:00,-3.394818237945303e-05
2013-04-05 18:23:00,-3.392272936463762e-05
2013-04-05 18:24:00,-3.3897295433493774e-05
2013-04-05 18:25:00,-3.387188057171332e-05
2013-04-05 18:26:00,-3.38464847649988e-05
2013-04-05 18:27:00,-3.382110799906346e-05
2013-04-05 18:28:00,-3.379575025963128e-05
2013-04-05 18:29:00,-3.377041153243694e-05
2013-04-05 18:30:00,-3.3745091803225804e-05
2013-04-05 18:31:00,-3.371979105775393e-05
2013-04-05 18:32:00,-3.369450928178805e-05
2013-04-05 18:33:00,-3.366924646110559e-05
2013-04-05 18:34:00,-3.3644002581494614e-05
2013-04-05 18:35:00,-3.361877762875383e-05
2013-04-05 18:36:00,-3.3593571588692645e-05
2013-04-05 18:37:00,-3.356838444713105e-05
2013-04-05 18:38:00,-3.3543216189899716e-05
2013-04-05 18:39:00,-3.351806680283989e-05
2013-04-05 18:40:00,-3.3492936271803465e-05
2013-04-05 18:41:00,-3.346782458265294e-05
2013-04-05 18:42:00,-3.3442731721261405e-05
2013-04-05 18:43:00,-3.341765767351254e-05
2013-04-05 18:44:00,-3.3392602425300625e-05
2013-04-05 18:45:00,-3.3367565962530504e-05
2013-04-05 18:46:00,-3.334254827111757e-05
2013-04-05 18:47:00,-3.3317549336987824e-05
2013-04-05 18:48:00,-3.3292569146077786e-05
2013-04-05 18:49:00,-3.3267607684334505e-05
2013-04-05 18:50:00,-3.32426649377156e-05
2013-04-05 18:51:00,-3.321774089218922e-05
2013-04-05 18:52:00,-3.319283553373399e-05
2013-04-05 18:53:00,-3.3167948848339095e-05
2013-04-05 18:54:00,-3.3143080822004204e-05
2013-04-05 18:55:00,-3.311823144073948e-05
2013-04-05 18:56:00,-3.30934006905656e-05
2013-04-05 18:57:00,-3.3068588557513695e-05
2013-04-05 18:58:00,-3.3043795027625366e-05
2013-04-05 18:59:00,-3.30190200869527e-05
2013-04-05 19:00:00,-3.299426372155822e-05
2013-04-05 19:01:00,-3.296952591751494e-05
2013-04-05 19:02:00,-3.2944806660906266e-05
2013-04-05 19:03:00,-3.2920105937826054e-05
2013-04-05 19:04:00,-3.2895423734378615e-05
2013-04-05 19:05:00,-3.2870760036678635e-05
2013-04-05 19:06:00,-3.284611483085124e-05
2013-04-05 19:07:00,-3.282148810303194e-05
2013-04-05 19:08:00,-3.2796879839366656e-05
2013-04-05 19:09:00,-3.2772290026011695e-05
2013-04-05 19:10:00,-3.274771864913372e-05
2013-04-05 19:11:00,-3.2723165694909824e-05
2013-04-05 19:12:00,-3.269863114952738e-05
2013-04-05 19:13:00,-3.267411499918419e-05
2013-04-05 19:14:00,-3.264961723008836e-05
2013-04-05 19:15:00,-3.2625137828458363e-05
2013-04-05 19:16:00,-3.260067678052298e-05
2013-04-05 19:17:00,-3.2576234072521336e-05
2013-04-05 19:18:00,-3.255180969070288e-05
2013-04-05 19:19:00,-3.2527403621327335e-05
2013-04-05 19:20:00,-3.2503015850664785e-05
2013-04-05 19:21:00,-3.247864636499555e-05
2013-04-05 19:22:00,-3.245429515061026e-05
2013-04-05 19:23:00,-3.242996219380982e-05
2013-04-05 19:24:00,-3.240564748090542e-05
2013-04-05 19:25:00,-3.23813509982185e-05
2013-04-05 19:26:00,-3.235707273208075e-05
2013-04-05 19:27:00,-3.233281266883413e-05
2013-04-05 19:28:00,-3.230857079483081e-05
2013-04-05 19:29:00,-3.228434709643324e-05
2013-04-05 19:30:00,-3.2260141560014036e-05
2013-04-05 19:31:00,-3.223595417195605e-05
2013-04-05 19:32:00,-3.2211784918652393e-05
2013-04-05 19:33:00,-3.2187633786506304e-05
2013-04-05 19:34:00,-3.216350076193128e-05
2013-04-05 19:35:00,-3.213938583135094e-05
2013-04-05 19:36:00,-3.2115288981199125e-05
2013-04-05 19:37:00,-3.209121019791987e-05
2013-04-05 19:38:00,-3.20671494679673e-05
2013-04-05 19:39:00,-3.204310677780578e-05
2013-04-05 19:40:00,-3.201908211390974e-05
2013-04-05 19:41:00,-3.199507546276382e-05
2013-04-05 19:42:00,-3.197108681086276e-05
2013-04-05 19:43:00,-3.194711614471144e-05
2013-04-05 19:44:00,-3.1923163450824855e-05
2013-04-05 19:45:00,-3.1899228715728086e-05
2013-04-05 19:46:00,-3.1875311925956346e-05
