2013-04-27 19:47:00,8.99999999999966
2013-04-27 19:48:00,8.999999999999693
2013-04-27 19:49:00,8.99999999999957
2013-04-27 19:50:00,8.999999999999423
2013-04-27 19:51:00,8.999999999999092
2013-04-27 19:52:00,8.99999999999903
2013-04-27 19:53:00,8.999999999998831
2013-04-27 19:54:00,8.999999999999048
2013-04-27 19:55:00,8.499999999998895
2013-04-27 19:56:00,8.889999999998807
2013-04-27 19:57:00,8.619999999998774
2013-04-27 19:58:00,8.749999999998941
2013-04-27 19:59:00,8.889999999998764
2013-04-27 20:00:00,9.879999999998441
2013-04-27 20:01:00,8.559999999998418
2013-04-27 20:02:00,8.249999999998396
2013-04-27 20:03:00,8.619999999998335
2013-04-27 20:04:00,8.32999999999826
2013-04-27 20:05:00,8.2199999999982
2013-04-27 20:06:00,8.499999999998074
2013-04-27 20:07:00,8.249999999998098
2013-04-27 20:08:00,8.249999999998181
2013-04-27 20:09:00,8.2499999999981
2013-04-27 20:10:00,8.379999999998187
2013-04-27 20:11:00,8.10999999999813
2013-04-27 20:12:00,8.119999999998162
2013-04-27 20:13:00,7.999999999998201
2013-04-27 20:14:00,7.999999999998077
2013-04-27 20:15:00,8.219999999998151
2013-04-27 20:16:00,7.999999999998229
2013-04-27 20:17:00,8.119999999997999
2013-04-27 20:18:00,7.999999999998103
2013-04-27 20:19:00,7.999999999998154
2013-04-27 20:20:00,7.999999999998207
2013-04-27 20:21:00,7.999999999997976
2013-04-27 20:22:00,7.999999999998086
2013-04-27 20:23:00,7.999999999997913
2013-04-27 20:24:00,7.99999999999791
2013-04-27 20:25:00,7.999999999998022
2013-04-27 20:26:00,7.99999999999802
2013-04-27 20:27:00,7.9999999999979625
2013-04-27 20:28:00,7.999999999997904
2013-04-27 20:29:00,7.999999999997903
2013-04-27 20:30:00,7.999999999997845
2013-04-27 20:31:00,7.999999999998299
2013-04-27 20:32:00,8.000000000001709
2013-04-27 20:33:00,8.000000000002277
2013-04-27 20:34:00,8.000000000001311
2013-04-27 20:35:00,8.000000000000968
2013-04-27 20:36:00,8.000000000001025
2013-04-27 20:37:00,8.000000000000997
2013-04-27 20:38:00,8.000000000000997
2013-04-27 20:39:00,7.8800000000006785
2013-04-27 20:40:00,7.880000000000508
2013-04-27 20:41:00,7.880000000000622
2013-04-27 20:42:00,7.8900000000006125
2013-04-27 20:43:00,7.86000000000064
2013-04-27 20:44:00,7.670000000000699
2013-04-27 20:45:00,7.50000000000074
2013-04-27 20:46:00,7.750000000000682
2013-04-27 20:47:00,7.250000000000682
2013-04-27 20:48:00,7.220000000000823
2013-04-27 20:49:00,7.000000000000739
2013-04-27 20:50:00,7.110000000000952
2013-04-27 20:51:00,7.000000000001165
2013-04-27 20:52:00,7.0000000000009095
2013-04-27 20:53:00,7.000000000000767
2013-04-27 20:54:00,7.000000000001137
2013-04-27 20:55:00,6.780000000001479
2013-04-27 20:56:00,7.000000000001506
2013-04-27 20:57:00,6.7500000000016485
2013-04-27 20:58:00,6.250000000001734
2013-04-27 20:59:00,6.000000000001705
2013-04-27 21:00:00,6.000000000001563
2013-04-27 21:01:00,6.000000000001563
2013-04-27 21:02:00,6.000000000001592
2013-04-27 21:03:00,6.000000000001563
2013-04-27 21:04:00,6.000000000001506
2013-04-27 21:05:00,6.0000000000012506
2013-04-27 21:06:00,5.750000000000952
2013-04-27 21:07:00,5.330000000000979
2013-04-27 21:08:00,5.500000000000995
2013-04-27 21:09:00,5.220000000000979
2013-04-27 21:10:00,5.0000000000009805
2013-04-27 21:11:00,5.000000000000952
2013-04-27 21:12:00,5.000000000000952
2013-04-27 21:13:00,5.000000000000924
2013-04-27 21:14:00,5.000000000000895
2013-04-27 21:15:00,5.0000000000009095
2013-04-27 21:16:00,5.000000000000952
2013-04-27 21:17:00,5.0000000000009095
2013-04-27 21:18:00,5.0000000000009095
2013-04-27 21:19:00,4.500000000000938
2013-04-27 21:20:00,4.220000000000951
2013-04-27 21:21:00,4.120000000000914
2013-04-27 21:22:00,4.1400000000009385
2013-04-27 21:23:00,4.000000000000966
2013-04-27 21:24:00,4.0000000000009095
2013-04-27 21:25:00,4.000000000000952
2013-04-27 21:26:00,4.000000000000853
2013-04-27 21:27:00,4.000000000000853
2013-04-27 21:28:00,4.000000000000853
2013-04-27 21:29:00,4.0000000000007105
2013-04-27 21:30:00,4.000000000000739
2013-04-27 21:31:00,4.000000000000725
2013-04-27 21:32:00,3.880000000000777
2013-04-27 21:33:00,3.6200000000008288
2013-04-27 21:34:00,3.1200000000007577
2013-04-27 21:35:00,3.000000000000682
2013-04-27 21:36:00,3.000000000000796
2013-04-27 21:37:00,3.0000000000006963
2013-04-27 21:38:00,3.0000000000007674
2013-04-27 21:39:00,3.000000000000796
2013-04-27 21:40:00,3.0000000000009948
2013-04-27 21:41:00,3.000000000000952
2013-04-27 21:42:00,2.8800000000009476
2013-04-27 21:43:00,2.88000000000099
2013-04-27 21:44:00,2.3800000000010186
2013-04-27 21:45:00,2.3800000000010044
2013-04-27 21:46:00,2.1200000000009993
2013-04-27 21:47:00,2.120000000000985
2013-04-27 21:48:00,2.0000000000010374
2013-04-27 21:49:00,2.000000000001023
2013-04-27 21:50:00,2.0000000000010374
2013-04-27 21:51:00,2.000000000001009
2013-04-27 21:52:00,2.0000000000009948
2013-04-27 21:53:00,2.000000000001009
2013-04-27 21:54:00,2.000000000001009
2013-04-27 21:55:00,2.000000000000952
2013-04-27 21:56:00,2.000000000000952
2013-04-27 21:57:00,2.0000000000026716
2013-04-27 21:58:00,2.000000000002956
2013-04-27 21:59:00,2.000000000002899
2013-04-27 22:00:00,2.000000000002842
2013-04-27 22:01:00,1.5000000000028422
2013-04-27 22:02:00,1.380000000002724
2013-04-27 22:03:00,1.3800000000028376
2013-04-27 22:04:00,1.0000000000028422
2013-04-27 22:05:00,1.000000000002899
2013-04-27 22:06:00,1.0000000000013927
2013-04-27 22:07:00,1.0000000000009095
2013-04-27 22:08:00,1.0000000000008953
2013-04-27 22:09:00,1.0000000000008953
2013-04-27 22:10:00,1.0000000000008669
2013-04-27 22:11:00,1.0000000000009237
2013-04-27 22:12:00,1.0000000000008953
2013-04-27 22:13:00,1.0000000000008527
2013-04-27 22:14:00,1.0000000000007816
2013-04-27 22:15:00,1.0000000000007816
2013-04-27 22:16:00,1.0000000000008527
2013-04-27 22:17:00,1.0000000000008669
2013-04-27 22:18:00,1.0000000000007958
2013-04-27 22:19:00,1.000000000000739
2013-04-27 22:20:00,1.0000000000007674
2013-04-27 22:21:00,1.0000000000007248
2013-04-27 22:22:00,1.0000000000018758
2013-04-27 22:23:00,1.000000000001478
2013-04-27 22:24:00,1.0000000000014495
2013-04-27 22:25:00,1.0000000000015632
2013-04-27 22:26:00,1.0000000000015632
2013-04-27 22:27:00,1.00000000000162
2013-04-27 22:28:00,1.0000000000015632
2013-04-27 22:29:00,1.0000000000015348
2013-04-27 22:30:00,0.8800000000015586
2013-04-27 22:31:00,0.6200000000015393
2013-04-27 22:32:00,0.6700000000015507
2013-04-27 22:33:00,0.22000000000170417
2013-04-27 22:34:00,0.25000000000176215
2013-04-27 22:35:00,0.12000000000170985
2013-04-27 22:36:00,0.12000000000170985
2013-04-27 22:37:00,1.6484591469732875e-12
2013-04-27 22:38:00,1.7337242752630572e-12
2013-04-27 22:39:00,1.705302565831422e-12
2013-04-27 22:40:00,1.7053025658303708e-12
2013-04-27 22:41:00,1.7053025658294737e-12
2013-04-27 22:42:00,1.7621459846895158e-12
2013-04-27 22:43:00,1.733724275258458e-12
2013-04-27 22:44:00,1.6768808563970918e-12
2013-04-27 22:45:00,1.6200374375358074e-12
2013-04-27 22:46:00,1.6200374375354007e-12
2013-04-27 22:47:00,1.5631940186742455e-12
2013-04-27 22:48:00,1.6200374375347571e-12
2013-04-27 22:49:00,1.648459146964908e-12
2013-04-27 22:50:00,1.6768808563950962e-12
2013-04-27 22:51:00,1.7621459846861238e-12
2013-04-27 22:52:00,1.6200374375339465e-12
2013-04-27 22:53:00,1.0800249583561358e-12
2013-04-27 22:54:00,5.684341886147697e-14
2013-04-27 22:55:00,5.710461933998202e-25
2013-04-27 22:56:00,0.0
2013-04-27 22:57:00,0.0
2013-04-27 22:58:00,0.0
2013-04-27 22:59:00,0.0
2013-04-27 23:00:00,2.588596188174321e-25
2013-04-27 23:01:00,3.979039320258771e-13
2013-04-27 23:02:00,4.2632564145624873e-13
2013-04-27 23:03:00,3.694822225954131e-13
2013-04-27 23:04:00,4.263256414561976e-13
2013-04-27 23:05:00,3.9790393202577344e-13
2013-04-27 23:06:00,3.6948222259535226e-13
2013-04-27 23:07:00,4.2632564145614564e-13
2013-04-27 23:08:00,4.263256414561331e-13
2013-04-27 23:09:00,4.547473508865264e-13
2013-04-27 23:10:00,4.547473508865173e-13
2013-04-27 23:11:00,4.263256414561055e-13
2013-04-27 23:12:00,4.831690603169069e-13
2013-04-27 23:13:00,6.252776074689213e-13
2013-04-27 23:14:00,6.252776074689164e-13
2013-04-27 23:15:00,1.0231815394945683e-12
2013-04-27 23:16:00,1.364242052659413e-12
2013-04-27 23:17:00,1.392663762089814e-12
2013-04-27 23:18:00,7.958078640513273e-13
2013-04-27 23:19:00,7.38964445190517e-13
2013-04-27 23:20:00,7.531752999057171e-13
2013-04-27 23:21:00,8.384404281969275e-13
2013-04-27 23:22:00,7.815970093361182e-13
2013-04-27 23:23:00,7.81597009336117e-13
2013-04-27 23:24:00,7.67386154620914e-13
2013-04-27 23:25:00,7.531752999057111e-13
2013-04-27 23:26:00,8.526512829121245e-13
2013-04-27 23:27:00,7.958078640513158e-13
2013-04-27 23:28:00,8.526512829121234e-13
2013-04-27 23:29:00,7.815970093361128e-13
2013-04-27 23:30:00,7.673861546209104e-13
2013-04-27 23:31:00,7.389644451905061e-13
2013-04-27 23:32:00,7.673861546209098e-13
2013-04-27 23:33:00,7.531752999057076e-13
2013-04-27 23:34:00,7.958078640513134e-13
2013-04-27 23:35:00,7.815970093361112e-13
2013-04-27 23:36:00,8.384404281969191e-13
2013-04-27 23:37:00,8.100187187665149e-13
2013-04-27 23:38:00,7.958078640513128e-13
2013-04-27 23:39:00,7.247535904753027e-13
2013-04-27 23:40:00,8.668621376273227e-13
2013-04-27 23:41:00,7.815970093361106e-13
2013-04-27 23:42:00,7.247535904753025e-13
2013-04-27 23:43:00,6.821210263296965e-13
2013-04-27 23:44:00,6.963318810448984e-13
2013-04-27 23:45:00,7.531752999057064e-13
2013-04-27 23:46:00,7.531752999057064e-13
2013-04-27 23:47:00,7.815970093361104e-13
2013-04-27 23:48:00,8.242295734817163e-13
2013-04-27 23:49:00,8.242295734817163e-13
2013-04-27 23:50:00,8.100187187665143e-13
2013-04-27 23:51:00,7.958078640513123e-13
2013-04-27 23:52:00,6.963318810448983e-13
2013-04-27 23:53:00,7.815970093361103e-13
2013-04-27 23:54:00,7.389644451905042e-13
2013-04-27 23:55:00,7.389644451905042e-13
2013-04-27 23:56:00,8.242295734817162e-13
2013-04-27 23:57:00,8.384404281969182e-13
2013-04-27 23:58:00,8.526512829121202e-13
2013-04-27 23:59:00,9.094947017729282e-13
2013-04-28 00:00:00,8.242295734817162e-13
2013-04-28 00:01:00,9.094947017729282e-13
2013-04-28 00:02:00,9.094947017729282e-13
2013-04-28 00:03:00,9.237055564881302e-13
2013-04-28 00:04:00,9.237055564881302e-13
2013-04-28 00:05:00,1.0231815394945443e-12
2013-04-28 00:06:00,9.663381206337363e-13
2013-04-28 00:07:00,9.947598300641403e-13
2013-04-28 00:08:00,9.805489753489383e-13
2013-04-28 00:09:00,1.0089706847793423e-12
2013-04-28 00:10:00,1.0089706847793423e-12
2013-04-28 00:11:00,9.663381206337363e-13
2013-04-28 00:12:00,1.0089706847793423e-12
2013-04-28 00:13:00,9.805489753489383e-13
2013-04-28 00:14:00,9.663381206337363e-13
2013-04-28 00:15:00,1.0089706847793423e-12
2013-04-28 00:16:00,1.6768808563938364e-12
2013-04-28 00:17:00,1.6484591469634324e-12
2013-04-28 00:18:00,1.5631940186722204e-12
2013-04-28 00:19:00,1.7053025658242404e-12
2013-04-28 00:20:00,1.7053025658242404e-12
2013-04-28 00:21:00,1.7053025658242404e-12
2013-04-28 00:22:00,1.7053025658242404e-12
2013-04-28 00:23:00,1.6768808563938364e-12
2013-04-28 00:24:00,1.5347723092418164e-12
2013-04-28 00:25:00,1.6484591469634324e-12
2013-04-28 00:26:00,1.0658141036401503e-12
2013-04-28 00:27:00,1.0089706847793423e-12
2013-04-28 00:28:00,0.12000000000104194
2013-04-28 00:29:00,1.0231815394945443e-12
2013-04-28 00:30:00,1.0231815394945443e-12
2013-04-28 00:31:00,9.947598300641403e-13
2013-04-28 00:32:00,9.094947017729282e-13
2013-04-28 00:33:00,9.237055564881302e-13
2013-04-28 00:34:00,9.947598300641403e-13
2013-04-28 00:35:00,9.094947017729282e-13
2013-04-28 00:36:00,0.11000000000097998
2013-04-28 00:37:00,9.947598300641403e-13
2013-04-28 00:38:00,8.952838470577262e-13
2013-04-28 00:39:00,8.668621376273222e-13
2013-04-28 00:40:00,8.242295734817162e-13
2013-04-28 00:41:00,8.526512829121202e-13
2013-04-28 00:42:00,7.958078640513122e-13
2013-04-28 00:43:00,8.952838470577262e-13
2013-04-28 00:44:00,9.237055564881302e-13
2013-04-28 00:45:00,8.100187187665142e-13
2013-04-28 00:46:00,8.242295734817162e-13
2013-04-28 00:47:00,8.100187187665142e-13
2013-04-28 00:48:00,7.958078640513122e-13
2013-04-28 00:49:00,8.384404281969182e-13
2013-04-28 00:50:00,8.242295734817162e-13
2013-04-28 00:51:00,7.958078640513122e-13
2013-04-28 00:52:00,7.958078640513122e-13
2013-04-28 00:53:00,7.105427357601002e-13
2013-04-28 00:54:00,9.094947017729282e-13
2013-04-28 00:55:00,7.958078640513122e-13
2013-04-28 00:56:00,8.100187187665142e-13
2013-04-28 00:57:00,8.526512829121202e-13
2013-04-28 00:58:00,7.105427357601002e-13
2013-04-28 00:59:00,7.105427357601002e-13
2013-04-28 01:00:00,6.963318810448982e-13
2013-04-28 01:01:00,7.105427357601002e-13
2013-04-28 01:02:00,7.815970093361102e-13
2013-04-28 01:03:00,6.963318810448982e-13
2013-04-28 01:04:00,7.673861546209082e-13
2013-04-28 01:05:00,8.384404281969182e-13
2013-04-28 01:06:00,1.5631940186722204e-12
2013-04-28 01:07:00,1.4779288903810084e-12
2013-04-28 01:08:00,1.5063505998114124e-12
2013-04-28 01:09:00,1.5063505998114124e-12
2013-04-28 01:10:00,1.5347723092418164e-12
2013-04-28 01:11:00,1.5631940186722204e-12
2013-04-28 01:12:00,1.6484591469634324e-12
2013-04-28 01:13:00,1.6200374375330284e-12
2013-04-28 01:14:00,1.5916157281026244e-12
2013-04-28 01:15:00,1.5631940186722204e-12
2013-04-28 01:16:00,1.5063505998114124e-12
2013-04-28 01:17:00,1.5916157281026244e-12
2013-04-28 01:18:00,1.5631940186722204e-12
2013-04-28 01:19:00,1.4495071809506044e-12
2013-04-28 01:20:00,1.4495071809506044e-12
2013-04-28 01:21:00,1.4779288903810084e-12
2013-04-28 01:22:00,1.5063505998114124e-12
2013-04-28 01:23:00,1.5631940186722204e-12
2013-04-28 01:24:00,1.4210854715202004e-12
2013-04-28 01:25:00,1.4210854715202004e-12
2013-04-28 01:26:00,1.3926637620897964e-12
2013-04-28 01:27:00,1.4779288903810084e-12
2013-04-28 01:28:00,1.4210854715202004e-12
2013-04-28 01:29:00,1.4779288903810084e-12
2013-04-28 01:30:00,1.4495071809506044e-12
2013-04-28 01:31:00,1.4495071809506044e-12
2013-04-28 01:32:00,1.3926637620897964e-12
2013-04-28 01:33:00,1.3358203432289883e-12
2013-04-28 01:34:00,1.3926637620897964e-12
2013-04-28 01:35:00,1.4210854715202004e-12
2013-04-28 01:36:00,1.4210854715202004e-12
2013-04-28 01:37:00,8.384404281969182e-13
2013-04-28 01:38:00,6.963318810448982e-13
2013-04-28 01:39:00,7.531752999057062e-13
2013-04-28 01:40:00,7.389644451905042e-13
2013-04-28 01:41:00,7.531752999057062e-13
2013-04-28 01:42:00,7.105427357601002e-13
2013-04-28 01:43:00,7.247535904753022e-13
2013-04-28 01:44:00,7.389644451905042e-13
2013-04-28 01:45:00,7.389644451905042e-13
2013-04-28 01:46:00,7.958078640513122e-13
2013-04-28 01:47:00,6.963318810448982e-13
2013-04-28 01:48:00,8.100187187665142e-13
2013-04-28 01:49:00,7.531752999057062e-13
2013-04-28 01:50:00,7.673861546209082e-13
2013-04-28 01:51:00,7.389644451905042e-13
2013-04-28 01:52:00,8.526512829121202e-13
2013-04-28 01:53:00,7.531752999057062e-13
2013-04-28 01:54:00,7.105427357601002e-13
2013-04-28 01:55:00,7.815970093361102e-13
2013-04-28 01:56:00,7.958078640513122e-13
2013-04-28 01:57:00,8.242295734817162e-13
2013-04-28 01:58:00,7.673861546209082e-13
2013-04-28 01:59:00,7.958078640513122e-13
2013-04-28 02:00:00,7.247535904753022e-13
2013-04-28 02:01:00,7.958078640513122e-13
2013-04-28 02:02:00,6.963318810448982e-13
2013-04-28 02:03:00,7.247535904753022e-13
2013-04-28 02:04:00,8.384404281969182e-13
2013-04-28 02:05:00,7.673861546209082e-13
2013-04-28 02:06:00,7.531752999057062e-13
2013-04-28 02:07:00,7.389644451905042e-13
2013-04-28 02:08:00,7.673861546209082e-13
2013-04-28 02:09:00,8.242295734817162e-13
2013-04-28 02:10:00,7.815970093361102e-13
2013-04-28 02:11:00,7.958078640513122e-13
2013-04-28 02:12:00,7.531752999057062e-13
2013-04-28 02:13:00,7.531752999057062e-13
2013-04-28 02:14:00,7.958078640513122e-13
2013-04-28 02:15:00,7.958078640513122e-13
2013-04-28 02:16:00,7.958078640513122e-13
2013-04-28 02:17:00,8.526512829121202e-13
2013-04-28 02:18:00,8.384404281969182e-13
2013-04-28 02:19:00,0.0
2013-04-28 02:20:00,0.0
2013-04-28 02:21:00,0.0
2013-04-28 02:22:00,0.0
2013-04-28 02:23:00,0.0
2013-04-28 02:24:00,0.0
2013-04-28 02:25:00,0.0
2013-04-28 02:26:00,0.0
2013-04-28 02:27:00,0.0
2013-04-28 02:28:00,8.526512829121202e-13
2013-04-28 02:29:00,4.547473508864641e-13
2013-04-28 02:30:00,5.115907697472721e-13
2013-04-28 02:31:00,5.115907697472721e-13
2013-04-28 02:32:00,4.831690603168681e-13
2013-04-28 02:33:00,4.831690603168681e-13
2013-04-28 02:34:00,4.263256414560601e-13
2013-04-28 02:35:00,4.263256414560601e-13
2013-04-28 02:36:00,4.263256414560601e-13
2013-04-28 02:37:00,4.547473508864641e-13
2013-04-28 02:38:00,2.702725907103421e-40
2013-04-28 02:39:00,0.0
2013-04-28 02:40:00,2.842170943040401e-14
2013-04-28 02:41:00,0.0
2013-04-28 02:42:00,7.673861546209082e-13
2013-04-28 02:43:00,7.389644451905042e-13
2013-04-28 02:44:00,7.531752999057062e-13
2013-04-28 02:45:00,7.531752999057062e-13
2013-04-28 02:46:00,7.815970093361102e-13
2013-04-28 02:47:00,7.531752999057062e-13
2013-04-28 02:48:00,7.105427357601002e-13
2013-04-28 02:49:00,7.531752999057062e-13
2013-04-28 02:50:00,7.815970093361102e-13
2013-04-28 02:51:00,7.673861546209082e-13
2013-04-28 02:52:00,8.100187187665142e-13
2013-04-28 02:53:00,7.958078640513122e-13
2013-04-28 02:54:00,7.815970093361102e-13
2013-04-28 02:55:00,7.105427357601002e-13
2013-04-28 02:56:00,7.389644451905042e-13
2013-04-28 02:57:00,8.100187187665142e-13
2013-04-28 02:58:00,8.242295734817162e-13
2013-04-28 02:59:00,7.531752999057062e-13
2013-04-28 03:00:00,7.105427357601002e-13
2013-04-28 03:01:00,7.247535904753022e-13
2013-04-28 03:02:00,7.105427357601002e-13
2013-04-28 03:03:00,6.963318810448982e-13
2013-04-28 03:04:00,7.389644451905042e-13
2013-04-28 03:05:00,7.247535904753022e-13
2013-04-28 03:06:00,7.247535904753022e-13
2013-04-28 03:07:00,7.815970093361102e-13
2013-04-28 03:08:00,7.389644451905042e-13
2013-04-28 03:09:00,7.389644451905042e-13
2013-04-28 03:10:00,7.389644451905042e-13
2013-04-28 03:11:00,7.531752999057062e-13
2013-04-28 03:12:00,7.673861546209082e-13
2013-04-28 03:13:00,6.963318810448982e-13
2013-04-28 03:14:00,7.958078640513122e-13
2013-04-28 03:15:00,7.673861546209082e-13
2013-04-28 03:16:00,8.668621376273222e-13
2013-04-28 03:17:00,7.673861546209082e-13
2013-04-28 03:18:00,7.531752999057062e-13
2013-04-28 03:19:00,7.105427357601002e-13
2013-04-28 03:20:00,7.389644451905042e-13
2013-04-28 03:21:00,7.531752999057062e-13
2013-04-28 03:22:00,7.389644451905042e-13
2013-04-28 03:23:00,7.389644451905042e-13
2013-04-28 03:24:00,7.389644451905042e-13
2013-04-28 03:25:00,7.389644451905042e-13
2013-04-28 03:26:00,7.958078640513122e-13
2013-04-28 03:27:00,7.531752999057062e-13
2013-04-28 03:28:00,7.105427357601002e-13
2013-04-28 03:29:00,7.105427357601002e-13
2013-04-28 03:30:00,7.531752999057062e-13
2013-04-28 03:31:00,7.815970093361102e-13
2013-04-28 03:32:00,7.389644451905042e-13
2013-04-28 03:33:00,7.531752999057062e-13
2013-04-28 03:34:00,1.2505552149377763e-12
2013-04-28 03:35:00,1.4779288903810084e-12
2013-04-28 03:36:00,1.4495071809506044e-12
2013-04-28 03:37:00,1.4210854715202004e-12
2013-04-28 03:38:00,1.4210854715202004e-12
2013-04-28 03:39:00,1.4779288903810084e-12
2013-04-28 03:40:00,1.4495071809506044e-12
2013-04-28 03:41:00,1.4779288903810084e-12
2013-04-28 03:42:00,1.4779288903810084e-12
2013-04-28 03:43:00,1.3926637620897964e-12
2013-04-28 03:44:00,1.3642420526593924e-12
2013-04-28 03:45:00,1.4495071809506044e-12
2013-04-28 03:46:00,1.4495071809506044e-12
2013-04-28 03:47:00,1.4210854715202004e-12
2013-04-28 03:48:00,1.3642420526593924e-12
2013-04-28 03:49:00,1.4495071809506044e-12
2013-04-28 03:50:00,1.4210854715202004e-12
2013-04-28 03:51:00,1.3642420526593924e-12
2013-04-28 03:52:00,1.3642420526593924e-12
2013-04-28 03:53:00,1.3926637620897964e-12
2013-04-28 03:54:00,1.3358203432289883e-12
2013-04-28 03:55:00,1.3073986337985843e-12
2013-04-28 03:56:00,1.3926637620897964e-12
2013-04-28 03:57:00,1.4495071809506044e-12
2013-04-28 03:58:00,1.4779288903810084e-12
2013-04-28 03:59:00,1.4779288903810084e-12
2013-04-28 04:00:00,1.3926637620897964e-12
2013-04-28 04:01:00,1.3642420526593924e-12
2013-04-28 04:02:00,1.3642420526593924e-12
2013-04-28 04:03:00,1.3642420526593924e-12
2013-04-28 04:04:00,1.3642420526593924e-12
2013-04-28 04:05:00,1.4495071809506044e-12
2013-04-28 04:06:00,1.3926637620897964e-12
2013-04-28 04:07:00,1.2789769243681803e-12
2013-04-28 04:08:00,7.531752999057062e-13
2013-04-28 04:09:00,7.673861546209082e-13
2013-04-28 04:10:00,7.531752999057062e-13
2013-04-28 04:11:00,7.531752999057062e-13
2013-04-28 04:12:00,7.531752999057062e-13
2013-04-28 04:13:00,7.531752999057062e-13
2013-04-28 04:14:00,7.389644451905042e-13
2013-04-28 04:15:00,7.389644451905042e-13
2013-04-28 04:16:00,7.673861546209082e-13
2013-04-28 04:17:00,7.531752999057062e-13
2013-04-28 04:18:00,7.673861546209082e-13
2013-04-28 04:19:00,7.815970093361102e-13
2013-04-28 04:20:00,7.815970093361102e-13
2013-04-28 04:21:00,7.673861546209082e-13
2013-04-28 04:22:00,7.531752999057062e-13
2013-04-28 04:23:00,7.531752999057062e-13
2013-04-28 04:24:00,7.389644451905042e-13
2013-04-28 04:25:00,7.815970093361102e-13
2013-04-28 04:26:00,7.815970093361102e-13
2013-04-28 04:27:00,7.531752999057062e-13
2013-04-28 04:28:00,7.815970093361102e-13
2013-04-28 04:29:00,7.389644451905042e-13
2013-04-28 04:30:00,7.247535904753022e-13
2013-04-28 04:31:00,7.531752999057062e-13
2013-04-28 04:32:00,7.389644451905042e-13
2013-04-28 04:33:00,7.673861546209082e-13
2013-04-28 04:34:00,7.673861546209082e-13
2013-04-28 04:35:00,7.531752999057062e-13
2013-04-28 04:36:00,7.531752999057062e-13
2013-04-28 04:37:00,7.531752999057062e-13
2013-04-28 04:38:00,7.815970093361102e-13
2013-04-28 04:39:00,7.531752999057062e-13
2013-04-28 04:40:00,7.531752999057062e-13
2013-04-28 04:41:00,7.247535904753022e-13
2013-04-28 04:42:00,7.389644451905042e-13
2013-04-28 04:43:00,7.531752999057062e-13
2013-04-28 04:44:00,7.958078640513122e-13
2013-04-28 04:45:00,7.815970093361102e-13
2013-04-28 04:46:00,7.673861546209082e-13
2013-04-28 04:47:00,7.105427357601002e-13
2013-04-28 04:48:00,7.531752999057062e-13
2013-04-28 04:49:00,7.389644451905042e-13
2013-04-28 04:50:00,7.389644451905042e-13
2013-04-28 04:51:00,7.389644451905042e-13
2013-04-28 04:52:00,7.531752999057062e-13
2013-04-28 04:53:00,7.389644451905042e-13
2013-04-28 04:54:00,7.105427357601002e-13
2013-04-28 04:55:00,7.105427357601002e-13
2013-04-28 04:56:00,7.389644451905042e-13
2013-04-28 04:57:00,6.963318810448982e-13
2013-04-28 04:58:00,6.821210263296962e-13
2013-04-28 04:59:00,1.3358203432289883e-12
2013-04-28 05:00:00,1.4210854715202004e-12
2013-04-28 05:01:00,1.3926637620897964e-12
2013-04-28 05:02:00,1.4210854715202004e-12
2013-04-28 05:03:00,1.4210854715202004e-12
2013-04-28 05:04:00,1.3926637620897964e-12
2013-04-28 05:05:00,9.094947017729282e-13
2013-04-28 05:06:00,1.1368683772161603e-13
2013-04-28 05:07:00,8.526512829121202e-14
2013-04-28 05:08:00,0.0
2013-04-28 05:09:00,0.0
2013-04-28 05:10:00,0.0
2013-04-28 05:11:00,0.0
2013-04-28 05:12:00,0.0
2013-04-28 05:13:00,0.0
2013-04-28 05:14:00,0.0
2013-04-28 05:15:00,0.0
2013-04-28 05:16:00,0.0
2013-04-28 05:17:00,0.0
2013-04-28 05:18:00,0.0
2013-04-28 05:19:00,0.0
2013-04-28 05:20:00,0.0
2013-04-28 05:21:00,0.0
2013-04-28 05:22:00,0.0
2013-04-28 05:23:00,0.0
2013-04-28 05:24:00,0.0
2013-04-28 05:25:00,0.0
2013-04-28 05:26:00,0.0
2013-04-28 05:27:00,0.0
2013-04-28 05:28:00,0.0
2013-04-28 05:29:00,0.0
2013-04-28 05:30:00,0.0
2013-04-28 05:31:00,0.0
2013-04-28 05:32:00,0.0
2013-04-28 05:33:00,0.0
2013-04-28 05:34:00,0.0
2013-04-28 05:35:00,0.0
2013-04-28 05:36:00,0.0
2013-04-28 05:37:00,0.0
2013-04-28 05:38:00,0.0
2013-04-28 05:39:00,0.0
2013-04-28 05:40:00,0.0
2013-04-28 05:41:00,0.0
2013-04-28 05:42:00,0.0
2013-04-28 05:43:00,0.0
2013-04-28 05:44:00,0.0
2013-04-28 05:45:00,0.0
2013-04-28 05:46:00,0.0
2013-04-28 05:47:00,0.0
2013-04-28 05:48:00,0.0
2013-04-28 05:49:00,0.0
2013-04-28 05:50:00,0.0
2013-04-28 05:51:00,0.0
2013-04-28 05:52:00,0.0
2013-04-28 05:53:00,0.0
2013-04-28 05:54:00,0.0
2013-04-28 05:55:00,0.0
2013-04-28 05:56:00,0.0
2013-04-28 05:57:00,5.704873901639926e-54
2013-04-28 05:58:00,2.5579538487363607e-13
2013-04-28 05:59:00,2.8421709430404007e-13
2013-04-28 06:00:00,1.1368683772161603e-13
2013-04-28 06:01:00,0.0
2013-04-28 06:02:00,1.9895196601282805e-13
2013-04-28 06:03:00,0.0
2013-04-28 06:04:00,1.1368683772161603e-13
2013-04-28 06:05:00,8.526512829121202e-14
2013-04-28 06:06:00,1.1368683772161603e-13
2013-04-28 06:07:00,3.694822225952521e-13
2013-04-28 06:08:00,4.831690603168681e-13
2013-04-28 06:09:00,3.410605131648481e-13
2013-04-28 06:10:00,2.842170943040401e-14
2013-04-28 06:11:00,3.694822225952521e-13
2013-04-28 06:12:00,4.263256414560601e-13
2013-04-28 06:13:00,1.9895196601282805e-13
2013-04-28 06:14:00,1.7053025658242404e-13
2013-04-28 06:15:00,3.979039320256561e-13
2013-04-28 06:16:00,4.263256414560601e-13
2013-04-28 06:17:00,3.126388037344441e-13
2013-04-28 06:18:00,1.1368683772161603e-13
2013-04-28 06:19:00,3.979039320256561e-13
2013-04-28 06:20:00,3.979039320256561e-13
2013-04-28 06:21:00,3.410605131648481e-13
2013-04-28 06:22:00,2.8421709430404007e-13
2013-04-28 06:23:00,3.126388037344441e-13
2013-04-28 06:24:00,4.547473508864641e-13
2013-04-28 06:25:00,3.126388037344441e-13
2013-04-28 06:26:00,1.4210854715202004e-13
2013-04-28 06:27:00,3.694822225952521e-13
2013-04-28 06:28:00,4.263256414560601e-13
2013-04-28 06:29:00,0.0
2013-04-28 06:30:00,0.0
2013-04-28 06:31:00,0.0
2013-04-28 06:32:00,0.0
2013-04-28 06:33:00,0.0
2013-04-28 06:34:00,0.0
2013-04-28 06:35:00,0.0
2013-04-28 06:36:00,0.0
2013-04-28 06:37:00,0.0
2013-04-28 06:38:00,0.0
2013-04-28 06:39:00,0.0
2013-04-28 06:40:00,0.0
2013-04-28 06:41:00,0.0
2013-04-28 06:42:00,0.0
2013-04-28 06:43:00,0.0
2013-04-28 06:44:00,0.0
2013-04-28 06:45:00,0.0
2013-04-28 06:46:00,0.0
2013-04-28 06:47:00,0.0
2013-04-28 06:48:00,0.0
2013-04-28 06:49:00,0.0
2013-04-28 06:50:00,0.0
2013-04-28 06:51:00,0.0
2013-04-28 06:52:00,0.0
2013-04-28 06:53:00,0.0
2013-04-28 06:54:00,0.0
2013-04-28 06:55:00,0.0
2013-04-28 06:56:00,0.0
2013-04-28 06:57:00,0.0
2013-04-28 06:58:00,0.0
2013-04-28 06:59:00,0.0
2013-04-28 07:00:00,0.0
2013-04-28 07:01:00,0.0
2013-04-28 07:02:00,0.0
2013-04-28 07:03:00,0.0
2013-04-28 07:04:00,0.0
2013-04-28 07:05:00,0.0
2013-04-28 07:06:00,0.0
2013-04-28 07:07:00,0.0
2013-04-28 07:08:00,0.0
2013-04-28 07:09:00,0.0
2013-04-28 07:10:00,0.0
2013-04-28 07:11:00,0.0
2013-04-28 07:12:00,0.0
2013-04-28 07:13:00,0.0
2013-04-28 07:14:00,0.0
2013-04-28 07:15:00,0.0
2013-04-28 07:16:00,0.0
2013-04-28 07:17:00,0.0
2013-04-28 07:18:00,0.0
2013-04-28 07:19:00,0.0
2013-04-28 07:20:00,1.7053025658242404e-13
2013-04-28 07:21:00,1.4210854715202004e-13
2013-04-28 07:22:00,4.263256414560601e-13
2013-04-28 07:23:00,4.263256414560601e-13
2013-04-28 07:24:00,3.410605131648481e-13
2013-04-28 07:25:00,1.7053025658242404e-13
2013-04-28 07:26:00,1.4210854715202004e-12
2013-04-28 07:27:00,1.7053025658242404e-12
2013-04-28 07:28:00,1.6484591469634324e-12
2013-04-28 07:29:00,1.4210854715202004e-12
2013-04-28 07:30:00,1.4210854715202004e-12
2013-04-28 07:31:00,1.0800249583553523e-12
2013-04-28 07:32:00,9.094947017729282e-13
2013-04-28 07:33:00,8.242295734817162e-13
2013-04-28 07:34:00,1.0516032489249483e-12
2013-04-28 07:35:00,1.0516032489249483e-12
2013-04-28 07:36:00,8.526512829121202e-13
2013-04-28 07:37:00,7.958078640513122e-13
2013-04-28 07:38:00,1.0516032489249483e-12
2013-04-28 07:39:00,9.379164112033322e-13
2013-04-28 07:40:00,8.810729923425242e-13
2013-04-28 07:41:00,9.379164112033322e-13
2013-04-28 07:42:00,1.2789769243681803e-12
2013-04-28 07:43:00,1.2221335055073723e-12
2013-04-28 07:44:00,1.6484591469634324e-12
2013-04-28 07:45:00,2.0747847884194925e-12
2013-04-28 07:46:00,2.1316282072803006e-12
2013-04-28 07:47:00,2.1316282072803006e-12
2013-04-28 07:48:00,1.1368683772161603e-11
2013-04-28 07:49:00,6.139089236967266e-12
2013-04-28 07:50:00,2.1600499167107046e-12
2013-04-28 07:51:00,2.1316282072803006e-12
2013-04-28 07:52:00,2.1600499167107046e-12
2013-04-28 07:53:00,2.1884716261411086e-12
2013-04-28 07:54:00,2.5295321393059567e-12
2013-04-28 07:55:00,2.7284841053187847e-12
2013-04-28 07:56:00,2.7000623958883807e-12
2013-04-28 07:57:00,2.5863755581667647e-12
2013-04-28 07:58:00,2.9558577807620168e-12
2013-04-28 07:59:00,3.808509063674137e-12
2013-04-28 08:00:00,3.581135388230905e-12
2013-04-28 08:01:00,3.979039320256561e-12
2013-04-28 08:02:00,3.694822225952521e-12
2013-04-28 08:03:00,3.296918293926865e-12
2013-04-28 08:04:00,3.865352482534945e-12
2013-04-28 08:05:00,3.353761712787673e-12
2013-04-28 08:06:00,3.865352482534945e-12
2013-04-28 08:07:00,0.0
2013-04-28 08:08:00,0.0
2013-04-28 08:09:00,0.0
2013-04-28 08:10:00,0.0
2013-04-28 08:11:00,0.0
2013-04-28 08:12:00,0.0
2013-04-28 08:13:00,0.0
2013-04-28 08:14:00,0.0
2013-04-28 08:15:00,0.0
2013-04-28 08:16:00,0.0
2013-04-28 08:17:00,0.0
2013-04-28 08:18:00,4.718003765447065e-12
2013-04-28 08:19:00,4.035882739117369e-12
2013-04-28 08:20:00,4.092726157978177e-12
2013-04-28 08:21:00,3.865352482534945e-12
2013-04-28 08:22:00,4.604316927725449e-12
2013-04-28 08:23:00,5.002220859751105e-12
2013-04-28 08:24:00,0.0
2013-04-28 08:25:00,0.0
2013-04-28 08:26:00,0.0
2013-04-28 08:27:00,0.0
2013-04-28 08:28:00,2.4442670110147446e-12
2013-04-28 08:29:00,2.8421709430404007e-12
2013-04-28 08:30:00,2.7284841053187847e-12
2013-04-28 08:31:00,2.1600499167107046e-12
2013-04-28 08:32:00,3.240074875066057e-12
2013-04-28 08:33:00,2.3305801732931286e-12
2013-04-28 08:34:00,3.126388037344441e-12
2013-04-28 08:35:00,3.126388037344441e-12
2013-04-28 08:36:00,2.5579538487363607e-12
2013-04-28 08:37:00,2.8421709430404007e-12
2013-04-28 08:38:00,2.8421709430404007e-12
2013-04-28 08:39:00,2.7284841053187847e-12
2013-04-28 08:40:00,2.9558577807620168e-12
2013-04-28 08:41:00,2.0179413695586845e-12
2013-04-28 08:42:00,2.0463630789890885e-12
2013-04-28 08:43:00,2.0463630789890885e-12
2013-04-28 08:44:00,1.9610979506978765e-12
2013-04-28 08:45:00,1.9610979506978765e-12
2013-04-28 08:46:00,1.9895196601282805e-12
2013-04-28 08:47:00,2.0747847884194925e-12
2013-04-28 08:48:00,1.9895196601282805e-12
2013-04-28 08:49:00,1.9895196601282805e-12
2013-04-28 08:50:00,2.0179413695586845e-12
2013-04-28 08:51:00,1.9610979506978765e-12
2013-04-28 08:52:00,1.9895196601282805e-12
2013-04-28 08:53:00,2.0179413695586845e-12
2013-04-28 08:54:00,1.9610979506978765e-12
2013-04-28 08:55:00,2.0179413695586845e-12
2013-04-28 08:56:00,2.6147972675971687e-12
2013-04-28 08:57:00,2.9558577807620168e-12
2013-04-28 08:58:00,2.8990143619012088e-12
2013-04-28 08:59:00,3.581135388230905e-12
2013-04-28 09:00:00,3.126388037344441e-12
2013-04-28 09:01:00,3.694822225952521e-12
2013-04-28 09:02:00,1.9042545318370685e-12
2013-04-28 09:03:00,9.805489753489383e-13
2013-04-28 09:04:00,9.805489753489383e-13
2013-04-28 09:05:00,9.663381206337363e-13
2013-04-28 09:06:00,1.0089706847793423e-12
2013-04-28 09:07:00,1.0231815394945443e-12
2013-04-28 09:08:00,1.0942358130705543e-12
2013-04-28 09:09:00,1.1084466677857563e-12
2013-04-28 09:10:00,1.0942358130705543e-12
2013-04-28 09:11:00,1.0089706847793423e-12
2013-04-28 09:12:00,9.805489753489383e-13
2013-04-28 09:13:00,9.663381206337363e-13
2013-04-28 09:14:00,9.094947017729282e-13
2013-04-28 09:15:00,5.684341886080801e-13
2013-04-28 09:16:00,1.1368683772161603e-13
2013-04-28 09:17:00,1.4779288903810084e-12
2013-04-28 09:18:00,1.1368683772161603e-13
2013-04-28 09:19:00,0.0
2013-04-28 09:20:00,7.958078640513122e-13
2013-04-28 09:21:00,1.2505552149377763e-12
2013-04-28 09:22:00,1.6768808563938364e-12
2013-04-28 09:23:00,1.7621459846850485e-12
2013-04-28 09:24:00,1.6484591469634324e-12
2013-04-28 09:25:00,1.4779288903810084e-12
2013-04-28 09:26:00,1.2647660696529783e-12
2013-04-28 09:27:00,1.2505552149377763e-12
2013-04-28 09:28:00,1.2221335055073723e-12
2013-04-28 09:29:00,1.2647660696529783e-12
2013-04-28 09:30:00,1.2221335055073723e-12
2013-04-28 09:31:00,1.2505552149377763e-12
2013-04-28 09:32:00,1.1652900866465643e-12
2013-04-28 09:33:00,1.1226575225009583e-12
2013-04-28 09:34:00,1.2789769243681803e-12
2013-04-28 09:35:00,1.1510792319313623e-12
2013-04-28 09:36:00,1.0942358130705543e-12
2013-04-28 09:37:00,1.0800249583553523e-12
2013-04-28 09:38:00,1.0516032489249483e-12
2013-04-28 09:39:00,1.0516032489249483e-12
2013-04-28 09:40:00,9.947598300641403e-13
2013-04-28 09:41:00,9.805489753489383e-13
2013-04-28 09:42:00,1.0373923942097463e-12
2013-04-28 09:43:00,1.0231815394945443e-12
2013-04-28 09:44:00,1.0231815394945443e-12
2013-04-28 09:45:00,1.1084466677857563e-12
2013-04-28 09:46:00,1.1795009413617663e-12
2013-04-28 09:47:00,1.8189894035458565e-12
2013-04-28 09:48:00,1.8189894035458565e-12
2013-04-28 09:49:00,1.8474111129762605e-12
2013-04-28 09:50:00,1.8474111129762605e-12
2013-04-28 09:51:00,1.8189894035458565e-12
2013-04-28 09:52:00,1.9326762412674725e-12
2013-04-28 09:53:00,1.8189894035458565e-12
2013-04-28 09:54:00,1.8474111129762605e-12
2013-04-28 09:55:00,1.8189894035458565e-12
2013-04-28 09:56:00,1.8474111129762605e-12
2013-04-28 09:57:00,1.8474111129762605e-12
2013-04-28 09:58:00,1.7905676941154525e-12
2013-04-28 09:59:00,1.7621459846850485e-12
2013-04-28 10:00:00,1.8189894035458565e-12
2013-04-28 10:01:00,1.6768808563938364e-12
2013-04-28 10:02:00,1.6768808563938364e-12
2013-04-28 10:03:00,1.5347723092418164e-12
2013-04-28 10:04:00,1.7053025658242404e-12
2013-04-28 10:05:00,1.5916157281026244e-12
2013-04-28 10:06:00,1.7337242752546445e-12
2013-04-28 10:07:00,1.6484591469634324e-12
2013-04-28 10:08:00,1.5916157281026244e-12
2013-04-28 10:09:00,1.6200374375330284e-12
2013-04-28 10:10:00,1.5916157281026244e-12
2013-04-28 10:11:00,1.6484591469634324e-12
2013-04-28 10:12:00,1.7053025658242404e-12
2013-04-28 10:13:00,1.6768808563938364e-12
2013-04-28 10:14:00,1.7337242752546445e-12
2013-04-28 10:15:00,1.7053025658242404e-12
2013-04-28 10:16:00,1.3926637620897964e-12
2013-04-28 10:17:00,9.663381206337363e-13
2013-04-28 10:18:00,1.1084466677857563e-12
2013-04-28 10:19:00,1.1084466677857563e-12
2013-04-28 10:20:00,1.0373923942097463e-12
2013-04-28 10:21:00,1.1510792319313623e-12
2013-04-28 10:22:00,1.0658141036401503e-12
2013-04-28 10:23:00,8.526512829121202e-13
2013-04-28 10:24:00,1.0231815394945443e-12
2013-04-28 10:25:00,9.663381206337363e-13
2013-04-28 10:26:00,9.379164112033322e-13
2013-04-28 10:27:00,8.952838470577262e-13
2013-04-28 10:28:00,8.952838470577262e-13
2013-04-28 10:29:00,9.237055564881302e-13
2013-04-28 10:30:00,9.094947017729282e-13
2013-04-28 10:31:00,8.810729923425242e-13
2013-04-28 10:32:00,1.0089706847793423e-12
2013-04-28 10:33:00,1.0373923942097463e-12
2013-04-28 10:34:00,8.952838470577262e-13
2013-04-28 10:35:00,9.379164112033322e-13
2013-04-28 10:36:00,9.237055564881302e-13
2013-04-28 10:37:00,9.663381206337363e-13
2013-04-28 10:38:00,1.0942358130705543e-12
2013-04-28 10:39:00,1.0800249583553523e-12
2013-04-28 10:40:00,1.1368683772161603e-12
2013-04-28 10:41:00,1.0800249583553523e-12
2013-04-28 10:42:00,9.947598300641403e-13
2013-04-28 10:43:00,9.237055564881302e-13
2013-04-28 10:44:00,8.526512829121202e-13
2013-04-28 10:45:00,9.094947017729282e-13
2013-04-28 10:46:00,8.384404281969182e-13
2013-04-28 10:47:00,9.237055564881302e-13
2013-04-28 10:48:00,9.094947017729282e-13
2013-04-28 10:49:00,9.237055564881302e-13
2013-04-28 10:50:00,8.668621376273222e-13
2013-04-28 10:51:00,8.810729923425242e-13
2013-04-28 10:52:00,8.952838470577262e-13
2013-04-28 10:53:00,8.952838470577262e-13
2013-04-28 10:54:00,9.379164112033322e-13
2013-04-28 10:55:00,9.947598300641403e-13
2013-04-28 10:56:00,9.947598300641403e-13
2013-04-28 10:57:00,8.952838470577262e-13
2013-04-28 10:58:00,8.952838470577262e-13
2013-04-28 10:59:00,8.668621376273222e-13
2013-04-28 11:00:00,8.242295734817162e-13
2013-04-28 11:01:00,1.1937117960769683e-12
2013-04-28 11:02:00,1.6200374375330284e-12
2013-04-28 11:03:00,1.5063505998114124e-12
2013-04-28 11:04:00,1.5347723092418164e-12
2013-04-28 11:05:00,1.6200374375330284e-12
2013-04-28 11:06:00,1.5916157281026244e-12
2013-04-28 11:07:00,1.6200374375330284e-12
2013-04-28 11:08:00,1.5916157281026244e-12
2013-04-28 11:09:00,1.5347723092418164e-12
2013-04-28 11:10:00,1.5631940186722204e-12
2013-04-28 11:11:00,1.3073986337985843e-12
2013-04-28 11:12:00,8.526512829121202e-13
2013-04-28 11:13:00,8.242295734817162e-13
2013-04-28 11:14:00,8.810729923425242e-13
2013-04-28 11:15:00,8.952838470577262e-13
2013-04-28 11:16:00,8.668621376273222e-13
2013-04-28 11:17:00,9.237055564881302e-13
2013-04-28 11:18:00,8.668621376273222e-13
2013-04-28 11:19:00,8.810729923425242e-13
2013-04-28 11:20:00,8.668621376273222e-13
2013-04-28 11:21:00,9.237055564881302e-13
2013-04-28 11:22:00,8.384404281969182e-13
2013-04-28 11:23:00,8.526512829121202e-13
2013-04-28 11:24:00,9.379164112033322e-13
2013-04-28 11:25:00,8.952838470577262e-13
2013-04-28 11:26:00,8.810729923425242e-13
2013-04-28 11:27:00,9.521272659185342e-13
2013-04-28 11:28:00,8.810729923425242e-13
2013-04-28 11:29:00,9.379164112033322e-13
2013-04-28 11:30:00,9.663381206337363e-13
2013-04-28 11:31:00,9.094947017729282e-13
2013-04-28 11:32:00,9.237055564881302e-13
2013-04-28 11:33:00,8.668621376273222e-13
2013-04-28 11:34:00,8.810729923425242e-13
2013-04-28 11:35:00,8.952838470577262e-13
2013-04-28 11:36:00,1.0942358130705543e-12
2013-04-28 11:37:00,1.0373923942097463e-12
2013-04-28 11:38:00,1.0089706847793423e-12
2013-04-28 11:39:00,1.1084466677857563e-12
2013-04-28 11:40:00,1.0658141036401503e-12
2013-04-28 11:41:00,1.1368683772161603e-12
2013-04-28 11:42:00,1.0516032489249483e-12
2013-04-28 11:43:00,1.0373923942097463e-12
2013-04-28 11:44:00,1.1226575225009583e-12
2013-04-28 11:45:00,1.2079226507921703e-12
2013-04-28 11:46:00,1.0800249583553523e-12
2013-04-28 11:47:00,1.0800249583553523e-12
2013-04-28 11:48:00,1.0942358130705543e-12
2013-04-28 11:49:00,0.0
2013-04-28 11:50:00,0.0
2013-04-28 11:51:00,0.0
2013-04-28 11:52:00,1.6200374375330284e-12
2013-04-28 11:53:00,1.5631940186722204e-12
2013-04-28 11:54:00,1.7621459846850485e-12
2013-04-28 11:55:00,1.6768808563938364e-12
2013-04-28 11:56:00,1.6200374375330284e-12
2013-04-28 11:57:00,1.7053025658242404e-12
2013-04-28 11:58:00,1.5631940186722204e-12
2013-04-28 11:59:00,1.6200374375330284e-12
2013-04-28 12:00:00,1.9326762412674725e-12
2013-04-28 12:01:00,2.1316282072803006e-12
2013-04-28 12:02:00,1.9895196601282805e-12
2013-04-28 12:03:00,1.9326762412674725e-12
2013-04-28 12:04:00,1.6484591469634324e-12
2013-04-28 12:05:00,1.5916157281026244e-12
2013-04-28 12:06:00,1.6768808563938364e-12
2013-04-28 12:07:00,1.7053025658242404e-12
2013-04-28 12:08:00,1.7053025658242404e-12
2013-04-28 12:09:00,1.8189894035458565e-12
2013-04-28 12:10:00,1.7053025658242404e-12
2013-04-28 12:11:00,1.6768808563938364e-12
2013-04-28 12:12:00,0.11000000000171894
2013-04-28 12:13:00,1.6200374375330284e-12
2013-04-28 12:14:00,1.5916157281026244e-12
2013-04-28 12:15:00,1.5916157281026244e-12
2013-04-28 12:16:00,1.5347723092418164e-12
2013-04-28 12:17:00,1.6484591469634324e-12
2013-04-28 12:18:00,1.6200374375330284e-12
2013-04-28 12:19:00,1.5916157281026244e-12
2013-04-28 12:20:00,1.5063505998114124e-12
2013-04-28 12:21:00,1.5631940186722204e-12
2013-04-28 12:22:00,1.6200374375330284e-12
2013-04-28 12:23:00,1.4779288903810084e-12
2013-04-28 12:24:00,1.6200374375330284e-12
2013-04-28 12:25:00,1.5347723092418164e-12
2013-04-28 12:26:00,1.5063505998114124e-12
2013-04-28 12:27:00,1.4495071809506044e-12
2013-04-28 12:28:00,0.0
2013-04-28 12:29:00,0.0
2013-04-28 12:30:00,0.0
2013-04-28 12:31:00,8.668621376273222e-13
2013-04-28 12:32:00,8.526512829121202e-13
2013-04-28 12:33:00,9.094947017729282e-13
2013-04-28 12:34:00,8.668621376273222e-13
2013-04-28 12:35:00,8.952838470577262e-13
2013-04-28 12:36:00,8.668621376273222e-13
2013-04-28 12:37:00,8.526512829121202e-13
2013-04-28 12:38:00,2.7284841053187847e-12
2013-04-28 12:39:00,2.8990143619012088e-12
2013-04-28 12:40:00,2.8421709430404007e-12
2013-04-28 12:41:00,2.9558577807620168e-12
2013-04-28 12:42:00,2.9558577807620168e-12
2013-04-28 12:43:00,3.0127011996228248e-12
2013-04-28 12:44:00,2.9558577807620168e-12
2013-04-28 12:45:00,2.8421709430404007e-12
2013-04-28 12:46:00,2.9558577807620168e-12
2013-04-28 12:47:00,2.9558577807620168e-12
2013-04-28 12:48:00,2.6716406864579767e-12
2013-04-28 12:49:00,9.379164112033322e-13
2013-04-28 12:50:00,9.521272659185342e-13
2013-04-28 12:51:00,9.663381206337363e-13
2013-04-28 12:52:00,9.379164112033322e-13
2013-04-28 12:53:00,9.379164112033322e-13
2013-04-28 12:54:00,9.663381206337363e-13
2013-04-28 12:55:00,9.663381206337363e-13
2013-04-28 12:56:00,9.521272659185342e-13
2013-04-28 12:57:00,9.379164112033322e-13
2013-04-28 12:58:00,9.094947017729282e-13
2013-04-28 12:59:00,9.237055564881302e-13
2013-04-28 13:00:00,0.0
2013-04-28 13:01:00,0.0
2013-04-28 13:02:00,0.0
2013-04-28 13:03:00,3.552713678800501e-13
2013-04-28 13:04:00,1.5347723092418164e-12
2013-04-28 13:05:00,1.7621459846850485e-12
2013-04-28 13:06:00,1.9895196601282805e-12
2013-04-28 13:07:00,1.4779288903810084e-12
2013-04-28 13:08:00,6.536993168992922e-13
2013-04-28 13:09:00,7.673861546209082e-13
2013-04-28 13:10:00,7.105427357601002e-13
2013-04-28 13:11:00,5.968558980384842e-13
2013-04-28 13:12:00,6.821210263296962e-13
2013-04-28 13:13:00,1.8474111129762605e-12
2013-04-28 13:14:00,1.8189894035458565e-12
2013-04-28 13:15:00,1.9042545318370685e-12
2013-04-28 13:16:00,2.6716406864579767e-12
2013-04-28 13:17:00,2.6716406864579767e-12
2013-04-28 13:18:00,2.5579538487363607e-12
2013-04-28 13:19:00,2.5579538487363607e-12
2013-04-28 13:20:00,3.0127011996228248e-12
2013-04-28 13:21:00,2.9558577807620168e-12
2013-04-28 13:22:00,2.5011104298755527e-12
2013-04-28 13:23:00,2.7853275241795927e-12
2013-04-28 13:24:00,2.2168933355715126e-12
2013-04-28 13:25:00,2.0463630789890885e-12
2013-04-28 13:26:00,2.1600499167107046e-12
2013-04-28 13:27:00,2.1032064978498966e-12
2013-04-28 13:28:00,2.4442670110147446e-12
2013-04-28 13:29:00,2.1600499167107046e-12
2013-04-28 13:30:00,2.0463630789890885e-12
2013-04-28 13:31:00,1.4210854715202004e-12
2013-04-28 13:32:00,1.4779288903810084e-12
2013-04-28 13:33:00,1.1368683772161603e-12
2013-04-28 13:34:00,1.7621459846850485e-12
2013-04-28 13:35:00,1.8189894035458565e-12
2013-04-28 13:36:00,9.663381206337363e-13
2013-04-28 13:37:00,1.8189894035458565e-12
2013-04-28 13:38:00,2.3874235921539366e-12
2013-04-28 13:39:00,1.9895196601282805e-12
2013-04-28 13:40:00,2.2737367544323206e-12
2013-04-28 13:41:00,2.7284841053187847e-12
2013-04-28 13:42:00,2.7853275241795927e-12
2013-04-28 13:43:00,2.6147972675971687e-12
2013-04-28 13:44:00,3.126388037344441e-12
2013-04-28 13:45:00,2.6716406864579767e-12
2013-04-28 13:46:00,2.6147972675971687e-12
2013-04-28 13:47:00,2.5011104298755527e-12
2013-04-28 13:48:00,2.6716406864579767e-12
2013-04-28 13:49:00,3.353761712787673e-12
2013-04-28 13:50:00,3.126388037344441e-12
2013-04-28 13:51:00,3.410605131648481e-12
2013-04-28 13:52:00,2.1032064978498966e-12
2013-04-28 13:53:00,2.1884716261411086e-12
2013-04-28 13:54:00,2.3021584638627246e-12
2013-04-28 13:55:00,2.4442670110147446e-12
2013-04-28 13:56:00,2.4442670110147446e-12
2013-04-28 13:57:00,2.3305801732931286e-12
2013-04-28 13:58:00,1.4210854715202004e-12
2013-04-28 13:59:00,1.3073986337985843e-12
2013-04-28 14:00:00,1.5347723092418164e-12
2013-04-28 14:01:00,1.4779288903810084e-12
2013-04-28 14:02:00,1.7053025658242404e-12
2013-04-28 14:03:00,2.3874235921539366e-12
2013-04-28 14:04:00,2.7284841053187847e-12
2013-04-28 14:05:00,3.353761712787673e-12
2013-04-28 14:06:00,1.6484591469634324e-12
2013-04-28 14:07:00,1.6484591469634324e-12
2013-04-28 14:08:00,2.2168933355715126e-12
2013-04-28 14:09:00,2.1600499167107046e-12
2013-04-28 14:10:00,1.0231815394945443e-12
2013-04-28 14:11:00,1.8189894035458565e-12
2013-04-28 14:12:00,2.2168933355715126e-12
2013-04-28 14:13:00,2.6147972675971687e-12
2013-04-28 14:14:00,2.3874235921539366e-12
2013-04-28 14:15:00,1.5916157281026244e-12
2013-04-28 14:16:00,1.3073986337985843e-12
2013-04-28 14:17:00,1.3642420526593924e-12
2013-04-28 14:18:00,1.3358203432289883e-12
2013-04-28 14:19:00,1.3926637620897964e-12
2013-04-28 14:20:00,1.3073986337985843e-12
2013-04-28 14:21:00,8.810729923425242e-13
2013-04-28 14:22:00,2.7000623958883807e-13
2013-04-28 14:23:00,2.7000623958883807e-13
2013-04-28 14:24:00,3.126388037344441e-13
2013-04-28 14:25:00,3.694822225952521e-13
2013-04-28 14:26:00,3.836930773104541e-13
2013-04-28 14:27:00,7.673861546209082e-13
2013-04-28 14:28:00,1.4779288903810084e-12
2013-04-28 14:29:00,1.3642420526593924e-12
2013-04-28 14:30:00,0.0
2013-04-28 14:31:00,0.0
2013-04-28 14:32:00,0.0
2013-04-28 14:33:00,0.0
2013-04-28 14:34:00,0.0
2013-04-28 14:35:00,0.0
2013-04-28 14:36:00,0.0
2013-04-28 14:37:00,0.0
2013-04-28 14:38:00,0.0
2013-04-28 14:39:00,0.0
2013-04-28 14:40:00,0.0
2013-04-28 14:41:00,0.0
2013-04-28 14:42:00,0.0
2013-04-28 14:43:00,0.0
2013-04-28 14:44:00,0.0
2013-04-28 14:45:00,1.1368683772161603e-12
2013-04-28 14:46:00,1.5916157281026244e-12
2013-04-28 14:47:00,1.1084466677857563e-12
2013-04-28 14:48:00,5.968558980384842e-13
2013-04-28 14:49:00,5.115907697472721e-13
2013-04-28 14:50:00,5.684341886080801e-13
2013-04-28 14:51:00,5.400124791776761e-13
2013-04-28 14:52:00,4.831690603168681e-13
2013-04-28 14:53:00,5.115907697472721e-13
2013-04-28 14:54:00,6.821210263296962e-13
2013-04-28 14:55:00,1.5916157281026244e-12
2013-04-28 14:56:00,1.4779288903810084e-12
2013-04-28 14:57:00,2.984279490192421e-13
2013-04-28 14:58:00,0.0
2013-04-28 14:59:00,0.0
2013-04-28 15:00:00,0.0
2013-04-28 15:01:00,0.0
2013-04-28 15:02:00,0.0
2013-04-28 15:03:00,0.0
2013-04-28 15:04:00,0.0
2013-04-28 15:05:00,2.0605739337042905e-13
2013-04-28 15:06:00,9.805489753489383e-13
2013-04-28 15:07:00,9.379164112033322e-13
2013-04-28 15:08:00,0.0
2013-04-28 15:09:00,0.0
2013-04-28 15:10:00,0.0
2013-04-28 15:11:00,0.0
2013-04-28 15:12:00,0.0
2013-04-28 15:13:00,0.0
2013-04-28 15:14:00,0.0
2013-04-28 15:15:00,0.0
2013-04-28 15:16:00,1.9895196601282805e-13
2013-04-28 15:17:00,1.0089706847793423e-12
2013-04-28 15:18:00,9.094947017729282e-13
2013-04-28 15:19:00,6.821210263296962e-13
2013-04-28 15:20:00,3.694822225952521e-13
2013-04-28 15:21:00,3.979039320256561e-13
2013-04-28 15:22:00,3.979039320256561e-13
2013-04-28 15:23:00,3.979039320256561e-13
2013-04-28 15:24:00,4.263256414560601e-13
2013-04-28 15:25:00,3.979039320256561e-13
2013-04-28 15:26:00,3.694822225952521e-13
2013-04-28 15:27:00,3.979039320256561e-13
2013-04-28 15:28:00,1.6200374375330284e-12
2013-04-28 15:29:00,1.6200374375330284e-12
2013-04-28 15:30:00,1.2505552149377763e-12
2013-04-28 15:31:00,3.694822225952521e-13
2013-04-28 15:32:00,3.979039320256561e-13
2013-04-28 15:33:00,1.7053025658242404e-13
2013-04-28 15:34:00,0.0
2013-04-28 15:35:00,0.0
2013-04-28 15:36:00,0.0
2013-04-28 15:37:00,0.0
2013-04-28 15:38:00,0.0
2013-04-28 15:39:00,0.0
2013-04-28 15:40:00,3.979039320256561e-13
2013-04-28 15:41:00,3.979039320256561e-13
2013-04-28 15:42:00,0.0
2013-04-28 15:43:00,0.0
2013-04-28 15:44:00,0.0
2013-04-28 15:45:00,0.0
2013-04-28 15:46:00,0.0
2013-04-28 15:47:00,0.0
2013-04-28 15:48:00,0.0
2013-04-28 15:49:00,0.0
2013-04-28 15:50:00,0.0
2013-04-28 15:51:00,0.0
2013-04-28 15:52:00,0.0
2013-04-28 15:53:00,0.0
2013-04-28 15:54:00,0.0
2013-04-28 15:55:00,0.0
2013-04-28 15:56:00,0.0
2013-04-28 15:57:00,0.0
2013-04-28 15:58:00,0.0
2013-04-28 15:59:00,0.0
2013-04-28 16:00:00,0.0
2013-04-28 16:01:00,0.0
2013-04-28 16:02:00,0.0
2013-04-28 16:03:00,0.0
2013-04-28 16:04:00,0.0
2013-04-28 16:05:00,1.1368683772161603e-13
2013-04-28 16:06:00,1.4210854715202004e-13
2013-04-28 16:07:00,2.3874235921539366e-12
2013-04-28 16:08:00,1.4779288903810084e-12
2013-04-28 16:09:00,1.3073986337985843e-12
2013-04-28 16:10:00,9.663381206337363e-13
2013-04-28 16:11:00,5.684341886080801e-13
2013-04-28 16:12:00,1.0800249583553523e-12
2013-04-28 16:13:00,9.663381206337363e-13
2013-04-28 16:14:00,9.663381206337363e-13
2013-04-28 16:15:00,1.0800249583553523e-12
2013-04-28 16:16:00,1.1368683772161603e-12
2013-04-28 16:17:00,1.0231815394945443e-12
2013-04-28 16:18:00,0.0
2013-04-28 16:19:00,0.0
2013-04-28 16:20:00,0.0
2013-04-28 16:21:00,0.0
2013-04-28 16:22:00,0.0
2013-04-28 16:23:00,0.0
2013-04-28 16:24:00,0.0
2013-04-28 16:25:00,0.0
2013-04-28 16:26:00,0.0
2013-04-28 16:27:00,0.0
2013-04-28 16:28:00,0.0
2013-04-28 16:29:00,0.0
2013-04-28 16:30:00,1.7053025658242404e-13
2013-04-28 16:31:00,1.1368683772161603e-13
2013-04-28 16:32:00,1.7053025658242404e-13
2013-04-28 16:33:00,3.979039320256561e-13
2013-04-28 16:34:00,9.565831251286217e-98
2013-04-28 16:35:00,0.0
2013-04-28 16:36:00,0.0
2013-04-28 16:37:00,5.684341886080802e-14
2013-04-28 16:38:00,5.684341886080802e-14
2013-04-28 16:39:00,4.336264666501512e-98
2013-04-28 16:40:00,0.22000000000036835
2013-04-28 16:41:00,1.1368683772161603e-13
2013-04-28 16:42:00,2.6974389336716074e-98
2013-04-28 16:43:00,0.37999999999988177
2013-04-28 16:44:00,0.11000000000007049
2013-04-28 16:45:00,0.4400000000002251
2013-04-28 16:46:00,5.684341886080802e-14
2013-04-28 16:47:00,0.10999999999984311
2013-04-28 16:48:00,0.0
2013-04-28 16:49:00,0.500000000000739
2013-04-28 16:50:00,0.12000000000250566
2013-04-28 16:51:00,0.11000000000194632
2013-04-28 16:52:00,8.526512829121202e-13
2013-04-28 16:53:00,0.2200000000008231
2013-04-28 16:54:00,7.389644451905042e-13
2013-04-28 16:55:00,0.22000000000116415
2013-04-28 16:56:00,0.12000000000193722
2013-04-28 16:57:00,0.2200000000016189
2013-04-28 16:58:00,0.22000000000167574
2013-04-28 16:59:00,1.3642420526593924e-12
2013-04-28 17:00:00,0.1100000000016621
2013-04-28 17:01:00,0.11000000000160526
2013-04-28 17:02:00,1.4779288903810084e-12
2013-04-28 17:03:00,0.12000000000136879
2013-04-28 17:04:00,0.25000000000164846
2013-04-28 17:05:00,0.11000000000171894
2013-04-28 17:06:00,0.25000000000176215
2013-04-28 17:07:00,0.12000000000159616
2013-04-28 17:08:00,0.2200000000015052
2013-04-28 17:09:00,0.14000000000157797
2013-04-28 17:10:00,0.2200000000017326
2013-04-28 17:11:00,0.25000000000176215
2013-04-28 17:12:00,1.5916157281026244e-12
2013-04-28 17:13:00,0.4400000000017599
2013-04-28 17:14:00,1.7053025658242404e-12
2013-04-28 17:15:00,0.1100000000016621
2013-04-28 17:16:00,0.25000000000164846
2013-04-28 17:17:00,0.11000000000171894
2013-04-28 17:18:00,1.8189894035458565e-12
2013-04-28 17:19:00,1.7621459846850485e-12
2013-04-28 17:20:00,0.12000000000148248
2013-04-28 17:21:00,3.694822225952521e-13
2013-04-28 17:22:00,0.11000000000123578
2013-04-28 17:23:00,0.4400000000011346
2013-04-28 17:24:00,1.1368683772161603e-12
2013-04-28 17:25:00,0.25000000000108
2013-04-28 17:26:00,0.12000000000114142
2013-04-28 17:27:00,0.44000000000119144
2013-04-28 17:28:00,0.12000000000102773
2013-04-28 17:29:00,0.33000000000060936
2013-04-28 17:30:00,0.12000000000062983
2013-04-28 17:31:00,8.526512829121202e-13
2013-04-28 17:32:00,8.526512829121202e-13
2013-04-28 17:33:00,0.3800000000008481
2013-04-28 17:34:00,1.1596057447604835e-11
2013-04-28 17:35:00,0.5600000000052887
2013-04-28 17:36:00,0.22000000000087994
2013-04-28 17:37:00,0.1200000000004593
2013-04-28 17:38:00,0.3300000000007799
2013-04-28 17:39:00,2.8421709430404007e-13
2013-04-28 17:40:00,0.2200000000004252
2013-04-28 17:41:00,0.12000000000097089
2013-04-28 17:42:00,2.2737367544323206e-13
2013-04-28 17:43:00,4.547473508864641e-13
2013-04-28 17:44:00,4.547473508864641e-13
2013-04-28 17:45:00,0.2500000000002842
2013-04-28 17:46:00,0.12000000000068667
2013-04-28 17:47:00,0.11000000000029786
2013-04-28 17:48:00,0.25000000000008527
2013-04-28 17:49:00,0.2500000000003979
2013-04-28 17:50:00,0.22000000000053888
2013-04-28 17:51:00,7.389644451905042e-13
2013-04-28 17:52:00,8.526512829121202e-13
2013-04-28 17:53:00,5.115907697472721e-13
2013-04-28 17:54:00,6.252776074688882e-13
2013-04-28 17:55:00,0.10999999999960153
2013-04-28 17:56:00,0.2199999999999065
2013-04-28 17:57:00,0.14000000000007162
2013-04-28 17:58:00,0.0
2013-04-28 17:59:00,0.0
2013-04-28 18:00:00,0.0
2013-04-28 18:01:00,0.11999999999932243
2013-04-28 18:02:00,0.21999999999928832
2013-04-28 18:03:00,0.0
2013-04-28 18:04:00,0.0
2013-04-28 18:05:00,0.12000000000097089
2013-04-28 18:06:00,1.7621459846850485e-12
2013-04-28 18:07:00,0.25000000000164846
2013-04-28 18:08:00,0.0
2013-04-28 18:09:00,0.0
2013-04-28 18:10:00,0.0
2013-04-28 18:11:00,0.0
2013-04-28 18:12:00,0.0
2013-04-28 18:13:00,0.3799999999915826
2013-04-28 18:14:00,0.43999999999167017
2013-04-28 18:15:00,0.0
2013-04-28 18:16:00,0.11999999999102329
2013-04-28 18:17:00,0.21999999999110287
2013-04-28 18:18:00,0.0
2013-04-28 18:19:00,0.0
2013-04-28 18:20:00,0.4399999999916986
2013-04-28 18:21:00,0.0
2013-04-28 18:22:00,0.10999999999137344
2013-04-28 18:23:00,0.10999999999162924
2013-04-28 18:24:00,0.21999999999172815
2013-04-28 18:25:00,0.0
2013-04-28 18:26:00,0.0
2013-04-28 18:27:00,0.1399999999919146
2013-04-28 18:28:00,0.11999999999187594
2013-04-28 18:29:00,0.10999999999206977
2013-04-28 18:30:00,0.0
2013-04-28 18:31:00,0.0
2013-04-28 18:32:00,0.0
2013-04-28 18:33:00,0.249999999992923
2013-04-28 18:34:00,0.0
2013-04-28 18:35:00,0.21999999999295028
2013-04-28 18:36:00,0.11999999999295596
2013-04-28 18:37:00,0.11999999999288491
2013-04-28 18:38:00,0.0
2013-04-28 18:39:00,0.10999999999296506
2013-04-28 18:40:00,0.0
2013-04-28 18:41:00,0.10999999999293664
2013-04-28 18:42:00,0.21999999999293607
2013-04-28 18:43:00,0.24999999999300826
2013-04-28 18:44:00,0.0
2013-04-28 18:45:00,0.0
2013-04-28 18:46:00,0.0
2013-04-28 18:47:00,0.11999999999298439
2013-04-28 18:48:00,0.0
2013-04-28 18:49:00,0.2199999999929645
2013-04-28 18:50:00,0.2499999999935767
2013-04-28 18:51:00,0.11999999999349598
2013-04-28 18:52:00,0.0
2013-04-28 18:53:00,0.11999999999341071
2013-04-28 18:54:00,0.24999999999354827
2013-04-28 18:55:00,0.0
2013-04-28 18:56:00,0.3299999999935892
2013-04-28 18:57:00,0.37999999999360057
2013-04-28 18:58:00,0.0
2013-04-28 18:59:00,0.11999999999363808
2013-04-28 19:00:00,0.249999999993463
2013-04-28 19:01:00,0.10999999999356191
2013-04-28 19:02:00,0.2199999999936324
2013-04-28 19:03:00,0.2499999999935767
2013-04-28 19:04:00,0.0
2013-04-28 19:05:00,0.11999999999329702
2013-04-28 19:06:00,0.0
2013-04-28 19:07:00,0.0
2013-04-28 19:08:00,0.10999999999336296
2013-04-28 19:09:00,0.0
2013-04-28 19:10:00,0.2199999999935187
2013-04-28 19:11:00,0.0
2013-04-28 19:12:00,0.24999999999377565
2013-04-28 19:13:00,0.0
2013-04-28 19:14:00,0.11999999999426336
2013-04-28 19:15:00,0.0
2013-04-28 19:16:00,0.0
2013-04-28 19:17:00,0.11999999999932243
2013-04-28 19:18:00,0.10999999999938836
2013-04-28 19:19:00,0.21999999999934516
2013-04-28 19:20:00,0.0
2013-04-28 19:21:00,0.0
2013-04-28 19:22:00,0.21999999999934516
2013-04-28 19:23:00,0.0
2013-04-28 19:24:00,0.0
2013-04-28 19:25:00,0.0
2013-04-28 19:26:00,0.1099999999986494
2013-04-28 19:27:00,0.10999999999853571
2013-04-28 19:28:00,0.11999999999869715
2013-04-28 19:29:00,0.2499999999986926
2013-04-28 19:30:00,0.2199999999987199
2013-04-28 19:31:00,0.10999999999859256
2013-04-28 19:32:00,0.1199999999986403
2013-04-28 19:33:00,0.24999999999857891
2013-04-28 19:34:00,0.10999999999870624
2013-04-28 19:35:00,0.10999999999876309
2013-04-28 19:36:00,0.1199999999986403
2013-04-28 19:37:00,0.0
2013-04-28 19:38:00,0.32999999999873353
2013-04-28 19:39:00,0.0
2013-04-28 19:40:00,0.0
2013-04-28 19:41:00,0.0
2013-04-28 19:42:00,0.11999999999875399
2013-04-28 19:43:00,0.2199999999991178
2013-04-28 19:44:00,0.0
2013-04-28 19:45:00,0.0
2013-04-28 19:46:00,0.12000000000000455
