2014-07-06 16:23:00,0.10000000000010557
2014-07-06 16:24:00,0.21999999999996867
2014-07-06 16:25:00,0.0
2014-07-06 16:26:00,0.0
2014-07-06 16:27:00,8.908605411810146e-15
2014-07-06 16:28:00,0.11000000000003715
2014-07-06 16:29:00,0.09999999999982095
2014-07-06 16:30:00,0.0
2014-07-06 16:31:00,0.0
2014-07-06 16:32:00,0.09999999999991398
2014-07-06 16:33:00,3.034535441578223e-14
2014-07-06 16:34:00,0.0
2014-07-06 16:35:00,0.0
2014-07-06 16:36:00,0.0
2014-07-06 16:37:00,0.10999999999991723
2014-07-06 16:38:00,0.0
2014-07-06 16:39:00,0.0
2014-07-06 16:40:00,0.0
2014-07-06 16:41:00,0.0
2014-07-06 16:42:00,0.0
2014-07-06 16:43:00,0.0
2014-07-06 16:44:00,0.0
2014-07-06 16:45:00,0.0
2014-07-06 16:46:00,0.19999999999988516
2014-07-06 16:47:00,0.0
2014-07-06 16:48:00,0.0
2014-07-06 16:49:00,0.0
2014-07-06 16:50:00,0.0
2014-07-06 16:51:00,0.09999999999991667
2014-07-06 16:52:00,0.0
2014-07-06 16:53:00,0.0
2014-07-06 16:54:00,0.0
2014-07-06 16:55:00,0.0
2014-07-06 16:56:00,0.0
2014-07-06 16:57:00,5.3666706388319676e-15
2014-07-06 16:58:00,0.0
2014-07-06 16:59:00,0.0
2014-07-06 17:00:00,4.503291959087399e-15
2014-07-06 17:01:00,1.179343876385193e-13
2014-07-06 17:02:00,0.0
2014-07-06 17:03:00,6.062223068541349e-14
2014-07-06 17:04:00,0.0
2014-07-06 17:05:00,0.0
2014-07-06 17:06:00,0.10999999999990312
2014-07-06 17:07:00,0.0
2014-07-06 17:08:00,0.0
2014-07-06 17:09:00,0.0
2014-07-06 17:10:00,0.0
2014-07-06 17:11:00,2.367131381001102e-15
2014-07-06 17:12:00,5.90761208024134e-14
2014-07-06 17:13:00,0.10000000000002485
2014-07-06 17:14:00,1.986312265379824e-15
2014-07-06 17:15:00,0.09999999999996777
2014-07-06 17:16:00,0.0
2014-07-06 17:17:00,0.0
2014-07-06 17:18:00,0.0
2014-07-06 17:19:00,1.482823499819339e-15
2014-07-06 17:20:00,0.09999999999991045
2014-07-06 17:21:00,1.3191866098198463e-15
2014-07-06 17:22:00,0.0
2014-07-06 17:23:00,0.0
2014-07-06 17:24:00,5.795037750469276e-14
2014-07-06 17:25:00,0.0
2014-07-06 17:26:00,1.1467163801700857e-13
2014-07-06 17:27:00,0.0
2014-07-06 17:28:00,5.771954158423852e-14
2014-07-06 17:29:00,0.0
2014-07-06 17:30:00,7.794382577894318e-16
2014-07-06 17:31:00,7.351739432358822e-16
2014-07-06 17:32:00,0.0
2014-07-06 17:33:00,0.0
2014-07-06 17:34:00,0.0
2014-07-06 17:35:00,5.742528576333525e-14
2014-07-06 17:36:00,5.739224153007576e-14
2014-07-06 17:37:00,0.09999999999996641
2014-07-06 17:38:00,0.0
2014-07-06 17:39:00,4.605292330770329e-16
2014-07-06 17:40:00,0.09999999999985264
2014-07-06 17:41:00,0.0
2014-07-06 17:42:00,0.0
2014-07-06 17:43:00,3.644943089173095e-16
2014-07-06 17:44:00,5.718721353048943e-14
2014-07-06 17:45:00,0.09999999999996621
2014-07-06 17:46:00,1.1399269295308925e-13
2014-07-06 17:47:00,0.0
2014-07-06 17:48:00,0.0
2014-07-06 17:49:00,2.5664988541907295e-16
2014-07-06 17:50:00,0.0
2014-07-06 17:51:00,0.0
2014-07-06 17:52:00,0.0
2014-07-06 17:53:00,2.0313025949404598e-16
2014-07-06 17:54:00,1.9159448791530768e-16
2014-07-06 17:55:00,0.0
2014-07-06 17:56:00,0.0
2014-07-06 17:57:00,0.0
2014-07-06 17:58:00,0.0
2014-07-06 17:59:00,0.0
2014-07-06 18:00:00,0.0
2014-07-06 18:01:00,0.0
2014-07-06 18:02:00,0.0
2014-07-06 18:03:00,0.0
2014-07-06 18:04:00,0.09999999999990916
2014-07-06 18:05:00,0.1099999999999569
2014-07-06 18:06:00,0.0
2014-07-06 18:07:00,0.0
2014-07-06 18:08:00,0.0
2014-07-06 18:09:00,0.0
2014-07-06 18:10:00,0.0
2014-07-06 18:11:00,0.0
2014-07-06 18:12:00,0.09999999999996596
2014-07-06 18:13:00,6.308736180059803e-17
2014-07-06 18:14:00,0.0
2014-07-06 18:15:00,0.0
2014-07-06 18:16:00,0.0
2014-07-06 18:17:00,0.10999999999995685
2014-07-06 18:18:00,0.0
2014-07-06 18:19:00,5.688784030657931e-14
2014-07-06 18:20:00,5.688531761176815e-14
2014-07-06 18:21:00,5.688293818084676e-14
2014-07-06 18:22:00,5.688069387785591e-14
2014-07-06 18:23:00,5.687857702887768e-14
2014-07-06 18:24:00,5.687658039579608e-14
2014-07-06 18:25:00,3.127829073989263e-17
2014-07-06 18:26:00,2.950199597097199e-17
2014-07-06 18:27:00,0.10000000000007961
2014-07-06 18:28:00,0.10000000000013645
2014-07-06 18:29:00,1.7055501235936176e-13
2014-07-06 18:30:00,1.1371018761747665e-13
2014-07-06 18:31:00,2.202385479856438e-17
2014-07-06 18:32:00,0.19999999999998866
2014-07-06 18:33:00,0.0
2014-07-06 18:34:00,0.0
2014-07-06 18:35:00,1.7431183859625085e-17
2014-07-06 18:36:00,0.19999999999998866
2014-07-06 18:37:00,1.5507566708867815e-17
2014-07-06 18:38:00,0.20000000000010235
2014-07-06 18:39:00,5.685721509101054e-14
2014-07-06 18:40:00,5.685643160281601e-14
2014-07-06 18:41:00,1.1369911146974006e-13
2014-07-06 18:42:00,0.22000000000002728
2014-07-06 18:43:00,1.0919279455368604e-17
2014-07-06 18:44:00,1.029917335244092e-17
2014-07-06 18:45:00,0.0
2014-07-06 18:46:00,0.0
2014-07-06 18:47:00,0.0
2014-07-06 18:48:00,8.151469665530639e-18
2014-07-06 18:49:00,5.685110740834503e-14
2014-07-06 18:50:00,7.251914765601448e-18
2014-07-06 18:51:00,0.0
2014-07-06 18:52:00,0.0
2014-07-06 18:53:00,0.0
2014-07-06 18:54:00,0.0
2014-07-06 18:55:00,0.0
2014-07-06 18:56:00,0.0
2014-07-06 18:57:00,0.0
2014-07-06 18:58:00,0.0
2014-07-06 18:59:00,0.0
2014-07-06 19:00:00,0.0
2014-07-06 19:01:00,0.0
2014-07-06 19:02:00,0.0
2014-07-06 19:03:00,0.0999999999999659
2014-07-06 19:04:00,0.0
2014-07-06 19:05:00,0.0
2014-07-06 19:06:00,0.0
2014-07-06 19:07:00,0.09999999999979536
2014-07-06 19:08:00,0.0
2014-07-06 19:09:00,0.0
2014-07-06 19:10:00,0.0
2014-07-06 19:11:00,2.124363452614108e-18
2014-07-06 19:12:00,2.0037208088218154e-18
2014-07-06 19:13:00,0.1999999999999318
2014-07-06 19:14:00,0.0
2014-07-06 19:15:00,4.547490322528855e-13
2014-07-06 19:16:00,4.547489367680521e-13
2014-07-06 19:17:00,4.547488467058044e-13
2014-07-06 19:18:00,1.4108717294474872e-18
2014-07-06 19:19:00,4.547486816347592e-13
2014-07-06 19:20:00,4.547486060615365e-13
2014-07-06 19:21:00,9.094958856665826e-13
2014-07-06 19:22:00,0.1000000000003638
2014-07-06 19:23:00,4.54748404131612e-13
2014-07-06 19:24:00,9.934313344405449e-19
2014-07-06 19:25:00,2.2737461245758075e-13
2014-07-06 19:26:00,0.0
2014-07-06 19:27:00,0.0
2014-07-06 19:28:00,0.0
2014-07-06 19:29:00,0.0
2014-07-06 19:30:00,0.0
2014-07-06 19:31:00,0.0
2014-07-06 19:32:00,0.0
2014-07-06 19:33:00,0.0
2014-07-06 19:34:00,0.0
2014-07-06 19:35:00,0.0
2014-07-06 19:36:00,0.0
2014-07-06 19:37:00,0.0
2014-07-06 19:38:00,0.0
2014-07-06 19:39:00,0.0
2014-07-06 19:40:00,0.0
2014-07-06 19:41:00,0.0
2014-07-06 19:42:00,0.0
2014-07-06 19:43:00,3.2711255267221186e-19
2014-07-06 19:44:00,3.085358241357368e-19
2014-07-06 19:45:00,0.0
2014-07-06 19:46:00,0.0
2014-07-06 19:47:00,9.094949606721583e-13
2014-07-06 19:48:00,2.441963374250702e-19
2014-07-06 19:49:00,0.0
2014-07-06 19:50:00,1.818989620793923e-12
2014-07-06 19:51:00,9.094949066834727e-13
2014-07-06 19:52:00,1.818989596819527e-12
2014-07-06 19:53:00,9.09494884070583e-13
2014-07-06 19:54:00,9.094948737178955e-13
2014-07-06 19:55:00,4.547475130666732e-13
2014-07-06 19:56:00,0.0
2014-07-06 19:57:00,1.8189895478286794e-12
2014-07-06 19:58:00,9.094948378619266e-13
2014-07-06 19:59:00,3.410606415253494e-13
2014-07-06 20:00:00,0.0
2014-07-06 20:01:00,0.0
2014-07-06 20:02:00,0.19999999999987494
2014-07-06 20:03:00,0.0999999999999659
2014-07-06 20:04:00,0.0
2014-07-06 20:05:00,0.0
2014-07-06 20:06:00,0.0
2014-07-06 20:07:00,0.0
2014-07-06 20:08:00,0.0
2014-07-06 20:09:00,0.0
2014-07-06 20:10:00,0.0
2014-07-06 20:11:00,0.0
2014-07-06 20:12:00,0.0999999999999659
2014-07-06 20:13:00,0.0
2014-07-06 20:14:00,0.0
2014-07-06 20:15:00,0.0
2014-07-06 20:16:00,0.20000000000004547
2014-07-06 20:17:00,5.684346367157458e-14
2014-07-06 20:18:00,5.684346112677023e-14
2014-07-06 20:19:00,3.986567736215138e-20
2014-07-06 20:20:00,0.0
2014-07-06 20:21:00,3.5466303153379787e-20
2014-07-06 20:22:00,0.10000000000002274
2014-07-06 20:23:00,3.155242159667034e-20
2014-07-06 20:24:00,0.0
2014-07-06 20:25:00,2.807045618226935e-20
2014-07-06 20:26:00,0.0
2014-07-06 20:27:00,0.0
2014-07-06 20:28:00,0.0
2014-07-06 20:29:00,0.0
2014-07-06 20:30:00,2.0955180513754095e-20
2014-07-06 20:31:00,0.0
2014-07-06 20:32:00,1.8642672943523067e-20
2014-07-06 20:33:00,0.0
2014-07-06 20:34:00,0.09999999999985221
2014-07-06 20:35:00,0.0
2014-07-06 20:36:00,0.09999999999990905
2014-07-06 20:37:00,0.1099999999999568
2014-07-06 20:38:00,0.0
2014-07-06 20:39:00,1.2381318359147147e-20
2014-07-06 20:40:00,0.0
2014-07-06 20:41:00,0.0
2014-07-06 20:42:00,0.0
2014-07-06 20:43:00,9.799421523470712e-21
2014-07-06 20:44:00,0.0
2014-07-06 20:45:00,0.0
2014-07-06 20:46:00,8.222911208867901e-21
2014-07-06 20:47:00,0.0
2014-07-06 20:48:00,7.315472382112694e-21
2014-07-06 20:49:00,0.0
2014-07-06 20:50:00,0.0
2014-07-06 20:51:00,0.0
2014-07-06 20:52:00,0.0
2014-07-06 20:53:00,5.461152583882265e-21
2014-07-06 20:54:00,0.0
2014-07-06 20:55:00,0.0
2014-07-06 20:56:00,0.0
2014-07-06 20:57:00,0.0
2014-07-06 20:58:00,0.0999999999999659
2014-07-06 20:59:00,0.0
2014-07-06 21:00:00,0.09999999999990905
2014-07-06 21:01:00,0.0
2014-07-06 21:02:00,3.2267089612778513e-21
2014-07-06 21:03:00,3.043464093570388e-21
2014-07-06 21:04:00,0.0
2014-07-06 21:05:00,2.707602813277986e-21
2014-07-06 21:06:00,0.0
2014-07-06 21:07:00,2.408805482528461e-21
2014-07-06 21:08:00,2.2720093700572156e-21
2014-07-06 21:09:00,2.1429819116026502e-21
2014-07-06 21:10:00,2.0212819251447456e-21
2014-07-06 21:11:00,1.906493283399395e-21
2014-07-06 21:12:00,0.0
2014-07-06 21:13:00,0.0
2014-07-06 21:14:00,1.5997806556385256e-21
2014-07-06 21:15:00,1.5089290795833533e-21
2014-07-06 21:16:00,0.0
2014-07-06 21:17:00,0.0
2014-07-06 21:18:00,1.2661757443717096e-21
2014-07-06 21:19:00,0.09999999999990905
2014-07-06 21:20:00,0.0
2014-07-06 21:21:00,0.0
2014-07-06 21:22:00,0.0
2014-07-06 21:23:00,5.68434198060346e-14
2014-07-06 21:24:00,0.0
2014-07-06 21:25:00,8.409161624617141e-22
2014-07-06 21:26:00,0.0
2014-07-06 21:27:00,0.0
2014-07-06 21:28:00,0.10999999999989996
2014-07-06 21:29:00,0.0
2014-07-06 21:30:00,6.277614395326144e-22
2014-07-06 21:31:00,0.0
2014-07-06 21:32:00,0.0
2014-07-06 21:33:00,5.267685000858625e-22
2014-07-06 21:34:00,0.0
2014-07-06 21:35:00,0.0
2014-07-06 21:36:00,0.0
2014-07-06 21:37:00,0.0
2014-07-06 21:38:00,0.0
2014-07-06 21:39:00,0.0
2014-07-06 21:40:00,0.1099999999999568
2014-07-06 21:41:00,0.0
2014-07-06 21:42:00,0.0
2014-07-06 21:43:00,0.0
2014-07-06 21:44:00,0.0
2014-07-06 21:45:00,0.0
2014-07-06 21:46:00,0.0
2014-07-06 21:47:00,0.0
2014-07-06 21:48:00,2.191520836788739e-22
2014-07-06 21:49:00,0.0
2014-07-06 21:50:00,0.0999999999999659
2014-07-06 21:51:00,0.0999999999999659
2014-07-06 21:52:00,0.10999999999989996
2014-07-06 21:53:00,0.09999999999985221
2014-07-06 21:54:00,0.1999999999998181
2014-07-06 21:55:00,0.0
2014-07-06 21:56:00,0.0
2014-07-06 21:57:00,0.09999999999990905
2014-07-06 21:58:00,0.0
2014-07-06 21:59:00,0.0
2014-07-06 22:00:00,0.11000000000001364
2014-07-06 22:01:00,0.0999999999999659
2014-07-06 22:02:00,0.0
2014-07-06 22:03:00,0.0
2014-07-06 22:04:00,0.0
2014-07-06 22:05:00,5.684341894192059e-14
2014-07-06 22:06:00,7.65061897024928e-23
2014-07-06 22:07:00,7.216140162923459e-23
2014-07-06 22:08:00,0.09999999999985221
2014-07-06 22:09:00,0.0
2014-07-06 22:10:00,0.0
2014-07-06 22:11:00,5.711346496206608e-23
2014-07-06 22:12:00,5.386999012225779e-23
2014-07-06 22:13:00,0.0
2014-07-06 22:14:00,0.0999999999999659
2014-07-06 22:15:00,0.0
2014-07-06 22:16:00,0.0
2014-07-06 22:17:00,0.10000000000002274
2014-07-06 22:18:00,0.09999999999985221
2014-07-06 22:19:00,0.2999999999999545
2014-07-06 22:20:00,1.1368683775536138e-13
2014-07-06 22:21:00,0.09999999999985221
2014-07-06 22:22:00,3.002138800185877e-23
2014-07-06 22:23:00,0.0
2014-07-06 22:24:00,0.0
2014-07-06 22:25:00,0.0
2014-07-06 22:26:00,0.0
2014-07-06 22:27:00,0.0999999999999659
2014-07-06 22:28:00,0.0
2014-07-06 22:29:00,0.0
2014-07-06 22:30:00,1.880606204777859e-23
2014-07-06 22:31:00,0.19999999999987494
2014-07-06 22:32:00,0.10000000000002274
2014-07-06 22:33:00,0.0
2014-07-06 22:34:00,0.0
2014-07-06 22:35:00,0.09999999999990905
2014-07-06 22:36:00,0.09999999999990905
2014-07-06 22:37:00,0.0
2014-07-06 22:38:00,0.0999999999999659
2014-07-06 22:39:00,0.0
2014-07-06 22:40:00,0.0999999999999659
2014-07-06 22:41:00,0.09999999999979536
2014-07-06 22:42:00,0.0
2014-07-06 22:43:00,0.0
2014-07-06 22:44:00,0.0
2014-07-06 22:45:00,7.823906864007794e-24
2014-07-06 22:46:00,0.0
2014-07-06 22:47:00,1.1368683772857653e-13
2014-07-06 22:48:00,0.0
2014-07-06 22:49:00,0.0
2014-07-06 22:50:00,0.0
2014-07-06 22:51:00,5.5090155073796844e-24
2014-07-06 22:52:00,0.0
2014-07-06 22:53:00,0.0999999999999659
2014-07-06 22:54:00,0.0
2014-07-06 22:55:00,0.0
2014-07-06 22:56:00,0.09999999999990905
2014-07-06 22:57:00,0.09999999999990905
2014-07-06 22:58:00,3.6587497430750074e-24
2014-07-06 22:59:00,0.11000000000001364
2014-07-06 23:00:00,0.1999999999999318
2014-07-06 23:01:00,3.0701377832064593e-24
2014-07-06 23:02:00,0.1999999999999318
2014-07-06 23:03:00,0.11000000000001364
2014-07-06 23:04:00,0.0
2014-07-06 23:05:00,0.0
2014-07-06 23:06:00,0.0
2014-07-06 23:07:00,5.684341886296978e-14
2014-07-06 23:08:00,1.1368683772365503e-13
2014-07-06 23:09:00,5.684341886273122e-14
2014-07-06 23:10:00,0.0
2014-07-06 23:11:00,1.7109674124615318e-24
2014-07-06 23:12:00,0.09999999999985221
2014-07-06 23:13:00,0.0
2014-07-06 23:14:00,1.4357105753886073e-24
2014-07-06 23:15:00,0.09999999999985221
2014-07-06 23:16:00,0.0
2014-07-06 23:17:00,0.19999999999987494
2014-07-06 23:18:00,5.684341886194434e-14
2014-07-06 23:19:00,0.0
2014-07-06 23:20:00,0.0
2014-07-06 23:21:00,0.0
2014-07-06 23:22:00,0.0
2014-07-06 23:23:00,0.0999999999999659
2014-07-06 23:24:00,0.0
2014-07-06 23:25:00,0.10000000000002274
2014-07-06 23:26:00,5.684341886151983e-14
2014-07-06 23:27:00,0.0
2014-07-06 23:28:00,6.3326329967907135e-25
2014-07-06 23:29:00,0.09999999999990905
2014-07-06 23:30:00,5.68434188613714e-14
2014-07-06 23:31:00,0.1999999999999318
2014-07-06 23:32:00,5.012078543570081e-25
2014-07-06 23:33:00,0.0
2014-07-06 23:34:00,1.1368683772206193e-13
2014-07-06 23:35:00,0.0
2014-07-06 23:36:00,0.0
2014-07-06 23:37:00,0.0
2014-07-06 23:38:00,0.0
2014-07-06 23:39:00,3.3287147329670654e-25
2014-07-06 23:40:00,0.09999999999990905
2014-07-06 23:41:00,2.9613746370860743e-25
2014-07-06 23:42:00,0.0
2014-07-06 23:43:00,2.6345723333761707e-25
2014-07-06 23:44:00,0.0999999999999659
2014-07-06 23:45:00,0.11000000000001364
2014-07-06 23:46:00,0.1999999999999318
2014-07-06 23:47:00,2.0851805987004163e-25
2014-07-06 23:48:00,0.0999999999999659
2014-07-06 23:49:00,0.11000000000007049
2014-07-06 23:50:00,0.10000000000007958
2014-07-06 23:51:00,0.0999999999999659
2014-07-06 23:52:00,0.09999999999990905
2014-07-06 23:53:00,1.4682296777806333e-25
2014-07-06 23:54:00,0.10000000000002274
2014-07-06 23:55:00,0.0
2014-07-06 23:56:00,0.10000000000002274
2014-07-06 23:57:00,5.684341886092422e-14
2014-07-06 23:58:00,0.3300000000000409
2014-07-06 23:59:00,5.68434188609114e-14
2014-07-07 00:00:00,5.684341886090553e-14
2014-07-07 00:01:00,5.684341886089999e-14
2014-07-07 00:02:00,5.684341886089476e-14
2014-07-07 00:03:00,8.182346559273708e-26
2014-07-07 00:04:00,0.0
2014-07-07 00:05:00,5.68434188608808e-14
2014-07-07 00:06:00,0.3299999999999841
2014-07-07 00:07:00,6.47606827153473e-26
2014-07-07 00:08:00,6.108292222339417e-26
2014-07-07 00:09:00,5.761402182477303e-26
2014-07-07 00:10:00,0.0
2014-07-07 00:11:00,0.0
2014-07-07 00:12:00,0.0
2014-07-07 00:13:00,0.0999999999999659
2014-07-07 00:14:00,0.0
2014-07-07 00:15:00,0.0
2014-07-07 00:16:00,0.0
2014-07-07 00:17:00,0.0
2014-07-07 00:18:00,0.0
2014-07-07 00:19:00,5.684341886084012e-14
2014-07-07 00:20:00,0.0
2014-07-07 00:21:00,0.0
2014-07-07 00:22:00,0.0
2014-07-07 00:23:00,2.541239592016124e-26
2014-07-07 00:24:00,0.0999999999999659
2014-07-07 00:25:00,0.0
2014-07-07 00:26:00,0.0
2014-07-07 00:27:00,2.0113106885666164e-26
2014-07-07 00:28:00,0.0
2014-07-07 00:29:00,0.0999999999999659
2014-07-07 00:30:00,0.0999999999999659
2014-07-07 00:31:00,0.21999999999997044
2014-07-07 00:32:00,0.0
2014-07-07 00:33:00,0.0
2014-07-07 00:34:00,0.3299999999998704
2014-07-07 00:35:00,0.1999999999999318
2014-07-07 00:36:00,1.1883781167121736e-26
2014-07-07 00:37:00,0.0999999999999659
2014-07-07 00:38:00,0.0999999999999659
2014-07-07 00:39:00,0.0
2014-07-07 00:40:00,0.0
2014-07-07 00:41:00,8.87149029306779e-27
2014-07-07 00:42:00,0.0
2014-07-07 00:43:00,0.10999999999989996
2014-07-07 00:44:00,0.0
2014-07-07 00:45:00,0.0
2014-07-07 00:46:00,6.62275238101326e-27
2014-07-07 00:47:00,0.2199999999997999
2014-07-07 00:48:00,0.0999999999999659
2014-07-07 00:49:00,5.684341886081357e-14
2014-07-07 00:50:00,5.24169885181667e-27
2014-07-07 00:51:00,0.0
2014-07-07 00:52:00,0.0
2014-07-07 00:53:00,0.0999999999999659
2014-07-07 00:54:00,0.10000000000007958
2014-07-07 00:55:00,5.684341886081193e-14
2014-07-07 00:56:00,3.690815951876028e-27
2014-07-07 00:57:00,3.481214438708792e-27
2014-07-07 00:58:00,0.0
2014-07-07 00:59:00,0.0
2014-07-07 01:00:00,1.1368683772161896e-13
2014-07-07 01:01:00,5.684341886081077e-14
2014-07-07 01:02:00,0.0999999999999659
2014-07-07 01:03:00,2.4512132698799585e-27
2014-07-07 01:04:00,2.3120088183002755e-27
2014-07-07 01:05:00,0.10000000000007958
2014-07-07 01:06:00,2.056867236902251e-27
2014-07-07 01:07:00,1.940057704576564e-27
2014-07-07 01:08:00,1.8298817879735403e-27
2014-07-07 01:09:00,0.3999999999999204
2014-07-07 01:10:00,1.6279453033634816e-27
2014-07-07 01:11:00,5.684341886080955e-14
2014-07-07 01:12:00,0.0
2014-07-07 01:13:00,1.3660448885058554e-27
2014-07-07 01:14:00,0.19999999999987494
2014-07-07 01:15:00,1.2152950944932595e-27
2014-07-07 01:16:00,0.0
2014-07-07 01:17:00,0.11000000000001364
2014-07-07 01:18:00,0.0
2014-07-07 01:19:00,0.10000000000002274
2014-07-07 01:20:00,0.0
2014-07-07 01:21:00,0.0
2014-07-07 01:22:00,0.0
2014-07-07 01:23:00,7.612877509856013e-28
2014-07-07 01:24:00,0.0
2014-07-07 01:25:00,6.772758911916543e-28
2014-07-07 01:26:00,6.388133795204066e-28
2014-07-07 01:27:00,0.0
2014-07-07 01:28:00,5.684341886080858e-14
2014-07-07 01:29:00,0.2999999999998977
2014-07-07 01:30:00,0.0
2014-07-07 01:31:00,0.0999999999999659
2014-07-07 01:32:00,0.0
2014-07-07 01:33:00,0.0
2014-07-07 01:34:00,0.09999999999990905
2014-07-07 01:35:00,0.10000000000002274
2014-07-07 01:36:00,3.5600645709858537e-28
2014-07-07 01:37:00,0.0
2014-07-07 01:38:00,0.09999999999990905
2014-07-07 01:39:00,0.0
2014-07-07 01:40:00,2.817678406281394e-28
2014-07-07 01:41:00,0.1099999999999568
2014-07-07 01:42:00,2.5067336906906374e-28
2014-07-07 01:43:00,2.3643762332809874e-28
2014-07-07 01:44:00,1.7053025658242427e-13
2014-07-07 01:45:00,5.684341886080823e-14
2014-07-07 01:46:00,1.1368683772161623e-13
2014-07-07 01:47:00,1.136868377216162e-13
2014-07-07 01:48:00,5.684341886080819e-14
2014-07-07 01:49:00,0.11000000000012733
2014-07-07 01:50:00,5.684341886080817e-14
2014-07-07 01:51:00,2.273736754432322e-13
2014-07-07 01:52:00,5.684341886080815e-14
2014-07-07 01:53:00,1.1368683772161616e-13
2014-07-07 01:54:00,0.11000000000012733
2014-07-07 01:55:00,1.1368683772161616e-13
2014-07-07 01:56:00,5.684341886080813e-14
2014-07-07 01:57:00,1.1368683772161613e-13
2014-07-07 01:58:00,9.836540682289784e-29
2014-07-07 01:59:00,9.277923336363599e-29
2014-07-07 02:00:00,8.751029880903444e-29
2014-07-07 02:01:00,1.136868377216161e-13
2014-07-07 02:02:00,5.684341886080809e-14
2014-07-07 02:03:00,5.684341886080809e-14
2014-07-07 02:04:00,6.926163117686568e-29
2014-07-07 02:05:00,5.684341886080808e-14
2014-07-07 02:06:00,5.684341886080808e-14
2014-07-07 02:07:00,0.49999999999994316
2014-07-07 02:08:00,0.20000000000004547
2014-07-07 02:09:00,5.170525104985811e-29
2014-07-07 02:10:00,5.684341886080807e-14
2014-07-07 02:11:00,5.684341886080807e-14
2014-07-07 02:12:00,5.684341886080805e-14
2014-07-07 02:13:00,4.0923069362811984e-29
2014-07-07 02:14:00,3.859904741922706e-29
2014-07-07 02:15:00,0.0999999999999659
2014-07-07 02:16:00,0.0
2014-07-07 02:17:00,0.0
2014-07-07 02:18:00,0.1099999999999568
2014-07-07 02:19:00,2.8814993282501977e-29
2014-07-07 02:20:00,0.09999999999990905
2014-07-07 02:21:00,0.09999999999990905
2014-07-07 02:22:00,0.19999999999998863
2014-07-07 02:23:00,0.10999999999989996
2014-07-07 02:24:00,0.0
2014-07-07 02:25:00,0.0999999999999659
2014-07-07 02:26:00,0.09999999999990905
2014-07-07 02:27:00,0.0
2014-07-07 02:28:00,1.7025269961915916e-29
2014-07-07 02:29:00,0.0999999999999659
2014-07-07 02:30:00,0.1999999999999318
2014-07-07 02:31:00,0.1099999999999568
2014-07-07 02:32:00,0.0
2014-07-07 02:33:00,5.684341886080803e-14
2014-07-07 02:34:00,1.198793363313059e-29
2014-07-07 02:35:00,0.0
2014-07-07 02:36:00,0.0
2014-07-07 02:37:00,1.0059340095426466e-29
2014-07-07 02:38:00,0.09999999999990905
2014-07-07 02:39:00,0.0
2014-07-07 02:40:00,0.1999999999999318
2014-07-07 02:41:00,7.961649235051586e-30
2014-07-07 02:42:00,0.0
2014-07-07 02:43:00,5.684341886080803e-14
2014-07-07 02:44:00,6.680795859140991e-30
2014-07-07 02:45:00,5.684341886080802e-14
2014-07-07 02:46:00,5.684341886080802e-14
2014-07-07 02:47:00,0.11000000000001364
2014-07-07 02:48:00,0.0
2014-07-07 02:49:00,4.987353333155638e-30
2014-07-07 02:50:00,5.684341886080802e-14
2014-07-07 02:51:00,5.684341886080802e-14
2014-07-07 02:52:00,5.684341886080802e-14
2014-07-07 02:53:00,0.0
2014-07-07 02:54:00,3.723163197047139e-30
2014-07-07 02:55:00,0.10000000000002274
2014-07-07 02:56:00,5.684341886080802e-14
2014-07-07 02:57:00,0.10000000000002274
2014-07-07 02:58:00,2.9467658055640948e-30
2014-07-07 02:59:00,0.0
2014-07-07 03:00:00,0.22000000000002728
2014-07-07 03:01:00,0.0
2014-07-07 03:02:00,5.684341886080802e-14
2014-07-07 03:03:00,2.199822082918548e-30
2014-07-07 03:04:00,2.0748941419725736e-30
2014-07-07 03:05:00,0.0
2014-07-07 03:06:00,0.0
2014-07-07 03:07:00,0.09999999999985221
2014-07-07 03:08:00,0.0
2014-07-07 03:09:00,0.19999999999998863
2014-07-07 03:10:00,1.4609867171198454e-30
2014-07-07 03:11:00,0.0
2014-07-07 03:12:00,0.0
2014-07-07 03:13:00,1.225946248300276e-30
2014-07-07 03:14:00,1.1563247358607782e-30
2014-07-07 03:15:00,0.0
2014-07-07 03:16:00,0.0
2014-07-07 03:17:00,0.09999999999990905
2014-07-07 03:18:00,0.19999999999998863
2014-07-07 03:19:00,8.632205125254464e-31
2014-07-07 03:20:00,8.141982020170172e-31
2014-07-07 03:21:00,7.679598695219857e-31
2014-07-07 03:22:00,5.684341886080802e-14
2014-07-07 03:23:00,0.0
2014-07-07 03:24:00,0.0
2014-07-07 03:25:00,6.078159252722651e-31
2014-07-07 03:26:00,0.0
2014-07-07 03:27:00,0.0999999999999659
2014-07-07 03:28:00,0.0
2014-07-07 03:29:00,0.0
2014-07-07 03:30:00,0.0
2014-07-07 03:31:00,4.279789389315389e-31
2014-07-07 03:32:00,0.09999999999985221
2014-07-07 03:33:00,0.0
2014-07-07 03:34:00,0.10000000000002274
2014-07-07 03:35:00,5.684341886080802e-14
2014-07-07 03:36:00,1.7053025658242404e-13
2014-07-07 03:37:00,3.0135105803112764e-31
2014-07-07 03:38:00,1.1368683772161603e-13
2014-07-07 03:39:00,2.6809548180086265e-31
2014-07-07 03:40:00,2.528703339226009e-31
2014-07-07 03:41:00,0.11000000000001364
2014-07-07 03:42:00,1.1368683772161603e-13
2014-07-07 03:43:00,1.1368683772161603e-13
2014-07-07 03:44:00,1.1368683772161603e-13
2014-07-07 03:45:00,1.1368683772161603e-13
2014-07-07 03:46:00,1.1368683772161603e-13
2014-07-07 03:47:00,1.6794094480788016e-31
2014-07-07 03:48:00,1.1368683772161603e-13
2014-07-07 03:49:00,0.11000000000012733
2014-07-07 03:50:00,1.7053025658242404e-13
2014-07-07 03:51:00,1.1368683772161603e-13
2014-07-07 03:52:00,0.20000000000010232
2014-07-07 03:53:00,5.684341886080802e-14
2014-07-07 03:54:00,5.684341886080802e-14
2014-07-07 03:55:00,1.1368683772161603e-13
2014-07-07 03:56:00,5.684341886080802e-14
2014-07-07 03:57:00,0.11000000000007049
2014-07-07 03:58:00,0.10000000000002274
2014-07-07 03:59:00,5.684341886080802e-14
2014-07-07 04:00:00,0.10000000000002274
2014-07-07 04:01:00,1.1368683772161603e-13
2014-07-07 04:02:00,5.684341886080802e-14
2014-07-07 04:03:00,0.20000000000004547
2014-07-07 04:04:00,6.215830651459008e-32
2014-07-07 04:05:00,0.0
2014-07-07 04:06:00,0.11000000000001364
2014-07-07 04:07:00,0.0
2014-07-07 04:08:00,0.0
2014-07-07 04:09:00,0.0
2014-07-07 04:10:00,0.0
2014-07-07 04:11:00,0.20000000000004547
2014-07-07 04:12:00,3.893733924047235e-32
2014-07-07 04:13:00,3.672608695102653e-32
2014-07-07 04:14:00,0.11000000000001364
2014-07-07 04:15:00,0.0
2014-07-07 04:16:00,0.0999999999999659
2014-07-07 04:17:00,0.0999999999999659
2014-07-07 04:18:00,5.684341886080802e-14
2014-07-07 04:19:00,2.5859789240249096e-32
2014-07-07 04:20:00,2.4391211281983004e-32
2014-07-07 04:21:00,0.0
2014-07-07 04:22:00,0.0
2014-07-07 04:23:00,2.046720453529868e-32
2014-07-07 04:24:00,5.684341886080802e-14
2014-07-07 04:25:00,1.8208547522142468e-32
2014-07-07 04:26:00,1.7174483737065713e-32
2014-07-07 04:27:00,0.10000000000002274
2014-07-07 04:28:00,0.0
2014-07-07 04:29:00,0.0999999999999659
2014-07-07 04:30:00,0.11000000000001364
2014-07-07 04:31:00,0.0999999999999659
2014-07-07 04:32:00,5.684341886080802e-14
2014-07-07 04:33:00,0.10000000000002274
2014-07-07 04:34:00,1.0758476815856236e-32
2014-07-07 04:35:00,0.11000000000001364
2014-07-07 04:36:00,5.684341886080802e-14
2014-07-07 04:37:00,0.30000000000012506
2014-07-07 04:38:00,5.684341886080802e-14
2014-07-07 04:39:00,8.031427144091383e-33
2014-07-07 04:40:00,5.684341886080802e-14
2014-07-07 04:41:00,0.10000000000007958
2014-07-07 04:42:00,5.684341886080802e-14
2014-07-07 04:43:00,0.0
2014-07-07 04:44:00,5.684341886080802e-14
2014-07-07 04:45:00,0.10000000000002274
2014-07-07 04:46:00,5.684341886080802e-14
2014-07-07 04:47:00,0.0
2014-07-07 04:48:00,5.684341886080802e-14
2014-07-07 04:49:00,5.684341886080802e-14
2014-07-07 04:50:00,5.684341886080802e-14
2014-07-07 04:51:00,5.684341886080802e-14
2014-07-07 04:52:00,0.0999999999999659
2014-07-07 04:53:00,3.542502327130053e-33
2014-07-07 04:54:00,0.0
2014-07-07 04:55:00,3.151569715326859e-33
2014-07-07 04:56:00,2.9725920069291326e-33
2014-07-07 04:57:00,0.09999999999990905
2014-07-07 04:58:00,5.684341886080802e-14
2014-07-07 04:59:00,5.684341886080802e-14
2014-07-07 05:00:00,0.0999999999999659
2014-07-07 05:01:00,2.2191018804421375e-33
2014-07-07 05:02:00,0.0
2014-07-07 05:03:00,1.9742130380736294e-33
2014-07-07 05:04:00,0.0
2014-07-07 05:05:00,1.7563488878317575e-33
2014-07-07 05:06:00,0.0
2014-07-07 05:07:00,5.684341886080802e-14
2014-07-07 05:08:00,0.0
2014-07-07 05:09:00,0.0
2014-07-07 05:10:00,0.0
2014-07-07 05:11:00,1.236690751515134e-33
2014-07-07 05:12:00,1.1664590585189711e-33
2014-07-07 05:13:00,0.0
2014-07-07 05:14:00,0.0
2014-07-07 05:15:00,0.0
2014-07-07 05:16:00,0.19999999999998863
2014-07-07 05:17:00,0.0
2014-07-07 05:18:00,8.213340411382122e-34
2014-07-07 05:19:00,7.746904641939797e-34
2014-07-07 05:20:00,0.10000000000002274
2014-07-07 05:21:00,6.8919954886359066e-34
2014-07-07 05:22:00,6.500598924300159e-34
2014-07-07 05:23:00,0.19999999999998863
2014-07-07 05:24:00,5.783225756666838e-34
2014-07-07 05:25:00,0.0
2014-07-07 05:26:00,0.0
2014-07-07 05:27:00,0.0
2014-07-07 05:28:00,4.577240105703486e-34
2014-07-07 05:29:00,0.0
2014-07-07 05:30:00,4.072119074259404e-34
2014-07-07 05:31:00,0.0
2014-07-07 05:32:00,5.684341886080802e-14
2014-07-07 05:33:00,0.0
2014-07-07 05:34:00,0.10000000000002274
2014-07-07 05:35:00,5.684341886080802e-14
2014-07-07 05:36:00,1.1368683772161603e-13
2014-07-07 05:37:00,5.684341886080802e-14
2014-07-07 05:38:00,5.684341886080802e-14
2014-07-07 05:39:00,2.4060018295556484e-34
2014-07-07 05:40:00,0.0
2014-07-07 05:41:00,1.1368683772161603e-13
2014-07-07 05:42:00,1.1368683772161603e-13
2014-07-07 05:43:00,1.9042742808271993e-34
2014-07-07 05:44:00,1.7961305055885693e-34
2014-07-07 05:45:00,1.6941282175509235e-34
2014-07-07 05:46:00,5.684341886080802e-14
2014-07-07 05:47:00,0.10000000000007958
2014-07-07 05:48:00,5.684341886080802e-14
2014-07-07 05:49:00,1.3408488528463246e-34
2014-07-07 05:50:00,1.1368683772161603e-13
2014-07-07 05:51:00,0.0
2014-07-07 05:52:00,0.0
2014-07-07 05:53:00,0.0
2014-07-07 05:54:00,0.0
2014-07-07 05:55:00,9.441264130282345e-35
2014-07-07 05:56:00,0.2999999999998977
2014-07-07 05:57:00,0.0
2014-07-07 05:58:00,0.0
2014-07-07 05:59:00,0.0
2014-07-07 06:00:00,0.11000000000001364
2014-07-07 06:01:00,6.647838657469631e-35
2014-07-07 06:02:00,5.684341886080802e-14
2014-07-07 06:03:00,5.914216858746269e-35
2014-07-07 06:04:00,5.578348362740041e-35
2014-07-07 06:05:00,5.261553845470771e-35
2014-07-07 06:06:00,0.0
2014-07-07 06:07:00,0.0999999999999659
2014-07-07 06:08:00,4.415086134253783e-35
2014-07-07 06:09:00,0.11000000000001364
2014-07-07 06:10:00,0.0999999999999659
2014-07-07 06:11:00,3.7047963672670347e-35
2014-07-07 06:12:00,3.494400906024666e-35
2014-07-07 06:13:00,3.2959538073164686e-35
2014-07-07 06:14:00,3.108776523390486e-35
2014-07-07 06:15:00,0.0999999999999659
2014-07-07 06:16:00,5.684341886080802e-14
2014-07-07 06:17:00,0.0
2014-07-07 06:18:00,0.0
2014-07-07 06:19:00,2.3207664599949476e-35
2014-07-07 06:20:00,0.09999999999990905
2014-07-07 06:21:00,0.0
2014-07-07 06:22:00,0.0
2014-07-07 06:23:00,0.0
2014-07-07 06:24:00,0.0
2014-07-07 06:25:00,1.634111785754264e-35
2014-07-07 06:26:00,0.0999999999999659
2014-07-07 06:27:00,0.0
2014-07-07 06:28:00,2.2737367544323206e-13
2014-07-07 06:29:00,1.1368683772161603e-13
2014-07-07 06:30:00,1.1368683772161603e-13
2014-07-07 06:31:00,1.1368683772161603e-13
2014-07-07 06:32:00,1.0852766829708967e-35
2014-07-07 06:33:00,5.684341886080802e-14
2014-07-07 06:34:00,5.684341886080802e-14
2014-07-07 06:35:00,5.684341886080802e-14
2014-07-07 06:36:00,8.589621377572326e-36
2014-07-07 06:37:00,0.0
2014-07-07 06:38:00,5.684341886080802e-14
2014-07-07 06:39:00,7.207741164761615e-36
2014-07-07 06:40:00,5.684341886080802e-14
2014-07-07 06:41:00,6.412331361594473e-36
2014-07-07 06:42:00,0.0
2014-07-07 06:43:00,5.684341886080802e-14
2014-07-07 06:44:00,0.0
2014-07-07 06:45:00,5.684341886080802e-14
2014-07-07 06:46:00,1.1368683772161603e-13
2014-07-07 06:47:00,0.0
2014-07-07 06:48:00,4.258676652900668e-36
2014-07-07 06:49:00,1.1368683772161603e-13
2014-07-07 06:50:00,1.1368683772161603e-13
2014-07-07 06:51:00,3.573549714154778e-36
2014-07-07 06:52:00,5.684341886080802e-14
2014-07-07 06:53:00,0.0
2014-07-07 06:54:00,2.9986445556597076e-36
2014-07-07 06:55:00,2.8283514701978076e-36
2014-07-07 06:56:00,2.6677293325317705e-36
2014-07-07 06:57:00,2.516228929339067e-36
2014-07-07 06:58:00,0.0999999999999659
2014-07-07 06:59:00,0.0
2014-07-07 07:00:00,0.11000000000001364
2014-07-07 07:01:00,0.0
2014-07-07 07:02:00,1.8784173326522534e-36
2014-07-07 07:03:00,0.0
2014-07-07 07:04:00,0.0
2014-07-07 07:05:00,0.0
2014-07-07 07:06:00,1.4867078533728033e-36
2014-07-07 07:07:00,0.0
2014-07-07 07:08:00,1.3226423057918621e-36
2014-07-07 07:09:00,0.0
2014-07-07 07:10:00,0.0
2014-07-07 07:11:00,1.1098583947603055e-36
2014-07-07 07:12:00,0.0999999999999659
2014-07-07 07:13:00,5.684341886080802e-14
2014-07-07 07:14:00,9.313067115923343e-37
2014-07-07 07:15:00,0.0
2014-07-07 07:16:00,8.285324205595907e-37
2014-07-07 07:17:00,7.814800475012346e-37
2014-07-07 07:18:00,0.09999999999990905
2014-07-07 07:19:00,0.0
2014-07-07 07:20:00,0.10000000000002274
2014-07-07 07:21:00,6.1851671813194664e-37
2014-07-07 07:22:00,5.833911410969302e-37
2014-07-07 07:23:00,0.0999999999999659
2014-07-07 07:24:00,5.190110500112495e-37
2014-07-07 07:25:00,4.895364018978483e-37
2014-07-07 07:26:00,4.617356196518308e-37
2014-07-07 07:27:00,0.0
2014-07-07 07:28:00,0.0999999999999659
2014-07-07 07:29:00,0.21999999999997044
2014-07-07 07:30:00,0.0
2014-07-07 07:31:00,0.30000000000001137
2014-07-07 07:32:00,0.22000000000008413
2014-07-07 07:33:00,5.684341886080802e-14
2014-07-07 07:34:00,0.0
2014-07-07 07:35:00,5.684341886080802e-14
2014-07-07 07:36:00,5.684341886080802e-14
2014-07-07 07:37:00,5.684341886080802e-14
2014-07-07 07:38:00,0.19999999999998863
2014-07-07 07:39:00,5.684341886080802e-14
2014-07-07 07:40:00,2.0366237255091214e-37
2014-07-07 07:41:00,5.684341886080802e-14
2014-07-07 07:42:00,0.19999999999998863
2014-07-07 07:43:00,1.7089759860441123e-37
2014-07-07 07:44:00,0.10000000000007958
2014-07-07 07:45:00,0.11000000000001364
2014-07-07 07:46:00,0.10000000000007958
2014-07-07 07:47:00,0.30000000000001137
2014-07-07 07:48:00,5.684341886080802e-14
2014-07-07 07:49:00,5.684341886080802e-14
2014-07-07 07:50:00,1.7053025658242404e-13
2014-07-07 07:51:00,0.20000000000004547
2014-07-07 07:52:00,1.0097443797948405e-37
2014-07-07 07:53:00,5.684341886080802e-14
2014-07-07 07:54:00,0.0999999999999659
2014-07-07 07:55:00,0.10000000000002274
2014-07-07 07:56:00,7.991807109341406e-38
2014-07-07 07:57:00,0.11000000000001364
2014-07-07 07:58:00,7.109871760321246e-38
2014-07-07 07:59:00,6.706101998073727e-38
2014-07-07 08:00:00,0.10000000000002274
2014-07-07 08:01:00,5.966050552222035e-38
2014-07-07 08:02:00,0.10000000000002274
2014-07-07 08:03:00,5.307667435105051e-38
2014-07-07 08:04:00,5.684341886080802e-14
2014-07-07 08:05:00,4.721940143665447e-38
2014-07-07 08:06:00,0.0999999999999659
2014-07-07 08:07:00,4.20085074902926e-38
2014-07-07 08:08:00,0.0
2014-07-07 08:09:00,0.0
2014-07-07 08:10:00,3.5250267200200475e-38
2014-07-07 08:11:00,0.0
2014-07-07 08:12:00,3.1360226276924907e-38
2014-07-07 08:13:00,5.684341886080802e-14
2014-07-07 08:14:00,2.7899470564419955e-38
2014-07-07 08:15:00,2.6315059062162634e-38
2014-07-07 08:16:00,2.482062632142657e-38
2014-07-07 08:17:00,0.0
2014-07-07 08:18:00,2.2081547732793035e-38
2014-07-07 08:19:00,5.684341886080802e-14
2014-07-07 08:20:00,1.9644739982032518e-38
2014-07-07 08:21:00,0.0
2014-07-07 08:22:00,0.0
2014-07-07 08:23:00,0.0
2014-07-07 08:24:00,5.684341886080802e-14
2014-07-07 08:25:00,1.4665207782739116e-38
2014-07-07 08:26:00,1.3832370333716057e-38
2014-07-07 08:27:00,5.684341886080802e-14
2014-07-07 08:28:00,0.0
2014-07-07 08:29:00,1.1607047700713754e-38
2014-07-07 08:30:00,0.0
2014-07-07 08:31:00,0.0
2014-07-07 08:32:00,0.0
2014-07-07 08:33:00,5.684341886080802e-14
2014-07-07 08:34:00,5.684341886080802e-14
2014-07-07 08:35:00,0.0999999999999659
2014-07-07 08:36:00,7.708688192283742e-39
2014-07-07 08:37:00,0.0
2014-07-07 08:38:00,0.0
2014-07-07 08:39:00,5.684341886080802e-14
2014-07-07 08:40:00,5.684341886080802e-14
2014-07-07 08:41:00,5.754696380587682e-39
2014-07-07 08:42:00,1.1368683772161603e-13
2014-07-07 08:43:00,5.684341886080802e-14
2014-07-07 08:44:00,0.10000000000002274
2014-07-07 08:45:00,0.1999999999999318
2014-07-07 08:46:00,5.684341886080802e-14
2014-07-07 08:47:00,0.0
2014-07-07 08:48:00,3.821915889644043e-39
2014-07-07 08:49:00,3.604869208337675e-39
2014-07-07 08:50:00,3.40014861248854e-39
2014-07-07 08:51:00,5.684341886080802e-14
2014-07-07 08:52:00,3.0249254355214213e-39
2014-07-07 08:53:00,0.10000000000007958
2014-07-07 08:54:00,5.684341886080802e-14
2014-07-07 08:55:00,5.684341886080802e-14
2014-07-07 08:56:00,0.0
2014-07-07 08:57:00,2.258169875487682e-39
2014-07-07 08:58:00,0.0
2014-07-07 08:59:00,2.0089696870900965e-39
2014-07-07 09:00:00,0.19999999999998863
2014-07-07 09:01:00,0.0
2014-07-07 09:02:00,1.6857708711358885e-39
2014-07-07 09:03:00,0.0
2014-07-07 09:04:00,1.499737737294928e-39
2014-07-07 09:05:00,0.0
2014-07-07 09:06:00,5.684341886080802e-14
2014-07-07 09:07:00,0.09999999999990905
2014-07-07 09:08:00,0.10000000000002274
2014-07-07 09:09:00,0.0
2014-07-07 09:10:00,5.684341886080802e-14
2014-07-07 09:11:00,9.96033693072255e-40
2014-07-07 09:12:00,5.684341886080802e-14
2014-07-07 09:13:00,0.0
2014-07-07 09:14:00,0.11000000000001364
2014-07-07 09:15:00,0.0
2014-07-07 09:16:00,0.0999999999999659
2014-07-07 09:17:00,0.0
2014-07-07 09:18:00,0.0
2014-07-07 09:19:00,0.0
2014-07-07 09:20:00,0.0
2014-07-07 09:21:00,0.0
2014-07-07 09:22:00,5.684341886080802e-14
2014-07-07 09:23:00,0.0
2014-07-07 09:24:00,0.0
2014-07-07 09:25:00,0.09999999999990905
2014-07-07 09:26:00,0.0
2014-07-07 09:27:00,0.0
2014-07-07 09:28:00,0.19999999999998863
2014-07-07 09:29:00,0.0
2014-07-07 09:30:00,0.0
2014-07-07 09:31:00,5.684341886080802e-14
2014-07-07 09:32:00,2.917763988583599e-40
2014-07-07 09:33:00,0.0
2014-07-07 09:34:00,0.0999999999999659
2014-07-07 09:35:00,0.0
2014-07-07 09:36:00,5.684341886080802e-14
2014-07-07 09:37:00,0.0
2014-07-07 09:38:00,5.684341886080802e-14
2014-07-07 09:39:00,1.9377996357576775e-40
2014-07-07 09:40:00,0.0
2014-07-07 09:41:00,1.7239538841384391e-40
2014-07-07 09:42:00,0.0
2014-07-07 09:43:00,1.7053025658242404e-13
2014-07-07 09:44:00,0.10000000000002274
2014-07-07 09:45:00,5.684341886080802e-14
2014-07-07 09:46:00,0.0
2014-07-07 09:47:00,0.0
2014-07-07 09:48:00,0.0
2014-07-07 09:49:00,5.684341886080802e-14
2014-07-07 09:50:00,0.10000000000002274
2014-07-07 09:51:00,9.607480590876782e-41
2014-07-07 09:52:00,0.0
2014-07-07 09:53:00,8.547247700844281e-41
2014-07-07 09:54:00,0.0
2014-07-07 09:55:00,0.0
2014-07-07 09:56:00,7.172184475982237e-41
2014-07-07 09:57:00,6.764875973341699e-41
2014-07-07 09:58:00,0.0
2014-07-07 09:59:00,2.2737367544323206e-13
2014-07-07 10:00:00,6.821210263296962e-13
2014-07-07 10:01:00,1.1368683772161603e-13
2014-07-07 10:02:00,5.684341886080802e-14
2014-07-07 10:03:00,4.763324422237464e-41
2014-07-07 10:04:00,1.1368683772161603e-13
2014-07-07 10:05:00,0.0
2014-07-07 10:06:00,3.997010812248251e-41
2014-07-07 10:07:00,0.1999999999999318
2014-07-07 10:08:00,3.555920946400874e-41
2014-07-07 10:09:00,0.0
2014-07-07 10:10:00,0.0
2014-07-07 10:11:00,2.983851866967328e-41
2014-07-07 10:12:00,0.0
2014-07-07 10:13:00,0.0
2014-07-07 10:14:00,0.0
2014-07-07 10:15:00,0.0
2014-07-07 10:16:00,0.0
2014-07-07 10:17:00,0.0
2014-07-07 10:18:00,0.1099999999999568
2014-07-07 10:19:00,0.0
2014-07-07 10:20:00,0.0
2014-07-07 10:21:00,0.0
2014-07-07 10:22:00,0.0
2014-07-07 10:23:00,0.0
2014-07-07 10:24:00,0.0
2014-07-07 10:25:00,0.0
2014-07-07 10:26:00,0.0
2014-07-07 10:27:00,0.0
2014-07-07 10:28:00,1.1043833244671869e-41
2014-07-07 10:29:00,0.09999999999990905
2014-07-07 10:30:00,0.0
2014-07-07 10:31:00,0.0
2014-07-07 10:32:00,0.0
2014-07-07 10:33:00,0.0
2014-07-07 10:34:00,0.0
2014-07-07 10:35:00,0.0
2014-07-07 10:36:00,0.09999999999979536
2014-07-07 10:37:00,0.0
2014-07-07 10:38:00,0.19999999999987494
2014-07-07 10:39:00,0.10999999999984311
2014-07-07 10:40:00,0.09999999999979536
2014-07-07 10:41:00,0.09999999999990905
2014-07-07 10:42:00,0.0
2014-07-07 10:43:00,0.0
2014-07-07 10:44:00,0.0
2014-07-07 10:45:00,0.0
2014-07-07 10:46:00,0.0
2014-07-07 10:47:00,0.0
2014-07-07 10:48:00,0.0
2014-07-07 10:49:00,0.0
2014-07-07 10:50:00,0.0
2014-07-07 10:51:00,0.0
2014-07-07 10:52:00,2.7146955566897333e-42
2014-07-07 10:53:00,0.0
2014-07-07 10:54:00,0.0
2014-07-07 10:55:00,0.0
2014-07-07 10:56:00,0.0
2014-07-07 10:57:00,0.09999999999968168
2014-07-07 10:58:00,0.0
2014-07-07 10:59:00,0.10999999999984311
2014-07-07 11:00:00,0.0
2014-07-07 11:01:00,0.0
2014-07-07 11:02:00,0.0
2014-07-07 11:03:00,0.10999999999984311
2014-07-07 11:04:00,0.0999999999999659
2014-07-07 11:05:00,0.09999999999985221
2014-07-07 11:06:00,0.09999999999985221
2014-07-07 11:07:00,0.0
2014-07-07 11:08:00,0.0
2014-07-07 11:09:00,0.0
2014-07-07 11:10:00,0.0
2014-07-07 11:11:00,0.0
2014-07-07 11:12:00,0.0
2014-07-07 11:13:00,0.0
2014-07-07 11:14:00,0.0
2014-07-07 11:15:00,0.0
2014-07-07 11:16:00,0.0
2014-07-07 11:17:00,0.0
2014-07-07 11:18:00,0.0
2014-07-07 11:19:00,0.0
2014-07-07 11:20:00,0.0
2014-07-07 11:21:00,0.0
2014-07-07 11:22:00,0.0
2014-07-07 11:23:00,4.431810007497199e-43
2014-07-07 11:24:00,4.547473508864641e-13
2014-07-07 11:25:00,4.547473508864641e-13
2014-07-07 11:26:00,4.547473508864641e-13
2014-07-07 11:27:00,9.094947017729282e-13
2014-07-07 11:28:00,9.094947017729282e-13
2014-07-07 11:29:00,4.547473508864641e-13
2014-07-07 11:30:00,9.094947017729282e-13
2014-07-07 11:31:00,4.547473508864641e-13
2014-07-07 11:32:00,4.547473508864641e-13
2014-07-07 11:33:00,2.2737367544323206e-13
2014-07-07 11:34:00,2.3295572746980645e-43
2014-07-07 11:35:00,4.547473508864641e-13
2014-07-07 11:36:00,2.2737367544323206e-13
2014-07-07 11:37:00,0.0
2014-07-07 11:38:00,2.2737367544323206e-13
2014-07-07 11:39:00,4.547473508864641e-13
2014-07-07 11:40:00,4.547473508864641e-13
2014-07-07 11:41:00,1.547148863324597e-43
2014-07-07 11:42:00,4.547473508864641e-13
2014-07-07 11:43:00,4.547473508864641e-13
2014-07-07 11:44:00,0.0
2014-07-07 11:45:00,0.0
2014-07-07 11:46:00,0.10000000000059117
2014-07-07 11:47:00,4.547473508864641e-13
2014-07-07 11:48:00,4.547473508864641e-13
2014-07-07 11:49:00,4.547473508864641e-13
2014-07-07 11:50:00,4.547473508864641e-13
2014-07-07 11:51:00,2.2737367544323206e-13
2014-07-07 11:52:00,0.0
2014-07-07 11:53:00,0.0
2014-07-07 11:54:00,0.1999999999999318
2014-07-07 11:55:00,0.0
2014-07-07 11:56:00,0.0
2014-07-07 11:57:00,0.09999999999979536
2014-07-07 11:58:00,0.0
2014-07-07 11:59:00,0.0
2014-07-07 12:00:00,0.0
2014-07-07 12:01:00,0.0
2014-07-07 12:02:00,4.532191300138161e-44
2014-07-07 12:03:00,0.0
2014-07-07 12:04:00,0.0
2014-07-07 12:05:00,0.0
2014-07-07 12:06:00,0.09999999999985221
2014-07-07 12:07:00,0.0
2014-07-07 12:08:00,0.0
2014-07-07 12:09:00,0.0
2014-07-07 12:10:00,0.09999999999979536
2014-07-07 12:11:00,0.10999999999989996
2014-07-07 12:12:00,0.0
2014-07-07 12:13:00,0.0
2014-07-07 12:14:00,0.0
2014-07-07 12:15:00,0.0
2014-07-07 12:16:00,0.0
2014-07-07 12:17:00,0.0
2014-07-07 12:18:00,1.7784531428005897e-44
2014-07-07 12:19:00,0.0
2014-07-07 12:20:00,0.0
2014-07-07 12:21:00,0.0
2014-07-07 12:22:00,0.0
2014-07-07 12:23:00,0.09999999999979536
2014-07-07 12:24:00,0.0
2014-07-07 12:25:00,0.0
2014-07-07 12:26:00,0.0
2014-07-07 12:27:00,0.0
2014-07-07 12:28:00,0.3299999999998704
2014-07-07 12:29:00,0.0
2014-07-07 12:30:00,0.0
2014-07-07 12:31:00,0.0
2014-07-07 12:32:00,0.0
2014-07-07 12:33:00,0.0
2014-07-07 12:34:00,0.0
2014-07-07 12:35:00,0.0
2014-07-07 12:36:00,0.0
2014-07-07 12:37:00,0.0
2014-07-07 12:38:00,0.0
2014-07-07 12:39:00,0.0
2014-07-07 12:40:00,0.0
2014-07-07 12:41:00,0.0
2014-07-07 12:42:00,0.0
2014-07-07 12:43:00,0.09999999999979536
2014-07-07 12:44:00,0.4399999999998272
2014-07-07 12:45:00,0.0
2014-07-07 12:46:00,0.0
2014-07-07 12:47:00,0.09999999999990905
2014-07-07 12:48:00,0.0
2014-07-07 12:49:00,0.0
2014-07-07 12:50:00,0.19999999999987494
2014-07-07 12:51:00,0.0
2014-07-07 12:52:00,2.4362821902883215e-45
2014-07-07 12:53:00,0.0
2014-07-07 12:54:00,0.0
2014-07-07 12:55:00,2.0443382379771098e-45
2014-07-07 12:56:00,1.928240227755863e-45
2014-07-07 12:57:00,1.8187354259024598e-45
2014-07-07 12:58:00,0.0
2014-07-07 12:59:00,0.0999999999999659
2014-07-07 13:00:00,5.684341886080802e-14
2014-07-07 13:01:00,5.684341886080802e-14
2014-07-07 13:02:00,1.3577238969354126e-45
2014-07-07 13:03:00,0.19999999999998863
2014-07-07 13:04:00,5.684341886080802e-14
2014-07-07 13:05:00,0.10000000000002274
2014-07-07 13:06:00,0.19999999999998863
2014-07-07 13:07:00,0.10000000000007958
2014-07-07 13:08:00,5.684341886080802e-14
2014-07-07 13:09:00,0.0999999999999659
2014-07-07 13:10:00,0.0
2014-07-07 13:11:00,0.0999999999999659
2014-07-07 13:12:00,7.566505176033503e-46
2014-07-07 13:13:00,0.0
2014-07-07 13:14:00,0.0
2014-07-07 13:15:00,0.09999999999979536
2014-07-07 13:16:00,0.0
2014-07-07 13:17:00,0.0
2014-07-07 13:18:00,0.0
2014-07-07 13:19:00,0.0
2014-07-07 13:20:00,0.0
2014-07-07 13:21:00,4.470651512122061e-46
2014-07-07 13:22:00,0.0
2014-07-07 13:23:00,0.0
2014-07-07 13:24:00,0.0
2014-07-07 13:25:00,0.0
2014-07-07 13:26:00,0.0
2014-07-07 13:27:00,0.0
2014-07-07 13:28:00,0.0
2014-07-07 13:29:00,2.8005150769763584e-46
2014-07-07 13:30:00,0.0
2014-07-07 13:31:00,0.0
2014-07-07 13:32:00,0.0
2014-07-07 13:33:00,0.0
2014-07-07 13:34:00,0.09999999999979536
2014-07-07 13:35:00,0.09999999999990905
2014-07-07 13:36:00,0.0
2014-07-07 13:37:00,0.0
2014-07-07 13:38:00,0.0
2014-07-07 13:39:00,0.0
2014-07-07 13:40:00,0.0
2014-07-07 13:41:00,0.0
2014-07-07 13:42:00,0.0
2014-07-07 13:43:00,0.0
2014-07-07 13:44:00,0.09999999999979536
2014-07-07 13:45:00,0.0
2014-07-07 13:46:00,0.09999999999985221
2014-07-07 13:47:00,0.0
2014-07-07 13:48:00,0.0
2014-07-07 13:49:00,0.0
2014-07-07 13:50:00,8.203780753523441e-47
2014-07-07 13:51:00,0.0999999999999659
2014-07-07 13:52:00,0.0
2014-07-07 13:53:00,0.0
2014-07-07 13:54:00,0.0
2014-07-07 13:55:00,6.124293295024289e-47
2014-07-07 13:56:00,0.09999999999985221
2014-07-07 13:57:00,0.10999999999989996
2014-07-07 13:58:00,0.0
2014-07-07 13:59:00,0.0
2014-07-07 14:00:00,0.0999999999999659
2014-07-07 14:01:00,0.0
2014-07-07 14:02:00,0.0
2014-07-07 14:03:00,3.8363928975532434e-47
2014-07-07 14:04:00,0.09999999999990905
2014-07-07 14:05:00,0.0
2014-07-07 14:06:00,3.2192020807916885e-47
2014-07-07 14:07:00,0.0999999999999659
2014-07-07 14:08:00,0.0
2014-07-07 14:09:00,0.1099999999999568
2014-07-07 14:10:00,0.09999999999990905
2014-07-07 14:11:00,0.10000000000002274
2014-07-07 14:12:00,0.0
2014-07-07 14:13:00,0.0
2014-07-07 14:14:00,0.299999999999784
2014-07-07 14:15:00,0.0
2014-07-07 14:16:00,1.1368683772161603e-13
2014-07-07 14:17:00,9.094947017729282e-13
2014-07-07 14:18:00,4.547473508864641e-13
2014-07-07 14:19:00,0.09999999999985221
2014-07-07 14:20:00,0.10999999999989996
2014-07-07 14:21:00,0.0
2014-07-07 14:22:00,0.0
2014-07-07 14:23:00,0.0
2014-07-07 14:24:00,0.0
2014-07-07 14:25:00,0.0
2014-07-07 14:26:00,0.09999999999985221
2014-07-07 14:27:00,0.09999999999979536
2014-07-07 14:28:00,0.0
2014-07-07 14:29:00,0.09999999999979536
2014-07-07 14:30:00,0.09999999999990905
2014-07-07 14:31:00,0.0
2014-07-07 14:32:00,0.2199999999997999
2014-07-07 14:33:00,0.0
2014-07-07 14:34:00,0.0
2014-07-07 14:35:00,0.0
2014-07-07 14:36:00,0.10999999999984311
2014-07-07 14:37:00,0.0
2014-07-07 14:38:00,0.0
2014-07-07 14:39:00,0.0
2014-07-07 14:40:00,0.10999999999984311
2014-07-07 14:41:00,0.0
2014-07-07 14:42:00,0.0
2014-07-07 14:43:00,0.0
2014-07-07 14:44:00,0.10999999999989996
2014-07-07 14:45:00,0.0
2014-07-07 14:46:00,0.0
2014-07-07 14:47:00,0.09999999999985221
2014-07-07 14:48:00,0.0
2014-07-07 14:49:00,0.19999999999998863
2014-07-07 14:50:00,0.0
2014-07-07 14:51:00,2.3180652772585402e-48
2014-07-07 14:52:00,0.0
2014-07-07 14:53:00,0.0
2014-07-07 14:54:00,0.0
2014-07-07 14:55:00,0.0
2014-07-07 14:56:00,0.0
2014-07-07 14:57:00,0.0
2014-07-07 14:58:00,0.0
2014-07-07 14:59:00,0.0
2014-07-07 15:00:00,1.3696233328166628e-48
2014-07-07 15:01:00,0.0
2014-07-07 15:02:00,0.0
2014-07-07 15:03:00,1.149281213015554e-48
2014-07-07 15:04:00,0.0
2014-07-07 15:05:00,0.1099999999999568
2014-07-07 15:06:00,0.0
2014-07-07 15:07:00,0.09999999999990905
2014-07-07 15:08:00,0.10000000000002274
2014-07-07 15:09:00,0.0
2014-07-07 15:10:00,0.0
2014-07-07 15:11:00,0.0
2014-07-07 15:12:00,0.1999999999999318
2014-07-07 15:13:00,0.0
2014-07-07 15:14:00,0.0
2014-07-07 15:15:00,0.0
2014-07-07 15:16:00,0.09999999999990905
2014-07-07 15:17:00,0.0
2014-07-07 15:18:00,0.0
2014-07-07 15:19:00,0.0
2014-07-07 15:20:00,0.09999999999990905
2014-07-07 15:21:00,0.0
2014-07-07 15:22:00,0.0
2014-07-07 15:23:00,0.0
2014-07-07 15:24:00,0.0
2014-07-07 15:25:00,0.0
2014-07-07 15:26:00,0.0
2014-07-07 15:27:00,0.0
2014-07-07 15:28:00,0.0
2014-07-07 15:29:00,0.10999999999978627
2014-07-07 15:30:00,0.0
2014-07-07 15:31:00,0.0
2014-07-07 15:32:00,0.09999999999990905
2014-07-07 15:33:00,0.0
2014-07-07 15:34:00,0.0
2014-07-07 15:35:00,0.0
2014-07-07 15:36:00,0.1999999999998181
2014-07-07 15:37:00,0.0
2014-07-07 15:38:00,0.09999999999985221
2014-07-07 15:39:00,0.09999999999990905
2014-07-07 15:40:00,0.0
2014-07-07 15:41:00,0.0
2014-07-07 15:42:00,0.0
2014-07-07 15:43:00,0.0
2014-07-07 15:44:00,0.0
2014-07-07 15:45:00,0.10999999999984311
2014-07-07 15:46:00,0.09999999999985221
2014-07-07 15:47:00,0.1999999999999318
2014-07-07 15:48:00,0.09999999999985221
2014-07-07 15:49:00,0.0
2014-07-07 15:50:00,0.0
2014-07-07 15:51:00,0.0
2014-07-07 15:52:00,0.0
2014-07-07 15:53:00,0.0
2014-07-07 15:54:00,0.0
2014-07-07 15:55:00,0.0
2014-07-07 15:56:00,0.0
2014-07-07 15:57:00,0.0
2014-07-07 15:58:00,0.0
2014-07-07 15:59:00,0.0
2014-07-07 16:00:00,0.0
2014-07-07 16:01:00,0.0
2014-07-07 16:02:00,0.0
2014-07-07 16:03:00,0.0
2014-07-07 16:04:00,3.247415982628161e-50
2014-07-07 16:05:00,0.10999999999989996
2014-07-07 16:06:00,0.1999999999999318
2014-07-07 16:07:00,0.0
2014-07-07 16:08:00,0.0
2014-07-07 16:09:00,0.0
2014-07-07 16:10:00,0.0
2014-07-07 16:11:00,0.0
2014-07-07 16:12:00,0.09999999999985221
2014-07-07 16:13:00,0.0
2014-07-07 16:14:00,0.0
2014-07-07 16:15:00,0.0
2014-07-07 16:16:00,0.0
2014-07-07 16:17:00,0.0
2014-07-07 16:18:00,0.0
2014-07-07 16:19:00,0.0
2014-07-07 16:20:00,0.0
2014-07-07 16:21:00,0.0
2014-07-07 16:22:00,0.10999999999984311
