2013-04-27 19:47:00,0.030047610536318988
2013-04-27 19:48:00,0.6980603106768459
2013-04-27 19:49:00,0.0
2013-04-27 19:50:00,0.2709986268795988
2013-04-27 19:51:00,0.008705530156610353
2013-04-27 19:52:00,0.7652910054895941
2013-04-27 19:53:00,0.5107080233926228
2013-04-27 19:54:00,0.7585184600906376
2013-04-27 19:55:00,0.15387705418977515
2013-04-27 19:56:00,0.3105272868691201
2013-04-27 19:57:00,0.0
2013-04-27 19:58:00,0.2379492730242128
2013-04-27 19:59:00,0.9266977764712488
2013-04-27 20:00:00,0.0
2013-04-27 20:01:00,0.9331432117826092
2013-04-27 20:02:00,0.43036132456982107
2013-04-27 20:03:00,0.39007694834322254
2013-04-27 20:04:00,0.0
2013-04-27 20:05:00,0.7732592569523291
2013-04-27 20:06:00,0.0
2013-04-27 20:07:00,0.8812828176332013
2013-04-27 20:08:00,0.0
2013-04-27 20:09:00,0.4543068278988204
2013-04-27 20:10:00,0.21040194333684448
2013-04-27 20:11:00,0.6330324410954334
2013-04-27 20:12:00,0.0
2013-04-27 20:13:00,0.4628809819542208
2013-04-27 20:14:00,0.4258211221080481
2013-04-27 20:15:00,0.4113195499250145
2013-04-27 20:16:00,0.5713103145560623
2013-04-27 20:17:00,0.0
2013-04-27 20:18:00,0.6716133001267439
2013-04-27 20:19:00,0.4724953592642158
2013-04-27 20:20:00,0.7663604336839266
2013-04-27 20:21:00,0.0
2013-04-27 20:22:00,0.8153644818348447
2013-04-27 20:23:00,0.15246577685348733
2013-04-27 20:24:00,0.10135165933452768
2013-04-27 20:25:00,0.5803248172335789
2013-04-27 20:26:00,0.4260734419155947
2013-04-27 20:27:00,0.3802106118672367
2013-04-27 20:28:00,0.22677882970300303
2013-04-27 20:29:00,0.1879328227873164
2013-04-27 20:30:00,0.2339508616904903
2013-04-27 20:31:00,0.5173168105560427
2013-04-27 20:32:00,0.2453825693608265
2013-04-27 20:33:00,0.6864111463513899
2013-04-27 20:34:00,0.0928881399086766
2013-04-27 20:35:00,0.09265753634980922
2013-04-27 20:36:00,0.5389370485777818
2013-04-27 20:37:00,0.5212864402834337
2013-04-27 20:38:00,0.1757027913304564
2013-04-27 20:39:00,0.0033886862852942072
2013-04-27 20:40:00,0.3342762452662673
2013-04-27 20:41:00,0.7205937785177203
2013-04-27 20:42:00,0.2430797735066925
2013-04-27 20:43:00,0.13295100958731054
2013-04-27 20:44:00,0.3827117880361518
2013-04-27 20:45:00,0.3401266961878702
2013-04-27 20:46:00,0.2932631130801435
2013-04-27 20:47:00,0.6616004953462337
2013-04-27 20:48:00,0.3128955941998457
2013-04-27 20:49:00,0.2931112135683459
2013-04-27 20:50:00,0.0
2013-04-27 20:51:00,0.6661213357677661
2013-04-27 20:52:00,0.0
2013-04-27 20:53:00,0.4838914198914581
2013-04-27 20:54:00,0.5478520141709117
2013-04-27 20:55:00,0.6487860044044336
2013-04-27 20:56:00,0.03653859227959555
2013-04-27 20:57:00,1.0926078318325314
2013-04-27 20:58:00,0.0698962699315091
2013-04-27 20:59:00,0.2606125032458442
2013-04-27 21:00:00,0.3933578830035344
2013-04-27 21:01:00,0.5443772334398367
2013-04-27 21:02:00,0.16443562571187909
2013-04-27 21:03:00,0.03642423357538671
2013-04-27 21:04:00,0.6675708363660886
2013-04-27 21:05:00,0.18768484649476214
2013-04-27 21:06:00,0.22317939765786032
2013-04-27 21:07:00,0.0
2013-04-27 21:08:00,0.6614379407744724
2013-04-27 21:09:00,0.0
2013-04-27 21:10:00,0.257875174145801
2013-04-27 21:11:00,0.020736379214564504
2013-04-27 21:12:00,0.57583068094908
2013-04-27 21:13:00,0.0
2013-04-27 21:14:00,0.9181813167073116
2013-04-27 21:15:00,0.0
2013-04-27 21:16:00,0.6052757553540309
2013-04-27 21:17:00,0.0
2013-04-27 21:18:00,0.7783656199354256
2013-04-27 21:19:00,0.0
2013-04-27 21:20:00,0.5769354379028434
2013-04-27 21:21:00,0.5805449310684452
2013-04-27 21:22:00,0.03927510693655245
2013-04-27 21:23:00,0.07567950545073965
2013-04-27 21:24:00,0.12730347353435895
2013-04-27 21:25:00,0.7040278603779602
2013-04-27 21:26:00,0.1470781057088058
2013-04-27 21:27:00,0.6524019705432894
2013-04-27 21:28:00,0.0
2013-04-27 21:29:00,1.0498377414361104
2013-04-27 21:30:00,0.4066659122411566
2013-04-27 21:31:00,0.0
2013-04-27 21:32:00,0.6111689947063879
2013-04-27 21:33:00,0.40061272415194615
2013-04-27 21:34:00,0.6630779707117911
2013-04-27 21:35:00,0.06161107535824172
2013-04-27 21:36:00,0.6220914725313886
2013-04-27 21:37:00,0.4813792460864146
2013-04-27 21:38:00,0.5885809969295586
2013-04-27 21:39:00,0.9661093567512178
2013-04-27 21:40:00,0.0
2013-04-27 21:41:00,0.915128669725187
2013-04-27 21:42:00,0.17764750932500922
2013-04-27 21:43:00,0.15182944622426675
2013-04-27 21:44:00,0.5812467293111265
2013-04-27 21:45:00,0.6613830638307101
2013-04-27 21:46:00,0.1343924138041619
2013-04-27 21:47:00,0.15991477362277207
2013-04-27 21:48:00,0.41766616175381055
2013-04-27 21:49:00,0.33141113347529744
2013-04-27 21:50:00,0.32899225877055394
2013-04-27 21:51:00,0.12893495147059242
2013-04-27 21:52:00,0.2616037406740457
2013-04-27 21:53:00,0.5547459270822392
2013-04-27 21:54:00,0.07688748634569209
2013-04-27 21:55:00,0.6130302968870961
2013-04-27 21:56:00,0.0
2013-04-27 21:57:00,0.4937976172625537
2013-04-27 21:58:00,0.27054808460399554
2013-04-27 21:59:00,0.05715705837811491
2013-04-27 22:00:00,0.7053987853375766
2013-04-27 22:01:00,0.1971778205295569
2013-04-27 22:02:00,0.392586205393398
2013-04-27 22:03:00,0.6441955299685336
2013-04-27 22:04:00,0.16930605665824427
2013-04-27 22:05:00,0.36349843164366935
2013-04-27 22:06:00,0.6135292197025362
2013-04-27 22:07:00,0.0
2013-04-27 22:08:00,0.5427334820224672
2013-04-27 22:09:00,0.07004270118498979
2013-04-27 22:10:00,0.5267885078500046
2013-04-27 22:11:00,0.14511443433683313
2013-04-27 22:12:00,0.6190111740890047
2013-04-27 22:13:00,0.31513997035198305
2013-04-27 22:14:00,0.4245627712745581
2013-04-27 22:15:00,0.5640192833892018
2013-04-27 22:16:00,0.1841015760166918
2013-04-27 22:17:00,0.5476265142582626
2013-04-27 22:18:00,0.1852231751309082
2013-04-27 22:19:00,0.5931855116587874
2013-04-27 22:20:00,0.7751320097421132
2013-04-27 22:21:00,0.0
2013-04-27 22:22:00,0.4905003841053236
2013-04-27 22:23:00,0.0
2013-04-27 22:24:00,0.9024206907210129
2013-04-27 22:25:00,0.0
2013-04-27 22:26:00,1.0084895990416374
2013-04-27 22:27:00,0.7420248842439223
2013-04-27 22:28:00,0.0
2013-04-27 22:29:00,0.7479339125218858
2013-04-27 22:30:00,0.43427860534886775
2013-04-27 22:31:00,0.31485414467840195
2013-04-27 22:32:00,0.4183246030834437
2013-04-27 22:33:00,0.5458552345834601
2013-04-27 22:34:00,0.5420761189108474
2013-04-27 22:35:00,0.2663829618536161
2013-04-27 22:36:00,0.4942687438536052
2013-04-27 22:37:00,0.8911938501985105
2013-04-27 22:38:00,0.3437635378779612
2013-04-27 22:39:00,0.19027302630462228
2013-04-27 22:40:00,0.15954620930798696
2013-04-27 22:41:00,0.4697198788957149
2013-04-27 22:42:00,0.4005944876245977
2013-04-27 22:43:00,0.28818098115607865
2013-04-27 22:44:00,0.13831541773626532
2013-04-27 22:45:00,0.4251160321162921
2013-04-27 22:46:00,0.2970596657459317
2013-04-27 22:47:00,0.01368619534752713
2013-04-27 22:48:00,0.8201849859033294
2013-04-27 22:49:00,0.04171657061727374
2013-04-27 22:50:00,0.6431797502473223
2013-04-27 22:51:00,0.4252683147290071
2013-04-27 22:52:00,0.3972587086499293
2013-04-27 22:53:00,0.04389213193369468
2013-04-27 22:54:00,1.0394975166467504
2013-04-27 22:55:00,0.20168870660233074
2013-04-27 22:56:00,0.31029562807076044
2013-04-27 22:57:00,0.24531128277124506
2013-04-27 22:58:00,0.08429155459003645
2013-04-27 22:59:00,0.6553805292406792
2013-04-27 23:00:00,0.5098881040895868
2013-04-27 23:01:00,0.17884534520712034
2013-04-27 23:02:00,0.4957235014475002
2013-04-27 23:03:00,0.2310056426655697
2013-04-27 23:04:00,0.8899085055367848
2013-04-27 23:05:00,0.0
2013-04-27 23:06:00,0.8995260697391716
2013-04-27 23:07:00,0.4569212459237638
2013-04-27 23:08:00,0.2152443247637472
2013-04-27 23:09:00,1.154449652770936
2013-04-27 23:10:00,0.0
2013-04-27 23:11:00,0.3409156553420567
2013-04-27 23:12:00,0.9245708448743604
2013-04-27 23:13:00,0.7719306746582488
2013-04-27 23:14:00,0.24582854404606724
2013-04-27 23:15:00,0.0
2013-04-27 23:16:00,0.2262522204768763
2013-04-27 23:17:00,0.6419417333211046
2013-04-27 23:18:00,0.18739374275526746
2013-04-27 23:19:00,0.8667928710259912
2013-04-27 23:20:00,0.0
2013-04-27 23:21:00,0.7445314968813743
2013-04-27 23:22:00,0.5411543172574453
2013-04-27 23:23:00,0.40231178733181416
2013-04-27 23:24:00,0.3029091836627018
2013-04-27 23:25:00,0.13978519733471922
2013-04-27 23:26:00,0.4514858521289482
2013-04-27 23:27:00,0.09197774873094744
2013-04-27 23:28:00,0.4389779046918942
2013-04-27 23:29:00,0.5977986201284882
2013-04-27 23:30:00,0.3638386657145232
2013-04-27 23:31:00,0.7416812433690387
2013-04-27 23:32:00,0.041767714910672334
2013-04-27 23:33:00,0.5577740071979187
2013-04-27 23:34:00,0.0
2013-04-27 23:35:00,0.5600576938477221
2013-04-27 23:36:00,0.4532052266424426
2013-04-27 23:37:00,0.4547322393993225
2013-04-27 23:38:00,0.19491984991430444
2013-04-27 23:39:00,0.9320871188632588
2013-04-27 23:40:00,0.32617896892273435
2013-04-27 23:41:00,0.6927036612733183
2013-04-27 23:42:00,0.0
2013-04-27 23:43:00,0.4051864231354165
2013-04-27 23:44:00,0.40520254812713774
2013-04-27 23:45:00,0.6123373863843986
2013-04-27 23:46:00,0.13347669654566718
2013-04-27 23:47:00,0.8826689078077591
2013-04-27 23:48:00,0.5639712928150019
2013-04-27 23:49:00,0.0
2013-04-27 23:50:00,0.24151607917381165
2013-04-27 23:51:00,0.5169830847829089
2013-04-27 23:52:00,0.40682428317134056
2013-04-27 23:53:00,0.7537680110943683
2013-04-27 23:54:00,0.0
2013-04-27 23:55:00,1.0371642950845916
2013-04-27 23:56:00,0.25208423909885835
2013-04-27 23:57:00,0.5487089344682177
2013-04-27 23:58:00,0.054939390562614536
2013-04-27 23:59:00,0.15816346056911426
2013-04-28 00:00:00,0.5443594740132631
2013-04-28 00:01:00,0.936217059434886
2013-04-28 00:02:00,0.3135784422501877
2013-04-28 00:03:00,0.4539777848055808
2013-04-28 00:04:00,0.2870146745654807
2013-04-28 00:05:00,1.0379815922434863
2013-04-28 00:06:00,0.0
2013-04-28 00:07:00,0.8541364472533348
2013-04-28 00:08:00,0.3410778248041841
2013-04-28 00:09:00,0.5454072705484119
2013-04-28 00:10:00,0.07151030420392435
2013-04-28 00:11:00,0.7988607449678771
2013-04-28 00:12:00,0.07265381467553911
2013-04-28 00:13:00,0.2625692082750099
2013-04-28 00:14:00,0.15330987020646605
2013-04-28 00:15:00,0.5906285320241595
2013-04-28 00:16:00,0.8730551707618474
2013-04-28 00:17:00,0.0
2013-04-28 00:18:00,0.1711859569844707
2013-04-28 00:19:00,0.22463750756198608
2013-04-28 00:20:00,0.6097192706327317
2013-04-28 00:21:00,0.2856794202921916
2013-04-28 00:22:00,0.0
2013-04-28 00:23:00,0.4823967958663878
2013-04-28 00:24:00,0.4549947179174015
2013-04-28 00:25:00,0.24044460550151905
2013-04-28 00:26:00,0.3155742939911332
2013-04-28 00:27:00,0.7444490788810483
2013-04-28 00:28:00,0.0
2013-04-28 00:29:00,0.2523698277746479
2013-04-28 00:30:00,1.0916959008987717
2013-04-28 00:31:00,0.0
2013-04-28 00:32:00,0.687109321608876
2013-04-28 00:33:00,0.019880361406847014
2013-04-28 00:34:00,0.5256859942943142
2013-04-28 00:35:00,1.0226529646106517
2013-04-28 00:36:00,0.0
2013-04-28 00:37:00,0.2345727526421553
2013-04-28 00:38:00,0.5749819111727046
2013-04-28 00:39:00,0.5476627304212229
2013-04-28 00:40:00,0.0
2013-04-28 00:41:00,0.2839385555023393
2013-04-28 00:42:00,0.4856804179139304
2013-04-28 00:43:00,0.6272283565545622
2013-04-28 00:44:00,0.3034258438264081
2013-04-28 00:45:00,0.0
2013-04-28 00:46:00,0.4729855899478307
2013-04-28 00:47:00,0.476524090756267
2013-04-28 00:48:00,0.0
2013-04-28 00:49:00,0.6633322284249168
2013-04-28 00:50:00,0.11761726950836215
2013-04-28 00:51:00,0.2857695942359651
2013-04-28 00:52:00,0.2610116684161947
2013-04-28 00:53:00,0.7448830111355162
2013-04-28 00:54:00,0.5082292712111292
2013-04-28 00:55:00,0.5051555297468973
2013-04-28 00:56:00,0.1444019327711612
2013-04-28 00:57:00,0.5041088464453387
2013-04-28 00:58:00,0.4134466050715698
2013-04-28 00:59:00,0.7124836456644862
2013-04-28 01:00:00,0.0
2013-04-28 01:01:00,0.4813433061401634
2013-04-28 01:02:00,0.06689354587571916
2013-04-28 01:03:00,0.5321830173850837
2013-04-28 01:04:00,0.015100942722053534
2013-04-28 01:05:00,0.8515357960593736
2013-04-28 01:06:00,0.0
2013-04-28 01:07:00,0.3301216229021056
2013-04-28 01:08:00,0.812662424562013
2013-04-28 01:09:00,0.4045041329913324
2013-04-28 01:10:00,0.3743749780290391
2013-04-28 01:11:00,0.3802797814670733
2013-04-28 01:12:00,0.11777674003948335
2013-04-28 01:13:00,0.6064073593841315
2013-04-28 01:14:00,0.0
2013-04-28 01:15:00,0.8572009188197474
2013-04-28 01:16:00,0.36287274070783737
2013-04-28 01:17:00,0.6545380653863041
2013-04-28 01:18:00,0.03769118963801499
2013-04-28 01:19:00,1.027454336255682
2013-04-28 01:20:00,0.0
2013-04-28 01:21:00,1.021209018458332
2013-04-28 01:22:00,0.0
2013-04-28 01:23:00,0.8625950628128579
2013-04-28 01:24:00,0.9885245856383996
2013-04-28 01:25:00,0.8276857049867978
2013-04-28 01:26:00,0.4521159618361174
2013-04-28 01:27:00,0.6176676103702607
2013-04-28 01:28:00,0.3084247526065177
2013-04-28 01:29:00,0.4944735218887715
2013-04-28 01:30:00,0.038199561970947205
2013-04-28 01:31:00,0.5589298554202582
2013-04-28 01:32:00,0.025457238079829247
2013-04-28 01:33:00,0.6960655679811519
2013-04-28 01:34:00,0.5248928239584153
2013-04-28 01:35:00,0.8866485792052999
2013-04-28 01:36:00,0.0
2013-04-28 01:37:00,0.4248492283151781
2013-04-28 01:38:00,0.3882667252884879
2013-04-28 01:39:00,0.5624971647354585
2013-04-28 01:40:00,0.3337716806427641
2013-04-28 01:41:00,0.6197762377746353
2013-04-28 01:42:00,0.3879826584522045
2013-04-28 01:43:00,0.9300494623627524
2013-04-28 01:44:00,0.4404682049650112
2013-04-28 01:45:00,0.6154557952708678
2013-04-28 01:46:00,0.4141716335659384
2013-04-28 01:47:00,0.08650308234575588
2013-04-28 01:48:00,0.6122638818562973
2013-04-28 01:49:00,0.3085609579564125
2013-04-28 01:50:00,0.018644515876466868
2013-04-28 01:51:00,0.11642416753203184
2013-04-28 01:52:00,0.8342907309966916
2013-04-28 01:53:00,0.9650565517915116
2013-04-28 01:54:00,0.08218489008905516
2013-04-28 01:55:00,0.8055012814134981
2013-04-28 01:56:00,0.0
2013-04-28 01:57:00,0.7678567996738399
2013-04-28 01:58:00,0.6528869953960673
2013-04-28 01:59:00,0.16923465589074227
2013-04-28 02:00:00,0.12235814245368865
2013-04-28 02:01:00,0.4217930056326712
2013-04-28 02:02:00,0.3451318113160383
2013-04-28 02:03:00,0.0
2013-04-28 02:04:00,0.32963531478626323
2013-04-28 02:05:00,0.023760851655310056
2013-04-28 02:06:00,0.5386320328991396
2013-04-28 02:07:00,0.5538960338581486
2013-04-28 02:08:00,0.012726571495715877
2013-04-28 02:09:00,0.7631905548177581
2013-04-28 02:10:00,0.4954857443953624
2013-04-28 02:11:00,0.40837735158041605
2013-04-28 02:12:00,0.599355970785356
2013-04-28 02:13:00,0.1588044710527387
2013-04-28 02:14:00,1.0698580566833131
2013-04-28 02:15:00,0.0
2013-04-28 02:16:00,0.6387083763742079
2013-04-28 02:17:00,0.07346111700822111
2013-04-28 02:18:00,1.404955576505191
2013-04-28 02:19:00,0.0
2013-04-28 02:20:00,1.0429669612680512
2013-04-28 02:21:00,0.26382643932168226
2013-04-28 02:22:00,0.3490341265956535
2013-04-28 02:23:00,0.3975059276274031
2013-04-28 02:24:00,0.494763880649736
2013-04-28 02:25:00,0.05442959521140733
2013-04-28 02:26:00,0.2677934497586673
2013-04-28 02:27:00,0.7219556206284947
2013-04-28 02:28:00,0.0
2013-04-28 02:29:00,0.5288572849994857
2013-04-28 02:30:00,0.20784687375869776
2013-04-28 02:31:00,0.4145394705066813
2013-04-28 02:32:00,0.05843435415336251
2013-04-28 02:33:00,0.14708875253499215
2013-04-28 02:34:00,0.4033998870634484
2013-04-28 02:35:00,0.7467022661769597
2013-04-28 02:36:00,0.2655710204736268
2013-04-28 02:37:00,0.4539866632267896
2013-04-28 02:38:00,0.30725221426772514
2013-04-28 02:39:00,0.4532906491456034
2013-04-28 02:40:00,0.5766934338170447
2013-04-28 02:41:00,0.0043262951131461955
2013-04-28 02:42:00,0.28000112561603896
2013-04-28 02:43:00,0.6959711933011339
2013-04-28 02:44:00,0.1397397294094676
2013-04-28 02:45:00,0.5558760264996842
2013-04-28 02:46:00,0.41417610343525796
2013-04-28 02:47:00,0.7901221717081779
2013-04-28 02:48:00,0.4253175894469983
2013-04-28 02:49:00,0.3885539122241517
2013-04-28 02:50:00,0.0
2013-04-28 02:51:00,0.7516020596453608
2013-04-28 02:52:00,0.4018241575907896
2013-04-28 02:53:00,0.8661066959044077
2013-04-28 02:54:00,0.2720938629034758
2013-04-28 02:55:00,0.6323576039295116
2013-04-28 02:56:00,0.0
2013-04-28 02:57:00,0.4734362732652859
2013-04-28 02:58:00,0.8496522975966958
2013-04-28 02:59:00,0.06367239186465468
2013-04-28 03:00:00,0.20213272330183674
2013-04-28 03:01:00,0.17368170362081636
2013-04-28 03:02:00,0.6670716955448392
2013-04-28 03:03:00,1.1614063887512371
2013-04-28 03:04:00,0.2412446140918443
2013-04-28 03:05:00,0.3978049605616315
2013-04-28 03:06:00,0.6042408936164757
2013-04-28 03:07:00,0.5572521135181459
2013-04-28 03:08:00,0.7302384590415842
2013-04-28 03:09:00,0.5438544143585434
2013-04-28 03:10:00,0.11088005928497996
2013-04-28 03:11:00,0.20651011765841654
2013-04-28 03:12:00,1.2704685101625592
2013-04-28 03:13:00,0.528341458943018
2013-04-28 03:14:00,0.6797822900361988
2013-04-28 03:15:00,0.14339101422594858
2013-04-28 03:16:00,0.4081185669627127
2013-04-28 03:17:00,0.951524910123438
2013-04-28 03:18:00,0.6877723282351342
2013-04-28 03:19:00,0.15761127866611813
2013-04-28 03:20:00,0.12148472880836185
2013-04-28 03:21:00,0.6281522232984975
2013-04-28 03:22:00,0.038575460288795334
2013-04-28 03:23:00,0.1492333449039147
2013-04-28 03:24:00,0.07891910430678463
2013-04-28 03:25:00,0.19988692394106092
2013-04-28 03:26:00,0.6895378823461531
2013-04-28 03:27:00,0.6453373377274059
2013-04-28 03:28:00,0.27437491212130705
2013-04-28 03:29:00,0.9593230390737756
2013-04-28 03:30:00,0.11218418321515622
2013-04-28 03:31:00,0.8978366806809097
2013-04-28 03:32:00,0.050171300434903365
2013-04-28 03:33:00,0.15049931972250025
2013-04-28 03:34:00,1.1003289743215698
2013-04-28 03:35:00,0.1457302195898702
2013-04-28 03:36:00,0.19250815471688695
2013-04-28 03:37:00,0.2579112500570094
2013-04-28 03:38:00,0.4494088907385928
2013-04-28 03:39:00,0.6948536031416264
2013-04-28 03:40:00,0.10093827589908576
2013-04-28 03:41:00,0.8162428825260917
2013-04-28 03:42:00,0.5144327272801272
2013-04-28 03:43:00,0.2113071641196209
2013-04-28 03:44:00,0.2963792680330893
2013-04-28 03:45:00,0.17927327474790078
2013-04-28 03:46:00,0.27711468925790805
2013-04-28 03:47:00,0.3695007185464823
2013-04-28 03:48:00,0.5880375105433958
2013-04-28 03:49:00,0.0
2013-04-28 03:50:00,0.7369507471655993
2013-04-28 03:51:00,0.0
2013-04-28 03:52:00,0.6841023076159106
2013-04-28 03:53:00,0.2624164821318254
2013-04-28 03:54:00,0.8838179306849693
2013-04-28 03:55:00,0.517210596070562
2013-04-28 03:56:00,0.6614948864823964
2013-04-28 03:57:00,0.38157899149838265
2013-04-28 03:58:00,0.9241966736265737
2013-04-28 03:59:00,0.3793185447484739
2013-04-28 04:00:00,0.9568766465972356
2013-04-28 04:01:00,0.5735669708533032
2013-04-28 04:02:00,0.14122146762537954
2013-04-28 04:03:00,0.4457233014052188
2013-04-28 04:04:00,0.28534321077636154
2013-04-28 04:05:00,0.8956347673922465
2013-04-28 04:06:00,0.0
2013-04-28 04:07:00,0.3279165549027384
2013-04-28 04:08:00,0.0
2013-04-28 04:09:00,0.2974502562270123
2013-04-28 04:10:00,0.3568706818617801
2013-04-28 04:11:00,0.907917193811434
2013-04-28 04:12:00,0.5420961254504105
2013-04-28 04:13:00,0.4404014364681794
2013-04-28 04:14:00,0.15422468251810728
2013-04-28 04:15:00,0.40375963512794016
2013-04-28 04:16:00,0.4169882084395834
2013-04-28 04:17:00,1.3158892278084016
2013-04-28 04:18:00,0.241264497003721
2013-04-28 04:19:00,0.07286037272372536
2013-04-28 04:20:00,0.6883200876001487
2013-04-28 04:21:00,0.1702801359628574
2013-04-28 04:22:00,0.4786148435806006
2013-04-28 04:23:00,0.7669071545651218
2013-04-28 04:24:00,0.0
2013-04-28 04:25:00,0.7258760637739641
2013-04-28 04:26:00,0.0
2013-04-28 04:27:00,1.0181158986024466
2013-04-28 04:28:00,0.6206045930080317
2013-04-28 04:29:00,0.4892303449657059
2013-04-28 04:30:00,0.5096587833366636
2013-04-28 04:31:00,0.35800743108753025
2013-04-28 04:32:00,0.4749127458092826
2013-04-28 04:33:00,0.7885534044457688
2013-04-28 04:34:00,0.4061143123508909
2013-04-28 04:35:00,0.3894073028732423
2013-04-28 04:36:00,0.33600542423806545
2013-04-28 04:37:00,0.507765779585488
2013-04-28 04:38:00,0.8990924455963901
2013-04-28 04:39:00,0.32328233023937386
2013-04-28 04:40:00,0.5810177554032657
2013-04-28 04:41:00,0.28614376111028705
2013-04-28 04:42:00,0.3135561203036321
2013-04-28 04:43:00,0.9894191785119504
2013-04-28 04:44:00,0.2298208365323044
2013-04-28 04:45:00,0.1408275575168746
2013-04-28 04:46:00,1.0237932479943876
2013-04-28 04:47:00,0.0
2013-04-28 04:48:00,0.9018981931548692
2013-04-28 04:49:00,0.044233623724687976
2013-04-28 04:50:00,0.3364900229095008
2013-04-28 04:51:00,0.43672174705806377
2013-04-28 04:52:00,1.3367075186893986
2013-04-28 04:53:00,0.0
2013-04-28 04:54:00,0.2784195446231976
2013-04-28 04:55:00,0.2867854444266803
2013-04-28 04:56:00,0.12844119601835924
2013-04-28 04:57:00,0.6216731623886274
2013-04-28 04:58:00,0.14083582844507592
2013-04-28 04:59:00,0.2542302241460831
2013-04-28 05:00:00,0.3215936530863652
2013-04-28 05:01:00,0.7089340271924373
2013-04-28 05:02:00,0.4439825798804611
2013-04-28 05:03:00,0.2013390465742942
2013-04-28 05:04:00,0.8311830343437726
2013-04-28 05:05:00,0.0
2013-04-28 05:06:00,0.9738814218570262
2013-04-28 05:07:00,0.0
2013-04-28 05:08:00,0.7387030140684815
2013-04-28 05:09:00,0.207286357160308
2013-04-28 05:10:00,0.5310519079783996
2013-04-28 05:11:00,0.3380968453654287
2013-04-28 05:12:00,0.12859312021928074
2013-04-28 05:13:00,0.7573110157366749
2013-04-28 05:14:00,0.2755214634382008
2013-04-28 05:15:00,0.8408117341484933
2013-04-28 05:16:00,0.0
2013-04-28 05:17:00,0.8595549079295854
2013-04-28 05:18:00,0.17628045912010515
2013-04-28 05:19:00,1.1022942517034904
2013-04-28 05:20:00,0.32250470491404765
2013-04-28 05:21:00,0.9513706569795608
2013-04-28 05:22:00,0.0
2013-04-28 05:23:00,1.1449360480177044
2013-04-28 05:24:00,0.04720575635574553
2013-04-28 05:25:00,0.6846175127347185
2013-04-28 05:26:00,0.2912664756685276
2013-04-28 05:27:00,0.3731652664103339
2013-04-28 05:28:00,0.5167981684598534
2013-04-28 05:29:00,0.8415717101130786
2013-04-28 05:30:00,0.43840533258322
2013-04-28 05:31:00,0.0
2013-04-28 05:32:00,0.7055347922765682
2013-04-28 05:33:00,0.3368081381810647
2013-04-28 05:34:00,0.8366425397349575
2013-04-28 05:35:00,0.08063277780000577
2013-04-28 05:36:00,1.0989616014008243
2013-04-28 05:37:00,0.0
2013-04-28 05:38:00,1.0839807944921145
2013-04-28 05:39:00,0.0
2013-04-28 05:40:00,1.398986157164548
2013-04-28 05:41:00,0.0
2013-04-28 05:42:00,0.20238507250821164
2013-04-28 05:43:00,0.28646729891083084
2013-04-28 05:44:00,1.0171292234287614
2013-04-28 05:45:00,0.0
2013-04-28 05:46:00,0.5430683358245028
2013-04-28 05:47:00,0.16090421088036974
2013-04-28 05:48:00,0.8837757024836845
2013-04-28 05:49:00,0.5556415549621421
2013-04-28 05:50:00,0.4971242589719057
2013-04-28 05:51:00,0.0
2013-04-28 05:52:00,0.31888203201382576
2013-04-28 05:53:00,0.5530653776427031
2013-04-28 05:54:00,0.07174840909692047
2013-04-28 05:55:00,0.3985313369507018
2013-04-28 05:56:00,0.9500070573848568
2013-04-28 05:57:00,0.11090710365293266
2013-04-28 05:58:00,0.522762406789802
2013-04-28 05:59:00,0.1519729704908614
2013-04-28 06:00:00,0.5732664727386079
2013-04-28 06:01:00,0.0
2013-04-28 06:02:00,0.7769482246394549
2013-04-28 06:03:00,0.2488989821022881
2013-04-28 06:04:00,0.4719416634055959
2013-04-28 06:05:00,0.13885674710454554
2013-04-28 06:06:00,0.7750978299932985
2013-04-28 06:07:00,0.4132429376628429
2013-04-28 06:08:00,0.4255195800054824
2013-04-28 06:09:00,0.15645255818546586
2013-04-28 06:10:00,0.5905419568261131
2013-04-28 06:11:00,0.3701105914049229
2013-04-28 06:12:00,0.10948252274326707
2013-04-28 06:13:00,0.6643163420444511
2013-04-28 06:14:00,0.6596146654435704
2013-04-28 06:15:00,0.2386763904744471
2013-04-28 06:16:00,0.6140821202948287
2013-04-28 06:17:00,0.0
2013-04-28 06:18:00,0.5299898783982729
2013-04-28 06:19:00,0.5490829571951833
2013-04-28 06:20:00,0.05591511230311641
2013-04-28 06:21:00,0.7510879244383826
2013-04-28 06:22:00,0.0
2013-04-28 06:23:00,1.5094355882265202
2013-04-28 06:24:00,0.2068572435264796
2013-04-28 06:25:00,0.5313022782223443
2013-04-28 06:26:00,0.6044584674881297
2013-04-28 06:27:00,0.3816191723399467
2013-04-28 06:28:00,0.6743844195361159
2013-04-28 06:29:00,0.4246696731246311
2013-04-28 06:30:00,0.5996504973340644
2013-04-28 06:31:00,0.3691016572577107
2013-04-28 06:32:00,0.95647163284255
2013-04-28 06:33:00,0.0
2013-04-28 06:34:00,0.5912472380700978
2013-04-28 06:35:00,0.4050543552731923
2013-04-28 06:36:00,0.16189187892476836
2013-04-28 06:37:00,0.5458887635504306
2013-04-28 06:38:00,0.3931315950286845
2013-04-28 06:39:00,0.29868322306987266
2013-04-28 06:40:00,0.8535682475071321
2013-04-28 06:41:00,0.031321569437671615
2013-04-28 06:42:00,1.0067183528967711
2013-04-28 06:43:00,0.15196321135228166
2013-04-28 06:44:00,0.4176126006813221
2013-04-28 06:45:00,0.19420349634279452
2013-04-28 06:46:00,0.4066627957451407
2013-04-28 06:47:00,0.4011488793779401
2013-04-28 06:48:00,0.5446981625192365
2013-04-28 06:49:00,0.3613789698388282
2013-04-28 06:50:00,0.370669961093264
2013-04-28 06:51:00,0.27094061559123617
2013-04-28 06:52:00,0.6935442971693626
2013-04-28 06:53:00,0.22970831466798075
2013-04-28 06:54:00,0.012567735156981952
2013-04-28 06:55:00,0.5733697128120203
2013-04-28 06:56:00,0.21020680587384
2013-04-28 06:57:00,0.7432541553575416
2013-04-28 06:58:00,0.006967354296794737
2013-04-28 06:59:00,0.7404638955906622
2013-04-28 07:00:00,0.3969140367598885
2013-04-28 07:01:00,0.4702994698937552
2013-04-28 07:02:00,0.0
2013-04-28 07:03:00,1.1743768326758706
2013-04-28 07:04:00,0.29452839568836525
2013-04-28 07:05:00,0.400901914230692
2013-04-28 07:06:00,0.4207597168656539
2013-04-28 07:07:00,0.12917918618449795
2013-04-28 07:08:00,0.7685122515792506
2013-04-28 07:09:00,0.08655115119565826
2013-04-28 07:10:00,0.41712317721924347
2013-04-28 07:11:00,0.03824190930702986
2013-04-28 07:12:00,0.9504686453599059
2013-04-28 07:13:00,0.4828506848088467
2013-04-28 07:14:00,0.15747791177909876
2013-04-28 07:15:00,0.1211631694663593
2013-04-28 07:16:00,0.9591458171605044
2013-04-28 07:17:00,0.031235705762225008
2013-04-28 07:18:00,0.3998490614435963
2013-04-28 07:19:00,0.05267575437286709
2013-04-28 07:20:00,0.7148076051982122
2013-04-28 07:21:00,0.22376147749357503
2013-04-28 07:22:00,0.1985593198130393
2013-04-28 07:23:00,0.9161740788961544
2013-04-28 07:24:00,0.0221067665945327
2013-04-28 07:25:00,1.1235874589874562
2013-04-28 07:26:00,0.31066335262093736
2013-04-28 07:27:00,0.9903188850730752
2013-04-28 07:28:00,0.329533491844894
2013-04-28 07:29:00,0.2465931960013217
2013-04-28 07:30:00,0.3048897000424839
2013-04-28 07:31:00,0.19105218454257786
2013-04-28 07:32:00,0.8778897640733879
2013-04-28 07:33:00,0.7397999362722738
2013-04-28 07:34:00,0.0
2013-04-28 07:35:00,0.11005892834146597
2013-04-28 07:36:00,0.7239514965055389
2013-04-28 07:37:00,0.4587008170722036
2013-04-28 07:38:00,0.02762234250012641
2013-04-28 07:39:00,0.8352795941120105
2013-04-28 07:40:00,0.0
2013-04-28 07:41:00,1.324540159789581
2013-04-28 07:42:00,0.0
2013-04-28 07:43:00,0.7804403366787195
2013-04-28 07:44:00,0.3149347188634894
2013-04-28 07:45:00,0.2269488630116681
2013-04-28 07:46:00,0.7308423082003016
2013-04-28 07:47:00,0.3678501432604159
2013-04-28 07:48:00,0.9648816515694968
2013-04-28 07:49:00,0.13760314965605136
2013-04-28 07:50:00,0.7192712716051617
2013-04-28 07:51:00,0.2181731247887436
2013-04-28 07:52:00,0.5771191920197326
2013-04-28 07:53:00,0.11304787916954627
2013-04-28 07:54:00,0.9507383860310108
2013-04-28 07:55:00,0.5376269298299741
2013-04-28 07:56:00,0.0
2013-04-28 07:57:00,0.2381686997546311
2013-04-28 07:58:00,0.3728243148500105
2013-04-28 07:59:00,0.5570792189462337
2013-04-28 08:00:00,0.009593048317182551
2013-04-28 08:01:00,0.8086998337899239
2013-04-28 08:02:00,1.0628026186037598
2013-04-28 08:03:00,0.0
2013-04-28 08:04:00,0.9465598809020868
2013-04-28 08:05:00,0.0
2013-04-28 08:06:00,0.5951154968589696
2013-04-28 08:07:00,0.06937069661100881
2013-04-28 08:08:00,0.7004503451601259
2013-04-28 08:09:00,0.16944475368884815
2013-04-28 08:10:00,0.5103131545488521
2013-04-28 08:11:00,0.0
2013-04-28 08:12:00,0.6226755791285625
2013-04-28 08:13:00,0.6426951464619199
2013-04-28 08:14:00,0.8306545029050354
2013-04-28 08:15:00,0.0
2013-04-28 08:16:00,0.9005548058819787
2013-04-28 08:17:00,0.0
2013-04-28 08:18:00,0.2182584191965784
2013-04-28 08:19:00,0.5891300000714561
2013-04-28 08:20:00,0.09001264562378998
2013-04-28 08:21:00,0.7759777665893903
2013-04-28 08:22:00,0.3772680541634898
2013-04-28 08:23:00,0.2933031954788053
2013-04-28 08:24:00,0.4320699936066342
2013-04-28 08:25:00,0.6180200777908088
2013-04-28 08:26:00,0.6363165335380593
2013-04-28 08:27:00,0.6613711585394597
2013-04-28 08:28:00,0.3285643093132227
2013-04-28 08:29:00,0.0
2013-04-28 08:30:00,0.5340418803402077
2013-04-28 08:31:00,0.8489283058505488
2013-04-28 08:32:00,0.2451753571546095
2013-04-28 08:33:00,0.7656331204997611
2013-04-28 08:34:00,0.6923373118474192
2013-04-28 08:35:00,1.1132970861934461
2013-04-28 08:36:00,0.3401557143281841
2013-04-28 08:37:00,0.38184383321806536
2013-04-28 08:38:00,0.4772818394723754
2013-04-28 08:39:00,0.0
2013-04-28 08:40:00,1.0475926012173609
2013-04-28 08:41:00,0.3688704724005168
2013-04-28 08:42:00,0.34309364427690164
2013-04-28 08:43:00,0.6909121429607147
2013-04-28 08:44:00,0.0
2013-04-28 08:45:00,0.5942012174704284
2013-04-28 08:46:00,0.5191691629243876
2013-04-28 08:47:00,0.4634162339170046
2013-04-28 08:48:00,0.6618169525563639
2013-04-28 08:49:00,0.3528506985088394
2013-04-28 08:50:00,0.6057106117626879
2013-04-28 08:51:00,0.11704679015802633
2013-04-28 08:52:00,0.6132281851718937
2013-04-28 08:53:00,0.4138222592680961
2013-04-28 08:54:00,1.138855871655149
2013-04-28 08:55:00,0.0
2013-04-28 08:56:00,1.1892178084135916
2013-04-28 08:57:00,0.0
2013-04-28 08:58:00,0.6517699507981349
2013-04-28 08:59:00,0.0
2013-04-28 09:00:00,0.397185215288373
2013-04-28 09:01:00,0.7252771547999928
2013-04-28 09:02:00,0.16640000266823668
2013-04-28 09:03:00,0.4542423576381505
2013-04-28 09:04:00,0.018085566539046586
2013-04-28 09:05:00,0.638811848934381
2013-04-28 09:06:00,0.0
2013-04-28 09:07:00,0.604829918999196
2013-04-28 09:08:00,0.6531174899380884
2013-04-28 09:09:00,0.11641488676594995
2013-04-28 09:10:00,0.6937321237163195
2013-04-28 09:11:00,0.2717481242752545
2013-04-28 09:12:00,0.3265067405073209
2013-04-28 09:13:00,0.8372154907586978
2013-04-28 09:14:00,0.06343841876946121
2013-04-28 09:15:00,0.08469210615108602
2013-04-28 09:16:00,0.41980156901885457
2013-04-28 09:17:00,0.5445318016176951
2013-04-28 09:18:00,0.7125866197546039
2013-04-28 09:19:00,0.22566675282486026
2013-04-28 09:20:00,0.8111379555783245
2013-04-28 09:21:00,0.1171824269491908
2013-04-28 09:22:00,0.23554272638298585
2013-04-28 09:23:00,0.6782719895765646
2013-04-28 09:24:00,0.7580857000326251
2013-04-28 09:25:00,0.053524469655427336
2013-04-28 09:26:00,0.33251817172873394
2013-04-28 09:27:00,0.0
2013-04-28 09:28:00,0.39245657967546177
2013-04-28 09:29:00,0.1468558727099008
2013-04-28 09:30:00,1.143535726671987
2013-04-28 09:31:00,0.0
2013-04-28 09:32:00,0.8135919261801858
2013-04-28 09:33:00,0.0
2013-04-28 09:34:00,0.2714005817748317
2013-04-28 09:35:00,0.6407555586031441
2013-04-28 09:36:00,0.4654000988453836
2013-04-28 09:37:00,0.21346972067893502
2013-04-28 09:38:00,0.0
2013-04-28 09:39:00,1.0465232549531671
2013-04-28 09:40:00,0.0
2013-04-28 09:41:00,0.15213305949176606
2013-04-28 09:42:00,0.6893505290461093
2013-04-28 09:43:00,0.32115608456794664
2013-04-28 09:44:00,0.7985439085650597
2013-04-28 09:45:00,0.0
2013-04-28 09:46:00,1.0064074126990454
2013-04-28 09:47:00,0.16981817400339427
2013-04-28 09:48:00,0.5392122842615266
2013-04-28 09:49:00,0.4544413094121678
2013-04-28 09:50:00,0.6107116663919252
2013-04-28 09:51:00,0.5471837775301251
2013-04-28 09:52:00,0.0
2013-04-28 09:53:00,0.1477423434929696
2013-04-28 09:54:00,0.7070146213143254
2013-04-28 09:55:00,0.6974743502809739
2013-04-28 09:56:00,0.25656486544218393
2013-04-28 09:57:00,0.2557850781092343
2013-04-28 09:58:00,0.5943021813924226
2013-04-28 09:59:00,0.7060208167956491
2013-04-28 10:00:00,0.0
2013-04-28 10:01:00,1.0736846697345428
2013-04-28 10:02:00,0.26584051161450745
2013-04-28 10:03:00,0.4805452137795564
2013-04-28 10:04:00,0.4574554065694066
2013-04-28 10:05:00,0.09881819935460867
2013-04-28 10:06:00,0.9295316112707784
2013-04-28 10:07:00,0.0
2013-04-28 10:08:00,0.9468797347534073
2013-04-28 10:09:00,0.2718795605852885
2013-04-28 10:10:00,1.3973523399450736
2013-04-28 10:11:00,0.11760647289325638
2013-04-28 10:12:00,0.9133329712162204
2013-04-28 10:13:00,0.06160416329049079
2013-04-28 10:14:00,0.5526870605022023
2013-04-28 10:15:00,0.8470720436883543
2013-04-28 10:16:00,0.06955599598249372
2013-04-28 10:17:00,0.5034087541177099
2013-04-28 10:18:00,0.3621294439226483
2013-04-28 10:19:00,0.022024711774154104
2013-04-28 10:20:00,0.12425336797994307
2013-04-28 10:21:00,0.3066339233366862
2013-04-28 10:22:00,0.37021452246826825
2013-04-28 10:23:00,0.6424349093250431
2013-04-28 10:24:00,1.1387583795430658
2013-04-28 10:25:00,0.0
2013-04-28 10:26:00,1.0876194375730084
2013-04-28 10:27:00,0.9059039690109992
2013-04-28 10:28:00,0.24598714014786865
2013-04-28 10:29:00,0.2825709165542189
2013-04-28 10:30:00,0.9901637065977268
2013-04-28 10:31:00,0.7294140897116536
2013-04-28 10:32:00,0.0
2013-04-28 10:33:00,0.4489199866130227
2013-04-28 10:34:00,0.4718695515978076
2013-04-28 10:35:00,1.0006820471620184
2013-04-28 10:36:00,0.002486484610896289
2013-04-28 10:37:00,0.08178869992219151
2013-04-28 10:38:00,1.1346356903228567
2013-04-28 10:39:00,0.0731363003744907
2013-04-28 10:40:00,0.2343246230078907
2013-04-28 10:41:00,0.5383960147313698
2013-04-28 10:42:00,0.7120534775620172
2013-04-28 10:43:00,0.08477302214760983
2013-04-28 10:44:00,0.5569781346248545
2013-04-28 10:45:00,0.6881016735021787
2013-04-28 10:46:00,0.0
2013-04-28 10:47:00,0.7127782639671529
2013-04-28 10:48:00,0.0
2013-04-28 10:49:00,0.33374249855813864
2013-04-28 10:50:00,0.14160117766128266
2013-04-28 10:51:00,0.7799454595607859
2013-04-28 10:52:00,0.913404932450358
2013-04-28 10:53:00,0.0
2013-04-28 10:54:00,0.5983761114210502
2013-04-28 10:55:00,0.3549120084323246
2013-04-28 10:56:00,0.7527421981007028
2013-04-28 10:57:00,0.0
2013-04-28 10:58:00,1.2754926398594728
2013-04-28 10:59:00,0.1275659620352525
2013-04-28 11:00:00,0.5786536163701704
2013-04-28 11:01:00,0.17378838350169354
2013-04-28 11:02:00,0.5579425897596194
2013-04-28 11:03:00,0.012820964894348363
2013-04-28 11:04:00,0.7615225200732165
2013-04-28 11:05:00,0.269033244126246
2013-04-28 11:06:00,0.17583862671837452
2013-04-28 11:07:00,0.6056285157842386
2013-04-28 11:08:00,0.5408232759029346
2013-04-28 11:09:00,0.5322541818622211
2013-04-28 11:10:00,0.0
2013-04-28 11:11:00,1.1759495694080988
2013-04-28 11:12:00,0.12287631349050525
2013-04-28 11:13:00,0.5825067089261605
2013-04-28 11:14:00,0.4153209070938068
2013-04-28 11:15:00,0.2712954992458382
2013-04-28 11:16:00,0.0
2013-04-28 11:17:00,1.3886077960502212
2013-04-28 11:18:00,0.4634186630718064
2013-04-28 11:19:00,0.16137244690308666
2013-04-28 11:20:00,0.7439185249364156
2013-04-28 11:21:00,0.2432277210867665
2013-04-28 11:22:00,0.8693179097001547
2013-04-28 11:23:00,0.07375019753299994
2013-04-28 11:24:00,0.9548248983714972
2013-04-28 11:25:00,0.6364970069691044
2013-04-28 11:26:00,0.0
2013-04-28 11:27:00,0.6842697371013081
2013-04-28 11:28:00,0.27483136601337704
2013-04-28 11:29:00,0.5975455296136964
2013-04-28 11:30:00,0.7774825582424596
2013-04-28 11:31:00,0.5627097729268846
2013-04-28 11:32:00,0.0
2013-04-28 11:33:00,0.5770986105442129
2013-04-28 11:34:00,0.0858877808731926
2013-04-28 11:35:00,0.6820432125279747
2013-04-28 11:36:00,0.6743263113646967
2013-04-28 11:37:00,0.5613607629360549
2013-04-28 11:38:00,0.1983381659239698
2013-04-28 11:39:00,0.6681249935719757
2013-04-28 11:40:00,0.5592608588102437
2013-04-28 11:41:00,0.0
2013-04-28 11:42:00,1.2477271962669858
2013-04-28 11:43:00,0.0
2013-04-28 11:44:00,0.24097724024655146
2013-04-28 11:45:00,0.7153914188488979
2013-04-28 11:46:00,0.6416550934811712
2013-04-28 11:47:00,0.0
2013-04-28 11:48:00,0.9455067237697884
2013-04-28 11:49:00,0.0
2013-04-28 11:50:00,0.6975696101554092
2013-04-28 11:51:00,0.019554331180176576
2013-04-28 11:52:00,0.5924019465418621
2013-04-28 11:53:00,0.14946519690162996
2013-04-28 11:54:00,1.012645979368199
2013-04-28 11:55:00,0.4149374975654046
2013-04-28 11:56:00,0.0
2013-04-28 11:57:00,0.4772712082553512
2013-04-28 11:58:00,0.4807887639590905
2013-04-28 11:59:00,0.6389961377740226
2013-04-28 12:00:00,0.19439726284176126
2013-04-28 12:01:00,0.6897077774387157
2013-04-28 12:02:00,0.2705030806110001
2013-04-28 12:03:00,0.6814857554939899
2013-04-28 12:04:00,0.33983834832784005
2013-04-28 12:05:00,0.30176827011874224
2013-04-28 12:06:00,0.2972664353001245
2013-04-28 12:07:00,0.5348682271279721
2013-04-28 12:08:00,0.18535405870949875
2013-04-28 12:09:00,1.0573167996080486
2013-04-28 12:10:00,0.2352731218253168
2013-04-28 12:11:00,0.0
2013-04-28 12:12:00,0.3876695163090573
2013-04-28 12:13:00,0.48688466082422205
2013-04-28 12:14:00,0.958639358527288
2013-04-28 12:15:00,0.0
2013-04-28 12:16:00,1.1613398446388563
2013-04-28 12:17:00,0.0
2013-04-28 12:18:00,1.0007889744180625
2013-04-28 12:19:00,0.1532503892883379
2013-04-28 12:20:00,0.4890136757466773
2013-04-28 12:21:00,0.0
2013-04-28 12:22:00,0.463136329024372
2013-04-28 12:23:00,0.11143969086179197
2013-04-28 12:24:00,1.1670072559659488
2013-04-28 12:25:00,0.0
2013-04-28 12:26:00,0.5834488379664298
2013-04-28 12:27:00,0.4656797119879502
2013-04-28 12:28:00,0.3363685479453856
2013-04-28 12:29:00,0.4251018375559528
2013-04-28 12:30:00,0.5864298028580744
2013-04-28 12:31:00,0.18436306012483214
2013-04-28 12:32:00,0.7698641154692201
2013-04-28 12:33:00,0.1739663392525429
2013-04-28 12:34:00,1.0691588583443428
2013-04-28 12:35:00,0.02978562542957897
2013-04-28 12:36:00,0.4534943179811365
2013-04-28 12:37:00,0.012891289812622777
2013-04-28 12:38:00,0.3769588196203979
2013-04-28 12:39:00,0.3756071915426597
2013-04-28 12:40:00,0.5088798085801203
2013-04-28 12:41:00,0.6212856723603746
2013-04-28 12:42:00,0.22230265413395325
2013-04-28 12:43:00,0.3273545275686636
2013-04-28 12:44:00,0.9738788964049718
2013-04-28 12:45:00,0.0964964403500812
2013-04-28 12:46:00,0.3827180399396328
2013-04-28 12:47:00,0.4897794157580702
2013-04-28 12:48:00,0.2939980421039633
2013-04-28 12:49:00,0.4894427475992488
2013-04-28 12:50:00,0.7155097068504428
2013-04-28 12:51:00,0.5232235585379605
2013-04-28 12:52:00,0.3137709462137461
2013-04-28 12:53:00,0.09215934526568492
2013-04-28 12:54:00,0.6336302703109761
2013-04-28 12:55:00,0.3711618510605964
2013-04-28 12:56:00,0.9794054998209424
2013-04-28 12:57:00,0.0
2013-04-28 12:58:00,0.9443440316739852
2013-04-28 12:59:00,0.2974400415054415
2013-04-28 13:00:00,0.3861327750819841
2013-04-28 13:01:00,0.3715754962524239
2013-04-28 13:02:00,0.13054746064890188
2013-04-28 13:03:00,0.6155013235599723
2013-04-28 13:04:00,0.34491034350529026
2013-04-28 13:05:00,0.7405971046127812
2013-04-28 13:06:00,0.3689223802208317
2013-04-28 13:07:00,0.8271917501190572
2013-04-28 13:08:00,0.0
2013-04-28 13:09:00,0.13870216702004678
2013-04-28 13:10:00,0.24603590604620384
2013-04-28 13:11:00,0.4683489939533918
2013-04-28 13:12:00,0.4528448287764917
2013-04-28 13:13:00,0.4873108720102885
2013-04-28 13:14:00,0.19329636492838487
2013-04-28 13:15:00,0.7766533748613844
2013-04-28 13:16:00,0.2414719467545701
2013-04-28 13:17:00,0.5912299074259352
2013-04-28 13:18:00,0.2280626741577625
2013-04-28 13:19:00,0.04826784220864444
2013-04-28 13:20:00,0.9636253122493741
2013-04-28 13:21:00,0.5178454048599316
2013-04-28 13:22:00,0.29325564981979496
2013-04-28 13:23:00,0.7137999375069765
2013-04-28 13:24:00,0.787080599347012
2013-04-28 13:25:00,0.2137997601148317
2013-04-28 13:26:00,0.7843764257873151
2013-04-28 13:27:00,0.0
2013-04-28 13:28:00,0.6709040951582717
2013-04-28 13:29:00,0.4008981543121412
2013-04-28 13:30:00,0.02090111960466601
2013-04-28 13:31:00,0.08616617553698812
2013-04-28 13:32:00,0.8288058866869892
2013-04-28 13:33:00,0.6859614444396362
2013-04-28 13:34:00,0.2404620776229721
2013-04-28 13:35:00,0.5075409992365528
2013-04-28 13:36:00,0.023196385958120125
2013-04-28 13:37:00,0.5093891694749277
2013-04-28 13:38:00,0.4111861858891804
2013-04-28 13:39:00,0.12538219800760594
2013-04-28 13:40:00,0.20569863709823846
2013-04-28 13:41:00,0.7439329732451334
2013-04-28 13:42:00,0.553051385512719
2013-04-28 13:43:00,0.25402722742734785
2013-04-28 13:44:00,0.2751697685156632
2013-04-28 13:45:00,0.3481747390701317
2013-04-28 13:46:00,0.30235538467116074
2013-04-28 13:47:00,0.34561159260623703
2013-04-28 13:48:00,0.7348085572824361
2013-04-28 13:49:00,0.3349803405751336
2013-04-28 13:50:00,0.2244998538370277
2013-04-28 13:51:00,0.5001684550318041
2013-04-28 13:52:00,0.2564605579109902
2013-04-28 13:53:00,0.3251192882368454
2013-04-28 13:54:00,0.4827707534991402
2013-04-28 13:55:00,0.06872916828650533
2013-04-28 13:56:00,0.6249521704286369
2013-04-28 13:57:00,0.4968852102784095
2013-04-28 13:58:00,0.1958157690023964
2013-04-28 13:59:00,0.4316129243684539
2013-04-28 14:00:00,0.09205917344145376
2013-04-28 14:01:00,0.5861054619507404
2013-04-28 14:02:00,0.5187568270822678
2013-04-28 14:03:00,0.0502185192106861
2013-04-28 14:04:00,0.587897678417592
2013-04-28 14:05:00,0.01124084809080328
2013-04-28 14:06:00,0.8638741742773688
2013-04-28 14:07:00,0.4212427113182062
2013-04-28 14:08:00,0.6823500330861568
2013-04-28 14:09:00,0.36111341357478577
2013-04-28 14:10:00,0.0
2013-04-28 14:11:00,0.18058418373018426
2013-04-28 14:12:00,0.4264063672123954
2013-04-28 14:13:00,0.8577803515234865
2013-04-28 14:14:00,0.2655942864722375
2013-04-28 14:15:00,0.6087298861385487
2013-04-28 14:16:00,0.0
2013-04-28 14:17:00,0.4560529905692712
2013-04-28 14:18:00,0.1102462593342468
2013-04-28 14:19:00,0.5284888163783272
2013-04-28 14:20:00,0.30681687987039696
2013-04-28 14:21:00,0.6710524680303195
2013-04-28 14:22:00,1.1035388769132128
2013-04-28 14:23:00,0.0
2013-04-28 14:24:00,0.5848126352988321
2013-04-28 14:25:00,0.8450258104640744
2013-04-28 14:26:00,0.0
2013-04-28 14:27:00,1.3980528648069268
2013-04-28 14:28:00,0.0
2013-04-28 14:29:00,0.9368147594988732
2013-04-28 14:30:00,0.03617137235909895
2013-04-28 14:31:00,0.7179852231369549
2013-04-28 14:32:00,0.0
2013-04-28 14:33:00,0.9399770775284504
2013-04-28 14:34:00,0.40824548355258017
2013-04-28 14:35:00,0.3811334197332349
2013-04-28 14:36:00,0.018748103143444998
2013-04-28 14:37:00,0.32471067810906395
2013-04-28 14:38:00,0.4810911365125003
2013-04-28 14:39:00,0.10269893673309004
2013-04-28 14:40:00,0.24098651912899705
2013-04-28 14:41:00,0.03184362355763415
2013-04-28 14:42:00,1.0361474178269001
2013-04-28 14:43:00,0.05663101447336949
2013-04-28 14:44:00,0.4251897791346812
2013-04-28 14:45:00,0.3591025426835078
2013-04-28 14:46:00,0.018017322583315117
2013-04-28 14:47:00,0.4397117241031818
2013-04-28 14:48:00,0.4925499479434776
2013-04-28 14:49:00,0.27142952092331785
2013-04-28 14:50:00,1.0114339800022976
2013-04-28 14:51:00,0.25565976312099303
2013-04-28 14:52:00,0.25874910690834024
2013-04-28 14:53:00,0.7713763080065661
2013-04-28 14:54:00,0.3709911951414666
2013-04-28 14:55:00,0.3756507117206076
2013-04-28 14:56:00,0.33793245717654496
2013-04-28 14:57:00,1.014711905551772
2013-04-28 14:58:00,0.0
2013-04-28 14:59:00,0.8136276072404559
2013-04-28 15:00:00,0.1833775118799148
2013-04-28 15:01:00,0.8560177320970397
2013-04-28 15:02:00,0.4664015074299361
2013-04-28 15:03:00,0.561918406171612
2013-04-28 15:04:00,0.2198185966257972
2013-04-28 15:05:00,0.5339549040603282
2013-04-28 15:06:00,0.21461529474428725
2013-04-28 15:07:00,0.5685820043172252
2013-04-28 15:08:00,0.18064299483993532
2013-04-28 15:09:00,0.3648453061790071
2013-04-28 15:10:00,0.0
2013-04-28 15:11:00,0.8203895932305134
2013-04-28 15:12:00,0.4160825461047649
2013-04-28 15:13:00,0.6000091537665561
2013-04-28 15:14:00,0.2747996675141188
2013-04-28 15:15:00,0.5659510632958467
2013-04-28 15:16:00,0.12821497540472193
2013-04-28 15:17:00,0.9966377509416002
2013-04-28 15:18:00,0.0
2013-04-28 15:19:00,0.7118290005745573
2013-04-28 15:20:00,0.4946089674041544
2013-04-28 15:21:00,0.10126945585445446
2013-04-28 15:22:00,0.19124863841452788
2013-04-28 15:23:00,0.41394796729131145
2013-04-28 15:24:00,0.9105547335456085
2013-04-28 15:25:00,0.0
2013-04-28 15:26:00,0.7964041832809854
2013-04-28 15:27:00,0.21159776935572452
2013-04-28 15:28:00,0.687863974411594
2013-04-28 15:29:00,0.0514715304778296
2013-04-28 15:30:00,0.9724943850672912
2013-04-28 15:31:00,0.2838078415429853
2013-04-28 15:32:00,0.13086755799204625
2013-04-28 15:33:00,0.3152429280830936
2013-04-28 15:34:00,0.38554675744837
2013-04-28 15:35:00,0.4415224990458627
2013-04-28 15:36:00,0.0
2013-04-28 15:37:00,0.5090756906949068
2013-04-28 15:38:00,0.24964012977244804
2013-04-28 15:39:00,0.5818232604105998
2013-04-28 15:40:00,0.3977260763674964
2013-04-28 15:41:00,0.4386560537705843
2013-04-28 15:42:00,0.8881046423438435
2013-04-28 15:43:00,0.3222371480538833
2013-04-28 15:44:00,0.3665341394638253
2013-04-28 15:45:00,0.4886275228140302
2013-04-28 15:46:00,0.09028519557161707
2013-04-28 15:47:00,0.5562907813695053
2013-04-28 15:48:00,0.3820125032285317
2013-04-28 15:49:00,0.4915331006503158
2013-04-28 15:50:00,0.678444229184537
2013-04-28 15:51:00,0.06457684822435295
2013-04-28 15:52:00,0.376717043235956
2013-04-28 15:53:00,0.10842074301749273
2013-04-28 15:54:00,0.6140061538599412
2013-04-28 15:55:00,0.5899465934868511
2013-04-28 15:56:00,0.5086060150985435
2013-04-28 15:57:00,0.1417776850748524
2013-04-28 15:58:00,0.7941429297316276
2013-04-28 15:59:00,0.4109529132447983
2013-04-28 16:00:00,0.5960385434247443
2013-04-28 16:01:00,0.3546750311862277
2013-04-28 16:02:00,0.4665937695399318
2013-04-28 16:03:00,0.5564583276711838
2013-04-28 16:04:00,0.2974779254240553
2013-04-28 16:05:00,0.122357511236654
2013-04-28 16:06:00,0.38156633615557495
2013-04-28 16:07:00,0.16489550329679506
2013-04-28 16:08:00,0.7780244676432704
2013-04-28 16:09:00,0.5673571529026332
2013-04-28 16:10:00,0.5739472121269629
2013-04-28 16:11:00,0.08055097162889502
2013-04-28 16:12:00,0.3795789291465803
2013-04-28 16:13:00,0.0
2013-04-28 16:14:00,0.7466510356562073
2013-04-28 16:15:00,0.6195957124431895
2013-04-28 16:16:00,0.33159307783479164
2013-04-28 16:17:00,0.21232411543543955
2013-04-28 16:18:00,0.3175504192005431
2013-04-28 16:19:00,0.3637241015391063
2013-04-28 16:20:00,0.4971912648668532
2013-04-28 16:21:00,0.18712905265211754
2013-04-28 16:22:00,0.3374264694158792
2013-04-28 16:23:00,0.0
2013-04-28 16:24:00,0.5511658306888849
2013-04-28 16:25:00,0.0
2013-04-28 16:26:00,0.2542437874877828
2013-04-28 16:27:00,0.32565930953173483
2013-04-28 16:28:00,0.7280004066560611
2013-04-28 16:29:00,0.25667431503894944
2013-04-28 16:30:00,0.2967958794911252
2013-04-28 16:31:00,0.11698147207694864
2013-04-28 16:32:00,0.13002045812889107
2013-04-28 16:33:00,0.13207035580668447
2013-04-28 16:34:00,0.5936488706459142
2013-04-28 16:35:00,0.7120735301144271
2013-04-28 16:36:00,0.0
2013-04-28 16:37:00,0.2765477584027049
2013-04-28 16:38:00,0.014956880053359378
2013-04-28 16:39:00,0.5446943297799116
2013-04-28 16:40:00,0.18583259259400306
2013-04-28 16:41:00,0.07894868333247151
2013-04-28 16:42:00,0.6096928690164738
2013-04-28 16:43:00,0.16354283326129054
2013-04-28 16:44:00,0.5865910080724305
2013-04-28 16:45:00,0.0924649184187063
2013-04-28 16:46:00,0.8792050897112282
2013-04-28 16:47:00,0.09866538196846014
2013-04-28 16:48:00,0.4295079528282372
2013-04-28 16:49:00,0.4699857826022074
2013-04-28 16:50:00,0.6193862721374093
2013-04-28 16:51:00,0.4661936971402513
2013-04-28 16:52:00,0.3653448930364144
2013-04-28 16:53:00,0.22314544032212635
2013-04-28 16:54:00,0.4805614846454376
2013-04-28 16:55:00,0.08506817149378497
2013-04-28 16:56:00,0.4267460484635813
2013-04-28 16:57:00,0.2733158638534565
2013-04-28 16:58:00,0.6388690195858038
2013-04-28 16:59:00,0.2337917695875707
2013-04-28 17:00:00,0.3455095522960783
2013-04-28 17:01:00,1.1431953299946296
2013-04-28 17:02:00,0.0
2013-04-28 17:03:00,0.923347797715697
2013-04-28 17:04:00,0.0
2013-04-28 17:05:00,1.1359405222282626
2013-04-28 17:06:00,0.0
2013-04-28 17:07:00,1.4427552757976656
2013-04-28 17:08:00,0.0
2013-04-28 17:09:00,0.9514757007305574
2013-04-28 17:10:00,0.0
2013-04-28 17:11:00,0.632546641858687
2013-04-28 17:12:00,0.2214065526668637
2013-04-28 17:13:00,1.4329112726794897
2013-04-28 17:14:00,0.0
2013-04-28 17:15:00,0.6946506634416874
2013-04-28 17:16:00,0.0
2013-04-28 17:17:00,0.8706654315571025
2013-04-28 17:18:00,0.0
2013-04-28 17:19:00,0.8869177762699582
2013-04-28 17:20:00,0.06371232198608022
2013-04-28 17:21:00,0.7950693186006537
2013-04-28 17:22:00,0.1827113197351401
2013-04-28 17:23:00,0.5081734318712601
2013-04-28 17:24:00,0.5160626870244419
2013-04-28 17:25:00,0.18966625049233965
2013-04-28 17:26:00,0.366034375010171
2013-04-28 17:27:00,0.4709800361194741
2013-04-28 17:28:00,0.5327704383163736
2013-04-28 17:29:00,0.3525235370192035
2013-04-28 17:30:00,0.0
2013-04-28 17:31:00,0.8651673043855326
2013-04-28 17:32:00,0.06842685903353063
2013-04-28 17:33:00,0.7264965815639239
2013-04-28 17:34:00,1.0456975742279837
2013-04-28 17:35:00,0.422876117803074
2013-04-28 17:36:00,0.08385983029478239
2013-04-28 17:37:00,0.3267485468333049
2013-04-28 17:38:00,0.8945135454572571
2013-04-28 17:39:00,0.15747495367483516
2013-04-28 17:40:00,0.18356827238524964
2013-04-28 17:41:00,0.5298639136053527
2013-04-28 17:42:00,0.2329091969890237
2013-04-28 17:43:00,0.3723673681276461
2013-04-28 17:44:00,0.27334806071498124
2013-04-28 17:45:00,1.2387068869308548
2013-04-28 17:46:00,0.0
2013-04-28 17:47:00,0.6290132116622857
2013-04-28 17:48:00,0.6089403079056012
2013-04-28 17:49:00,0.07869165857187421
2013-04-28 17:50:00,0.8734503883200551
2013-04-28 17:51:00,0.0
2013-04-28 17:52:00,0.6061620751671258
2013-04-28 17:53:00,0.2340945938831019
2013-04-28 17:54:00,0.5537631977962241
2013-04-28 17:55:00,0.6505315015344361
2013-04-28 17:56:00,0.6931389908163923
2013-04-28 17:57:00,0.0
2013-04-28 17:58:00,0.4924740751289435
2013-04-28 17:59:00,0.3685797384747727
2013-04-28 18:00:00,0.5418652580421326
2013-04-28 18:01:00,0.27143444683789353
2013-04-28 18:02:00,0.15663943457419946
2013-04-28 18:03:00,0.6596984508945061
2013-04-28 18:04:00,0.3404123123615628
2013-04-28 18:05:00,0.4135736327986198
2013-04-28 18:06:00,0.21655029436094606
2013-04-28 18:07:00,0.6473031587688333
2013-04-28 18:08:00,0.1459107856449776
2013-04-28 18:09:00,0.5838941405603872
2013-04-28 18:10:00,0.11572256835284545
2013-04-28 18:11:00,0.4517489824505105
2013-04-28 18:12:00,0.805970555494161
2013-04-28 18:13:00,0.2487458881159584
2013-04-28 18:14:00,1.1423730956707516
2013-04-28 18:15:00,0.0
2013-04-28 18:16:00,0.3342342632825608
2013-04-28 18:17:00,0.2195058436493144
2013-04-28 18:18:00,0.7467182715635897
2013-04-28 18:19:00,0.09768615939323094
2013-04-28 18:20:00,0.5898226280988892
2013-04-28 18:21:00,0.0
2013-04-28 18:22:00,0.7976759149742905
2013-04-28 18:23:00,0.3150310262009258
2013-04-28 18:24:00,0.0
2013-04-28 18:25:00,0.6950380302224518
2013-04-28 18:26:00,0.6662419272007865
2013-04-28 18:27:00,0.0
2013-04-28 18:28:00,0.5925279245649242
2013-04-28 18:29:00,0.013658675155631572
2013-04-28 18:30:00,0.3517189189881713
2013-04-28 18:31:00,0.4701248299184594
2013-04-28 18:32:00,0.5543300069459194
2013-04-28 18:33:00,0.26870964868494496
2013-04-28 18:34:00,0.2995646124601514
2013-04-28 18:35:00,0.15060531065957394
2013-04-28 18:36:00,0.10451375554251864
2013-04-28 18:37:00,0.4791197472254068
2013-04-28 18:38:00,0.7858908389154655
2013-04-28 18:39:00,0.0
2013-04-28 18:40:00,0.480805385121244
2013-04-28 18:41:00,0.18369061391100167
2013-04-28 18:42:00,0.4276702872962536
2013-04-28 18:43:00,0.0
2013-04-28 18:44:00,0.6836561291215923
2013-04-28 18:45:00,0.0
2013-04-28 18:46:00,0.4352899821930447
2013-04-28 18:47:00,0.3625704852978364
2013-04-28 18:48:00,0.18915906918553788
2013-04-28 18:49:00,0.18461879989496735
2013-04-28 18:50:00,0.5125302099155284
2013-04-28 18:51:00,0.5952147367182994
2013-04-28 18:52:00,0.14977918631780854
2013-04-28 18:53:00,0.6169886969446174
2013-04-28 18:54:00,0.3217170408812268
2013-04-28 18:55:00,0.32994923679049104
2013-04-28 18:56:00,0.23897582033861706
2013-04-28 18:57:00,0.9571970182864642
2013-04-28 18:58:00,0.0
2013-04-28 18:59:00,0.8142308294585592
2013-04-28 19:00:00,0.0
2013-04-28 19:01:00,0.4663047512965767
2013-04-28 19:02:00,0.4744769339697396
2013-04-28 19:03:00,0.4816444656052276
2013-04-28 19:04:00,0.0
2013-04-28 19:05:00,0.20833157270105448
2013-04-28 19:06:00,0.2536759144747498
2013-04-28 19:07:00,0.4435605907420747
2013-04-28 19:08:00,0.0
2013-04-28 19:09:00,1.2081374892796324
2013-04-28 19:10:00,0.0
2013-04-28 19:11:00,0.3183606937558049
2013-04-28 19:12:00,0.0
2013-04-28 19:13:00,0.9234434189375954
2013-04-28 19:14:00,0.0
2013-04-28 19:15:00,0.6655873230296419
2013-04-28 19:16:00,0.6120906849016567
2013-04-28 19:17:00,0.17464292052687447
2013-04-28 19:18:00,0.13224301103447578
2013-04-28 19:19:00,0.7512168756054386
2013-04-28 19:20:00,0.0
2013-04-28 19:21:00,0.5403538092320481
2013-04-28 19:22:00,0.20051428651289555
2013-04-28 19:23:00,0.39223900179687504
2013-04-28 19:24:00,0.07086395874452099
2013-04-28 19:25:00,0.5884481497553233
2013-04-28 19:26:00,0.6925045874716486
2013-04-28 19:27:00,0.44600120475728416
2013-04-28 19:28:00,0.7357430420027805
2013-04-28 19:29:00,0.0
2013-04-28 19:30:00,0.3087846576870179
2013-04-28 19:31:00,0.027721373419008044
2013-04-28 19:32:00,0.27791618178337746
2013-04-28 19:33:00,0.5446818764965417
2013-04-28 19:34:00,0.1928011161104447
2013-04-28 19:35:00,0.17542388859644864
2013-04-28 19:36:00,0.6272440921131922
2013-04-28 19:37:00,0.5331100213028813
2013-04-28 19:38:00,0.1396330384980483
2013-04-28 19:39:00,0.017929290524885566
2013-04-28 19:40:00,0.4689200445190687
2013-04-28 19:41:00,0.2750129531492517
2013-04-28 19:42:00,0.22506591762100936
2013-04-28 19:43:00,0.16486182805912392
2013-04-28 19:44:00,0.2590206747701689
2013-04-28 19:45:00,0.05009912085240087
2013-04-28 19:46:00,0.6749756678632935
