2013-07-01 19:38:00,86.80000000000001
2013-07-01 19:39:00,86.22000000000006
2013-07-01 19:40:00,90.00000000000007
2013-07-01 19:41:00,85.90000000000009
2013-07-01 19:42:00,85.1000000000001
2013-07-01 19:43:00,84.78000000000009
2013-07-01 19:44:00,62.20000000000015
2013-07-01 19:45:00,10.200000000000198
2013-07-01 19:46:00,10.900000000000203
2013-07-01 19:47:00,10.700000000000214
2013-07-01 19:48:00,10.900000000000244
2013-07-01 19:49:00,10.78000000000021
2013-07-01 19:50:00,10.500000000000268
2013-07-01 19:51:00,10.50000000000024
2013-07-01 19:52:00,10.800000000000225
2013-07-01 19:53:00,10.600000000000222
2013-07-01 19:54:00,10.670000000000272
2013-07-01 19:55:00,10.400000000000219
2013-07-01 19:56:00,10.500000000000213
2013-07-01 19:57:00,10.500000000000227
2013-07-01 19:58:00,10.700000000000244
2013-07-01 19:59:00,10.500000000000199
2013-07-01 20:00:00,10.440000000000197
2013-07-01 20:01:00,10.500000000000199
2013-07-01 20:02:00,10.700000000000216
2013-07-01 20:03:00,10.600000000000179
2013-07-01 20:04:00,10.600000000000207
2013-07-01 20:05:00,10.440000000000211
2013-07-01 20:06:00,11.000000000000227
2013-07-01 20:07:00,11.000000000000213
2013-07-01 20:08:00,54.2000000000002
2013-07-01 20:09:00,99.30000000000007
2013-07-01 20:10:00,98.89000000000007
2013-07-01 20:11:00,95.40000000000009
2013-07-01 20:12:00,93.60000000000005
2013-07-01 20:13:00,92.40000000000008
2013-07-01 20:14:00,91.1000000000001
2013-07-01 20:15:00,90.22000000000013
2013-07-01 20:16:00,89.20000000000007
2013-07-01 20:17:00,88.8000000000001
2013-07-01 20:18:00,87.90000000000009
2013-07-01 20:19:00,87.30000000000011
2013-07-01 20:20:00,86.90000000000009
2013-07-01 20:21:00,86.40000000000016
2013-07-01 20:22:00,85.89000000000014
2013-07-01 20:23:00,85.4000000000001
2013-07-01 20:24:00,85.20000000000012
2013-07-01 20:25:00,84.90000000000015
2013-07-01 20:26:00,54.70000000000017
2013-07-01 20:27:00,10.100000000000222
2013-07-01 20:28:00,10.780000000000214
2013-07-01 20:29:00,10.400000000000205
2013-07-01 20:30:00,10.300000000000196
2013-07-01 20:31:00,10.200000000000202
2013-07-01 20:32:00,10.400000000000205
2013-07-01 20:33:00,10.300000000000225
2013-07-01 20:34:00,10.670000000000229
2013-07-01 20:35:00,10.600000000000264
2013-07-01 20:36:00,10.400000000000247
2013-07-01 20:37:00,10.80000000000021
2013-07-01 20:38:00,10.800000000000239
2013-07-01 20:39:00,10.800000000000253
2013-07-01 20:40:00,10.670000000000229
2013-07-01 20:41:00,11.000000000000213
2013-07-01 20:42:00,10.600000000000236
2013-07-01 20:43:00,10.800000000000239
2013-07-01 20:44:00,10.500000000000284
2013-07-01 20:45:00,10.56000000000023
2013-07-01 20:46:00,10.30000000000021
2013-07-01 20:47:00,10.400000000000261
2013-07-01 20:48:00,10.900000000000261
2013-07-01 20:49:00,10.800000000000239
2013-07-01 20:50:00,56.20000000000016
2013-07-01 20:51:00,98.89000000000011
2013-07-01 20:52:00,98.90000000000006
2013-07-01 20:53:00,95.8000000000001
2013-07-01 20:54:00,93.70000000000013
2013-07-01 20:55:00,92.2000000000001
2013-07-01 20:56:00,91.1000000000001
2013-07-01 20:57:00,90.20000000000009
2013-07-01 20:58:00,89.67000000000004
2013-07-01 20:59:00,88.79999999999993
2013-07-01 21:00:00,88.30000000000007
2013-07-01 21:01:00,87.50000000000014
2013-07-01 21:02:00,87.40000000000008
2013-07-01 21:03:00,86.50000000000009
2013-07-01 21:04:00,86.56000000000013
2013-07-01 21:05:00,85.99999999999997
2013-07-01 21:06:00,85.69999999999978
2013-07-01 21:07:00,84.89999999999979
2013-07-01 21:08:00,47.50000000001501
2013-07-01 21:09:00,21.500000000026375
2013-07-01 21:10:00,11.000000000012278
2013-07-01 21:11:00,13.49999999999801
2013-07-01 21:12:00,10.999999999999908
2013-07-01 21:13:00,10.899999999999892
2013-07-01 21:14:00,10.99999999999988
2013-07-01 21:15:00,10.899999999999885
2013-07-01 21:16:00,10.799999999999898
2013-07-01 21:17:00,10.899999999999885
2013-07-01 21:18:00,10.799999999999898
2013-07-01 21:19:00,10.69999999999989
2013-07-01 21:20:00,10.329999999999878
2013-07-01 21:21:00,10.399999999999906
2013-07-01 21:22:00,10.4999999999999
2013-07-01 21:23:00,10.499999999999908
2013-07-01 21:24:00,10.399999999999899
2013-07-01 21:25:00,10.499999999999893
2013-07-01 21:26:00,10.559999999999896
2013-07-01 21:27:00,10.599999999999902
2013-07-01 21:28:00,63.29999999999983
2013-07-01 21:29:00,99.09999999999977
2013-07-01 21:30:00,97.29999999999976
2013-07-01 21:31:00,94.59999999999977
2013-07-01 21:32:00,93.21999999999977
2013-07-01 21:33:00,91.89999999999979
2013-07-01 21:34:00,90.99999999999979
2013-07-01 21:35:00,89.8999999999998
2013-07-01 21:36:00,89.39999999999978
2013-07-01 21:37:00,88.69999999999979
2013-07-01 21:38:00,92.21999999999977
2013-07-01 21:39:00,87.69999999999979
2013-07-01 21:40:00,87.19999999999976
2013-07-01 21:41:00,86.69999999999976
2013-07-01 21:42:00,86.19999999999978
2013-07-01 21:43:00,85.99999999999977
2013-07-01 21:44:00,85.66999999999976
2013-07-01 21:45:00,85.29999999999978
2013-07-01 21:46:00,85.29999999999978
2013-07-01 21:47:00,55.09999999999984
2013-07-01 21:48:00,10.699999999999903
2013-07-01 21:49:00,10.899999999999906
2013-07-01 21:50:00,10.779999999999902
2013-07-01 21:51:00,10.999999999999893
2013-07-01 21:52:00,10.9999999999999
2013-07-01 21:53:00,11.099999999999895
2013-07-01 21:54:00,10.699999999999896
2013-07-01 21:55:00,10.899999999999906
2013-07-01 21:56:00,10.9999999999999
2013-07-01 21:57:00,10.9999999999999
2013-07-01 21:58:00,10.999999999999886
2013-07-01 21:59:00,10.9999999999999
2013-07-01 22:00:00,10.799999999999883
2013-07-01 22:01:00,10.799999999999905
2013-07-01 22:02:00,10.559999999999874
2013-07-01 22:03:00,10.799999999999898
2013-07-01 22:04:00,10.299999999999905
2013-07-01 22:05:00,10.799999999999898
2013-07-01 22:06:00,10.599999999999895
2013-07-01 22:07:00,10.69999999999989
2013-07-01 22:08:00,10.779999999999887
2013-07-01 22:09:00,63.29999999999982
2013-07-01 22:10:00,98.59999999999975
2013-07-01 22:11:00,97.49999999999974
2013-07-01 22:12:00,94.69999999999979
2013-07-01 22:13:00,93.09999999999978
2013-07-01 22:14:00,91.7999999999998
2013-07-01 22:15:00,90.55999999999977
2013-07-01 22:16:00,89.59999999999978
2013-07-01 22:17:00,89.09999999999977
2013-07-01 22:18:00,88.39999999999979
2013-07-01 22:19:00,87.99999999999979
2013-07-01 22:20:00,87.32999999999976
2013-07-01 22:21:00,86.99999999999977
2013-07-01 22:22:00,86.49999999999979
2013-07-01 22:23:00,85.99999999999976
2013-07-01 22:24:00,85.59999999999978
2013-07-01 22:25:00,85.09999999999978
2013-07-01 22:26:00,84.88999999999979
2013-07-01 22:27:00,73.59999999999978
2013-07-01 22:28:00,10.299999999999883
2013-07-01 22:29:00,10.299999999999727
2013-07-01 22:30:00,10.800000000000011
2013-07-01 22:31:00,10.699999999999875
2013-07-01 22:32:00,9.999999999996362
2013-07-01 22:33:00,10.099999999996726
2013-07-01 22:34:00,9.999999999997272
2013-07-01 22:35:00,9.999999999996817
2013-07-01 22:36:00,10.199999999997544
2013-07-01 22:37:00,9.999999999996817
2013-07-01 22:38:00,10.399999999996908
2013-07-01 22:39:00,10.099999999996726
2013-07-01 22:40:00,10.219999999997071
2013-07-01 22:41:00,10.299999999996999
2013-07-01 22:42:00,10.299999999996999
2013-07-01 22:43:00,9.999999999996362
2013-07-01 22:44:00,10.09999999999718
2013-07-01 22:45:00,10.199999999996635
2013-07-01 22:46:00,9.999999999996817
2013-07-01 22:47:00,10.19999999999618
2013-07-01 22:48:00,9.999999999996817
2013-07-01 22:49:00,10.099999999996726
2013-07-01 22:50:00,79.69999999999618
2013-07-01 22:51:00,99.49999999999909
2013-07-01 22:52:00,96.99999999999932
2013-07-01 22:53:00,94.69999999999933
2013-07-01 22:54:00,93.09999999999931
2013-07-01 22:55:00,91.6999999999993
2013-07-01 22:56:00,90.3999999999993
2013-07-01 22:57:00,89.99999999999943
2013-07-01 22:58:00,88.99999999999949
2013-07-01 22:59:00,88.09999999999937
2013-07-01 23:00:00,87.49999999999932
2013-07-01 23:01:00,86.99999999999957
2013-07-01 23:02:00,86.49999999999966
2013-07-01 23:03:00,85.89999999999873
2013-07-01 23:04:00,85.09999999999673
2013-07-01 23:05:00,84.79999999999654
2013-07-01 23:06:00,84.09999999999582
2013-07-01 23:07:00,68.99999999999682
2013-07-01 23:08:00,9.999999999996817
2013-07-01 23:09:00,9.999999999996362
2013-07-01 23:10:00,9.999999999996362
2013-07-01 23:11:00,9.999999999996362
2013-07-01 23:12:00,9.999999999997272
2013-07-01 23:13:00,9.999999999996817
2013-07-01 23:14:00,9.999999999996817
2013-07-01 23:15:00,10.199999999996635
2013-07-01 23:16:00,10.699999999999449
2013-07-01 23:17:00,10.499999999999545
2013-07-01 23:18:00,10.69999999999962
2013-07-01 23:19:00,10.599999999999596
2013-07-01 23:20:00,10.439999999999571
2013-07-01 23:21:00,10.299999999999613
2013-07-01 23:22:00,10.099999999999568
2013-07-01 23:23:00,10.099999999999625
2013-07-01 23:24:00,10.199999999999562
2013-07-01 23:25:00,10.19999999999959
2013-07-01 23:26:00,10.439999999999628
2013-07-01 23:27:00,10.499999999999602
2013-07-01 23:28:00,10.299999999999613
2013-07-01 23:29:00,10.69999999999962
2013-07-01 23:30:00,183.79999999999936
2013-07-01 23:31:00,99.09999999999948
2013-07-01 23:32:00,98.09999999999945
2013-07-01 23:33:00,95.1099999999995
2013-07-01 23:34:00,93.59999999999945
2013-07-01 23:35:00,91.99999999999949
2013-07-01 23:36:00,90.8999999999995
2013-07-01 23:37:00,89.89999999999955
2013-07-01 23:38:00,89.3299999999995
2013-07-01 23:39:00,88.7999999999995
2013-07-01 23:40:00,87.99999999999949
2013-07-01 23:41:00,87.39999999999947
2013-07-01 23:42:00,87.09999999999951
2013-07-01 23:43:00,86.3999999999995
2013-07-01 23:44:00,86.1099999999995
2013-07-01 23:45:00,85.8999999999995
2013-07-01 23:46:00,85.2999999999995
2013-07-01 23:47:00,85.09999999999951
2013-07-01 23:48:00,10.399999999999608
2013-07-01 23:49:00,10.599999999999596
2013-07-01 23:50:00,10.779999999999575
2013-07-01 23:51:00,10.799999999999585
2013-07-01 23:52:00,10.899999999999608
2013-07-01 23:53:00,10.799999999999613
2013-07-01 23:54:00,10.799999999999585
2013-07-01 23:55:00,10.599999999999596
2013-07-01 23:56:00,10.669999999999618
2013-07-01 23:57:00,10.999999999999574
2013-07-01 23:58:00,10.699999999999648
2013-07-01 23:59:00,10.899999999999878
2013-07-02 00:00:00,10.899999999999892
2013-07-02 00:01:00,10.999999999999886
2013-07-02 00:02:00,10.999999999999886
2013-07-02 00:03:00,10.9999999999999
2013-07-02 00:04:00,10.999999999999893
2013-07-02 00:05:00,10.999999999999886
2013-07-02 00:06:00,10.899999999999899
2013-07-02 00:07:00,10.799999999999898
2013-07-02 00:08:00,10.559999999999903
2013-07-02 00:09:00,10.4999999999999
2013-07-02 00:10:00,58.39999999999983
2013-07-02 00:11:00,98.89999999999975
2013-07-02 00:12:00,97.69999999999976
2013-07-02 00:13:00,94.99999999999977
2013-07-02 00:14:00,93.29999999999978
2013-07-02 00:15:00,92.09999999999977
2013-07-02 00:16:00,90.9999999999998
2013-07-02 00:17:00,90.29999999999976
2013-07-02 00:18:00,89.19999999999979
2013-07-02 00:19:00,88.88999999999974
2013-07-02 00:20:00,88.19999999999978
2013-07-02 00:21:00,87.49999999999977
2013-07-02 00:22:00,87.09999999999977
2013-07-02 00:23:00,86.49999999999979
2013-07-02 00:24:00,86.39999999999978
2013-07-02 00:25:00,85.88999999999976
2013-07-02 00:26:00,85.59999999999977
2013-07-02 00:27:00,48.09999999999984
2013-07-02 00:28:00,10.799999999999912
2013-07-02 00:29:00,10.999999999999893
2013-07-02 00:30:00,10.899999999999906
2013-07-02 00:31:00,10.889999999999901
2013-07-02 00:32:00,10.999999999999908
2013-07-02 00:33:00,10.899999999999906
2013-07-02 00:34:00,10.899999999999913
2013-07-02 00:35:00,10.899999999999899
2013-07-02 00:36:00,10.999999999999893
2013-07-02 00:37:00,10.779999999999895
2013-07-02 00:38:00,10.999999999999893
2013-07-02 00:39:00,10.899999999999906
2013-07-02 00:40:00,10.799999999999898
2013-07-02 00:41:00,10.899999999999899
2013-07-02 00:42:00,10.889999999999894
2013-07-02 00:43:00,10.899999999999885
2013-07-02 00:44:00,10.899999999999892
2013-07-02 00:45:00,10.799999999999898
2013-07-02 00:46:00,10.799999999999898
2013-07-02 00:47:00,10.999999999999908
2013-07-02 00:48:00,10.799999999999898
2013-07-02 00:49:00,10.779999999999902
2013-07-02 00:50:00,89.39999999999979
2013-07-02 00:51:00,99.79999999999976
2013-07-02 00:52:00,96.39999999999978
2013-07-02 00:53:00,94.29999999999978
2013-07-02 00:54:00,92.66999999999976
2013-07-02 00:55:00,91.3999999999998
2013-07-02 00:56:00,90.29999999999977
2013-07-02 00:57:00,89.4999999999998
2013-07-02 00:58:00,88.69999999999976
2013-07-02 00:59:00,88.19999999999978
2013-07-02 01:00:00,87.66999999999977
2013-07-02 01:01:00,86.99999999999976
2013-07-02 01:02:00,86.79999999999977
2013-07-02 01:03:00,86.19999999999978
2013-07-02 01:04:00,85.89999999999976
2013-07-02 01:05:00,85.77999999999977
2013-07-02 01:06:00,85.29999999999977
2013-07-02 01:07:00,10.599999999999902
2013-07-02 01:08:00,10.899999999999913
2013-07-02 01:09:00,10.799999999999905
2013-07-02 01:10:00,10.899999999999892
2013-07-02 01:11:00,10.999999999999893
2013-07-02 01:12:00,10.899999999999899
2013-07-02 01:13:00,10.69999999999989
2013-07-02 01:14:00,10.9999999999999
2013-07-02 01:15:00,10.599999999999895
2013-07-02 01:16:00,10.699999999999882
2013-07-02 01:17:00,10.559999999999896
2013-07-02 01:18:00,10.399999999999899
2013-07-02 01:19:00,10.799999999999898
2013-07-02 01:20:00,10.699999999999896
2013-07-02 01:21:00,10.999999999999893
2013-07-02 01:22:00,10.799999999999905
2013-07-02 01:23:00,10.9999999999999
2013-07-02 01:24:00,10.999999999999893
2013-07-02 01:25:00,10.999999999999893
2013-07-02 01:26:00,10.899999999999906
2013-07-02 01:27:00,10.999999999999908
2013-07-02 01:28:00,10.999999999999893
2013-07-02 01:29:00,38.59999999999985
2013-07-02 01:30:00,98.59999999999975
2013-07-02 01:31:00,99.19999999999975
2013-07-02 01:32:00,95.49999999999977
2013-07-02 01:33:00,93.49999999999977
2013-07-02 01:34:00,92.10999999999979
2013-07-02 01:35:00,91.09999999999975
2013-07-02 01:36:00,90.29999999999976
2013-07-02 01:37:00,89.2999999999998
2013-07-02 01:38:00,88.6999999999998
2013-07-02 01:39:00,88.19999999999979
2013-07-02 01:40:00,87.55999999999977
2013-07-02 01:41:00,87.09999999999977
2013-07-02 01:42:00,86.49999999999977
2013-07-02 01:43:00,85.89999999999978
2013-07-02 01:44:00,85.29999999999977
2013-07-02 01:45:00,84.99999999999977
2013-07-02 01:46:00,10.559999999999889
2013-07-02 01:47:00,10.399999999999885
2013-07-02 01:48:00,10.699999999999896
2013-07-02 01:49:00,10.699999999999903
2013-07-02 01:50:00,10.299999999999898
2013-07-02 01:51:00,10.559999999999881
2013-07-02 01:52:00,10.699999999999903
2013-07-02 01:53:00,10.699999999999896
2013-07-02 01:54:00,10.4999999999999
2013-07-02 01:55:00,10.599999999999895
2013-07-02 01:56:00,10.399999999999892
2013-07-02 01:57:00,10.439999999999891
2013-07-02 01:58:00,10.4999999999999
2013-07-02 01:59:00,10.899999999999892
2013-07-02 02:00:00,10.699999999999896
2013-07-02 02:01:00,10.399999999999899
2013-07-02 02:02:00,10.499999999999886
2013-07-02 02:03:00,10.559999999999896
2013-07-02 02:04:00,10.599999999999888
2013-07-02 02:05:00,10.399999999999892
2013-07-02 02:06:00,10.399999999999906
2013-07-02 02:07:00,10.699999999999903
2013-07-02 02:08:00,10.779999999999895
2013-07-02 02:09:00,167.09999999999962
2013-07-02 02:10:00,98.89999999999974
2013-07-02 02:11:00,97.39999999999978
2013-07-02 02:12:00,94.69999999999976
2013-07-02 02:13:00,92.69999999999978
2013-07-02 02:14:00,91.32999999999973
2013-07-02 02:15:00,90.49999999999976
2013-07-02 02:16:00,89.39999999999978
2013-07-02 02:17:00,88.59999999999977
2013-07-02 02:18:00,88.09999999999978
2013-07-02 02:19:00,87.10999999999977
2013-07-02 02:20:00,86.59999999999977
2013-07-02 02:21:00,86.49999999999977
2013-07-02 02:22:00,85.99999999999977
2013-07-02 02:23:00,85.59999999999977
2013-07-02 02:24:00,84.79999999999977
2013-07-02 02:25:00,43.329999999999856
2013-07-02 02:26:00,10.099999999999895
2013-07-02 02:27:00,10.599999999999888
2013-07-02 02:28:00,10.799999999999905
2013-07-02 02:29:00,10.899999999999899
2013-07-02 02:30:00,10.29999999999989
2013-07-02 02:31:00,10.1099999999999
2013-07-02 02:32:00,10.39999999999987
2013-07-02 02:33:00,10.199999999999903
2013-07-02 02:34:00,10.19999999999989
2013-07-02 02:35:00,10.299999999999883
2013-07-02 02:36:00,10.109999999999907
2013-07-02 02:37:00,10.09999999999988
2013-07-02 02:38:00,10.699999999999875
2013-07-02 02:39:00,10.799999999999898
2013-07-02 02:40:00,10.599999999999888
2013-07-02 02:41:00,10.699999999999903
2013-07-02 02:42:00,10.669999999999902
2013-07-02 02:43:00,10.799999999999898
2013-07-02 02:44:00,10.699999999999896
2013-07-02 02:45:00,10.899999999999892
2013-07-02 02:46:00,10.599999999999895
2013-07-02 02:47:00,10.559999999999889
2013-07-02 02:48:00,30.599999999999866
2013-07-02 02:49:00,97.99999999999974
2013-07-02 02:50:00,99.59999999999971
2013-07-02 02:51:00,95.89999999999978
2013-07-02 02:52:00,93.79999999999973
2013-07-02 02:53:00,92.32999999999977
2013-07-02 02:54:00,90.49999999999977
2013-07-02 02:55:00,89.99999999999977
2013-07-02 02:56:00,89.09999999999974
2013-07-02 02:57:00,88.49999999999976
2013-07-02 02:58:00,87.66999999999977
2013-07-02 02:59:00,86.99999999999977
2013-07-02 03:00:00,86.59999999999977
2013-07-02 03:01:00,86.19999999999978
2013-07-02 03:02:00,85.49999999999977
2013-07-02 03:03:00,84.99999999999977
2013-07-02 03:04:00,84.99999999999977
2013-07-02 03:05:00,17.49999999999988
2013-07-02 03:06:00,10.4999999999999
2013-07-02 03:07:00,10.799999999999898
2013-07-02 03:08:00,10.599999999999909
2013-07-02 03:09:00,10.77999999999988
2013-07-02 03:10:00,10.69999999999989
2013-07-02 03:11:00,10.599999999999909
2013-07-02 03:12:00,10.599999999999888
2013-07-02 03:13:00,10.699999999999896
2013-07-02 03:14:00,10.559999999999889
2013-07-02 03:15:00,10.79999999999989
2013-07-02 03:16:00,10.799999999999898
2013-07-02 03:17:00,10.599999999999888
2013-07-02 03:18:00,10.599999999999888
2013-07-02 03:19:00,10.599999999999902
2013-07-02 03:20:00,10.559999999999889
2013-07-02 03:21:00,10.899999999999885
2013-07-02 03:22:00,10.599999999999895
2013-07-02 03:23:00,11.999999999999893
2013-07-02 03:24:00,10.599999999999895
2013-07-02 03:25:00,10.699999999999896
2013-07-02 03:26:00,10.669999999999895
2013-07-02 03:27:00,10.799999999999898
2013-07-02 03:28:00,144.3999999999997
2013-07-02 03:29:00,98.39999999999975
2013-07-02 03:30:00,99.19999999999976
2013-07-02 03:31:00,94.8899999999998
2013-07-02 03:32:00,93.2999999999998
2013-07-02 03:33:00,91.69999999999976
2013-07-02 03:34:00,90.49999999999977
2013-07-02 03:35:00,89.29999999999978
2013-07-02 03:36:00,88.66999999999977
2013-07-02 03:37:00,88.19999999999976
2013-07-02 03:38:00,87.29999999999976
2013-07-02 03:39:00,86.69999999999978
2013-07-02 03:40:00,86.29999999999976
2013-07-02 03:41:00,86.09999999999977
2013-07-02 03:42:00,85.66999999999977
2013-07-02 03:43:00,85.09999999999974
2013-07-02 03:44:00,62.599999999999795
2013-07-02 03:45:00,10.299999999999905
2013-07-02 03:46:00,10.499999999999893
2013-07-02 03:47:00,10.329999999999892
2013-07-02 03:48:00,10.799999999999898
2013-07-02 03:49:00,10.599999999999909
2013-07-02 03:50:00,10.699999999999896
2013-07-02 03:51:00,10.099999999999866
2013-07-02 03:52:00,10.19999999999989
2013-07-02 03:53:00,10.2199999999999
2013-07-02 03:54:00,10.099999999999895
2013-07-02 03:55:00,10.199999999999882
2013-07-02 03:56:00,10.099999999999888
2013-07-02 03:57:00,10.199999999999896
2013-07-02 03:58:00,10.559999999999881
2013-07-02 03:59:00,10.299999999999898
2013-07-02 04:00:00,10.399999999999878
2013-07-02 04:01:00,10.59999999999988
2013-07-02 04:02:00,10.399999999999885
2013-07-02 04:03:00,10.1099999999999
2013-07-02 04:04:00,10.099999999999895
2013-07-02 04:05:00,10.099999999999888
2013-07-02 04:06:00,10.19999999999989
2013-07-02 04:07:00,10.099999999999888
2013-07-02 04:08:00,10.109999999999879
2013-07-02 04:09:00,97.79999999999976
2013-07-02 04:10:00,99.49999999999977
2013-07-02 04:11:00,100.69999999999975
2013-07-02 04:12:00,94.09999999999977
2013-07-02 04:13:00,92.19999999999975
2013-07-02 04:14:00,90.99999999999979
2013-07-02 04:15:00,89.99999999999977
2013-07-02 04:16:00,88.9999999999998
2013-07-02 04:17:00,88.29999999999976
2013-07-02 04:18:00,87.69999999999979
2013-07-02 04:19:00,86.99999999999977
2013-07-02 04:20:00,86.59999999999977
2013-07-02 04:21:00,85.99999999999979
2013-07-02 04:22:00,85.49999999999976
2013-07-02 04:23:00,85.19999999999979
2013-07-02 04:24:00,54.99999999999983
2013-07-02 04:25:00,10.439999999999898
2013-07-02 04:26:00,10.799999999999905
2013-07-02 04:27:00,10.69999999999991
2013-07-02 04:28:00,10.99999999999988
2013-07-02 04:29:00,10.69999999999989
2013-07-02 04:30:00,10.889999999999894
2013-07-02 04:31:00,10.899999999999899
2013-07-02 04:32:00,10.799999999999905
2013-07-02 04:33:00,10.399999999999885
2013-07-02 04:34:00,10.699999999999882
2013-07-02 04:35:00,10.9999999999999
2013-07-02 04:36:00,10.699999999999896
2013-07-02 04:37:00,10.599999999999902
2013-07-02 04:38:00,10.699999999999903
2013-07-02 04:39:00,10.499999999999893
2013-07-02 04:40:00,10.799999999999898
2013-07-02 04:41:00,10.559999999999896
2013-07-02 04:42:00,10.299999999999883
2013-07-02 04:43:00,10.29999999999989
2013-07-02 04:44:00,10.499999999999893
2013-07-02 04:45:00,10.399999999999906
2013-07-02 04:46:00,9.99999999999988
2013-07-02 04:47:00,10.099999999999888
2013-07-02 04:48:00,63.299999999999805
2013-07-02 04:49:00,97.89999999999978
2013-07-02 04:50:00,99.09999999999974
2013-07-02 04:51:00,95.32999999999976
2013-07-02 04:52:00,93.59999999999977
2013-07-02 04:53:00,91.89999999999979
2013-07-02 04:54:00,90.49999999999979
2013-07-02 04:55:00,89.39999999999979
2013-07-02 04:56:00,93.10999999999976
2013-07-02 04:57:00,87.79999999999977
2013-07-02 04:58:00,87.69999999999976
2013-07-02 04:59:00,86.89999999999978
2013-07-02 05:00:00,86.59999999999977
2013-07-02 05:01:00,85.99999999999977
2013-07-02 05:02:00,85.69999999999976
2013-07-02 05:03:00,85.09999999999977
2013-07-02 05:04:00,39.89999999999983
2013-07-02 05:05:00,10.4999999999999
2013-07-02 05:06:00,10.599999999999888
2013-07-02 05:07:00,10.889999999999894
2013-07-02 05:08:00,10.69999999999989
2013-07-02 05:09:00,10.599999999999888
2013-07-02 05:10:00,10.399999999999885
2013-07-02 05:11:00,10.29999999999989
2013-07-02 05:12:00,10.219999999999885
2013-07-02 05:13:00,10.29999999999989
2013-07-02 05:14:00,10.099999999999895
2013-07-02 05:15:00,10.29999999999989
2013-07-02 05:16:00,10.299999999999898
2013-07-02 05:17:00,10.559999999999889
2013-07-02 05:18:00,10.399999999999899
2013-07-02 05:19:00,10.699999999999896
2013-07-02 05:20:00,10.499999999999886
2013-07-02 05:21:00,10.899999999999885
2013-07-02 05:22:00,10.889999999999894
2013-07-02 05:23:00,10.9999999999999
2013-07-02 05:24:00,10.899999999999899
2013-07-02 05:25:00,10.9999999999999
2013-07-02 05:26:00,10.999999999999893
2013-07-02 05:27:00,10.999999999999886
2013-07-02 05:28:00,61.79999999999982
2013-07-02 05:29:00,99.29999999999976
2013-07-02 05:30:00,99.49999999999976
2013-07-02 05:31:00,95.59999999999977
2013-07-02 05:32:00,93.39999999999976
2013-07-02 05:33:00,91.99999999999979
2013-07-02 05:34:00,90.69999999999979
2013-07-02 05:35:00,89.79999999999978
2013-07-02 05:36:00,88.8999999999998
2013-07-02 05:37:00,88.09999999999977
2013-07-02 05:38:00,87.55999999999977
2013-07-02 05:39:00,86.99999999999977
2013-07-02 05:40:00,86.69999999999978
2013-07-02 05:41:00,86.19999999999978
2013-07-02 05:42:00,85.79999999999978
2013-07-02 05:43:00,85.10999999999979
2013-07-02 05:44:00,32.699999999999854
2013-07-02 05:45:00,10.4999999999999
2013-07-02 05:46:00,10.699999999999875
2013-07-02 05:47:00,10.899999999999899
2013-07-02 05:48:00,10.889999999999894
2013-07-02 05:49:00,10.899999999999892
2013-07-02 05:50:00,10.69999999999989
2013-07-02 05:51:00,10.499999999999893
2013-07-02 05:52:00,10.699999999999896
2013-07-02 05:53:00,10.329999999999899
2013-07-02 05:54:00,10.399999999999899
2013-07-02 05:55:00,10.29999999999989
2013-07-02 05:56:00,14.199999999999875
2013-07-02 05:57:00,10.69999999999925
2013-07-02 05:58:00,10.299999999993815
2013-07-02 05:59:00,10.799999999999272
2013-07-02 06:00:00,10.77999999999988
2013-07-02 06:01:00,10.699999999999882
2013-07-02 06:02:00,10.999999999999893
2013-07-02 06:03:00,10.59999999999988
2013-07-02 06:04:00,10.69999999999989
2013-07-02 06:05:00,10.669999999999895
2013-07-02 06:06:00,10.799999999999905
2013-07-02 06:07:00,40.89999999999985
2013-07-02 06:08:00,99.39999999999975
2013-07-02 06:09:00,98.69999999999976
2013-07-02 06:10:00,94.88999999999979
2013-07-02 06:11:00,93.09999999999978
2013-07-02 06:12:00,91.19999999999973
2013-07-02 06:13:00,90.09999999999975
2013-07-02 06:14:00,93.39999999999976
2013-07-02 06:15:00,88.10999999999977
2013-07-02 06:16:00,87.19999999999979
2013-07-02 06:17:00,87.09999999999977
2013-07-02 06:18:00,85.89999999999978
2013-07-02 06:19:00,85.29999999999976
2013-07-02 06:20:00,85.21999999999977
2013-07-02 06:21:00,85.09999999999978
2013-07-02 06:22:00,84.79999999999976
2013-07-02 06:23:00,69.4999999999998
2013-07-02 06:24:00,10.199999999999896
2013-07-02 06:25:00,10.109999999999893
2013-07-02 06:26:00,10.199999999999882
2013-07-02 06:27:00,10.199999999999882
2013-07-02 06:28:00,10.399999999999899
2013-07-02 06:29:00,10.799999999999898
2013-07-02 06:30:00,10.779999999999895
2013-07-02 06:31:00,10.699999999999882
2013-07-02 06:32:00,10.599999999999902
2013-07-02 06:33:00,10.799999999999898
2013-07-02 06:34:00,10.999999999999893
2013-07-02 06:35:00,10.889999999999894
2013-07-02 06:36:00,10.299999999999912
2013-07-02 06:37:00,10.299999999999905
2013-07-02 06:38:00,10.299999999999905
2013-07-02 06:39:00,10.499999999999886
2013-07-02 06:40:00,10.559999999999903
2013-07-02 06:41:00,10.699999999999882
2013-07-02 06:42:00,10.399999999999878
2013-07-02 06:43:00,10.299999999999883
2013-07-02 06:44:00,9.999999999999886
2013-07-02 06:45:00,10.109999999999879
2013-07-02 06:46:00,10.099999999999888
2013-07-02 06:47:00,10.09999999999988
2013-07-02 06:48:00,82.4999999999998
2013-07-02 06:49:00,99.29999999999976
2013-07-02 06:50:00,96.29999999999976
2013-07-02 06:51:00,98.29999999999973
2013-07-02 06:52:00,91.69999999999976
2013-07-02 06:53:00,90.39999999999978
2013-07-02 06:54:00,89.29999999999977
2013-07-02 06:55:00,88.66999999999977
2013-07-02 06:56:00,87.69999999999976
2013-07-02 06:57:00,87.09999999999977
2013-07-02 06:58:00,86.39999999999975
2013-07-02 06:59:00,85.99999999999974
2013-07-02 07:00:00,85.43999999999977
2013-07-02 07:01:00,85.19999999999978
2013-07-02 07:02:00,84.89999999999978
2013-07-02 07:03:00,84.09999999999977
2013-07-02 07:04:00,9.999999999999886
2013-07-02 07:05:00,10.299999999999898
2013-07-02 07:06:00,10.299999999999898
2013-07-02 07:07:00,10.199999999999896
2013-07-02 07:08:00,10.19999999999989
2013-07-02 07:09:00,10.219999999999878
2013-07-02 07:10:00,9.9999999999999
2013-07-02 07:11:00,10.099999999999895
2013-07-02 07:12:00,9.999999999999893
2013-07-02 07:13:00,9.99999999999988
2013-07-02 07:14:00,9.9999999999999
2013-07-02 07:15:00,9.999999999999893
2013-07-02 07:16:00,9.99999999999988
2013-07-02 07:17:00,9.9999999999999
2013-07-02 07:18:00,10.399999999999899
2013-07-02 07:19:00,10.099999999999888
2013-07-02 07:20:00,10.559999999999881
2013-07-02 07:21:00,10.599999999999888
2013-07-02 07:22:00,10.499999999999886
2013-07-02 07:23:00,10.199999999999903
2013-07-02 07:24:00,10.29999999999989
2013-07-02 07:25:00,10.439999999999898
2013-07-02 07:26:00,10.399999999999899
2013-07-02 07:27:00,10.199999999999896
2013-07-02 07:28:00,165.79999999999967
2013-07-02 07:29:00,98.49999999999979
2013-07-02 07:30:00,98.77999999999972
2013-07-02 07:31:00,94.89999999999976
2013-07-02 07:32:00,92.79999999999978
2013-07-02 07:33:00,91.49999999999974
2013-07-02 07:34:00,90.09999999999977
2013-07-02 07:35:00,89.43999999999976
2013-07-02 07:36:00,88.59999999999977
2013-07-02 07:37:00,88.09999999999977
2013-07-02 07:38:00,86.89999999999978
2013-07-02 07:39:00,86.69999999999976
2013-07-02 07:40:00,85.99999999999979
2013-07-02 07:41:00,85.69999999999979
2013-07-02 07:42:00,85.09999999999975
2013-07-02 07:43:00,84.79999999999977
2013-07-02 07:44:00,46.999999999999815
2013-07-02 07:45:00,9.999999999999886
2013-07-02 07:46:00,10.099999999999902
2013-07-02 07:47:00,10.399999999999892
2013-07-02 07:48:00,10.099999999999895
2013-07-02 07:49:00,10.199999999999882
2013-07-02 07:50:00,10.219999999999892
2013-07-02 07:51:00,10.099999999999888
2013-07-02 07:52:00,10.199999999999896
2013-07-02 07:53:00,10.399999999999885
2013-07-02 07:54:00,10.699999999999896
2013-07-02 07:55:00,10.669999999999902
2013-07-02 07:56:00,10.29999999999989
2013-07-02 07:57:00,10.199999999999882
2013-07-02 07:58:00,9.999999999999893
2013-07-02 07:59:00,10.099999999999888
2013-07-02 08:00:00,10.109999999999893
2013-07-02 08:01:00,10.099999999999895
2013-07-02 08:02:00,10.299999999999898
2013-07-02 08:03:00,10.49999999999988
2013-07-02 08:04:00,10.399999999999892
2013-07-02 08:05:00,10.559999999999896
2013-07-02 08:06:00,10.499999999999893
2013-07-02 08:07:00,10.299999999999912
2013-07-02 08:08:00,22.199999999999882
2013-07-02 08:09:00,98.49999999999974
2013-07-02 08:10:00,99.32999999999976
2013-07-02 08:11:00,95.69999999999978
2013-07-02 08:12:00,93.79999999999978
2013-07-02 08:13:00,91.99999999999977
2013-07-02 08:14:00,90.39999999999978
2013-07-02 08:15:00,89.43999999999977
2013-07-02 08:16:00,88.69999999999975
2013-07-02 08:17:00,87.89999999999978
2013-07-02 08:18:00,87.09999999999977
2013-07-02 08:19:00,86.39999999999976
2013-07-02 08:20:00,86.10999999999977
2013-07-02 08:21:00,85.49999999999979
2013-07-02 08:22:00,84.99999999999976
2013-07-02 08:23:00,84.79999999999978
2013-07-02 08:24:00,77.09999999999978
2013-07-02 08:25:00,10.219999999999892
2013-07-02 08:26:00,10.099999999999895
2013-07-02 08:27:00,10.69999999999989
2013-07-02 08:28:00,10.19999999999989
2013-07-02 08:29:00,10.329999999999885
2013-07-02 08:30:00,10.499999999999893
2013-07-02 08:31:00,10.199999999999882
2013-07-02 08:32:00,10.099999999999895
2013-07-02 08:33:00,10.49999999999988
2013-07-02 08:34:00,10.29999999999989
2013-07-02 08:35:00,10.66999999999991
2013-07-02 08:36:00,10.599999999999895
2013-07-02 08:37:00,10.199999999999896
2013-07-02 08:38:00,10.599999999999895
2013-07-02 08:39:00,10.699999999999882
2013-07-02 08:40:00,10.669999999999895
2013-07-02 08:41:00,10.799999999999912
2013-07-02 08:42:00,10.599999999999888
2013-07-02 08:43:00,10.799999999999912
2013-07-02 08:44:00,10.59999999999988
2013-07-02 08:45:00,10.439999999999912
2013-07-02 08:46:00,10.69999999999989
2013-07-02 08:47:00,10.899999999999892
2013-07-02 08:48:00,10.599999999999895
2013-07-02 08:49:00,161.66999999999967
2013-07-02 08:50:00,99.39999999999974
2013-07-02 08:51:00,98.09999999999974
2013-07-02 08:52:00,94.29999999999976
2013-07-02 08:53:00,92.59999999999977
2013-07-02 08:54:00,90.88999999999976
2013-07-02 08:55:00,89.79999999999978
2013-07-02 08:56:00,88.59999999999978
2013-07-02 08:57:00,87.99999999999976
2013-07-02 08:58:00,87.29999999999976
2013-07-02 08:59:00,86.69999999999978
2013-07-02 09:00:00,86.21999999999977
2013-07-02 09:01:00,85.59999999999977
2013-07-02 09:02:00,85.19999999999978
2013-07-02 09:03:00,84.79999999999977
2013-07-02 09:04:00,84.39999999999974
2013-07-02 09:05:00,26.43999999999987
2013-07-02 09:06:00,10.099999999999888
2013-07-02 09:07:00,10.299999999999883
2013-07-02 09:08:00,10.29999999999989
2013-07-02 09:09:00,10.329999999999878
2013-07-02 09:10:00,10.4999999999999
2013-07-02 09:11:00,10.19999999999989
2013-07-02 09:12:00,10.599999999999866
2013-07-02 09:13:00,10.199999999999896
2013-07-02 09:14:00,10.329999999999899
2013-07-02 09:15:00,10.299999999999905
2013-07-02 09:16:00,10.49999999999988
2013-07-02 09:17:00,10.499999999999893
2013-07-02 09:18:00,10.49999999999988
2013-07-02 09:19:00,10.439999999999891
2013-07-02 09:20:00,10.59999999999988
2013-07-02 09:21:00,10.499999999999908
2013-07-02 09:22:00,10.699999999999882
2013-07-02 09:23:00,10.79999999999989
2013-07-02 09:24:00,10.2199999999999
2013-07-02 09:25:00,10.499999999999893
2013-07-02 09:26:00,10.4999999999999
2013-07-02 09:27:00,10.399999999999899
2013-07-02 09:28:00,10.4999999999999
2013-07-02 09:29:00,39.55999999999984
2013-07-02 09:30:00,98.49999999999974
2013-07-02 09:31:00,98.19999999999976
2013-07-02 09:32:00,94.59999999999975
2013-07-02 09:33:00,92.49999999999977
2013-07-02 09:34:00,91.21999999999977
2013-07-02 09:35:00,89.89999999999976
2013-07-02 09:36:00,89.19999999999976
2013-07-02 09:37:00,88.39999999999975
2013-07-02 09:38:00,87.19999999999978
2013-07-02 09:39:00,86.55999999999977
2013-07-02 09:40:00,85.99999999999976
2013-07-02 09:41:00,85.89999999999976
2013-07-02 09:42:00,85.19999999999979
2013-07-02 09:43:00,84.49999999999967
2013-07-02 09:44:00,87.43999999999974
2013-07-02 09:45:00,46.499999999999815
2013-07-02 09:46:00,9.799999999999883
2013-07-02 09:47:00,9.999999999999972
2013-07-02 09:48:00,9.999999999999886
2013-07-02 09:49:00,10.329999999999956
2013-07-02 09:50:00,10.199999999999932
2013-07-02 09:51:00,10.599999999999966
2013-07-02 09:52:00,10.200000000000017
2013-07-02 09:53:00,10.400000000000233
2013-07-02 09:54:00,10.780000000000342
2013-07-02 09:55:00,11.000000000000284
2013-07-02 09:56:00,10.700000000000358
2013-07-02 09:57:00,10.300000000000367
2013-07-02 09:58:00,10.60000000000042
2013-07-02 09:59:00,10.560000000000414
2013-07-02 10:00:00,10.800000000000438
2013-07-02 10:01:00,10.800000000000423
2013-07-02 10:02:00,15.500000000008868
2013-07-02 10:03:00,10.70000000002483
2013-07-02 10:04:00,10.900000000005434
2013-07-02 10:05:00,12.219999999999743
2013-07-02 10:06:00,13.599999999994225
2013-07-02 10:07:00,10.199999999994361
2013-07-02 10:08:00,71.89999999999395
2013-07-02 10:09:00,98.9999999999996
2013-07-02 10:10:00,97.60000000000028
2013-07-02 10:11:00,94.50000000000028
2013-07-02 10:12:00,92.70000000000013
2013-07-02 10:13:00,91.10000000000008
2013-07-02 10:14:00,90.00000000000011
2013-07-02 10:15:00,89.44000000000017
2013-07-02 10:16:00,88.50000000000017
2013-07-02 10:17:00,87.80000000000013
2013-07-02 10:18:00,87.70000000000016
2013-07-02 10:19:00,86.90000000000015
2013-07-02 10:20:00,86.22000000000014
2013-07-02 10:21:00,86.00000000000011
2013-07-02 10:22:00,85.40000000000025
2013-07-02 10:23:00,85.40000000000009
2013-07-02 10:24:00,84.99999999999983
2013-07-02 10:25:00,43.439999999999884
2013-07-02 10:26:00,10.499999999999943
2013-07-02 10:27:00,10.999999999999915
2013-07-02 10:28:00,10.999999999999972
2013-07-02 10:29:00,11.999999999999915
2013-07-02 10:30:00,10.88999999999993
2013-07-02 10:31:00,10.999999999999943
2013-07-02 10:32:00,10.799999999999926
2013-07-02 10:33:00,10.799999999999898
2013-07-02 10:34:00,10.799999999999898
2013-07-02 10:35:00,10.889999999999901
2013-07-02 10:36:00,10.799999999999983
2013-07-02 10:37:00,10.899999999999892
2013-07-02 10:38:00,10.999999999999943
2013-07-02 10:39:00,10.889999999999986
2013-07-02 10:40:00,10.999999999999886
2013-07-02 10:41:00,10.999999999999943
2013-07-02 10:42:00,10.999999999999915
2013-07-02 10:43:00,10.799999999999955
2013-07-02 10:44:00,10.999999999999915
2013-07-02 10:45:00,10.889999999999901
2013-07-02 10:46:00,10.999999999999943
2013-07-02 10:47:00,10.999999999999915
2013-07-02 10:48:00,141.69999999999976
2013-07-02 10:49:00,98.1100000000001
2013-07-02 10:50:00,99.60000000000011
2013-07-02 10:51:00,96.10000000000011
2013-07-02 10:52:00,99.00000000000011
2013-07-02 10:53:00,92.50000000000014
2013-07-02 10:54:00,91.11000000000004
2013-07-02 10:55:00,90.20000000000005
2013-07-02 10:56:00,89.30000000000007
2013-07-02 10:57:00,88.50000000000011
2013-07-02 10:58:00,87.70000000000005
2013-07-02 10:59:00,87.00000000000014
2013-07-02 11:00:00,86.90000000000006
2013-07-02 11:01:00,86.20000000000007
2013-07-02 11:02:00,85.3000000000001
2013-07-02 11:03:00,85.00000000000011
2013-07-02 11:04:00,84.78000000000006
2013-07-02 11:05:00,10.30000000000021
2013-07-02 11:06:00,10.800000000000239
2013-07-02 11:07:00,10.900000000000261
2013-07-02 11:08:00,11.000000000000227
2013-07-02 11:09:00,10.89000000000027
2013-07-02 11:10:00,10.800000000000239
2013-07-02 11:11:00,10.800000000000239
2013-07-02 11:12:00,10.90000000000029
2013-07-02 11:13:00,11.000000000000199
2013-07-02 11:14:00,11.000000000000028
2013-07-02 11:15:00,11.000000000000142
2013-07-02 11:16:00,11.000000000000199
2013-07-02 11:17:00,10.900000000000148
2013-07-02 11:18:00,11.000000000000114
2013-07-02 11:19:00,10.780000000000143
2013-07-02 11:20:00,10.800000000000125
2013-07-02 11:21:00,11.000000000000085
2013-07-02 11:22:00,11.000000000000028
2013-07-02 11:23:00,11.000000000000199
2013-07-02 11:24:00,10.900000000000205
2013-07-02 11:25:00,11.000000000000256
2013-07-02 11:26:00,10.800000000000239
2013-07-02 11:27:00,10.900000000000034
2013-07-02 11:28:00,10.88999999999993
2013-07-02 11:29:00,89.70000000000013
2013-07-02 11:30:00,99.8000000000001
2013-07-02 11:31:00,96.20000000000005
2013-07-02 11:32:00,94.1
2013-07-02 11:33:00,92.22000000000011
2013-07-02 11:34:00,90.69999999999976
2013-07-02 11:35:00,89.80000000000001
2013-07-02 11:36:00,88.90000000000012
2013-07-02 11:37:00,88.10000000000002
2013-07-02 11:38:00,87.55999999999992
2013-07-02 11:39:00,86.89999999999975
2013-07-02 11:40:00,86.09999999999971
2013-07-02 11:41:00,85.59999999999971
2013-07-02 11:42:00,84.8999999999998
2013-07-02 11:43:00,84.99999999999963
2013-07-02 11:44:00,92.99999999999969
2013-07-02 11:45:00,17.60000000000005
2013-07-02 11:46:00,10.599999999999824
2013-07-02 11:47:00,10.400000000000148
2013-07-02 11:48:00,10.890000000000157
2013-07-02 11:49:00,10.900000000000148
2013-07-02 11:50:00,11.000000000000199
2013-07-02 11:51:00,11.00000000000027
2013-07-02 11:52:00,11.000000000000256
2013-07-02 11:53:00,10.890000000000242
2013-07-02 11:54:00,11.000000000000256
2013-07-02 11:55:00,11.000000000000341
2013-07-02 11:56:00,11.000000000000298
2013-07-02 11:57:00,11.000000000000426
2013-07-02 11:58:00,11.000000000000398
2013-07-02 11:59:00,11.000000000000426
2013-07-02 12:00:00,11.000000000000412
2013-07-02 12:01:00,11.10000000000042
2013-07-02 12:02:00,10.900000000000404
2013-07-02 12:03:00,11.000000000000412
2013-07-02 12:04:00,11.000000000000398
2013-07-02 12:05:00,11.000000000000412
2013-07-02 12:06:00,10.900000000000404
2013-07-02 12:07:00,11.000000000000412
2013-07-02 12:08:00,10.900000000000375
2013-07-02 12:09:00,55.50000000000023
2013-07-02 12:10:00,99.20000000000027
2013-07-02 12:11:00,98.10000000000024
2013-07-02 12:12:00,95.11000000000023
2013-07-02 12:13:00,93.10000000000021
2013-07-02 12:14:00,91.80000000000018
2013-07-02 12:15:00,90.30000000000017
2013-07-02 12:16:00,89.7000000000001
2013-07-02 12:17:00,88.67000000000016
2013-07-02 12:18:00,88.10000000000014
2013-07-02 12:19:00,87.50000000000009
2013-07-02 12:20:00,86.7000000000001
2013-07-02 12:21:00,86.10000000000011
2013-07-02 12:22:00,86.0000000000003
2013-07-02 12:23:00,85.60000000000025
2013-07-02 12:24:00,85.20000000000024
2013-07-02 12:25:00,33.000000000000256
2013-07-02 12:26:00,10.800000000000267
2013-07-02 12:27:00,11.000000000000227
2013-07-02 12:28:00,11.000000000000256
2013-07-02 12:29:00,11.000000000000256
2013-07-02 12:30:00,11.000000000000256
2013-07-02 12:31:00,10.90000000000029
2013-07-02 12:32:00,10.890000000000313
2013-07-02 12:33:00,10.800000000000324
2013-07-02 12:34:00,11.000000000000341
2013-07-02 12:35:00,11.000000000000298
2013-07-02 12:36:00,11.000000000000227
2013-07-02 12:37:00,11.000000000000256
2013-07-02 12:38:00,11.000000000000313
2013-07-02 12:39:00,11.000000000000256
2013-07-02 12:40:00,11.000000000000313
2013-07-02 12:41:00,10.89000000000027
2013-07-02 12:42:00,11.100000000000279
2013-07-02 12:43:00,11.000000000000284
2013-07-02 12:44:00,10.900000000000233
2013-07-02 12:45:00,11.000000000000227
2013-07-02 12:46:00,11.000000000000256
2013-07-02 12:47:00,10.900000000000361
2013-07-02 12:48:00,11.000000000000256
2013-07-02 12:49:00,10.900000000000233
2013-07-02 12:50:00,98.50000000000011
2013-07-02 12:51:00,100.00000000000009
2013-07-02 12:52:00,96.70000000000016
2013-07-02 12:53:00,94.10000000000011
2013-07-02 12:54:00,92.20000000000019
2013-07-02 12:55:00,90.70000000000016
2013-07-02 12:56:00,89.89000000000016
2013-07-02 12:57:00,89.50000000000017
2013-07-02 12:58:00,88.30000000000015
2013-07-02 12:59:00,87.70000000000016
2013-07-02 13:00:00,86.89000000000016
2013-07-02 13:01:00,86.20000000000013
2013-07-02 13:02:00,85.60000000000016
2013-07-02 13:03:00,85.30000000000013
2013-07-02 13:04:00,85.00000000000017
2013-07-02 13:05:00,35.4400000000002
2013-07-02 13:06:00,10.800000000000296
2013-07-02 13:07:00,10.800000000000239
2013-07-02 13:08:00,10.700000000000216
2013-07-02 13:09:00,10.60000000000025
2013-07-02 13:10:00,10.670000000000243
2013-07-02 13:11:00,10.800000000000182
2013-07-02 13:12:00,10.800000000000182
2013-07-02 13:13:00,10.800000000000267
2013-07-02 13:14:00,10.67000000000013
2013-07-02 13:15:00,10.900000000000233
2013-07-02 13:16:00,11.000000000000199
2013-07-02 13:17:00,11.800000000000182
2013-07-02 13:18:00,10.80000000000031
2013-07-02 13:19:00,11.000000000000284
2013-07-02 13:20:00,10.89000000000027
2013-07-02 13:21:00,11.000000000000284
2013-07-02 13:22:00,11.000000000000284
2013-07-02 13:23:00,11.000000000000313
2013-07-02 13:24:00,11.000000000000355
2013-07-02 13:25:00,11.000000000000313
2013-07-02 13:26:00,11.000000000000313
2013-07-02 13:27:00,11.000000000000256
2013-07-02 13:28:00,11.000000000000284
2013-07-02 13:29:00,10.890000000000342
2013-07-02 13:30:00,89.30000000000015
2013-07-02 13:31:00,99.90000000000018
2013-07-02 13:32:00,96.90000000000018
2013-07-02 13:33:00,94.1
2013-07-02 13:34:00,92.32999999999996
2013-07-02 13:35:00,91.10000000000011
2013-07-02 13:36:00,90.20000000000019
2013-07-02 13:37:00,89.10000000000014
2013-07-02 13:38:00,92.22000000000017
2013-07-02 13:39:00,87.20000000000017
2013-07-02 13:40:00,86.79999999999814
2013-07-02 13:41:00,86.30000000000021
2013-07-02 13:42:00,88.99999999999761
2013-07-02 13:43:00,85.1999999999939
2013-07-02 13:44:00,85.10000000000016
2013-07-02 13:45:00,84.60000000000014
2013-07-02 13:46:00,84.30000000000015
2013-07-02 13:47:00,84.10000000000005
2013-07-02 13:48:00,25.200000000000188
2013-07-02 13:49:00,10.800000000000182
2013-07-02 13:50:00,10.890000000000214
2013-07-02 13:51:00,11.000000000000284
2013-07-02 13:52:00,11.000000000000284
2013-07-02 13:53:00,10.900000000000205
2013-07-02 13:54:00,10.300000000000182
2013-07-02 13:55:00,10.330000000000268
2013-07-02 13:56:00,10.700000000000287
2013-07-02 13:57:00,10.500000000000313
2013-07-02 13:58:00,10.600000000000307
2013-07-02 13:59:00,10.6700000000003
2013-07-02 14:00:00,10.700000000000216
2013-07-02 14:01:00,10.600000000000222
2013-07-02 14:02:00,10.500000000000284
2013-07-02 14:03:00,10.800000000000182
2013-07-02 14:04:00,10.670000000000272
2013-07-02 14:05:00,10.700000000000216
2013-07-02 14:06:00,10.700000000000216
2013-07-02 14:07:00,10.900000000000261
2013-07-02 14:08:00,10.800000000000296
2013-07-02 14:09:00,10.670000000000243
2013-07-02 14:10:00,10.700000000000301
2013-07-02 14:11:00,10.900000000000361
2013-07-02 14:12:00,22.60000000000032
2013-07-02 14:13:00,97.30000000000014
2013-07-02 14:14:00,98.78000000000014
2013-07-02 14:15:00,95.40000000000015
2013-07-02 14:16:00,93.10000000000016
2013-07-02 14:17:00,91.50000000000014
2013-07-02 14:18:00,90.11000000000014
2013-07-02 14:19:00,89.20000000000023
2013-07-02 14:20:00,88.3000000000002
2013-07-02 14:21:00,87.50000000000014
2013-07-02 14:22:00,86.40000000000018
2013-07-02 14:23:00,85.56000000000017
2013-07-02 14:24:00,85.10000000000011
2013-07-02 14:25:00,84.90000000000015
2013-07-02 14:26:00,84.60000000000015
2013-07-02 14:27:00,76.70000000000023
2013-07-02 14:28:00,10.110000000000241
2013-07-02 14:29:00,10.500000000000327
2013-07-02 14:30:00,10.800000000000281
2013-07-02 14:31:00,10.800000000000239
2013-07-02 14:32:00,10.440000000000282
2013-07-02 14:33:00,10.800000000000338
2013-07-02 14:34:00,10.700000000000273
2013-07-02 14:35:00,10.80000000000038
2013-07-02 14:36:00,10.600000000000364
2013-07-02 14:37:00,10.6700000000004
2013-07-02 14:38:00,10.300000000000367
2013-07-02 14:39:00,10.400000000000318
2013-07-02 14:40:00,10.300000000000352
2013-07-02 14:41:00,10.500000000000355
2013-07-02 14:42:00,10.780000000000356
2013-07-02 14:43:00,10.600000000000279
2013-07-02 14:44:00,10.900000000000276
2013-07-02 14:45:00,10.600000000000364
2013-07-02 14:46:00,10.700000000000372
2013-07-02 14:47:00,10.330000000000325
2013-07-02 14:48:00,10.30000000000038
2013-07-02 14:49:00,10.200000000000358
2013-07-02 14:50:00,10.200000000000358
2013-07-02 14:51:00,10.60000000000025
2013-07-02 14:52:00,10.330000000000297
2013-07-02 14:53:00,175.49999999999997
2013-07-02 14:54:00,98.80000000000021
2013-07-02 14:55:00,96.30000000000022
2013-07-02 14:56:00,93.78000000000023
2013-07-02 14:57:00,91.80000000000024
2013-07-02 14:58:00,90.40000000000025
2013-07-02 14:59:00,89.10000000000022
2013-07-02 15:00:00,88.20000000000017
2013-07-02 15:01:00,87.44000000000023
2013-07-02 15:02:00,86.80000000000024
2013-07-02 15:03:00,86.20000000000022
2013-07-02 15:04:00,86.10000000000022
2013-07-02 15:05:00,85.10000000000011
2013-07-02 15:06:00,84.78000000000011
2013-07-02 15:07:00,84.00000000000014
2013-07-02 15:08:00,25.000000000000227
2013-07-02 15:09:00,10.200000000000344
2013-07-02 15:10:00,10.440000000000296
2013-07-02 15:11:00,10.600000000000307
2013-07-02 15:12:00,10.400000000000375
2013-07-02 15:13:00,10.800000000000352
2013-07-02 15:14:00,10.500000000000341
2013-07-02 15:15:00,10.220000000000297
2013-07-02 15:16:00,10.400000000000318
2013-07-02 15:17:00,10.400000000000233
2013-07-02 15:18:00,10.400000000000375
2013-07-02 15:19:00,10.30000000000031
2013-07-02 15:20:00,10.440000000000367
2013-07-02 15:21:00,10.600000000000364
2013-07-02 15:22:00,10.300000000000296
2013-07-02 15:23:00,10.300000000000352
2013-07-02 15:24:00,10.670000000000343
2013-07-02 15:25:00,10.200000000000244
2013-07-02 15:26:00,10.300000000000352
2013-07-02 15:27:00,10.700000000000259
2013-07-02 15:28:00,10.900000000000304
2013-07-02 15:29:00,11.000000000000341
2013-07-02 15:30:00,10.90000000000039
2013-07-02 15:31:00,10.800000000000352
2013-07-02 15:32:00,11.000000000000313
2013-07-02 15:33:00,71.90000000000018
2013-07-02 15:34:00,99.11000000000007
2013-07-02 15:35:00,98.20000000000023
2013-07-02 15:36:00,94.60000000000016
2013-07-02 15:37:00,92.6000000000002
2013-07-02 15:38:00,90.78000000000017
2013-07-02 15:39:00,89.60000000000014
2013-07-02 15:40:00,88.80000000000024
2013-07-02 15:41:00,87.90000000000018
2013-07-02 15:42:00,87.30000000000017
2013-07-02 15:43:00,86.44000000000005
2013-07-02 15:44:00,86.00000000000024
2013-07-02 15:45:00,85.2000000000002
2013-07-02 15:46:00,85.00000000000011
2013-07-02 15:47:00,84.70000000000019
2013-07-02 15:48:00,34.780000000000285
2013-07-02 15:49:00,10.300000000000352
2013-07-02 15:50:00,11.000000000000384
2013-07-02 15:51:00,10.600000000000406
2013-07-02 15:52:00,10.56000000000033
2013-07-02 15:53:00,10.800000000000068
2013-07-02 15:54:00,10.500000000000114
2013-07-02 15:55:00,10.30000000000004
2013-07-02 15:56:00,10.599999999999852
2013-07-02 15:57:00,10.219999999999857
2013-07-02 15:58:00,10.599999999999824
2013-07-02 15:59:00,10.899999999999864
2013-07-02 16:00:00,10.499999999999801
2013-07-02 16:01:00,10.499999999999801
2013-07-02 16:02:00,10.329999999999814
2013-07-02 16:03:00,10.199999999999818
2013-07-02 16:04:00,10.099999999999795
2013-07-02 16:05:00,10.499999999999773
2013-07-02 16:06:00,10.439999999999827
2013-07-02 16:07:00,10.499999999999858
2013-07-02 16:08:00,10.699999999999847
2013-07-02 16:09:00,10.499999999999858
2013-07-02 16:10:00,10.29999999999984
2013-07-02 16:11:00,10.779999999999859
2013-07-02 16:12:00,10.499999999999886
2013-07-02 16:13:00,36.59999999999985
2013-07-02 16:14:00,97.99999999999974
2013-07-02 16:15:00,98.89999999999972
2013-07-02 16:16:00,105.66999999999979
2013-07-02 16:17:00,93.09999999999982
2013-07-02 16:18:00,91.40000000000012
2013-07-02 16:19:00,90.10000000000005
2013-07-02 16:20:00,89.1100000000001
2013-07-02 16:21:00,88.00000000000006
2013-07-02 16:22:00,87.3000000000001
2013-07-02 16:23:00,86.70000000000005
2013-07-02 16:24:00,86.00000000000006
2013-07-02 16:25:00,85.11000000000004
2013-07-02 16:26:00,84.70000000000005
2013-07-02 16:27:00,84.5
2013-07-02 16:28:00,62.200000000000244
2013-07-02 16:29:00,10.500000000000256
2013-07-02 16:30:00,10.890000000000327
2013-07-02 16:31:00,11.000000000000256
2013-07-02 16:32:00,10.900000000000261
2013-07-02 16:33:00,11.000000000000284
2013-07-02 16:34:00,11.000000000000256
2013-07-02 16:35:00,10.80000000000021
2013-07-02 16:36:00,10.90000000000029
2013-07-02 16:37:00,10.800000000000253
2013-07-02 16:38:00,10.900000000000304
2013-07-02 16:39:00,10.780000000000229
2013-07-02 16:40:00,10.600000000000279
2013-07-02 16:41:00,10.400000000000176
2013-07-02 16:42:00,10.000000000000327
2013-07-02 16:43:00,10.220000000000312
2013-07-02 16:44:00,10.000000000000313
2013-07-02 16:45:00,10.000000000000227
2013-07-02 16:46:00,10.200000000000244
2013-07-02 16:47:00,10.300000000000182
2013-07-02 16:48:00,10.000000000000327
2013-07-02 16:49:00,10.100000000000279
2013-07-02 16:50:00,10.300000000000239
2013-07-02 16:51:00,10.400000000000261
2013-07-02 16:52:00,10.70000000000033
2013-07-02 16:53:00,10.670000000000243
2013-07-02 16:54:00,80.90000000000022
2013-07-02 16:55:00,99.40000000000018
2013-07-02 16:56:00,96.20000000000014
2013-07-02 16:57:00,93.78000000000019
2013-07-02 16:58:00,91.9000000000002
2013-07-02 16:59:00,90.40000000000016
2013-07-02 17:00:00,89.5000000000002
2013-07-02 17:01:00,88.90000000000022
2013-07-02 17:02:00,87.78000000000023
2013-07-02 17:03:00,87.30000000000018
2013-07-02 17:04:00,90.90000000000018
2013-07-02 17:05:00,86.40000000000018
2013-07-02 17:06:00,85.78000000000011
2013-07-02 17:07:00,85.10000000000002
2013-07-02 17:08:00,76.99999999999989
2013-07-02 17:09:00,10.899999999999977
2013-07-02 17:10:00,11.109999999999957
2013-07-02 17:11:00,10.999999999999972
2013-07-02 17:12:00,10.999999999999943
2013-07-02 17:13:00,10.999999999999972
2013-07-02 17:14:00,15.999999999999972
2013-07-02 17:15:00,10.999999999999943
2013-07-02 17:16:00,15.89999999999992
2013-07-02 17:17:00,10.79999999999336
2013-07-02 17:18:00,16.900000000018736
2013-07-02 17:19:00,16.90000000000464
2013-07-02 17:20:00,12.19999999999925
2013-07-02 17:21:00,10.499999999999943
2013-07-02 17:22:00,10.799999999999898
2013-07-02 17:23:00,10.59999999999988
2013-07-02 17:24:00,10.219999999999828
2013-07-02 17:25:00,10.699999999999761
2013-07-02 17:26:00,10.19999999999979
2013-07-02 17:27:00,10.099999999999767
2013-07-02 17:28:00,10.499999999999773
2013-07-02 17:29:00,10.2199999999998
2013-07-02 17:30:00,176.59999999999945
2013-07-02 17:31:00,97.69999999999959
2013-07-02 17:32:00,95.5999999999996
2013-07-02 17:33:00,92.99999999999969
2013-07-02 17:34:00,90.99999999999969
2013-07-02 17:35:00,90.89999999999964
2013-07-02 17:36:00,88.49999999999972
2013-07-02 17:37:00,87.69999999999996
2013-07-02 17:38:00,86.99999999999989
2013-07-02 17:39:00,86.59999999999982
2013-07-02 17:40:00,85.69999999999985
2013-07-02 17:41:00,85.29999999999978
2013-07-02 17:42:00,84.7999999999999
2013-07-02 17:43:00,84.78000000000017
2013-07-02 17:44:00,84.6000000000002
2013-07-02 17:45:00,83.90000000000016
2013-07-02 17:46:00,47.00000000000024
2013-07-02 17:47:00,10.440000000000268
2013-07-02 17:48:00,10.300000000000324
2013-07-02 17:49:00,10.80000000000038
2013-07-02 17:50:00,10.600000000000364
2013-07-02 17:51:00,10.90000000000039
2013-07-02 17:52:00,10.780000000000342
2013-07-02 17:53:00,10.600000000000335
2013-07-02 17:54:00,10.100000000000335
2013-07-02 17:55:00,10.400000000000361
2013-07-02 17:56:00,11.000000000000384
2013-07-02 17:57:00,10.80000000000038
2013-07-02 17:58:00,11.000000000000355
2013-07-02 17:59:00,10.80000000000038
2013-07-02 18:00:00,10.670000000000357
2013-07-02 18:01:00,10.900000000000304
2013-07-02 18:02:00,10.900000000000304
2013-07-02 18:03:00,10.900000000000318
2013-07-02 18:04:00,10.800000000000267
2013-07-02 18:05:00,10.780000000000314
2013-07-02 18:06:00,11.000000000000227
2013-07-02 18:07:00,10.60000000000025
2013-07-02 18:08:00,10.900000000000261
2013-07-02 18:09:00,10.900000000000261
2013-07-02 18:10:00,10.560000000000315
2013-07-02 18:11:00,97.20000000000022
2013-07-02 18:12:00,98.7000000000002
2013-07-02 18:13:00,95.50000000000024
2013-07-02 18:14:00,93.00000000000014
2013-07-02 18:15:00,91.60000000000015
2013-07-02 18:16:00,89.70000000000019
2013-07-02 18:17:00,89.10000000000021
2013-07-02 18:18:00,88.30000000000013
2013-07-02 18:19:00,87.89000000000016
2013-07-02 18:20:00,86.90000000000012
2013-07-02 18:21:00,86.40000000000015
2013-07-02 18:22:00,86.10000000000014
2013-07-02 18:23:00,85.56000000000017
2013-07-02 18:24:00,84.90000000000018
2013-07-02 18:25:00,62.500000000000256
2013-07-02 18:26:00,10.900000000000347
2013-07-02 18:27:00,10.890000000000327
2013-07-02 18:28:00,11.000000000000284
2013-07-02 18:29:00,10.700000000000301
2013-07-02 18:30:00,10.700000000000216
2013-07-02 18:31:00,11.000000000000284
2013-07-02 18:32:00,11.00000000000037
2013-07-02 18:33:00,10.900000000000318
2013-07-02 18:34:00,11.000000000000256
2013-07-02 18:35:00,10.70000000000033
2013-07-02 18:36:00,10.200000000000315
2013-07-02 18:37:00,10.110000000000284
2013-07-02 18:38:00,10.000000000000313
2013-07-02 18:39:00,10.300000000000281
2013-07-02 18:40:00,10.20000000000033
2013-07-02 18:41:00,10.220000000000297
2013-07-02 18:42:00,10.200000000000188
2013-07-02 18:43:00,10.400000000000233
2013-07-02 18:44:00,10.10000000000025
2013-07-02 18:45:00,10.110000000000213
2013-07-02 18:46:00,10.300000000000182
2013-07-02 18:47:00,10.700000000000273
2013-07-02 18:48:00,10.500000000000256
2013-07-02 18:49:00,10.500000000000298
2013-07-02 18:50:00,10.33000000000024
2013-07-02 18:51:00,79.90000000000023
2013-07-02 18:52:00,98.90000000000023
2013-07-02 18:53:00,96.2000000000002
2013-07-02 18:54:00,93.44000000000017
2013-07-02 18:55:00,91.70000000000022
2013-07-02 18:56:00,94.20000000000017
2013-07-02 18:57:00,89.10000000000007
2013-07-02 18:58:00,88.3999999999998
2013-07-02 18:59:00,91.77999999999983
2013-07-02 19:00:00,86.79999999999977
2013-07-02 19:01:00,85.99999999999983
2013-07-02 19:02:00,85.59999999999982
2013-07-02 19:03:00,84.9999999999998
2013-07-02 19:04:00,84.09999999999977
2013-07-02 19:05:00,68.99999999999983
2013-07-02 19:06:00,10.199999999999918
2013-07-02 19:07:00,10.499999999999915
2013-07-02 19:08:00,10.439999999999927
2013-07-02 19:09:00,10.699999999999974
2013-07-02 19:10:00,10.299999999999926
2013-07-02 19:11:00,10.299999999999912
2013-07-02 19:12:00,10.43999999999994
2013-07-02 19:13:00,10.599999999999952
2013-07-02 19:14:00,10.699999999999918
2013-07-02 19:15:00,10.499999999999943
2013-07-02 19:16:00,10.69999999999996
2013-07-02 19:17:00,10.779999999999973
2013-07-02 19:18:00,10.799999999999955
2013-07-02 19:19:00,10.599999999999937
2013-07-02 19:20:00,10.899999999999991
2013-07-02 19:21:00,10.669999999999916
2013-07-02 19:22:00,10.89999999999992
2013-07-02 19:23:00,10.599999999999966
2013-07-02 19:24:00,10.599999999999966
2013-07-02 19:25:00,10.599999999999923
2013-07-02 19:26:00,10.1099999999999
2013-07-02 19:27:00,10.19999999999986
2013-07-02 19:28:00,10.499999999999915
2013-07-02 19:29:00,10.499999999999886
2013-07-02 19:30:00,10.219999999999942
2013-07-02 19:31:00,64.69999999999987
2013-07-02 19:32:00,98.39999999999978
2013-07-02 19:33:00,96.79999999999983
2013-07-02 19:34:00,93.89999999999985
2013-07-02 19:35:00,91.99999999999982
2013-07-02 19:36:00,90.49999999999983
2013-07-02 19:37:00,89.19999999999985
