2013-04-04 19:47:00,7.236905946873857e-13
2013-04-04 19:48:00,5.86832574252581e-13
2013-04-04 19:49:00,1.0987634223700847e-12
2013-04-04 19:50:00,1.2031946291966403e-12
2013-04-04 19:51:00,1.0612930115277703e-12
2013-04-04 19:52:00,1.154123572588184e-14
2013-04-04 19:53:00,1.1480596160396073e-12
2013-04-04 19:54:00,1.478685858680715e-12
2013-04-04 19:55:00,1.2770870115190798e-12
2013-04-04 19:56:00,1.5769692439319091e-12
2013-04-04 19:57:00,4.4915551330550873e-13
2013-04-04 19:58:00,1.9611709652233572e-13
2013-04-04 19:59:00,8.550134898346668e-14
2013-04-04 20:00:00,0.0
2013-04-04 20:01:00,4.208440300760788e-14
2013-04-04 20:02:00,9.683748668162684e-14
2013-04-04 20:03:00,8.960665920363664e-14
2013-04-04 20:04:00,2.48248211044604e-13
2013-04-04 20:05:00,1.1984770543978189e-12
2013-04-04 20:06:00,1.6901342227035996e-12
2013-04-04 20:07:00,1.268831411681616e-12
2013-04-04 20:08:00,1.2991360115131353e-12
2013-04-04 20:09:00,4.171007627531594e-13
2013-04-04 20:10:00,4.4198218550622593e-13
2013-04-04 20:11:00,5.782144540463218e-13
2013-04-04 20:12:00,4.2811295090920535e-13
2013-04-04 20:13:00,5.034671700598481e-13
2013-04-04 20:14:00,5.202400841922497e-13
2013-04-04 20:15:00,5.354382735783352e-13
2013-04-04 20:16:00,6.628964189446443e-13
2013-04-04 20:17:00,6.753748076149693e-13
2013-04-04 20:18:00,6.298382441251324e-13
2013-04-04 20:19:00,6.400835555798149e-13
2013-04-04 20:20:00,4.788367295675682e-13
2013-04-04 20:21:00,7.714656797270897e-13
2013-04-04 20:22:00,6.654009509229153e-13
2013-04-04 20:23:00,6.154640394188025e-13
2013-04-04 20:24:00,4.511918728721866e-13
2013-04-04 20:25:00,5.705492599574133e-13
2013-04-04 20:26:00,4.620005921728161e-13
2013-04-04 20:27:00,4.098129462554733e-13
2013-04-04 20:28:00,4.1403161203858294e-13
2013-04-04 20:29:00,5.315410461809629e-13
2013-04-04 20:30:00,5.350047582044516e-13
2013-04-04 20:31:00,4.244564419643324e-13
2013-04-04 20:32:00,5.409871411337299e-13
2013-04-04 20:33:00,4.867205878390357e-13
2013-04-04 20:34:00,4.322121055662965e-13
2013-04-04 20:35:00,6.048580832565642e-13
2013-04-04 20:36:00,6.067751699256618e-13
2013-04-04 20:37:00,5.516688520859697e-13
2013-04-04 20:38:00,6.100862842692857e-13
2013-04-04 20:39:00,5.546691025180738e-13
2013-04-04 20:40:00,6.696482751035063e-13
2013-04-04 20:41:00,6.708192791315173e-13
2013-04-04 20:42:00,6.150369246062859e-13
2013-04-04 20:43:00,4.454681143530815e-13
2013-04-04 20:44:00,5.600261330323232e-13
2013-04-04 20:45:00,6.176589420419764e-13
2013-04-04 20:46:00,4.478439637282513e-13
2013-04-04 20:47:00,4.4849208810935916e-13
2013-04-04 20:48:00,5.059227822052313e-13
2013-04-04 20:49:00,5.632983399760585e-13
2013-04-04 20:50:00,4.500936813123174e-13
2013-04-04 20:51:00,5.073740098586899e-13
2013-04-04 20:52:00,5.646133191469696e-13
2013-04-04 20:53:00,5.081286225478603e-13
2013-04-04 20:54:00,2.2423657187233146e-13
2013-04-04 20:55:00,1.1340258005584638e-12
2013-04-04 20:56:00,1.134292675817637e-12
2013-04-04 20:57:00,1.1345344954978284e-12
2013-04-04 20:58:00,1.134753611941627e-12
2013-04-04 20:59:00,1.2486389943635956e-12
2013-04-04 21:00:00,1.1351320609766554e-12
2013-04-04 21:01:00,1.3626687504392876e-12
2013-04-04 21:02:00,1.135442784447131e-12
2013-04-04 21:03:00,1.135576626199008e-12
2013-04-04 21:04:00,1.1356979022203796e-12
2013-04-04 21:05:00,1.1358077922446326e-12
2013-04-04 21:06:00,1.0222205275242882e-12
2013-04-04 21:07:00,1.1359975898377146e-12
2013-04-04 21:08:00,1.1360793436953206e-12
2013-04-04 21:09:00,1.136153422093453e-12
2013-04-04 21:10:00,1.1362205456424884e-12
2013-04-04 21:11:00,1.3636550427415433e-12
2013-04-04 21:12:00,1.25002331643567e-12
2013-04-04 21:13:00,1.2500732537171217e-12
2013-04-04 21:14:00,1.3638053403594046e-12
2013-04-04 21:15:00,1.363846341085956e-12
2013-04-04 21:16:00,1.136509817016789e-12
2013-04-04 21:17:00,1.250230318156374e-12
2013-04-04 21:18:00,1.2502608210849427e-12
2013-04-04 21:19:00,2.839503396128668e-13
2013-04-04 21:20:00,0.0
2013-04-04 21:21:00,0.0
2013-04-04 21:22:00,0.0
2013-04-04 21:23:00,0.0
2013-04-04 21:24:00,0.0
2013-04-04 21:25:00,0.0
2013-04-04 21:26:00,0.0
2013-04-04 21:27:00,0.0
2013-04-04 21:28:00,0.0
2013-04-04 21:29:00,0.0
2013-04-04 21:30:00,0.0
2013-04-04 21:31:00,0.0
2013-04-04 21:32:00,0.0
2013-04-04 21:33:00,0.0
2013-04-04 21:34:00,0.0
2013-04-04 21:35:00,0.0
2013-04-04 21:36:00,0.0
2013-04-04 21:37:00,0.0
2013-04-04 21:38:00,0.0
2013-04-04 21:39:00,0.0
2013-04-04 21:40:00,0.0
2013-04-04 21:41:00,0.0
2013-04-04 21:42:00,0.0
2013-04-04 21:43:00,0.0
2013-04-04 21:44:00,0.0
2013-04-04 21:45:00,0.0
2013-04-04 21:46:00,0.0
2013-04-04 21:47:00,0.0
2013-04-04 21:48:00,0.0
2013-04-04 21:49:00,0.0
2013-04-04 21:50:00,0.0
2013-04-04 21:51:00,0.0
2013-04-04 21:52:00,0.0
2013-04-04 21:53:00,0.0
2013-04-04 21:54:00,0.0
2013-04-04 21:55:00,0.0
2013-04-04 21:56:00,0.0
2013-04-04 21:57:00,0.0
2013-04-04 21:58:00,0.0
2013-04-04 21:59:00,0.0
2013-04-04 22:00:00,0.0
2013-04-04 22:01:00,0.0
2013-04-04 22:02:00,0.0
2013-04-04 22:03:00,0.0
2013-04-04 22:04:00,0.0
2013-04-04 22:05:00,0.0
2013-04-04 22:06:00,0.0
2013-04-04 22:07:00,0.0
2013-04-04 22:08:00,0.0
2013-04-04 22:09:00,0.0
2013-04-04 22:10:00,0.0
2013-04-04 22:11:00,0.0
2013-04-04 22:12:00,0.0
2013-04-04 22:13:00,0.0
2013-04-04 22:14:00,0.0
2013-04-04 22:15:00,0.0
2013-04-04 22:16:00,0.0
2013-04-04 22:17:00,0.0
2013-04-04 22:18:00,0.0
2013-04-04 22:19:00,0.0
2013-04-04 22:20:00,0.0
2013-04-04 22:21:00,0.0
2013-04-04 22:22:00,0.0
2013-04-04 22:23:00,0.0
2013-04-04 22:24:00,0.0
2013-04-04 22:25:00,0.0
2013-04-04 22:26:00,0.0
2013-04-04 22:27:00,0.0
2013-04-04 22:28:00,0.0
2013-04-04 22:29:00,0.0
2013-04-04 22:30:00,0.0
2013-04-04 22:31:00,0.0
2013-04-04 22:32:00,0.0
2013-04-04 22:33:00,0.0
2013-04-04 22:34:00,0.0
2013-04-04 22:35:00,0.0
2013-04-04 22:36:00,0.0
2013-04-04 22:37:00,0.0
2013-04-04 22:38:00,0.0
2013-04-04 22:39:00,0.0
2013-04-04 22:40:00,0.0
2013-04-04 22:41:00,0.0
2013-04-04 22:42:00,0.0
2013-04-04 22:43:00,0.0
2013-04-04 22:44:00,0.0
2013-04-04 22:45:00,0.0
2013-04-04 22:46:00,4.547473006450758e-13
2013-04-04 22:47:00,0.0
2013-04-04 22:48:00,1.1368679647120423e-13
2013-04-04 22:49:00,0.0
2013-04-04 22:50:00,0.0
2013-04-04 22:51:00,0.0
2013-04-04 22:52:00,0.0
2013-04-04 22:53:00,0.0
2013-04-04 22:54:00,0.0
2013-04-04 22:55:00,0.0
2013-04-04 22:56:00,0.0
2013-04-04 22:57:00,0.0
2013-04-04 22:58:00,0.0
2013-04-04 22:59:00,0.0
2013-04-04 23:00:00,0.0
2013-04-04 23:01:00,0.0
2013-04-04 23:02:00,0.0
2013-04-04 23:03:00,0.0
2013-04-04 23:04:00,0.0
2013-04-04 23:05:00,0.0
2013-04-04 23:06:00,0.0
2013-04-04 23:07:00,0.0
2013-04-04 23:08:00,0.0
2013-04-04 23:09:00,0.0
2013-04-04 23:10:00,0.0
2013-04-04 23:11:00,0.0
2013-04-04 23:12:00,0.0
2013-04-04 23:13:00,0.0
2013-04-04 23:14:00,0.0
2013-04-04 23:15:00,0.0
2013-04-04 23:16:00,0.0
2013-04-04 23:17:00,0.0
2013-04-04 23:18:00,0.0
2013-04-04 23:19:00,0.0
2013-04-04 23:20:00,0.0
2013-04-04 23:21:00,0.0
2013-04-04 23:22:00,0.0
2013-04-04 23:23:00,0.0
2013-04-04 23:24:00,0.0
2013-04-04 23:25:00,0.0
2013-04-04 23:26:00,0.0
2013-04-04 23:27:00,0.0
2013-04-04 23:28:00,0.0
2013-04-04 23:29:00,0.0
2013-04-04 23:30:00,0.0
2013-04-04 23:31:00,0.0
2013-04-04 23:32:00,0.0
2013-04-04 23:33:00,0.0
2013-04-04 23:34:00,0.0
2013-04-04 23:35:00,0.0
2013-04-04 23:36:00,0.0
2013-04-04 23:37:00,0.0
2013-04-04 23:38:00,0.0
2013-04-04 23:39:00,0.0
2013-04-04 23:40:00,0.0
2013-04-04 23:41:00,0.0
2013-04-04 23:42:00,0.0
2013-04-04 23:43:00,0.0
2013-04-04 23:44:00,0.0
2013-04-04 23:45:00,0.0
2013-04-04 23:46:00,0.0
2013-04-04 23:47:00,0.0
2013-04-04 23:48:00,0.0
2013-04-04 23:49:00,0.0
2013-04-04 23:50:00,0.0
2013-04-04 23:51:00,0.0
2013-04-04 23:52:00,0.0
2013-04-04 23:53:00,0.0
2013-04-04 23:54:00,0.0
2013-04-04 23:55:00,0.0
2013-04-04 23:56:00,0.0
2013-04-04 23:57:00,0.0
2013-04-04 23:58:00,0.0
2013-04-04 23:59:00,0.0
2013-04-05 00:00:00,0.0
2013-04-05 00:01:00,0.0
2013-04-05 00:02:00,0.0
2013-04-05 00:03:00,0.0
2013-04-05 00:04:00,0.0
2013-04-05 00:05:00,0.0
2013-04-05 00:06:00,0.0
2013-04-05 00:07:00,0.0
2013-04-05 00:08:00,0.0
2013-04-05 00:09:00,0.0
2013-04-05 00:10:00,0.0
2013-04-05 00:11:00,0.0
2013-04-05 00:12:00,0.0
2013-04-05 00:13:00,0.0
2013-04-05 00:14:00,0.0
2013-04-05 00:15:00,0.0
2013-04-05 00:16:00,0.0
2013-04-05 00:17:00,0.0
2013-04-05 00:18:00,0.0
2013-04-05 00:19:00,0.0
2013-04-05 00:20:00,0.0
2013-04-05 00:21:00,0.0
2013-04-05 00:22:00,0.0
2013-04-05 00:23:00,0.0
2013-04-05 00:24:00,0.0
2013-04-05 00:25:00,0.0
2013-04-05 00:26:00,0.0
2013-04-05 00:27:00,0.0
2013-04-05 00:28:00,0.0
2013-04-05 00:29:00,0.0
2013-04-05 00:30:00,0.0
2013-04-05 00:31:00,0.0
2013-04-05 00:32:00,0.0
2013-04-05 00:33:00,0.0
2013-04-05 00:34:00,0.0
2013-04-05 00:35:00,0.0
2013-04-05 00:36:00,0.0
2013-04-05 00:37:00,0.0
2013-04-05 00:38:00,0.0
2013-04-05 00:39:00,0.0
2013-04-05 00:40:00,0.0
2013-04-05 00:41:00,0.0
2013-04-05 00:42:00,0.0
2013-04-05 00:43:00,0.0
2013-04-05 00:44:00,0.0
2013-04-05 00:45:00,0.0
2013-04-05 00:46:00,0.0
2013-04-05 00:47:00,0.0
2013-04-05 00:48:00,0.0
2013-04-05 00:49:00,0.0
2013-04-05 00:50:00,0.0
2013-04-05 00:51:00,0.0
2013-04-05 00:52:00,0.0
2013-04-05 00:53:00,0.0
2013-04-05 00:54:00,0.0
2013-04-05 00:55:00,0.0
2013-04-05 00:56:00,0.0
2013-04-05 00:57:00,0.0
2013-04-05 00:58:00,0.0
2013-04-05 00:59:00,0.0
2013-04-05 01:00:00,0.0
2013-04-05 01:01:00,0.0
2013-04-05 01:02:00,0.0
2013-04-05 01:03:00,0.0
2013-04-05 01:04:00,0.0
2013-04-05 01:05:00,0.0
2013-04-05 01:06:00,0.0
2013-04-05 01:07:00,0.0
2013-04-05 01:08:00,0.0
2013-04-05 01:09:00,64.43999999999994
2013-04-05 01:10:00,73.77999999999997
2013-04-05 01:11:00,64.21999999999991
2013-04-05 01:12:00,33.61999999999995
2013-04-05 01:13:00,156.44
2013-04-05 01:14:00,128.43999999999994
2013-04-05 01:15:00,0.0
2013-04-05 01:16:00,0.0
2013-04-05 01:17:00,0.0
2013-04-05 01:18:00,0.0
2013-04-05 01:19:00,0.0
2013-04-05 01:20:00,0.0
2013-04-05 01:21:00,0.0
2013-04-05 01:22:00,0.0
2013-04-05 01:23:00,0.0
2013-04-05 01:24:00,0.0
2013-04-05 01:25:00,0.0
2013-04-05 01:26:00,0.0
2013-04-05 01:27:00,0.0
2013-04-05 01:28:00,0.0
2013-04-05 01:29:00,0.0
2013-04-05 01:30:00,0.0
2013-04-05 01:31:00,73.11999999999992
2013-04-05 01:32:00,35.439999999999955
2013-04-05 01:33:00,38.77999999999997
2013-04-05 01:34:00,0.0
2013-04-05 01:35:00,0.0
2013-04-05 01:36:00,0.0
2013-04-05 01:37:00,0.0
2013-04-05 01:38:00,0.0
2013-04-05 01:39:00,63.43999999999997
2013-04-05 01:40:00,26.21999999999997
2013-04-05 01:41:00,85.37999999999977
2013-04-05 01:42:00,0.0
2013-04-05 01:43:00,0.0
2013-04-05 01:44:00,0.0
2013-04-05 01:45:00,0.0
2013-04-05 01:46:00,1.2199999999998
2013-04-05 01:47:00,0.0
2013-04-05 01:48:00,0.0
2013-04-05 01:49:00,0.0
2013-04-05 01:50:00,0.0
2013-04-05 01:51:00,0.0
2013-04-05 01:52:00,0.0
2013-04-05 01:53:00,0.0
2013-04-05 01:54:00,0.0
2013-04-05 01:55:00,65.43999999999983
2013-04-05 01:56:00,146.49999999999983
2013-04-05 01:57:00,0.0
2013-04-05 01:58:00,0.0
2013-04-05 01:59:00,0.0
2013-04-05 02:00:00,0.0
2013-04-05 02:01:00,0.0
2013-04-05 02:02:00,0.0
2013-04-05 02:03:00,0.0
2013-04-05 02:04:00,0.0
2013-04-05 02:05:00,0.0
2013-04-05 02:06:00,0.0
2013-04-05 02:07:00,0.0
2013-04-05 02:08:00,73.74999999999994
2013-04-05 02:09:00,197.67000000000002
2013-04-05 02:10:00,38.77999999999997
2013-04-05 02:11:00,44.66999999999997
2013-04-05 02:12:00,48.74999999999997
2013-04-05 02:13:00,44.32999999999997
2013-04-05 02:14:00,79.32999999999997
2013-04-05 02:15:00,81.10999999999999
2013-04-05 02:16:00,65.61999999999998
2013-04-05 02:17:00,74.43999999999997
2013-04-05 02:18:00,88.88999999999996
2013-04-05 02:19:00,88.10999999999999
2013-04-05 02:20:00,83.61999999999998
2013-04-05 02:21:00,85.43999999999997
2013-04-05 02:22:00,83.66999999999997
2013-04-05 02:23:00,83.11999999999998
2013-04-05 02:24:00,84.32999999999997
2013-04-05 02:25:00,80.99999999999997
2013-04-05 02:26:00,78.10999999999997
2013-04-05 02:27:00,84.74999999999997
2013-04-05 02:28:00,84.32999999999996
2013-04-05 02:29:00,81.77999999999997
2013-04-05 02:30:00,86.21999999999997
2013-04-05 02:31:00,82.24999999999997
2013-04-05 02:32:00,26.889999999999972
2013-04-05 02:33:00,0.0
2013-04-05 02:34:00,13.21999999999997
2013-04-05 02:35:00,57.87999999999997
2013-04-05 02:36:00,68.77999999999999
2013-04-05 02:37:00,70.88999999999999
2013-04-05 02:38:00,82.61999999999999
2013-04-05 02:39:00,71.99999999999999
2013-04-05 02:40:00,64.43999999999997
2013-04-05 02:41:00,0.0
2013-04-05 02:42:00,0.0
2013-04-05 02:43:00,0.0
2013-04-05 02:44:00,0.0
2013-04-05 02:45:00,0.0
2013-04-05 02:46:00,0.0
2013-04-05 02:47:00,0.0
2013-04-05 02:48:00,0.0
2013-04-05 02:49:00,0.0
2013-04-05 02:50:00,0.0
2013-04-05 02:51:00,0.0
2013-04-05 02:52:00,0.0
2013-04-05 02:53:00,0.0
2013-04-05 02:54:00,0.0
2013-04-05 02:55:00,0.0
2013-04-05 02:56:00,0.0
2013-04-05 02:57:00,0.0
2013-04-05 02:58:00,0.0
2013-04-05 02:59:00,0.0
2013-04-05 03:00:00,0.0
2013-04-05 03:01:00,0.0
2013-04-05 03:02:00,0.0
2013-04-05 03:03:00,0.0
2013-04-05 03:04:00,0.0
2013-04-05 03:05:00,0.0
2013-04-05 03:06:00,0.0
2013-04-05 03:07:00,0.0
2013-04-05 03:08:00,0.0
2013-04-05 03:09:00,0.0
2013-04-05 03:10:00,0.0
2013-04-05 03:11:00,0.0
2013-04-05 03:12:00,0.0
2013-04-05 03:13:00,0.0
2013-04-05 03:14:00,0.0
2013-04-05 03:15:00,0.0
2013-04-05 03:16:00,0.0
2013-04-05 03:17:00,72.10999999999999
2013-04-05 03:18:00,74.10999999999997
2013-04-05 03:19:00,0.0
2013-04-05 03:20:00,0.0
2013-04-05 03:21:00,0.0
2013-04-05 03:22:00,0.0
2013-04-05 03:23:00,0.0
2013-04-05 03:24:00,0.0
2013-04-05 03:25:00,0.0
2013-04-05 03:26:00,0.0
2013-04-05 03:27:00,59.120000000000005
2013-04-05 03:28:00,92.43999999999996
2013-04-05 03:29:00,93.43999999999996
2013-04-05 03:30:00,0.8899999999999721
2013-04-05 03:31:00,0.0
2013-04-05 03:32:00,0.0
2013-04-05 03:33:00,0.0
2013-04-05 03:34:00,0.0
2013-04-05 03:35:00,0.0
2013-04-05 03:36:00,0.0
2013-04-05 03:37:00,0.0
2013-04-05 03:38:00,71.87999999999991
2013-04-05 03:39:00,9.219999999999914
2013-04-05 03:40:00,100.43999999999994
2013-04-05 03:41:00,72.11999999999995
2013-04-05 03:42:00,59.32999999999997
2013-04-05 03:43:00,64.32999999999993
2013-04-05 03:44:00,84.88999999999997
2013-04-05 03:45:00,144.24999999999997
2013-04-05 03:46:00,0.0
2013-04-05 03:47:00,0.0
2013-04-05 03:48:00,0.0
2013-04-05 03:49:00,0.0
2013-04-05 03:50:00,0.0
2013-04-05 03:51:00,0.0
2013-04-05 03:52:00,0.0
2013-04-05 03:53:00,0.0
2013-04-05 03:54:00,64.55999999999999
2013-04-05 03:55:00,125.77999999999997
2013-04-05 03:56:00,77.61999999999998
2013-04-05 03:57:00,127.66999999999997
2013-04-05 03:58:00,0.0
2013-04-05 03:59:00,21.66999999999996
2013-04-05 04:00:00,89.74999999999989
2013-04-05 04:01:00,127.43999999999986
2013-04-05 04:02:00,88.5599999999998
2013-04-05 04:03:00,94.32999999999987
2013-04-05 04:04:00,30.249999999999886
2013-04-05 04:05:00,63.32999999999984
2013-04-05 04:06:00,63.219999999999885
2013-04-05 04:07:00,142.37999999999982
2013-04-05 04:08:00,54.66999999999982
2013-04-05 04:09:00,92.55999999999983
2013-04-05 04:10:00,62.66999999999999
2013-04-05 04:11:00,0.11999999999996902
2013-04-05 04:12:00,63.43999999999997
2013-04-05 04:13:00,0.0
2013-04-05 04:14:00,0.0
2013-04-05 04:15:00,0.0
2013-04-05 04:16:00,118.33
2013-04-05 04:17:00,106.44
2013-04-05 04:18:00,127.21999999999996
2013-04-05 04:19:00,33.61999999999996
2013-04-05 04:20:00,125.22000000000001
2013-04-05 04:21:00,74.66999999999997
2013-04-05 04:22:00,63.66999999999999
2013-04-05 04:23:00,0.0
2013-04-05 04:24:00,0.0
2013-04-05 04:25:00,0.0
2013-04-05 04:26:00,72.11999999999998
2013-04-05 04:27:00,63.32999999999996
2013-04-05 04:28:00,105.66999999999997
2013-04-05 04:29:00,120.11000000000001
2013-04-05 04:30:00,102.74999999999997
2013-04-05 04:31:00,63.32999999999997
2013-04-05 04:32:00,0.0
2013-04-05 04:33:00,0.0
2013-04-05 04:34:00,0.0
2013-04-05 04:35:00,63.6699999999999
2013-04-05 04:36:00,118.8899999999999
2013-04-05 04:37:00,143.1199999999999
2013-04-05 04:38:00,116.88999999999987
2013-04-05 04:39:00,63.999999999999886
2013-04-05 04:40:00,2.889999999999816
2013-04-05 04:41:00,0.0
2013-04-05 04:42:00,0.0
2013-04-05 04:43:00,0.0
2013-04-05 04:44:00,117.11999999999986
2013-04-05 04:45:00,91.55999999999986
2013-04-05 04:46:00,91.32999999999984
2013-04-05 04:47:00,123.3299999999999
2013-04-05 04:48:00,69.87999999999985
2013-04-05 04:49:00,127.66999999999987
2013-04-05 04:50:00,563.11
2013-04-05 04:51:00,565.8799999999999
2013-04-05 04:52:00,568.5599999999998
2013-04-05 04:53:00,566.9999999999999
2013-04-05 04:54:00,567.5599999999997
2013-04-05 04:55:00,566.4399999999999
2013-04-05 04:56:00,568.25
2013-04-05 04:57:00,523.78
2013-04-05 04:58:00,564.11
2013-04-05 04:59:00,564.1099999999999
2013-04-05 05:00:00,521.9999999999999
2013-04-05 05:01:00,560.3299999999999
2013-04-05 05:02:00,524.3299999999999
2013-04-05 05:03:00,504.2200000000001
2013-04-05 05:04:00,522.38
2013-04-05 05:05:00,503.6700000000001
2013-04-05 05:06:00,567.22
2013-04-05 05:07:00,527.2200000000001
2013-04-05 05:08:00,527.88
2013-04-05 05:09:00,576.1100000000001
2013-04-05 05:10:00,534.22
2013-04-05 05:11:00,209.24999999999997
2013-04-05 05:12:00,159.44
2013-04-05 05:13:00,386.67
2013-04-05 05:14:00,579.78
2013-04-05 05:15:00,507.99999999999994
2013-04-05 05:16:00,537.6700000000001
2013-04-05 05:17:00,584.78
2013-04-05 05:18:00,564.22
2013-04-05 05:19:00,143.74999999999997
2013-04-05 05:20:00,127.88999999999996
2013-04-05 05:21:00,436.56
2013-04-05 05:22:00,540.4400000000002
2013-04-05 05:23:00,507.9999999999999
2013-04-05 05:24:00,475.00000000000006
2013-04-05 05:25:00,192.0
2013-04-05 05:26:00,196.49999999999994
2013-04-05 05:27:00,282.11
2013-04-05 05:28:00,524.44
2013-04-05 05:29:00,464.33000000000004
2013-04-05 05:30:00,520.5
2013-04-05 05:31:00,334.3299999999999
2013-04-05 05:32:00,129.88999999999993
2013-04-05 05:33:00,330.11
2013-04-05 05:34:00,563.62
2013-04-05 05:35:00,560.67
2013-04-05 05:36:00,253.22
2013-04-05 05:37:00,229.78
2013-04-05 05:38:00,380.5
2013-04-05 05:39:00,553.67
2013-04-05 05:40:00,253.21999999999997
2013-04-05 05:41:00,286.0
2013-04-05 05:42:00,308.22
2013-04-05 05:43:00,253.66999999999996
2013-04-05 05:44:00,253.1099999999999
2013-04-05 05:45:00,312.25
2013-04-05 05:46:00,188.33000000000004
2013-04-05 05:47:00,251.32999999999993
2013-04-05 05:48:00,170.11999999999995
2013-04-05 05:49:00,204.33
2013-04-05 05:50:00,153.56
2013-04-05 05:51:00,125.77999999999997
2013-04-05 05:52:00,141.0
2013-04-05 05:53:00,62.99999999999994
2013-04-05 05:54:00,125.10999999999997
2013-04-05 05:55:00,141.74999999999994
2013-04-05 05:56:00,122.1099999999999
2013-04-05 05:57:00,27.779999999999973
2013-04-05 05:58:00,53.89000000000033
2013-04-05 05:59:00,6.821210263296962e-13
2013-04-05 06:00:00,5.684341886080801e-13
2013-04-05 06:01:00,7.958078640513122e-13
2013-04-05 06:02:00,6.821210263296962e-13
2013-04-05 06:03:00,7.958078640513122e-13
2013-04-05 06:04:00,9.094947017729282e-13
2013-04-05 06:05:00,7.958078640513122e-13
2013-04-05 06:06:00,0.0
2013-04-05 06:07:00,0.0
2013-04-05 06:08:00,0.0
2013-04-05 06:09:00,0.0
2013-04-05 06:10:00,6.821210263296962e-13
2013-04-05 06:11:00,6.821210263296962e-13
2013-04-05 06:12:00,5.684341886080801e-13
2013-04-05 06:13:00,9.094947017729282e-13
2013-04-05 06:14:00,0.0
2013-04-05 06:15:00,0.0
2013-04-05 06:16:00,0.0
2013-04-05 06:17:00,0.0
2013-04-05 06:18:00,0.0
2013-04-05 06:19:00,1.0231815394945443e-12
2013-04-05 06:20:00,1.0231815394945443e-12
2013-04-05 06:21:00,9.094947017729282e-13
2013-04-05 06:22:00,9.094947017729282e-13
2013-04-05 06:23:00,9.094947017729282e-13
2013-04-05 06:24:00,9.094947017729282e-13
2013-04-05 06:25:00,7.958078640513122e-13
2013-04-05 06:26:00,7.958078640513122e-13
2013-04-05 06:27:00,9.094947017729282e-13
2013-04-05 06:28:00,1.1368683772161603e-12
2013-04-05 06:29:00,9.094947017729282e-13
2013-04-05 06:30:00,9.094947017729282e-13
2013-04-05 06:31:00,9.094947017729282e-13
2013-04-05 06:32:00,1.1368683772161603e-12
2013-04-05 06:33:00,1.0231815394945443e-12
2013-04-05 06:34:00,9.094947017729282e-13
2013-04-05 06:35:00,6.821210263296962e-13
2013-04-05 06:36:00,9.094947017729282e-13
2013-04-05 06:37:00,1.0231815394945443e-12
2013-04-05 06:38:00,9.094947017729282e-13
2013-04-05 06:39:00,9.094947017729282e-13
2013-04-05 06:40:00,1.0231815394945443e-12
2013-04-05 06:41:00,9.094947017729282e-13
2013-04-05 06:42:00,9.094947017729282e-13
2013-04-05 06:43:00,1.0231815394945443e-12
2013-04-05 06:44:00,7.958078640513122e-13
2013-04-05 06:45:00,1.0231815394945443e-12
2013-04-05 06:46:00,1.0231815394945443e-12
2013-04-05 06:47:00,0.0
2013-04-05 06:48:00,0.0
2013-04-05 06:49:00,7.619999999999408
2013-04-05 06:50:00,9.999999999999318
2013-04-05 06:51:00,9.699999999999477
2013-04-05 06:52:00,9.439999999999088
2013-04-05 06:53:00,9.109999999999218
2013-04-05 06:54:00,8.999999999999261
2013-04-05 06:55:00,9.109999999999388
2013-04-05 06:56:00,8.999999999999204
2013-04-05 06:57:00,8.999999999999375
2013-04-05 06:58:00,8.999999999999432
2013-04-05 06:59:00,8.999999999999375
2013-04-05 07:00:00,8.999999999999375
2013-04-05 07:01:00,8.999999999999432
2013-04-05 07:02:00,8.999999999999488
2013-04-05 07:03:00,8.999999999999375
2013-04-05 07:04:00,8.999999999999375
2013-04-05 07:05:00,8.999999999999545
2013-04-05 07:06:00,8.999999999999432
2013-04-05 07:07:00,8.999999999999432
2013-04-05 07:08:00,8.999999999999375
2013-04-05 07:09:00,8.999999999999432
2013-04-05 07:10:00,8.999999999999488
2013-04-05 07:11:00,8.779999999999404
2013-04-05 07:12:00,8.899999999999409
2013-04-05 07:13:00,8.889999999999247
2013-04-05 07:14:00,8.999999999999375
2013-04-05 07:15:00,8.999999999999375
2013-04-05 07:16:00,8.999999999999375
2013-04-05 07:17:00,8.999999999999375
2013-04-05 07:18:00,8.999999999999432
2013-04-05 07:19:00,8.899999999999466
2013-04-05 07:20:00,8.779999999999632
2013-04-05 07:21:00,8.999999999999574
2013-04-05 07:22:00,8.999999999999659
2013-04-05 07:23:00,8.999999999999716
2013-04-05 07:24:00,8.999999999999744
2013-04-05 07:25:00,8.999999999999744
2013-04-05 07:26:00,8.889999999999645
2013-04-05 07:27:00,8.999999999999602
2013-04-05 07:28:00,8.999999999999602
2013-04-05 07:29:00,8.999999999999517
2013-04-05 07:30:00,8.88999999999956
2013-04-05 07:31:00,8.999999999999545
2013-04-05 07:32:00,8.999999999999574
2013-04-05 07:33:00,8.669999999999902
2013-04-05 07:34:00,8.780000000002474
2013-04-05 07:35:00,8.890000000003056
2013-04-05 07:36:00,8.890000000000896
2013-04-05 07:37:00,8.900000000000546
2013-04-05 07:38:00,8.890000000000214
2013-04-05 07:39:00,8.999999999997726
2013-04-05 07:40:00,8.999999999998181
2013-04-05 07:41:00,8.889999999998281
2013-04-05 07:42:00,8.900000000000318
2013-04-05 07:43:00,9.000000000000341
2013-04-05 07:44:00,8.780000000000314
2013-04-05 07:45:00,9.000000000000568
2013-04-05 07:46:00,8.900000000000546
2013-04-05 07:47:00,8.670000000000528
2013-04-05 07:48:00,8.890000000000327
2013-04-05 07:49:00,9.000000000000682
2013-04-05 07:50:00,8.670000000000414
2013-04-05 07:51:00,9.000000000000682
2013-04-05 07:52:00,8.890000000000555
2013-04-05 07:53:00,8.780000000000314
2013-04-05 07:54:00,8.800000000000637
2013-04-05 07:55:00,9.000000000000568
2013-04-05 07:56:00,8.670000000000414
2013-04-05 07:57:00,8.670000000000186
2013-04-05 07:58:00,8.7000000000005
2013-04-05 07:59:00,8.560000000001082
2013-04-05 08:00:00,8.780000000002474
2013-04-05 08:01:00,8.89000000000101
2013-04-05 08:02:00,8.900000000000318
2013-04-05 08:03:00,8.780000000000427
2013-04-05 08:04:00,8.780000000000541
2013-04-05 08:05:00,8.890000000000668
2013-04-05 08:06:00,8.80000000000075
2013-04-05 08:07:00,9.000000000000341
2013-04-05 08:08:00,9.000000000000568
2013-04-05 08:09:00,8.890000000000555
2013-04-05 08:10:00,9.000000000000341
2013-04-05 08:11:00,9.000000000000227
2013-04-05 08:12:00,9.000000000000455
2013-04-05 08:13:00,9.000000000000227
2013-04-05 08:14:00,9.000000000000227
2013-04-05 08:15:00,9.000000000000341
2013-04-05 08:16:00,9.000000000000341
2013-04-05 08:17:00,9.000000000000568
2013-04-05 08:18:00,9.000000000000227
2013-04-05 08:19:00,9.000000000000341
2013-04-05 08:20:00,9.000000000000455
2013-04-05 08:21:00,9.000000000000455
2013-04-05 08:22:00,9.000000000000568
2013-04-05 08:23:00,8.780000000000769
2013-04-05 08:24:00,8.780000000000314
2013-04-05 08:25:00,8.780000000000427
2013-04-05 08:26:00,8.889999999999702
2013-04-05 08:27:00,8.779999999999518
2013-04-05 08:28:00,8.699999999999505
2013-04-05 08:29:00,8.889999999999588
2013-04-05 08:30:00,8.999999999999602
2013-04-05 08:31:00,8.559999999999548
2013-04-05 08:32:00,8.499999999999545
2013-04-05 08:33:00,8.779999999999603
2013-04-05 08:34:00,8.889999999999617
2013-04-05 08:35:00,8.559999999999576
2013-04-05 08:36:00,8.779999999999546
2013-04-05 08:37:00,8.899999999999608
2013-04-05 08:38:00,8.779999999999546
2013-04-05 08:39:00,8.799999999999443
2013-04-05 08:40:00,8.66999999999939
2013-04-05 08:41:00,8.889999999999475
2013-04-05 08:42:00,8.699999999999477
2013-04-05 08:43:00,8.66999999999939
2013-04-05 08:44:00,8.559999999999377
2013-04-05 08:45:00,8.779999999999234
2013-04-05 08:46:00,8.599999999999397
2013-04-05 08:47:00,8.55999999999949
2013-04-05 08:48:00,8.559999999999377
2013-04-05 08:49:00,8.329999999999416
2013-04-05 08:50:00,8.559999999999434
2013-04-05 08:51:00,8.29999999999933
2013-04-05 08:52:00,7.999999999999375
2013-04-05 08:53:00,8.329999999999359
2013-04-05 08:54:00,8.299999999999386
2013-04-05 08:55:00,8.43999999999943
2013-04-05 08:56:00,7.999999999999375
2013-04-05 08:57:00,8.219999999999402
2013-04-05 08:58:00,8.499999999999488
2013-04-05 08:59:00,8.66999999999939
2013-04-05 09:00:00,8.43999999999943
2013-04-05 09:01:00,8.43999999999943
2013-04-05 09:02:00,8.329999999999472
2013-04-05 09:03:00,8.669999999999447
2013-04-05 09:04:00,8.299999999999443
2013-04-05 09:05:00,8.219999999999459
2013-04-05 09:06:00,8.43999999999943
2013-04-05 09:07:00,8.109999999999445
2013-04-05 09:08:00,8.199999999999534
2013-04-05 09:09:00,8.439999999999486
2013-04-05 09:10:00,8.219999999999516
2013-04-05 09:11:00,8.499999999999545
2013-04-05 09:12:00,8.669999999999447
2013-04-05 09:13:00,8.559999999999519
2013-04-05 09:14:00,8.219999999999516
2013-04-05 09:15:00,8.439999999999515
2013-04-05 09:16:00,8.599999999999483
2013-04-05 09:17:00,8.669999999999419
2013-04-05 09:18:00,8.889999999999418
2013-04-05 09:19:00,8.779999999999433
2013-04-05 09:20:00,8.899999999999437
2013-04-05 09:21:00,8.99999999999946
2013-04-05 09:22:00,8.77999999999949
2013-04-05 09:23:00,8.799999999999528
2013-04-05 09:24:00,8.77999999999949
2013-04-05 09:25:00,8.889999999999475
2013-04-05 09:26:00,8.77999999999949
2013-04-05 09:27:00,8.999999999999488
2013-04-05 09:28:00,8.899999999999551
2013-04-05 09:29:00,8.99999999999946
2013-04-05 09:30:00,8.779999999999546
2013-04-05 09:31:00,8.88999999999956
2013-04-05 09:32:00,8.699999999999477
2013-04-05 09:33:00,8.779999999999518
2013-04-05 09:34:00,8.889999999999503
2013-04-05 09:35:00,8.899999999999551
2013-04-05 09:36:00,8.669999999999476
2013-04-05 09:37:00,8.669999999999504
2013-04-05 09:38:00,8.7999999999995
2013-04-05 09:39:00,8.77999999999949
2013-04-05 09:40:00,8.77999999999949
2013-04-05 09:41:00,8.669999999999476
2013-04-05 09:42:00,8.699999999999449
2013-04-05 09:43:00,8.889999999999503
2013-04-05 09:44:00,8.59999999999954
2013-04-05 09:45:00,8.669999999999447
2013-04-05 09:46:00,8.559999999999576
2013-04-05 09:47:00,8.439999999999543
2013-04-05 09:48:00,8.779999999999433
2013-04-05 09:49:00,8.599999999999483
2013-04-05 09:50:00,8.559999999999434
2013-04-05 09:51:00,8.889999999999361
2013-04-05 09:52:00,8.439999999999372
2013-04-05 09:53:00,8.799999999999272
2013-04-05 09:54:00,8.669999999999334
2013-04-05 09:55:00,8.999999999999318
2013-04-05 09:56:00,8.799999999999386
2013-04-05 09:57:00,8.779999999999347
2013-04-05 09:58:00,8.779999999999404
2013-04-05 09:59:00,8.779999999999319
2013-04-05 10:00:00,8.699999999999449
2013-04-05 10:01:00,8.669999999999476
2013-04-05 10:02:00,8.55999999999949
2013-04-05 10:03:00,8.99999999999946
2013-04-05 10:04:00,8.669999999999419
2013-04-05 10:05:00,8.999999999999545
2013-04-05 10:06:00,8.779999999999433
2013-04-05 10:07:00,8.699999999999477
2013-04-05 10:08:00,8.999999999999517
2013-04-05 10:09:00,8.999999999999488
2013-04-05 10:10:00,8.899999999999523
2013-04-05 10:11:00,8.779999999999461
2013-04-05 10:12:00,8.99999999999946
2013-04-05 10:13:00,8.889999999999532
2013-04-05 10:14:00,8.899999999999494
2013-04-05 10:15:00,8.889999999999418
2013-04-05 10:16:00,8.99999999999946
2013-04-05 10:17:00,8.779999999999518
2013-04-05 10:18:00,8.889999999999475
2013-04-05 10:19:00,8.77999999999949
2013-04-05 10:20:00,8.779999999999518
2013-04-05 10:21:00,8.779999999999433
2013-04-05 10:22:00,8.7999999999995
2013-04-05 10:23:00,8.999999999999432
2013-04-05 10:24:00,8.779999999999518
2013-04-05 10:25:00,8.99999999999946
2013-04-05 10:26:00,8.899999999999437
2013-04-05 10:27:00,8.999999999999488
2013-04-05 10:28:00,8.779999999999461
2013-04-05 10:29:00,8.999999999999432
2013-04-05 10:30:00,8.889999999999503
2013-04-05 10:31:00,8.999999999999432
2013-04-05 10:32:00,8.889999999999475
2013-04-05 10:33:00,8.889999999999475
2013-04-05 10:34:00,8.889999999999532
2013-04-05 10:35:00,8.999999999999574
2013-04-05 10:36:00,8.669999999999533
2013-04-05 10:37:00,8.999999999999545
2013-04-05 10:38:00,8.999999999999517
2013-04-05 10:39:00,8.999999999999517
2013-04-05 10:40:00,8.899999999999494
2013-04-05 10:41:00,8.999999999999517
2013-04-05 10:42:00,8.889999999999588
2013-04-05 10:43:00,8.899999999999636
2013-04-05 10:44:00,8.88999999999956
2013-04-05 10:45:00,8.999999999999375
2013-04-05 10:46:00,8.799999999999443
2013-04-05 10:47:00,8.889999999999475
2013-04-05 10:48:00,8.999999999999545
2013-04-05 10:49:00,8.889999999999532
2013-04-05 10:50:00,8.999999999999517
2013-04-05 10:51:00,8.999999999999545
2013-04-05 10:52:00,8.99999999999946
2013-04-05 10:53:00,8.999999999999488
2013-04-05 10:54:00,8.999999999999517
2013-04-05 10:55:00,8.889999999999532
2013-04-05 10:56:00,8.999999999999574
2013-04-05 10:57:00,8.889999999997599
2013-04-05 10:58:00,8.999999999996135
2013-04-05 10:59:00,8.799999999996544
2013-04-05 11:00:00,8.779999999996335
2013-04-05 11:01:00,8.77999999999929
2013-04-05 11:02:00,8.889999999999588
2013-04-05 11:03:00,8.799999999999557
2013-04-05 11:04:00,8.88999999999956
2013-04-05 11:05:00,8.889999999999588
2013-04-05 11:06:00,8.4399999999996
2013-04-05 11:07:00,8.779999999999518
2013-04-05 11:08:00,8.699999999999562
2013-04-05 11:09:00,8.779999999999575
2013-04-05 11:10:00,8.889999999999588
2013-04-05 11:11:00,8.779999999999632
2013-04-05 11:12:00,8.999999999999517
2013-04-05 11:13:00,8.669999999999533
2013-04-05 11:14:00,8.889999999999532
2013-04-05 11:15:00,8.779999999999347
2013-04-05 11:16:00,8.889999999999361
2013-04-05 11:17:00,8.889999999999418
2013-04-05 11:18:00,8.399999999999466
2013-04-05 11:19:00,8.559999999999434
2013-04-05 11:20:00,8.999999999999432
2013-04-05 11:21:00,8.889999999999418
2013-04-05 11:22:00,8.799999999999613
2013-04-05 11:23:00,8.779999999999603
2013-04-05 11:24:00,8.999999999999517
2013-04-05 11:25:00,8.78000000000111
2013-04-05 11:26:00,8.890000000001237
2013-04-05 11:27:00,9.000000000000455
2013-04-05 11:28:00,8.669999999999334
2013-04-05 11:29:00,8.700000000001637
2013-04-05 11:30:00,8.890000000000782
2013-04-05 11:31:00,8.7000000000005
2013-04-05 11:32:00,8.999999999999432
2013-04-05 11:33:00,8.669999999999277
2013-04-05 11:34:00,8.88999999999919
2013-04-05 11:35:00,8.77999999999929
2013-04-05 11:36:00,8.66999999999939
2013-04-05 11:37:00,8.399999999998727
2013-04-05 11:38:00,8.559999999999519
2013-04-05 11:39:00,8.669999999999533
2013-04-05 11:40:00,8.439999999999458
2013-04-05 11:41:00,8.399999999999466
2013-04-05 11:42:00,8.779999999999603
2013-04-05 11:43:00,8.669999999999689
2013-04-05 11:44:00,8.779999999999674
2013-04-05 11:45:00,8.799999999999685
2013-04-05 11:46:00,8.66999999999966
2013-04-05 11:47:00,8.669999999999646
2013-04-05 11:48:00,8.779999999999646
2013-04-05 11:49:00,8.669999999999675
2013-04-05 11:50:00,8.799999999999642
2013-04-05 11:51:00,8.77999999999966
2013-04-05 11:52:00,8.669999999999646
2013-04-05 11:53:00,8.439999999999657
2013-04-05 11:54:00,8.999999999999659
2013-04-05 11:55:00,8.799999999999656
2013-04-05 11:56:00,8.66999999999966
2013-04-05 11:57:00,8.66999999999966
2013-04-05 11:58:00,8.559999999999633
2013-04-05 11:59:00,8.669999999999632
2013-04-05 12:00:00,8.88999999999966
2013-04-05 12:01:00,8.999999999999673
2013-04-05 12:02:00,8.999999999999659
2013-04-05 12:03:00,8.779999999999646
2013-04-05 12:04:00,8.899999999999665
2013-04-05 12:05:00,8.889999999999674
2013-04-05 12:06:00,8.999999999999659
2013-04-05 12:07:00,8.88999999999966
2013-04-05 12:08:00,8.699999999999676
2013-04-05 12:09:00,8.559999999999647
2013-04-05 12:10:00,8.669999999999689
2013-04-05 12:11:00,8.77999999999966
2013-04-05 12:12:00,8.599999999999667
2013-04-05 12:13:00,8.889999999999645
2013-04-05 12:14:00,8.999999999999432
2013-04-05 12:15:00,8.699999999999477
2013-04-05 12:16:00,8.889999999999631
2013-04-05 12:17:00,8.999999999999545
2013-04-05 12:18:00,8.88999999999956
2013-04-05 12:19:00,8.999999999999517
2013-04-05 12:20:00,8.999999999999517
2013-04-05 12:21:00,8.999999999999574
2013-04-05 12:22:00,8.999999999999574
2013-04-05 12:23:00,8.999999999999318
2013-04-05 12:24:00,8.999999999999318
2013-04-05 12:25:00,8.999999999999318
2013-04-05 12:26:00,8.999999999999432
2013-04-05 12:27:00,8.999999999999432
2013-04-05 12:28:00,8.999999999999432
2013-04-05 12:29:00,8.999999999999318
2013-04-05 12:30:00,8.999999999999375
2013-04-05 12:31:00,8.999999999999432
2013-04-05 12:32:00,8.999999999999375
2013-04-05 12:33:00,8.999999999999318
2013-04-05 12:34:00,8.999999999999375
2013-04-05 12:35:00,8.999999999999432
2013-04-05 12:36:00,8.899999999999352
2013-04-05 12:37:00,8.779999999999347
2013-04-05 12:38:00,8.889999999999304
2013-04-05 12:39:00,8.889999999999361
2013-04-05 12:40:00,8.999999999999375
2013-04-05 12:41:00,8.999999999999375
2013-04-05 12:42:00,8.999999999999375
2013-04-05 12:43:00,8.999999999999375
2013-04-05 12:44:00,8.999999999999375
2013-04-05 12:45:00,8.999999999999261
2013-04-05 12:46:00,8.899999999999295
2013-04-05 12:47:00,8.999999999999261
2013-04-05 12:48:00,8.999999999999318
2013-04-05 12:49:00,8.999999999999318
2013-04-05 12:50:00,8.889999999999361
2013-04-05 12:51:00,8.999999999999261
2013-04-05 12:52:00,8.999999999999204
2013-04-05 12:53:00,8.999999999999261
2013-04-05 12:54:00,8.999999999999261
2013-04-05 12:55:00,8.889999999999532
2013-04-05 12:56:00,9.000000000001364
2013-04-05 12:57:00,9.0
2013-04-05 12:58:00,8.999999999999204
2013-04-05 12:59:00,8.999999999999204
2013-04-05 13:00:00,8.88999999999919
2013-04-05 13:01:00,8.999999999999147
2013-04-05 13:02:00,8.889999999999134
2013-04-05 13:03:00,8.779999999999234
2013-04-05 13:04:00,8.77999999999929
2013-04-05 13:05:00,8.899999999999352
2013-04-05 13:06:00,8.559999999999263
2013-04-05 13:07:00,8.779999999999347
2013-04-05 13:08:00,8.779999999999404
2013-04-05 13:09:00,8.889999999999361
2013-04-05 13:10:00,8.88999999999939
2013-04-05 13:11:00,8.669999999999305
2013-04-05 13:12:00,8.899999999999352
2013-04-05 13:13:00,8.889999999999361
2013-04-05 13:14:00,8.779999999999376
2013-04-05 13:15:00,8.999999999999318
2013-04-05 13:16:00,8.889999999999361
2013-04-05 13:17:00,8.889999999999361
2013-04-05 13:18:00,8.99999999999929
2013-04-05 13:19:00,8.779999999999376
2013-04-05 13:20:00,8.999999999999403
2013-04-05 13:21:00,8.999999999999432
2013-04-05 13:22:00,8.999999999999403
2013-04-05 13:23:00,8.779999999999404
2013-04-05 13:24:00,8.779999999999404
2013-04-05 13:25:00,8.599999999999369
2013-04-05 13:26:00,8.999999999999403
2013-04-05 13:27:00,8.889999999999475
2013-04-05 13:28:00,8.77999999999949
2013-04-05 13:29:00,8.779999999999461
2013-04-05 13:30:00,8.999999999999517
2013-04-05 13:31:00,8.899999999999494
2013-04-05 13:32:00,8.77999999999966
2013-04-05 13:33:00,8.669999999999646
2013-04-05 13:34:00,8.669999999999561
2013-04-05 13:35:00,8.669999999999419
2013-04-05 13:36:00,8.779999999999461
2013-04-05 13:37:00,8.669999999999476
2013-04-05 13:38:00,8.799999999999585
2013-04-05 13:39:00,8.879999999999484
2013-04-05 13:40:00,8.799999999999471
2013-04-05 13:41:00,8.99999999999946
2013-04-05 13:42:00,8.779999999999404
2013-04-05 13:43:00,8.889999999999475
2013-04-05 13:44:00,8.889999999999418
2013-04-05 13:45:00,8.999999999999545
2013-04-05 13:46:00,8.779999999999632
2013-04-05 13:47:00,8.890000000000214
2013-04-05 13:48:00,8.889999999999532
2013-04-05 13:49:00,8.999999999999545
2013-04-05 13:50:00,9.000000000000568
2013-04-05 13:51:00,8.880000000000678
2013-04-05 13:52:00,8.500000000000796
2013-04-05 13:53:00,8.889999999999418
2013-04-05 13:54:00,8.66999999999939
2013-04-05 13:55:00,8.79999999999933
2013-04-05 13:56:00,8.55999999999932
2013-04-05 13:57:00,8.559999999999263
2013-04-05 13:58:00,8.889999999999304
2013-04-05 13:59:00,8.559999999999206
2013-04-05 14:00:00,8.399999999999466
2013-04-05 14:01:00,8.669999999999476
2013-04-05 14:02:00,8.779999999999461
2013-04-05 14:03:00,8.889999999999446
2013-04-05 14:04:00,8.66999999999939
2013-04-05 14:05:00,8.779999999999461
2013-04-05 14:06:00,8.779999999999518
2013-04-05 14:07:00,8.779999999999461
2013-04-05 14:08:00,8.999999999999432
2013-04-05 14:09:00,8.779999999999177
2013-04-05 14:10:00,8.999999999999034
2013-04-05 14:11:00,9.999999999999147
2013-04-05 14:12:00,8.899999999999011
2013-04-05 14:13:00,8.889999999999077
2013-04-05 14:14:00,8.999999999999034
2013-04-05 14:15:00,8.999999999999147
2013-04-05 14:16:00,8.889999999999077
2013-04-05 14:17:00,8.889999999999077
2013-04-05 14:18:00,8.999999999999034
2013-04-05 14:19:00,8.99999999999909
2013-04-05 14:20:00,8.99999999999946
2013-04-05 14:21:00,8.99999999999946
2013-04-05 14:22:00,8.889999999999333
2013-04-05 14:23:00,8.88999999999939
2013-04-05 14:24:00,8.779999999999319
2013-04-05 14:25:00,8.77999999999949
2013-04-05 14:26:00,8.779999999999461
2013-04-05 14:27:00,8.99999999999946
2013-04-05 14:28:00,8.899999999999494
2013-04-05 14:29:00,8.999999999999432
2013-04-05 14:30:00,8.889999999999475
2013-04-05 14:31:00,8.77999999999949
2013-04-05 14:32:00,8.99999999999946
2013-04-05 14:33:00,8.999999999999488
2013-04-05 14:34:00,8.889999999999304
2013-04-05 14:35:00,8.779999999999347
2013-04-05 14:36:00,8.889999999999361
2013-04-05 14:37:00,8.999999999999261
2013-04-05 14:38:00,8.999999999999318
2013-04-05 14:39:00,8.999999999999318
2013-04-05 14:40:00,8.999999999999375
2013-04-05 14:41:00,8.999999999999318
2013-04-05 14:42:00,8.999999999999318
2013-04-05 14:43:00,8.999999999999375
2013-04-05 14:44:00,8.999999999999488
2013-04-05 14:45:00,8.999999999999432
2013-04-05 14:46:00,8.999999999999545
2013-04-05 14:47:00,8.889999999999532
2013-04-05 14:48:00,8.889999999999304
2013-04-05 14:49:00,8.999999999999318
2013-04-05 14:50:00,8.999999999999375
2013-04-05 14:51:00,8.999999999999375
2013-04-05 14:52:00,8.899999999999295
2013-04-05 14:53:00,8.999999999999318
2013-04-05 14:54:00,8.77999999999929
2013-04-05 14:55:00,8.77999999999929
2013-04-05 14:56:00,8.999999999999318
2013-04-05 14:57:00,8.999999999999261
2013-04-05 14:58:00,8.889999999999304
2013-04-05 14:59:00,8.999999999999432
2013-04-05 15:00:00,8.889999999999418
2013-04-05 15:01:00,8.999999999999375
2013-04-05 15:02:00,8.779999999999347
2013-04-05 15:03:00,8.66999999999939
2013-04-05 15:04:00,8.999999999999204
2013-04-05 15:05:00,8.889999999999304
2013-04-05 15:06:00,8.999999999999375
2013-04-05 15:07:00,8.999999999999375
2013-04-05 15:08:00,8.999999999999375
2013-04-05 15:09:00,8.999999999999375
2013-04-05 15:10:00,8.999999999999261
2013-04-05 15:11:00,8.999999999999318
2013-04-05 15:12:00,9.889999999999361
2013-04-05 15:13:00,8.999999999999318
2013-04-05 15:14:00,8.999999999999318
2013-04-05 15:15:00,8.999999999999375
2013-04-05 15:16:00,8.889999999999361
2013-04-05 15:17:00,8.889999999999361
2013-04-05 15:18:00,8.999999999999318
2013-04-05 15:19:00,8.999999999999261
2013-04-05 15:20:00,8.999999999999375
2013-04-05 15:21:00,8.999999999999375
2013-04-05 15:22:00,8.999999999999318
2013-04-05 15:23:00,8.999999999999204
2013-04-05 15:24:00,8.999999999999432
2013-04-05 15:25:00,8.889999999999304
2013-04-05 15:26:00,8.999999999999375
2013-04-05 15:27:00,8.999999999999318
2013-04-05 15:28:00,8.779999999999404
2013-04-05 15:29:00,8.88999999999939
2013-04-05 15:30:00,8.889999999999475
2013-04-05 15:31:00,8.779999999999461
2013-04-05 15:32:00,8.889999999999418
2013-04-05 15:33:00,8.999999999999488
2013-04-05 15:34:00,8.99999999999946
2013-04-05 15:35:00,8.77999999999949
2013-04-05 15:36:00,8.99999999999946
2013-04-05 15:37:00,8.999999999999432
2013-04-05 15:38:00,8.999999999999403
2013-04-05 15:39:00,8.999999999999375
2013-04-05 15:40:00,8.779999999999461
2013-04-05 15:41:00,8.999999999999488
2013-04-05 15:42:00,8.999999999999403
2013-04-05 15:43:00,8.799999999999528
2013-04-05 15:44:00,8.889999999999475
2013-04-05 15:45:00,8.99999999999946
2013-04-05 15:46:00,9.999999999999517
2013-04-05 15:47:00,8.999999999999488
2013-04-05 15:48:00,8.889999999999475
2013-04-05 15:49:00,8.779999999999546
2013-04-05 15:50:00,8.999999999999488
2013-04-05 15:51:00,8.999999999999517
2013-04-05 15:52:00,8.999999999999488
2013-04-05 15:53:00,8.999999999999488
2013-04-05 15:54:00,8.999999999999432
2013-04-05 15:55:00,8.889999999999503
2013-04-05 15:56:00,8.889999999999503
2013-04-05 15:57:00,8.889999999999503
2013-04-05 15:58:00,8.999999999999432
2013-04-05 15:59:00,8.999999999999517
2013-04-05 16:00:00,8.779999999999518
2013-04-05 16:01:00,8.88999999999939
2013-04-05 16:02:00,8.889999999999333
2013-04-05 16:03:00,8.559999999999405
2013-04-05 16:04:00,8.779999999999461
2013-04-05 16:05:00,9.49999999999946
2013-04-05 16:06:00,8.779999999999518
2013-04-05 16:07:00,8.999999999999602
2013-04-05 16:08:00,8.669999999999504
2013-04-05 16:09:00,8.669999999999504
2013-04-05 16:10:00,8.66999999999959
2013-04-05 16:11:00,8.439999999999486
2013-04-05 16:12:00,8.599999999999397
2013-04-05 16:13:00,8.559999999999405
2013-04-05 16:14:00,8.889999999999418
2013-04-05 16:15:00,8.889999999999361
2013-04-05 16:16:00,8.66999999999922
2013-04-05 16:17:00,8.889999999999361
2013-04-05 16:18:00,8.799999999999386
2013-04-05 16:19:00,8.559999999999377
2013-04-05 16:20:00,8.779999999999347
2013-04-05 16:21:00,8.439999999999372
2013-04-05 16:22:00,8.669999999999959
2013-04-05 16:23:00,8.600000000001273
2013-04-05 16:24:00,8.440000000000737
2013-04-05 16:25:00,8.55999999999932
2013-04-05 16:26:00,8.69999999999925
2013-04-05 16:27:00,8.779999999999461
2013-04-05 16:28:00,8.88999999999919
2013-04-05 16:29:00,8.66999999999939
2013-04-05 16:30:00,8.439999999999543
2013-04-05 16:31:00,8.699999999999505
2013-04-05 16:32:00,8.88999999999956
2013-04-05 16:33:00,8.669999999999504
2013-04-05 16:34:00,8.559999999999548
2013-04-05 16:35:00,8.329999999999558
2013-04-05 16:36:00,8.699999999999477
2013-04-05 16:37:00,8.439999999999486
2013-04-05 16:38:00,8.779999999999575
2013-04-05 16:39:00,8.559999999999576
2013-04-05 16:40:00,8.669999999999447
2013-04-05 16:41:00,8.7999999999995
2013-04-05 16:42:00,8.669999999999703
2013-04-05 16:43:00,0.0
2013-04-05 16:44:00,0.0
2013-04-05 16:45:00,1.0231815394945443e-12
2013-04-05 16:46:00,1.4779288903810084e-12
2013-04-05 16:47:00,1.3642420526593924e-12
2013-04-05 16:48:00,1.3642420526593924e-12
2013-04-05 16:49:00,1.3642420526593924e-12
2013-04-05 16:50:00,1.3642420526593924e-12
2013-04-05 16:51:00,1.3642420526593924e-12
2013-04-05 16:52:00,1.1368683772161603e-12
2013-04-05 16:53:00,1.2505552149377763e-12
2013-04-05 16:54:00,1.1368683772161603e-12
2013-04-05 16:55:00,1.2505552149377763e-12
2013-04-05 16:56:00,1.2505552149377763e-12
2013-04-05 16:57:00,1.1368683772161603e-12
2013-04-05 16:58:00,1.1368683772161603e-12
2013-04-05 16:59:00,1.3642420526593924e-12
2013-04-05 17:00:00,1.2505552149377763e-12
2013-04-05 17:01:00,1.1368683772161603e-12
2013-04-05 17:02:00,1.1368683772161603e-12
2013-04-05 17:03:00,1.3642420526593924e-12
2013-04-05 17:04:00,1.1368683772161603e-12
2013-04-05 17:05:00,1.2505552149377763e-12
2013-04-05 17:06:00,1.2505552149377763e-12
2013-04-05 17:07:00,1.3642420526593924e-12
2013-04-05 17:08:00,1.3642420526593924e-12
2013-04-05 17:09:00,1.4779288903810084e-12
2013-04-05 17:10:00,1.4779288903810084e-12
2013-04-05 17:11:00,1.3642420526593924e-12
2013-04-05 17:12:00,1.2505552149377763e-12
2013-04-05 17:13:00,1.3642420526593924e-12
2013-04-05 17:14:00,0.0
2013-04-05 17:15:00,0.0
2013-04-05 17:16:00,0.0
2013-04-05 17:17:00,0.0
2013-04-05 17:18:00,0.0
2013-04-05 17:19:00,0.0
2013-04-05 17:20:00,0.0
2013-04-05 17:21:00,0.0
2013-04-05 17:22:00,0.0
2013-04-05 17:23:00,0.0
2013-04-05 17:24:00,0.0
2013-04-05 17:25:00,0.0
2013-04-05 17:26:00,0.0
2013-04-05 17:27:00,0.0
2013-04-05 17:28:00,0.0
2013-04-05 17:29:00,0.0
2013-04-05 17:30:00,0.0
2013-04-05 17:31:00,0.0
2013-04-05 17:32:00,0.0
2013-04-05 17:33:00,0.0
2013-04-05 17:34:00,0.0
2013-04-05 17:35:00,0.0
2013-04-05 17:36:00,0.0
2013-04-05 17:37:00,0.0
2013-04-05 17:38:00,0.0
2013-04-05 17:39:00,0.0
2013-04-05 17:40:00,0.0
2013-04-05 17:41:00,0.0
2013-04-05 17:42:00,0.0
2013-04-05 17:43:00,0.0
2013-04-05 17:44:00,0.0
2013-04-05 17:45:00,0.0
2013-04-05 17:46:00,0.0
2013-04-05 17:47:00,0.0
2013-04-05 17:48:00,0.0
2013-04-05 17:49:00,0.0
2013-04-05 17:50:00,0.0
2013-04-05 17:51:00,0.0
2013-04-05 17:52:00,0.0
2013-04-05 17:53:00,0.0
2013-04-05 17:54:00,0.0
2013-04-05 17:55:00,0.0
2013-04-05 17:56:00,0.0
2013-04-05 17:57:00,0.0
2013-04-05 17:58:00,0.0
2013-04-05 17:59:00,0.0
2013-04-05 18:00:00,0.0
2013-04-05 18:01:00,0.0
2013-04-05 18:02:00,0.0
2013-04-05 18:03:00,0.0
2013-04-05 18:04:00,3.979039320256561e-13
2013-04-05 18:05:00,1.4210854715202004e-13
2013-04-05 18:06:00,0.0
2013-04-05 18:07:00,0.0
2013-04-05 18:08:00,0.0
2013-04-05 18:09:00,0.0
2013-04-05 18:10:00,0.0
2013-04-05 18:11:00,0.0
2013-04-05 18:12:00,0.0
2013-04-05 18:13:00,0.0
2013-04-05 18:14:00,0.0
2013-04-05 18:15:00,0.0
2013-04-05 18:16:00,0.0
2013-04-05 18:17:00,0.0
2013-04-05 18:18:00,0.0
2013-04-05 18:19:00,0.0
2013-04-05 18:20:00,0.0
2013-04-05 18:21:00,0.0
2013-04-05 18:22:00,0.0
2013-04-05 18:23:00,0.0
2013-04-05 18:24:00,0.0
2013-04-05 18:25:00,0.0
2013-04-05 18:26:00,0.0
2013-04-05 18:27:00,0.0
2013-04-05 18:28:00,0.0
2013-04-05 18:29:00,0.0
2013-04-05 18:30:00,0.0
2013-04-05 18:31:00,0.0
2013-04-05 18:32:00,0.0
2013-04-05 18:33:00,0.0
2013-04-05 18:34:00,0.0
2013-04-05 18:35:00,0.0
2013-04-05 18:36:00,0.0
2013-04-05 18:37:00,0.0
2013-04-05 18:38:00,0.0
2013-04-05 18:39:00,0.0
2013-04-05 18:40:00,0.0
2013-04-05 18:41:00,0.0
2013-04-05 18:42:00,0.0
2013-04-05 18:43:00,0.0
2013-04-05 18:44:00,0.0
2013-04-05 18:45:00,0.0
2013-04-05 18:46:00,0.0
2013-04-05 18:47:00,0.0
2013-04-05 18:48:00,0.0
2013-04-05 18:49:00,0.0
2013-04-05 18:50:00,0.0
2013-04-05 18:51:00,0.0
2013-04-05 18:52:00,0.0
2013-04-05 18:53:00,4.547473508864641e-13
2013-04-05 18:54:00,0.0
2013-04-05 18:55:00,0.0
2013-04-05 18:56:00,0.0
2013-04-05 18:57:00,1.1368683772161603e-12
2013-04-05 18:58:00,0.0
2013-04-05 18:59:00,0.0
2013-04-05 19:00:00,0.0
2013-04-05 19:01:00,0.0
2013-04-05 19:02:00,0.0
2013-04-05 19:03:00,0.0
2013-04-05 19:04:00,0.0
2013-04-05 19:05:00,1.1368683772161603e-13
2013-04-05 19:06:00,0.0
2013-04-05 19:07:00,1.1368683772161603e-13
2013-04-05 19:08:00,0.0
2013-04-05 19:09:00,1.1368683772161603e-13
2013-04-05 19:10:00,0.0
2013-04-05 19:11:00,0.0
2013-04-05 19:12:00,5.684341886080802e-14
2013-04-05 19:13:00,0.0
2013-04-05 19:14:00,0.0
2013-04-05 19:15:00,1.1368683772161603e-13
2013-04-05 19:16:00,0.0
2013-04-05 19:17:00,1.1368683772161603e-13
2013-04-05 19:18:00,5.684341886080802e-14
2013-04-05 19:19:00,0.0
2013-04-05 19:20:00,2.2737367544323206e-13
2013-04-05 19:21:00,0.0
2013-04-05 19:22:00,0.0
2013-04-05 19:23:00,0.0
2013-04-05 19:24:00,2.2737367544323206e-13
2013-04-05 19:25:00,2.2737367544323206e-13
2013-04-05 19:26:00,2.2737367544323206e-13
2013-04-05 19:27:00,4.547473508864641e-13
2013-04-05 19:28:00,2.8421709430404007e-13
2013-04-05 19:29:00,4.547473508864641e-13
2013-04-05 19:30:00,3.410605131648481e-13
2013-04-05 19:31:00,2.8421709430404007e-13
2013-04-05 19:32:00,5.684341886080802e-14
2013-04-05 19:33:00,4.547473508864641e-13
2013-04-05 19:34:00,3.979039320256561e-13
2013-04-05 19:35:00,1.7053025658242404e-13
2013-04-05 19:36:00,1.1368683772161603e-13
2013-04-05 19:37:00,1.1368683772161603e-13
2013-04-05 19:38:00,0.0
2013-04-05 19:39:00,0.0
2013-04-05 19:40:00,1.1368683772161603e-13
2013-04-05 19:41:00,2.8421709430404007e-13
2013-04-05 19:42:00,2.2737367544323206e-13
2013-04-05 19:43:00,0.0
2013-04-05 19:44:00,0.0
2013-04-05 19:45:00,3.979039320256561e-13
2013-04-05 19:46:00,5.684341886080802e-14
