2013-04-08 14:40:00,0.0
2013-04-08 14:41:00,0.0
2013-04-08 14:42:00,0.0
2013-04-08 14:43:00,0.0
2013-04-08 14:44:00,0.0
2013-04-08 14:45:00,0.0
2013-04-08 14:46:00,0.0
2013-04-08 14:47:00,0.0
2013-04-08 14:48:00,0.0
2013-04-08 14:49:00,0.0
2013-04-08 14:50:00,0.0
2013-04-08 14:51:00,0.0
2013-04-08 14:52:00,0.0
2013-04-08 14:53:00,0.0
2013-04-08 14:54:00,0.0
2013-04-08 14:55:00,0.0
2013-04-08 14:56:00,0.0
2013-04-08 14:57:00,0.0
2013-04-08 14:58:00,86.99999999999665
2013-04-08 14:59:00,99.0999999999964
2013-04-08 15:00:00,92.9999999999965
2013-04-08 15:01:00,89.99999999999659
2013-04-08 15:02:00,90.59999999999657
2013-04-08 15:03:00,89.79999999999659
2013-04-08 15:04:00,89.3299999999966
2013-04-08 15:05:00,88.4999999999966
2013-04-08 15:06:00,87.09999999999665
2013-04-08 15:07:00,86.19999999999669
2013-04-08 15:08:00,0.0
2013-04-08 15:09:00,0.0
2013-04-08 15:10:00,0.0
2013-04-08 15:11:00,0.0
2013-04-08 15:12:00,0.0
2013-04-08 15:13:00,0.0
2013-04-08 15:14:00,0.0
2013-04-08 15:15:00,0.0
2013-04-08 15:16:00,0.0
2013-04-08 15:17:00,0.0
2013-04-08 15:18:00,0.0
2013-04-08 15:19:00,0.0
2013-04-08 15:20:00,0.0
2013-04-08 15:21:00,0.0
2013-04-08 15:22:00,0.0
2013-04-08 15:23:00,0.0
2013-04-08 15:24:00,0.0
2013-04-08 15:25:00,0.0
2013-04-08 15:26:00,9.237055564882062e-13
2013-04-08 15:27:00,117.49999999999848
2013-04-08 15:28:00,99.59999999999884
2013-04-08 15:29:00,92.19999999999895
2013-04-08 15:30:00,90.999999999999
2013-04-08 15:31:00,90.89999999999898
2013-04-08 15:32:00,89.999999999999
2013-04-08 15:33:00,89.19999999999902
2013-04-08 15:34:00,88.999999999999
2013-04-08 15:35:00,88.69999999999902
2013-04-08 15:36:00,88.55999999999905
2013-04-08 15:37:00,35.30000000000011
2013-04-08 15:38:00,8.668621376273222e-13
2013-04-08 15:39:00,8.384404281969182e-13
2013-04-08 15:40:00,8.526512829121202e-13
2013-04-08 15:41:00,8.668621376273222e-13
2013-04-08 15:42:00,8.384404281969182e-13
2013-04-08 15:43:00,8.384404281969182e-13
2013-04-08 15:44:00,8.242295734817162e-13
2013-04-08 15:45:00,8.242295734817162e-13
2013-04-08 15:46:00,8.242295734817162e-13
2013-04-08 15:47:00,8.100187187665142e-13
2013-04-08 15:48:00,8.100187187665142e-13
2013-04-08 15:49:00,8.242295734817162e-13
2013-04-08 15:50:00,8.242295734817162e-13
2013-04-08 15:51:00,8.242295734817162e-13
2013-04-08 15:52:00,8.100187187665142e-13
2013-04-08 15:53:00,8.100187187665142e-13
2013-04-08 15:54:00,8.100187187665142e-13
2013-04-08 15:55:00,8.100187187665142e-13
2013-04-08 15:56:00,69.19999999999936
2013-04-08 15:57:00,99.29999999999875
2013-04-08 15:58:00,93.19999999999892
2013-04-08 15:59:00,89.55999999999892
2013-04-08 16:00:00,87.89999999999894
2013-04-08 16:01:00,86.99999999999896
2013-04-08 16:02:00,86.69999999999894
2013-04-08 16:03:00,86.21999999999899
2013-04-08 16:04:00,51.59999999999967
2013-04-08 16:05:00,7.389644451905042e-13
2013-04-08 16:06:00,8.100187187665142e-13
2013-04-08 16:07:00,7.815970093361102e-13
2013-04-08 16:08:00,6.679101716144942e-13
2013-04-08 16:09:00,6.252776074688882e-13
2013-04-08 16:10:00,6.394884621840902e-13
2013-04-08 16:11:00,8.384404281969182e-13
2013-04-08 16:12:00,8.242295734817162e-13
2013-04-08 16:13:00,8.242295734817162e-13
2013-04-08 16:14:00,8.100187187665142e-13
2013-04-08 16:15:00,7.815970093361102e-13
2013-04-08 16:16:00,7.531752999057062e-13
2013-04-08 16:17:00,5.968558980384842e-13
2013-04-08 16:18:00,5.684341886080801e-13
2013-04-08 16:19:00,5.826450433232822e-13
2013-04-08 16:20:00,5.542233338928781e-13
2013-04-08 16:21:00,0.0
2013-04-08 16:22:00,0.0
2013-04-08 16:23:00,9.899999999998233
2013-04-08 16:24:00,98.2999999999964
2013-04-08 16:25:00,94.7799999999965
2013-04-08 16:26:00,88.69999999999662
2013-04-08 16:27:00,87.99999999999665
2013-04-08 16:28:00,87.09999999999663
2013-04-08 16:29:00,86.99999999999665
2013-04-08 16:30:00,86.21999999999751
2013-04-08 16:31:00,25.700000000000372
2013-04-08 16:32:00,9.663381206337363e-13
2013-04-08 16:33:00,9.947598300641403e-13
2013-04-08 16:34:00,9.521272659185342e-13
2013-04-08 16:35:00,9.521272659185342e-13
2013-04-08 16:36:00,9.237055564881302e-13
2013-04-08 16:37:00,9.379164112033322e-13
2013-04-08 16:38:00,9.805489753489383e-13
2013-04-08 16:39:00,9.805489753489383e-13
2013-04-08 16:40:00,1.0089706847793423e-12
2013-04-08 16:41:00,9.663381206337363e-13
2013-04-08 16:42:00,9.521272659185342e-13
2013-04-08 16:43:00,9.805489753489383e-13
2013-04-08 16:44:00,9.521272659185342e-13
2013-04-08 16:45:00,9.379164112033322e-13
2013-04-08 16:46:00,9.521272659185342e-13
2013-04-08 16:47:00,9.663381206337363e-13
2013-04-08 16:48:00,9.379164112033322e-13
2013-04-08 16:49:00,9.521272659185342e-13
2013-04-08 16:50:00,51.09999999999994
2013-04-08 16:51:00,99.29999999999893
2013-04-08 16:52:00,92.09999999999907
2013-04-08 16:53:00,91.55999999999914
2013-04-08 16:54:00,91.09999999999913
2013-04-08 16:55:00,93.99999999999903
2013-04-08 16:56:00,88.99999999999913
2013-04-08 16:57:00,88.09999999999914
2013-04-08 16:58:00,88.49999999999918
2013-04-08 16:59:00,88.39999999999918
2013-04-08 17:00:00,70.39999999999955
2013-04-08 17:01:00,9.663381206337363e-13
2013-04-08 17:02:00,9.379164112033322e-13
2013-04-08 17:03:00,9.521272659185342e-13
2013-04-08 17:04:00,1.0089706847793423e-12
2013-04-08 17:05:00,8.100187187665142e-13
2013-04-08 17:06:00,9.947598300641403e-13
2013-04-08 17:07:00,9.805489753489383e-13
2013-04-08 17:08:00,9.663381206337363e-13
2013-04-08 17:09:00,9.521272659185342e-13
2013-04-08 17:10:00,9.521272659185342e-13
2013-04-08 17:11:00,9.947598300641403e-13
2013-04-08 17:12:00,1.0231815394945443e-12
2013-04-08 17:13:00,9.947598300641403e-13
2013-04-08 17:14:00,1.0089706847793423e-12
2013-04-08 17:15:00,9.663381206337363e-13
2013-04-08 17:16:00,9.947598300641403e-13
2013-04-08 17:17:00,9.947598300641403e-13
2013-04-08 17:18:00,1.0089706847793423e-12
2013-04-08 17:19:00,0.10000000000100329
2013-04-08 17:20:00,99.55999999999895
2013-04-08 17:21:00,96.59999999999903
2013-04-08 17:22:00,90.59999999999908
2013-04-08 17:23:00,91.19999999999911
2013-04-08 17:24:00,90.59999999999916
2013-04-08 17:25:00,89.55999999999916
2013-04-08 17:26:00,88.79999999999919
2013-04-08 17:27:00,91.49999999999909
2013-04-08 17:28:00,91.80000000001405
2013-04-08 17:29:00,90.9000000000101
2013-04-08 17:30:00,89.80000000000405
2013-04-08 17:31:00,89.0000000000079
2013-04-08 17:32:00,88.2000000000059
2013-04-08 17:33:00,88.29999999999914
2013-04-08 17:34:00,87.89999999999921
2013-04-08 17:35:00,87.32999999999916
2013-04-08 17:36:00,69.59999999999954
2013-04-08 17:37:00,9.947598300641403e-13
2013-04-08 17:38:00,9.805489753489383e-13
2013-04-08 17:39:00,9.663381206337363e-13
2013-04-08 17:40:00,1.0089706847793423e-12
2013-04-08 17:41:00,1.0089706847793423e-12
2013-04-08 17:42:00,1.0231815394945443e-12
2013-04-08 17:43:00,1.0089706847793423e-12
2013-04-08 17:44:00,1.3358203432289883e-12
2013-04-08 17:45:00,1.0089706847793423e-12
2013-04-08 17:46:00,9.947598300641403e-13
2013-04-08 17:47:00,9.805489753489383e-13
2013-04-08 17:48:00,9.947598300641403e-13
2013-04-08 17:49:00,9.521272659185342e-13
2013-04-08 17:50:00,9.521272659185342e-13
2013-04-08 17:51:00,9.521272659185342e-13
2013-04-08 17:52:00,9.521272659185342e-13
2013-04-08 17:53:00,9.237055564881302e-13
2013-04-08 17:54:00,9.237055564881302e-13
2013-04-08 17:55:00,98.2999999999989
2013-04-08 17:56:00,95.399999999999
2013-04-08 17:57:00,90.49999999999888
2013-04-08 17:58:00,90.1999999999991
2013-04-08 17:59:00,88.89999999999911
2013-04-08 18:00:00,88.29999999999914
2013-04-08 18:01:00,87.39999999999914
2013-04-08 18:02:00,87.59999999999916
2013-04-08 18:03:00,87.89999999999915
2013-04-08 18:04:00,70.09999999999953
2013-04-08 18:05:00,9.521272659185342e-13
2013-04-08 18:06:00,9.379164112033322e-13
2013-04-08 18:07:00,9.663381206337363e-13
2013-04-08 18:08:00,9.947598300641403e-13
2013-04-08 18:09:00,9.805489753489383e-13
2013-04-08 18:10:00,9.521272659185342e-13
2013-04-08 18:11:00,9.521272659185342e-13
2013-04-08 18:12:00,9.805489753489383e-13
2013-04-08 18:13:00,9.805489753489383e-13
2013-04-08 18:14:00,9.947598300641403e-13
2013-04-08 18:15:00,9.805489753489383e-13
2013-04-08 18:16:00,9.663381206337363e-13
2013-04-08 18:17:00,9.947598300641403e-13
2013-04-08 18:18:00,1.0231815394945443e-12
2013-04-08 18:19:00,86.89999999999921
2013-04-08 18:20:00,99.79999999999892
2013-04-08 18:21:00,93.89999999999908
2013-04-08 18:22:00,93.88999999999908
2013-04-08 18:23:00,93.89999999999908
2013-04-08 18:24:00,93.39999999999904
2013-04-08 18:25:00,92.69999999999908
2013-04-08 18:26:00,92.10999999999909
2013-04-08 18:27:00,91.2999999999991
2013-04-08 18:28:00,90.3999999999991
2013-04-08 18:29:00,89.09999999999907
2013-04-08 18:30:00,88.99999999999908
2013-04-08 18:31:00,88.10999999999916
2013-04-08 18:32:00,87.59999999999914
2013-04-08 18:33:00,87.39999999999941
2013-04-08 18:34:00,86.59999999999918
2013-04-08 18:35:00,86.79999999999919
2013-04-08 18:36:00,38.56000000000019
2013-04-08 18:37:00,9.947598300641403e-13
2013-04-08 18:38:00,9.947598300641403e-13
2013-04-08 18:39:00,9.947598300641403e-13
2013-04-08 18:40:00,9.663381206337363e-13
2013-04-08 18:41:00,1.0089706847793423e-12
2013-04-08 18:42:00,1.0089706847793423e-12
2013-04-08 18:43:00,9.805489753489383e-13
2013-04-08 18:44:00,9.805489753489383e-13
2013-04-08 18:45:00,9.663381206337363e-13
2013-04-08 18:46:00,9.947598300641403e-13
2013-04-08 18:47:00,9.947598300641403e-13
2013-04-08 18:48:00,9.805489753489383e-13
2013-04-08 18:49:00,9.521272659185342e-13
2013-04-08 18:50:00,9.521272659185342e-13
2013-04-08 18:51:00,9.521272659185342e-13
2013-04-08 18:52:00,9.947598300641403e-13
2013-04-08 18:53:00,9.094947017729282e-13
2013-04-08 18:54:00,68.59999999999951
2013-04-08 18:55:00,96.89999999999894
2013-04-08 18:56:00,90.49999999999905
2013-04-08 18:57:00,88.99999999999908
2013-04-08 18:58:00,88.99999999999908
2013-04-08 18:59:00,87.8999999999991
2013-04-08 19:00:00,87.59999999999911
2013-04-08 19:01:00,88.1999999999992
2013-04-08 19:02:00,87.88999999999918
2013-04-08 19:03:00,87.1999999999992
2013-04-08 19:04:00,34.700000000000244
2013-04-08 19:05:00,7.673861546209082e-13
2013-04-08 19:06:00,9.521272659185342e-13
2013-04-08 19:07:00,9.521272659185342e-13
2013-04-08 19:08:00,9.379164112033322e-13
2013-04-08 19:09:00,9.237055564881302e-13
2013-04-08 19:10:00,8.952838470577262e-13
2013-04-08 19:11:00,9.521272659185342e-13
2013-04-08 19:12:00,9.094947017729282e-13
2013-04-08 19:13:00,9.094947017729282e-13
2013-04-08 19:14:00,9.237055564881302e-13
2013-04-08 19:15:00,9.094947017729282e-13
2013-04-08 19:16:00,9.379164112033322e-13
2013-04-08 19:17:00,9.521272659185342e-13
2013-04-08 19:18:00,9.663381206337363e-13
2013-04-08 19:19:00,9.237055564881302e-13
2013-04-08 19:20:00,9.237055564881302e-13
2013-04-08 19:21:00,9.379164112033322e-13
2013-04-08 19:22:00,9.947598300641403e-13
2013-04-08 19:23:00,9.805489753489383e-13
2013-04-08 19:24:00,79.19999999999935
2013-04-08 19:25:00,96.88999999999896
2013-04-08 19:26:00,90.1999999999991
2013-04-08 19:27:00,88.79999999999907
2013-04-08 19:28:00,88.49999999999909
2013-04-08 19:29:00,87.9999999999991
2013-04-08 19:30:00,87.19999999999911
2013-04-08 19:31:00,86.69999999999914
2013-04-08 19:32:00,86.39999999999917
2013-04-08 19:33:00,68.69999999999952
2013-04-08 19:34:00,9.521272659185342e-13
2013-04-08 19:35:00,9.663381206337363e-13
2013-04-08 19:36:00,9.521272659185342e-13
2013-04-08 19:37:00,8.810729923425242e-13
2013-04-08 19:38:00,1.1652900866465643e-12
2013-04-08 19:39:00,9.237055564881302e-13
2013-04-08 19:40:00,9.237055564881302e-13
2013-04-08 19:41:00,9.237055564881302e-13
2013-04-08 19:42:00,9.379164112033322e-13
2013-04-08 19:43:00,9.094947017729282e-13
2013-04-08 19:44:00,9.237055564881302e-13
2013-04-08 19:45:00,9.379164112033322e-13
2013-04-08 19:46:00,9.237055564881302e-13
2013-04-08 19:47:00,9.521272659185342e-13
2013-04-08 19:48:00,8.526512829121202e-13
2013-04-08 19:49:00,5.968558980384842e-13
2013-04-08 19:50:00,6.252776074688882e-13
2013-04-08 19:51:00,6.536993168992922e-13
2013-04-08 19:52:00,8.100187187665142e-13
2013-04-08 19:53:00,9.237055564881302e-13
2013-04-08 19:54:00,50.89999999999988
2013-04-08 19:55:00,98.1999999999989
2013-04-08 19:56:00,92.69999999999898
2013-04-08 19:57:00,90.29999999999899
2013-04-08 19:58:00,89.79999999999897
2013-04-08 19:59:00,88.69999999999901
2013-04-08 20:00:00,87.99999999999903
2013-04-08 20:01:00,88.19999999999902
2013-04-08 20:02:00,87.219999999999
2013-04-08 20:03:00,69.29999999999937
2013-04-08 20:04:00,7.815970093361102e-13
2013-04-08 20:05:00,8.100187187665142e-13
2013-04-08 20:06:00,8.100187187665142e-13
2013-04-08 20:07:00,8.384404281969182e-13
2013-04-08 20:08:00,8.242295734817162e-13
2013-04-08 20:09:00,8.242295734817162e-13
2013-04-08 20:10:00,8.100187187665142e-13
2013-04-08 20:11:00,7.673861546209082e-13
2013-04-08 20:12:00,7.815970093361102e-13
2013-04-08 20:13:00,7.958078640513122e-13
2013-04-08 20:14:00,7.815970093361102e-13
2013-04-08 20:15:00,7.531752999057062e-13
2013-04-08 20:16:00,7.673861546209082e-13
2013-04-08 20:17:00,7.815970093361102e-13
2013-04-08 20:18:00,7.958078640513122e-13
2013-04-08 20:19:00,7.815970093361102e-13
2013-04-08 20:20:00,7.673861546209082e-13
2013-04-08 20:21:00,7.815970093361102e-13
2013-04-08 20:22:00,7.673861546209082e-13
2013-04-08 20:23:00,7.815970093361102e-13
2013-04-08 20:24:00,72.29999999999917
2013-04-08 20:25:00,97.99999999999861
2013-04-08 20:26:00,93.3999999999987
2013-04-08 20:27:00,88.89999999999898
2013-04-08 20:28:00,89.5999999999988
2013-04-08 20:29:00,89.09999999999876
2013-04-08 20:30:00,88.2199999999988
2013-04-08 20:31:00,87.99999999999883
2013-04-08 20:32:00,88.29999999999725
2013-04-08 20:33:00,52.799999999997354
2013-04-08 20:34:00,0.0
2013-04-08 20:35:00,0.0
2013-04-08 20:36:00,0.0
2013-04-08 20:37:00,0.0
2013-04-08 20:38:00,0.0
2013-04-08 20:39:00,0.0
2013-04-08 20:40:00,0.0
2013-04-08 20:41:00,0.0
2013-04-08 20:42:00,0.0
2013-04-08 20:43:00,0.0
2013-04-08 20:44:00,0.0
2013-04-08 20:45:00,0.0
2013-04-08 20:46:00,0.0
2013-04-08 20:47:00,0.0
2013-04-08 20:48:00,0.0
2013-04-08 20:49:00,0.0
2013-04-08 20:50:00,0.0
2013-04-08 20:51:00,0.0
2013-04-08 20:52:00,0.0
2013-04-08 20:53:00,0.0
2013-04-08 20:54:00,10.099999999998243
2013-04-08 20:55:00,98.69999999999641
2013-04-08 20:56:00,94.10999999999648
2013-04-08 20:57:00,89.69999999999658
2013-04-08 20:58:00,89.2999999999966
2013-04-08 20:59:00,88.7999999999966
2013-04-08 21:00:00,88.55999999999663
2013-04-08 21:01:00,87.69999999999663
2013-04-08 21:02:00,87.89999999999664
2013-04-08 21:03:00,43.699999999997566
2013-04-08 21:04:00,0.0
2013-04-08 21:05:00,0.0
2013-04-08 21:06:00,0.0
2013-04-08 21:07:00,0.0
2013-04-08 21:08:00,0.0
2013-04-08 21:09:00,0.0
2013-04-08 21:10:00,0.0
2013-04-08 21:11:00,0.0
2013-04-08 21:12:00,0.0
2013-04-08 21:13:00,0.0
2013-04-08 21:14:00,0.0
2013-04-08 21:15:00,0.0
2013-04-08 21:16:00,0.0
2013-04-08 21:17:00,0.0
2013-04-08 21:18:00,0.0
2013-04-08 21:19:00,0.0
2013-04-08 21:20:00,0.0
2013-04-08 21:21:00,0.0
2013-04-08 21:22:00,0.0
2013-04-08 21:23:00,0.0
2013-04-08 21:24:00,0.0
2013-04-08 21:25:00,213.79999999999004
2013-04-08 21:26:00,94.79999999999248
2013-04-08 21:27:00,88.88999999999348
2013-04-08 21:28:00,88.69999999999554
2013-04-08 21:29:00,88.49999999999648
2013-04-08 21:30:00,87.89999999999691
2013-04-08 21:31:00,90.99999999999685
2013-04-08 21:32:00,86.8899999999969
2013-04-08 21:33:00,52.09999999999767
2013-04-08 21:34:00,0.0
2013-04-08 21:35:00,0.0
2013-04-08 21:36:00,0.0
2013-04-08 21:37:00,0.0
2013-04-08 21:38:00,0.0
2013-04-08 21:39:00,0.0
2013-04-08 21:40:00,0.0
2013-04-08 21:41:00,0.0
2013-04-08 21:42:00,0.0
2013-04-08 21:43:00,0.0
2013-04-08 21:44:00,0.0
2013-04-08 21:45:00,0.0
2013-04-08 21:46:00,0.0
2013-04-08 21:47:00,0.0
2013-04-08 21:48:00,0.0
2013-04-08 21:49:00,50.49999999999767
2013-04-08 21:50:00,98.69999999999668
2013-04-08 21:51:00,90.88999999999683
2013-04-08 21:52:00,90.39999999999684
2013-04-08 21:53:00,90.59999999999684
2013-04-08 21:54:00,95.09999999999678
2013-04-08 21:55:00,90.9999999999968
2013-04-08 21:56:00,90.89999999999682
2013-04-08 21:57:00,90.49999999999685
2013-04-08 21:58:00,90.19999999999682
2013-04-08 21:59:00,89.21999999999684
2013-04-08 22:00:00,88.8999999999969
2013-04-08 22:01:00,88.79999999999684
2013-04-08 22:02:00,87.59999999999692
2013-04-08 22:03:00,87.59999999999688
2013-04-08 22:04:00,57.999999999997506
2013-04-08 22:05:00,0.0
2013-04-08 22:06:00,0.0
2013-04-08 22:07:00,0.0
2013-04-08 22:08:00,0.0
2013-04-08 22:09:00,0.0
2013-04-08 22:10:00,0.0
2013-04-08 22:11:00,0.0
2013-04-08 22:12:00,0.0
2013-04-08 22:13:00,0.0
2013-04-08 22:14:00,0.0
2013-04-08 22:15:00,0.0
2013-04-08 22:16:00,0.0
2013-04-08 22:17:00,0.0
2013-04-08 22:18:00,0.0
2013-04-08 22:19:00,0.0
2013-04-08 22:20:00,0.0
2013-04-08 22:21:00,0.0
2013-04-08 22:22:00,0.0
2013-04-08 22:23:00,0.0
2013-04-08 22:24:00,0.0
2013-04-08 22:25:00,21.199999999998262
2013-04-08 22:26:00,100.66999999999662
2013-04-08 22:27:00,92.0999999999968
2013-04-08 22:28:00,88.49999999999687
2013-04-08 22:29:00,87.59999999999688
2013-04-08 22:30:00,86.88999999999692
2013-04-08 22:31:00,86.29999999999693
2013-04-08 22:32:00,85.49999999999693
2013-04-08 22:33:00,34.19999999999799
2013-04-08 22:34:00,0.0
2013-04-08 22:35:00,0.0
2013-04-08 22:36:00,0.0
2013-04-08 22:37:00,0.0
2013-04-08 22:38:00,0.0
2013-04-08 22:39:00,0.0
2013-04-08 22:40:00,0.0
2013-04-08 22:41:00,0.0
2013-04-08 22:42:00,0.0
2013-04-08 22:43:00,0.0
2013-04-08 22:44:00,0.0
2013-04-08 22:45:00,0.0
2013-04-08 22:46:00,0.0
2013-04-08 22:47:00,0.0
2013-04-08 22:48:00,0.0
2013-04-08 22:49:00,0.0
2013-04-08 22:50:00,0.0
2013-04-08 22:51:00,0.0
2013-04-08 22:52:00,0.0
2013-04-08 22:53:00,0.0
2013-04-08 22:54:00,73.29999999999717
2013-04-08 22:55:00,96.39999999999672
2013-04-08 22:56:00,89.69999999999683
2013-04-08 22:57:00,89.55999999999683
2013-04-08 22:58:00,90.19999999999682
2013-04-08 22:59:00,89.89999999999684
2013-04-08 23:00:00,89.29999999999684
2013-04-08 23:01:00,89.32999999999684
2013-04-08 23:02:00,89.09999999999685
2013-04-08 23:03:00,88.19999999999686
2013-04-08 23:04:00,87.79999999999687
2013-04-08 23:05:00,87.39999999999691
2013-04-08 23:06:00,38.889999999997904
2013-04-08 23:07:00,0.0
2013-04-08 23:08:00,0.0
2013-04-08 23:09:00,0.0
2013-04-08 23:10:00,0.0
2013-04-08 23:11:00,0.0
2013-04-08 23:12:00,0.0
2013-04-08 23:13:00,0.0
2013-04-08 23:14:00,0.0
2013-04-08 23:15:00,0.0
2013-04-08 23:16:00,0.0
2013-04-08 23:17:00,0.0
2013-04-08 23:18:00,0.0
2013-04-08 23:19:00,0.0
2013-04-08 23:20:00,0.0
2013-04-08 23:21:00,0.0
2013-04-08 23:22:00,0.0
2013-04-08 23:23:00,0.0
2013-04-08 23:24:00,0.0
2013-04-08 23:25:00,0.0
2013-04-08 23:26:00,0.0
2013-04-08 23:27:00,0.0
2013-04-08 23:28:00,40.799999999997866
2013-04-08 23:29:00,99.49999999999665
2013-04-08 23:30:00,91.10999999999682
2013-04-08 23:31:00,89.99999999999683
2013-04-08 23:32:00,99.3999999999965
2013-04-08 23:33:00,90.39999999999684
2013-04-08 23:34:00,89.79999999999684
2013-04-08 23:35:00,88.99999999999687
2013-04-08 23:36:00,88.99999999999686
2013-04-08 23:37:00,88.79999999999687
2013-04-08 23:38:00,88.49999999999686
2013-04-08 23:39:00,29.219999999998084
2013-04-08 23:40:00,0.0
2013-04-08 23:41:00,0.0
2013-04-08 23:42:00,0.0
2013-04-08 23:43:00,0.0
2013-04-08 23:44:00,0.0
2013-04-08 23:45:00,0.0
2013-04-08 23:46:00,0.0
2013-04-08 23:47:00,0.0
2013-04-08 23:48:00,0.0
2013-04-08 23:49:00,0.0
2013-04-08 23:50:00,0.0
2013-04-08 23:51:00,0.0
2013-04-08 23:52:00,0.0
2013-04-08 23:53:00,0.0
2013-04-08 23:54:00,0.0
2013-04-08 23:55:00,0.0
2013-04-08 23:56:00,0.0
2013-04-08 23:57:00,0.0
2013-04-08 23:58:00,0.0
2013-04-08 23:59:00,0.0
2013-04-09 00:00:00,0.0
2013-04-09 00:01:00,11.559999999998446
2013-04-09 00:02:00,100.69999999999663
2013-04-09 00:03:00,93.19999999999676
2013-04-09 00:04:00,89.89999999999685
2013-04-09 00:05:00,90.09999999999681
2013-04-09 00:06:00,89.99999999999683
2013-04-09 00:07:00,89.49999999999686
2013-04-09 00:08:00,88.79999999999684
2013-04-09 00:09:00,88.29999999999688
2013-04-09 00:10:00,88.19999999999686
2013-04-09 00:11:00,87.9999999999969
2013-04-09 00:12:00,17.399999999998315
2013-04-09 00:13:00,0.0
2013-04-09 00:14:00,0.0
2013-04-09 00:15:00,0.0
2013-04-09 00:16:00,0.0
2013-04-09 00:17:00,0.0
2013-04-09 00:18:00,0.0
2013-04-09 00:19:00,0.0
2013-04-09 00:20:00,0.0
2013-04-09 00:21:00,0.0
2013-04-09 00:22:00,0.0
2013-04-09 00:23:00,0.0
2013-04-09 00:24:00,0.0
2013-04-09 00:25:00,0.0
2013-04-09 00:26:00,0.0
2013-04-09 00:27:00,0.0
2013-04-09 00:28:00,0.0
2013-04-09 00:29:00,0.0
2013-04-09 00:30:00,0.0
2013-04-09 00:31:00,0.0
2013-04-09 00:32:00,0.0
2013-04-09 00:33:00,0.0
2013-04-09 00:34:00,31.799999999998015
2013-04-09 00:35:00,99.66999999999663
2013-04-09 00:36:00,92.79999999999677
2013-04-09 00:37:00,89.29999999999686
2013-04-09 00:38:00,89.49999999999683
2013-04-09 00:39:00,89.43999999999683
2013-04-09 00:40:00,89.29999999999684
2013-04-09 00:41:00,88.79999999999684
2013-04-09 00:42:00,88.49999999999687
2013-04-09 00:43:00,87.88999999999686
2013-04-09 00:44:00,87.59999999999687
2013-04-09 00:45:00,0.0
2013-04-09 00:46:00,0.0
2013-04-09 00:47:00,0.0
2013-04-09 00:48:00,0.0
2013-04-09 00:49:00,0.0
2013-04-09 00:50:00,0.0
2013-04-09 00:51:00,0.0
2013-04-09 00:52:00,0.0
2013-04-09 00:53:00,0.0
2013-04-09 00:54:00,0.0
2013-04-09 00:55:00,0.0
2013-04-09 00:56:00,0.0
2013-04-09 00:57:00,0.0
2013-04-09 00:58:00,0.0
2013-04-09 00:59:00,0.0
2013-04-09 01:00:00,0.0
2013-04-09 01:01:00,0.0
2013-04-09 01:02:00,0.0
2013-04-09 01:03:00,0.0
2013-04-09 01:04:00,0.0
2013-04-09 01:05:00,0.0
2013-04-09 01:06:00,0.0
2013-04-09 01:07:00,54.329999999997554
2013-04-09 01:08:00,99.99999999999662
2013-04-09 01:09:00,91.99999999999679
2013-04-09 01:10:00,88.29999999999686
2013-04-09 01:11:00,86.9999999999969
2013-04-09 01:12:00,86.89999999999691
2013-04-09 01:13:00,86.0999999999969
2013-04-09 01:14:00,68.49999999999729
2013-04-09 01:15:00,0.0
2013-04-09 01:16:00,0.0
2013-04-09 01:17:00,0.0
2013-04-09 01:18:00,0.0
2013-04-09 01:19:00,0.0
2013-04-09 01:20:00,0.0
2013-04-09 01:21:00,0.0
2013-04-09 01:22:00,0.0
2013-04-09 01:23:00,0.0
2013-04-09 01:24:00,0.0
2013-04-09 01:25:00,0.0
2013-04-09 01:26:00,0.0
2013-04-09 01:27:00,0.0
2013-04-09 01:28:00,0.0
2013-04-09 01:29:00,0.0
2013-04-09 01:30:00,0.0
2013-04-09 01:31:00,0.0
2013-04-09 01:32:00,0.0
2013-04-09 01:33:00,0.0
2013-04-09 01:34:00,0.0
2013-04-09 01:35:00,0.0
2013-04-09 01:36:00,0.0
2013-04-09 01:37:00,0.0
2013-04-09 01:38:00,106.69999999999649
2013-04-09 01:39:00,98.77999999999665
2013-04-09 01:40:00,90.69999999999682
2013-04-09 01:41:00,89.49999999999683
2013-04-09 01:42:00,90.19999999999685
2013-04-09 01:43:00,89.89999999999687
2013-04-09 01:44:00,89.77999999999685
2013-04-09 01:45:00,88.99999999999686
2013-04-09 01:46:00,88.89999999999637
2013-04-09 01:47:00,88.69999999999621
2013-04-09 01:48:00,87.99999999999622
2013-04-09 01:49:00,17.499999999997687
2013-04-09 01:50:00,0.0
2013-04-09 01:51:00,0.0
2013-04-09 01:52:00,0.0
2013-04-09 01:53:00,0.0
2013-04-09 01:54:00,0.0
2013-04-09 01:55:00,0.0
2013-04-09 01:56:00,0.0
2013-04-09 01:57:00,0.0
2013-04-09 01:58:00,0.0
2013-04-09 01:59:00,0.0
2013-04-09 02:00:00,0.0
2013-04-09 02:01:00,0.0
2013-04-09 02:02:00,0.0
2013-04-09 02:03:00,0.0
2013-04-09 02:04:00,0.0
2013-04-09 02:05:00,0.0
2013-04-09 02:06:00,0.0
2013-04-09 02:07:00,0.0
2013-04-09 02:08:00,0.0
2013-04-09 02:09:00,0.0
2013-04-09 02:10:00,0.0
2013-04-09 02:11:00,30.599999999996513
2013-04-09 02:12:00,99.0999999999951
2013-04-09 02:13:00,91.19999999999528
2013-04-09 02:14:00,88.88999999999535
2013-04-09 02:15:00,89.59999999999529
2013-04-09 02:16:00,89.6999999999953
2013-04-09 02:17:00,89.09999999999532
2013-04-09 02:18:00,88.59999999999533
2013-04-09 02:19:00,87.10999999999538
2013-04-09 02:20:00,51.699999999996095
2013-04-09 02:21:00,0.0
2013-04-09 02:22:00,0.0
2013-04-09 02:23:00,0.0
2013-04-09 02:24:00,0.0
2013-04-09 02:25:00,0.0
2013-04-09 02:26:00,0.0
2013-04-09 02:27:00,0.0
2013-04-09 02:28:00,0.0
2013-04-09 02:29:00,0.0
2013-04-09 02:30:00,0.0
2013-04-09 02:31:00,0.0
2013-04-09 02:32:00,0.0
2013-04-09 02:33:00,0.0
2013-04-09 02:34:00,0.0
2013-04-09 02:35:00,0.0
2013-04-09 02:36:00,0.0
2013-04-09 02:37:00,0.0
2013-04-09 02:38:00,0.0
2013-04-09 02:39:00,0.0
2013-04-09 02:40:00,0.0
2013-04-09 02:41:00,0.0
2013-04-09 02:42:00,0.0
2013-04-09 02:43:00,95.09999999999671
2013-04-09 02:44:00,99.69999999999663
2013-04-09 02:45:00,93.29999999999676
2013-04-09 02:46:00,89.21999999999683
2013-04-09 02:47:00,89.19999999999685
2013-04-09 02:48:00,89.59999999999684
2013-04-09 02:49:00,89.09999999999685
2013-04-09 02:50:00,88.88999999999685
2013-04-09 02:51:00,88.59999999999685
2013-04-09 02:52:00,88.39999999999688
2013-04-09 02:53:00,52.79999999999758
2013-04-09 02:54:00,0.0
2013-04-09 02:55:00,0.0
2013-04-09 02:56:00,0.0
2013-04-09 02:57:00,0.0
2013-04-09 02:58:00,0.0
2013-04-09 02:59:00,0.0
2013-04-09 03:00:00,0.0
2013-04-09 03:01:00,0.0
2013-04-09 03:02:00,0.0
2013-04-09 03:03:00,0.0
2013-04-09 03:04:00,0.0
2013-04-09 03:05:00,0.0
2013-04-09 03:06:00,0.0
2013-04-09 03:07:00,0.0
2013-04-09 03:08:00,0.0
2013-04-09 03:09:00,0.0
2013-04-09 03:10:00,0.0
2013-04-09 03:11:00,0.0
2013-04-09 03:12:00,0.0
2013-04-09 03:13:00,0.0
2013-04-09 03:14:00,0.0
2013-04-09 03:15:00,0.0
2013-04-09 03:16:00,31.29999999999803
2013-04-09 03:17:00,99.49999999999663
2013-04-09 03:18:00,92.66999999999679
2013-04-09 03:19:00,89.09999999999684
2013-04-09 03:20:00,89.49999999999683
2013-04-09 03:21:00,89.89999999999684
2013-04-09 03:22:00,89.77999999999685
2013-04-09 03:23:00,89.19999999999686
2013-04-09 03:24:00,88.79999999999684
2013-04-09 03:25:00,88.49999999999687
2013-04-09 03:26:00,29.329999999998073
2013-04-09 03:27:00,0.0
2013-04-09 03:28:00,0.0
2013-04-09 03:29:00,0.0
2013-04-09 03:30:00,0.0
2013-04-09 03:31:00,0.0
2013-04-09 03:32:00,0.0
2013-04-09 03:33:00,0.0
2013-04-09 03:34:00,0.0
2013-04-09 03:35:00,0.0
2013-04-09 03:36:00,0.0
2013-04-09 03:37:00,0.0
2013-04-09 03:38:00,7.389644451905042e-13
2013-04-09 03:39:00,1.1937117960769683e-12
2013-04-09 03:40:00,1.1368683772161603e-12
2013-04-09 03:41:00,1.1510792319313623e-12
2013-04-09 03:42:00,1.1226575225009583e-12
2013-04-09 03:43:00,1.1084466677857563e-12
2013-04-09 03:44:00,1.1084466677857563e-12
2013-04-09 03:45:00,1.1084466677857563e-12
2013-04-09 03:46:00,1.1226575225009583e-12
2013-04-09 03:47:00,1.0942358130705543e-12
2013-04-09 03:48:00,1.0942358130705543e-12
2013-04-09 03:49:00,191.3299999999972
2013-04-09 03:50:00,99.59999999999903
2013-04-09 03:51:00,90.89999999999922
2013-04-09 03:52:00,89.19999999999925
2013-04-09 03:53:00,89.29999999999924
2013-04-09 03:54:00,89.09999999999927
2013-04-09 03:55:00,89.66999999999922
2013-04-09 03:56:00,88.69999999999924
2013-04-09 03:57:00,88.59999999999907
2013-04-09 03:58:00,87.99999999999746
2013-04-09 03:59:00,9.779999999999163
2013-04-09 04:00:00,0.0
2013-04-09 04:01:00,0.0
2013-04-09 04:02:00,1.0658141036401503e-12
2013-04-09 04:03:00,1.1226575225009583e-12
2013-04-09 04:04:00,1.2363443602225743e-12
2013-04-09 04:05:00,1.2363443602225743e-12
2013-04-09 04:06:00,1.2647660696529783e-12
2013-04-09 04:07:00,1.2647660696529783e-12
2013-04-09 04:08:00,1.2789769243681803e-12
2013-04-09 04:09:00,1.3358203432289883e-12
2013-04-09 04:10:00,1.2931877790833823e-12
2013-04-09 04:11:00,1.2789769243681803e-12
2013-04-09 04:12:00,1.2931877790833823e-12
2013-04-09 04:13:00,1.2931877790833823e-12
2013-04-09 04:14:00,1.2789769243681803e-12
2013-04-09 04:15:00,1.2789769243681803e-12
2013-04-09 04:16:00,1.3073986337985843e-12
2013-04-09 04:17:00,1.2931877790833823e-12
2013-04-09 04:18:00,1.2931877790833823e-12
2013-04-09 04:19:00,1.2789769243681803e-12
2013-04-09 04:20:00,1.2931877790833823e-12
2013-04-09 04:21:00,1.2647660696529783e-12
2013-04-09 04:22:00,84.3299999999995
2013-04-09 04:23:00,99.19999999999924
2013-04-09 04:24:00,92.49999999999937
2013-04-09 04:25:00,88.59999999999945
2013-04-09 04:26:00,87.88999999999945
2013-04-09 04:27:00,87.49999999999946
2013-04-09 04:28:00,86.69999999999946
2013-04-09 04:29:00,59.999999999999986
2013-04-09 04:30:00,1.2363443602225743e-12
2013-04-09 04:31:00,1.2505552149377763e-12
2013-04-09 04:32:00,1.2363443602225743e-12
2013-04-09 04:33:00,1.2505552149377763e-12
2013-04-09 04:34:00,1.2363443602225743e-12
2013-04-09 04:35:00,1.2221335055073723e-12
2013-04-09 04:36:00,1.2505552149377763e-12
2013-04-09 04:37:00,1.2221335055073723e-12
2013-04-09 04:38:00,1.2363443602225743e-12
2013-04-09 04:39:00,1.2079226507921703e-12
2013-04-09 04:40:00,1.2505552149377763e-12
2013-04-09 04:41:00,1.2221335055073723e-12
2013-04-09 04:42:00,1.2221335055073723e-12
2013-04-09 04:43:00,1.2363443602225743e-12
2013-04-09 04:44:00,1.2221335055073723e-12
2013-04-09 04:45:00,1.2505552149377763e-12
2013-04-09 04:46:00,1.2505552149377763e-12
2013-04-09 04:47:00,1.2363443602225743e-12
2013-04-09 04:48:00,1.2505552149377763e-12
2013-04-09 04:49:00,1.2221335055073723e-12
2013-04-09 04:50:00,1.2505552149377763e-12
2013-04-09 04:51:00,1.2221335055073723e-12
2013-04-09 04:52:00,1.2363443602225743e-12
2013-04-09 04:53:00,12.220000000000994
2013-04-09 04:54:00,99.09999999999918
2013-04-09 04:55:00,92.9999999999993
2013-04-09 04:56:00,88.89999999999941
2013-04-09 04:57:00,89.1099999999994
2013-04-09 04:58:00,89.59999999999937
2013-04-09 04:59:00,88.9999999999994
2013-04-09 05:00:00,88.5999999999994
2013-04-09 05:01:00,88.1999999999994
2013-04-09 05:02:00,87.6699999999994
2013-04-09 05:03:00,52.300000000000125
2013-04-09 05:04:00,1.1937117960769683e-12
2013-04-09 05:05:00,1.2363443602225743e-12
2013-04-09 05:06:00,1.2505552149377763e-12
2013-04-09 05:07:00,1.2079226507921703e-12
2013-04-09 05:08:00,1.2363443602225743e-12
2013-04-09 05:09:00,1.2505552149377763e-12
2013-04-09 05:10:00,1.2221335055073723e-12
2013-04-09 05:11:00,1.2505552149377763e-12
2013-04-09 05:12:00,1.2363443602225743e-12
2013-04-09 05:13:00,1.2647660696529783e-12
2013-04-09 05:14:00,1.2647660696529783e-12
2013-04-09 05:15:00,1.2363443602225743e-12
2013-04-09 05:16:00,1.2363443602225743e-12
2013-04-09 05:17:00,1.2505552149377763e-12
2013-04-09 05:18:00,1.0942358130705543e-12
2013-04-09 05:19:00,1.2363443602225743e-12
2013-04-09 05:20:00,1.2505552149377763e-12
2013-04-09 05:21:00,1.2647660696529783e-12
2013-04-09 05:22:00,1.2221335055073723e-12
2013-04-09 05:23:00,1.2363443602225743e-12
2013-04-09 05:24:00,1.2221335055073723e-12
2013-04-09 05:25:00,1.2505552149377763e-12
2013-04-09 05:26:00,49.800000000000196
2013-04-09 05:27:00,97.89999999999922
2013-04-09 05:28:00,89.99999999999937
2013-04-09 05:29:00,88.39999999999941
2013-04-09 05:30:00,88.69999999999942
2013-04-09 05:31:00,88.99999999999942
2013-04-09 05:32:00,88.39999999999944
2013-04-09 05:33:00,87.79999999999939
2013-04-09 05:34:00,87.49999999999937
2013-04-09 05:35:00,61.19999999999996
2013-04-09 05:36:00,1.2363443602225743e-12
2013-04-09 05:37:00,1.2505552149377763e-12
2013-04-09 05:38:00,1.2221335055073723e-12
2013-04-09 05:39:00,1.1937117960769683e-12
2013-04-09 05:40:00,1.1937117960769683e-12
2013-04-09 05:41:00,1.2079226507921703e-12
2013-04-09 05:42:00,1.2221335055073723e-12
2013-04-09 05:43:00,1.2363443602225743e-12
2013-04-09 05:44:00,1.2363443602225743e-12
2013-04-09 05:45:00,1.2221335055073723e-12
2013-04-09 05:46:00,1.2221335055073723e-12
2013-04-09 05:47:00,1.2079226507921703e-12
2013-04-09 05:48:00,1.2221335055073723e-12
2013-04-09 05:49:00,1.2221335055073723e-12
2013-04-09 05:50:00,1.2221335055073723e-12
2013-04-09 05:51:00,1.2221335055073723e-12
2013-04-09 05:52:00,1.2505552149377763e-12
2013-04-09 05:53:00,1.2363443602225743e-12
2013-04-09 05:54:00,1.2363443602225743e-12
2013-04-09 05:55:00,1.2647660696529783e-12
2013-04-09 05:56:00,1.2221335055073723e-12
2013-04-09 05:57:00,1.2079226507921703e-12
2013-04-09 05:58:00,33.700000000000514
2013-04-09 05:59:00,97.89999999999917
2013-04-09 06:00:00,90.19999999999939
2013-04-09 06:01:00,86.89999999999945
2013-04-09 06:02:00,86.10999999999945
2013-04-09 06:03:00,86.49999999999947
2013-04-09 06:04:00,86.49999999999946
2013-04-09 06:05:00,34.40000000000053
2013-04-09 06:06:00,1.2363443602225743e-12
2013-04-09 06:07:00,1.2505552149377763e-12
2013-04-09 06:08:00,1.2221335055073723e-12
2013-04-09 06:09:00,1.2221335055073723e-12
2013-04-09 06:10:00,1.1795009413617663e-12
2013-04-09 06:11:00,1.1795009413617663e-12
2013-04-09 06:12:00,1.1937117960769683e-12
2013-04-09 06:13:00,1.2079226507921703e-12
2013-04-09 06:14:00,1.2221335055073723e-12
2013-04-09 06:15:00,1.2221335055073723e-12
2013-04-09 06:16:00,1.2221335055073723e-12
2013-04-09 06:17:00,1.2505552149377763e-12
2013-04-09 06:18:00,1.2363443602225743e-12
2013-04-09 06:19:00,1.2363443602225743e-12
2013-04-09 06:20:00,1.2363443602225743e-12
2013-04-09 06:21:00,1.2647660696529783e-12
2013-04-09 06:22:00,1.2221335055073723e-12
2013-04-09 06:23:00,1.2363443602225743e-12
2013-04-09 06:24:00,1.2079226507921703e-12
2013-04-09 06:25:00,1.2079226507921703e-12
2013-04-09 06:26:00,1.2079226507921703e-12
2013-04-09 06:27:00,1.2221335055073723e-12
2013-04-09 06:28:00,1.2221335055073723e-12
2013-04-09 06:29:00,89.09999999999934
2013-04-09 06:30:00,94.39999999999927
2013-04-09 06:31:00,88.69999999999938
2013-04-09 06:32:00,88.8999999999994
2013-04-09 06:33:00,89.21999999999942
2013-04-09 06:34:00,88.59999999999935
2013-04-09 06:35:00,88.59999999999937
2013-04-09 06:36:00,87.69999999999936
2013-04-09 06:37:00,87.7999999999994
2013-04-09 06:38:00,87.8899999999994
2013-04-09 06:39:00,26.2000000000007
2013-04-09 06:40:00,1.1937117960769683e-12
2013-04-09 06:41:00,1.2221335055073723e-12
2013-04-09 06:42:00,1.2221335055073723e-12
2013-04-09 06:43:00,1.2505552149377763e-12
2013-04-09 06:44:00,1.2363443602225743e-12
2013-04-09 06:45:00,1.2363443602225743e-12
2013-04-09 06:46:00,1.1795009413617663e-12
2013-04-09 06:47:00,1.1937117960769683e-12
2013-04-09 06:48:00,1.2221335055073723e-12
2013-04-09 06:49:00,1.2221335055073723e-12
2013-04-09 06:50:00,1.2221335055073723e-12
2013-04-09 06:51:00,1.2363443602225743e-12
2013-04-09 06:52:00,1.2505552149377763e-12
2013-04-09 06:53:00,1.2505552149377763e-12
2013-04-09 06:54:00,1.2363443602225743e-12
2013-04-09 06:55:00,1.2079226507921703e-12
2013-04-09 06:56:00,1.2079226507921703e-12
2013-04-09 06:57:00,1.2221335055073723e-12
2013-04-09 06:58:00,1.2079226507921703e-12
2013-04-09 06:59:00,1.2079226507921703e-12
2013-04-09 07:00:00,1.2363443602225743e-12
2013-04-09 07:01:00,10.500000000000995
2013-04-09 07:02:00,99.19999999999919
2013-04-09 07:03:00,93.88999999999928
2013-04-09 07:04:00,88.99999999999939
2013-04-09 07:05:00,88.99999999999937
2013-04-09 07:06:00,88.79999999999939
2013-04-09 07:07:00,88.89999999999937
2013-04-09 07:08:00,88.21999999999942
2013-04-09 07:09:00,88.1999999999994
2013-04-09 07:10:00,87.99999999999942
2013-04-09 07:11:00,43.5000000000003
2013-04-09 07:12:00,1.2221335055073723e-12
2013-04-09 07:13:00,1.1937117960769683e-12
2013-04-09 07:14:00,1.2221335055073723e-12
2013-04-09 07:15:00,1.1937117960769683e-12
2013-04-09 07:16:00,1.1937117960769683e-12
2013-04-09 07:17:00,1.2079226507921703e-12
2013-04-09 07:18:00,1.1510792319313623e-12
2013-04-09 07:19:00,1.1652900866465643e-12
2013-04-09 07:20:00,1.1368683772161603e-12
2013-04-09 07:21:00,1.1937117960769683e-12
2013-04-09 07:22:00,1.1652900866465643e-12
2013-04-09 07:23:00,1.1510792319313623e-12
2013-04-09 07:24:00,1.2079226507921703e-12
2013-04-09 07:25:00,1.2505552149377763e-12
2013-04-09 07:26:00,1.2505552149377763e-12
2013-04-09 07:27:00,1.2363443602225743e-12
2013-04-09 07:28:00,1.2221335055073723e-12
2013-04-09 07:29:00,1.1937117960769683e-12
2013-04-09 07:30:00,1.0942358130705543e-12
2013-04-09 07:31:00,1.1084466677857563e-12
2013-04-09 07:32:00,1.1226575225009583e-12
2013-04-09 07:33:00,1.0800249583553523e-12
2013-04-09 07:34:00,99.77999999999906
2013-04-09 07:35:00,95.29999999999914
2013-04-09 07:36:00,89.09999999999927
2013-04-09 07:37:00,89.29999999999923
2013-04-09 07:38:00,89.4399999999992
2013-04-09 07:39:00,88.59999999999926
2013-04-09 07:40:00,87.99999999999926
2013-04-09 07:41:00,87.89999999999927
2013-04-09 07:42:00,87.66999999999929
2013-04-09 07:43:00,61.19999999999982
2013-04-09 07:44:00,1.0942358130705543e-12
2013-04-09 07:45:00,1.0942358130705543e-12
2013-04-09 07:46:00,1.0942358130705543e-12
2013-04-09 07:47:00,1.0942358130705543e-12
2013-04-09 07:48:00,1.0800249583553523e-12
2013-04-09 07:49:00,1.0800249583553523e-12
2013-04-09 07:50:00,8.384404281969182e-13
2013-04-09 07:51:00,7.958078640513122e-13
2013-04-09 07:52:00,7.815970093361102e-13
2013-04-09 07:53:00,7.958078640513122e-13
2013-04-09 07:54:00,7.958078640513122e-13
2013-04-09 07:55:00,8.100187187665142e-13
2013-04-09 07:56:00,7.958078640513122e-13
2013-04-09 07:57:00,8.100187187665142e-13
2013-04-09 07:58:00,8.100187187665142e-13
2013-04-09 07:59:00,8.100187187665142e-13
2013-04-09 08:00:00,7.247535904753022e-13
2013-04-09 08:01:00,6.394884621840902e-13
2013-04-09 08:02:00,6.394884621840902e-13
2013-04-09 08:03:00,7.815970093361102e-13
2013-04-09 08:04:00,8.100187187665142e-13
2013-04-09 08:05:00,7.958078640513122e-13
2013-04-09 08:06:00,59.79999999999957
2013-04-09 08:07:00,97.49999999999902
2013-04-09 08:08:00,89.69999999999897
2013-04-09 08:09:00,89.32999999999898
2013-04-09 08:10:00,89.79999999999909
2013-04-09 08:11:00,89.29999999999916
2013-04-09 08:12:00,89.09999999999916
2013-04-09 08:13:00,88.49999999999918
2013-04-09 08:14:00,87.99999999999918
2013-04-09 08:15:00,70.39999999999954
2013-04-09 08:16:00,9.947598300641403e-13
2013-04-09 08:17:00,9.805489753489383e-13
2013-04-09 08:18:00,9.947598300641403e-13
2013-04-09 08:19:00,9.947598300641403e-13
2013-04-09 08:20:00,9.663381206337363e-13
2013-04-09 08:21:00,9.805489753489383e-13
2013-04-09 08:22:00,9.663381206337363e-13
2013-04-09 08:23:00,1.0089706847793423e-12
2013-04-09 08:24:00,9.947598300641403e-13
2013-04-09 08:25:00,9.805489753489383e-13
2013-04-09 08:26:00,9.805489753489383e-13
2013-04-09 08:27:00,9.663381206337363e-13
2013-04-09 08:28:00,9.663381206337363e-13
2013-04-09 08:29:00,9.805489753489383e-13
2013-04-09 08:30:00,9.663381206337363e-13
2013-04-09 08:31:00,9.805489753489383e-13
2013-04-09 08:32:00,9.521272659185342e-13
2013-04-09 08:33:00,9.521272659185342e-13
2013-04-09 08:34:00,9.663381206337363e-13
2013-04-09 08:35:00,9.663381206337363e-13
2013-04-09 08:36:00,9.521272659185342e-13
2013-04-09 08:37:00,9.237055564881302e-13
2013-04-09 08:38:00,59.89999999999972
2013-04-09 08:39:00,96.19999999999897
2013-04-09 08:40:00,88.59999999999916
2013-04-09 08:41:00,87.1999999999992
2013-04-09 08:42:00,86.66999999999915
2013-04-09 08:43:00,85.9999999999992
2013-04-09 08:44:00,85.89999999999918
2013-04-09 08:45:00,42.800000000000054
2013-04-09 08:46:00,9.379164112033322e-13
2013-04-09 08:47:00,9.237055564881302e-13
2013-04-09 08:48:00,9.237055564881302e-13
2013-04-09 08:49:00,9.094947017729282e-13
2013-04-09 08:50:00,9.237055564881302e-13
2013-04-09 08:51:00,9.237055564881302e-13
2013-04-09 08:52:00,9.379164112033322e-13
2013-04-09 08:53:00,9.663381206337363e-13
2013-04-09 08:54:00,9.237055564881302e-13
2013-04-09 08:55:00,9.379164112033322e-13
2013-04-09 08:56:00,6.536993168992922e-13
2013-04-09 08:57:00,6.394884621840902e-13
2013-04-09 08:58:00,6.536993168992922e-13
2013-04-09 08:59:00,6.536993168992922e-13
2013-04-09 09:00:00,0.0
2013-04-09 09:01:00,0.0
2013-04-09 09:02:00,0.0
2013-04-09 09:03:00,0.0
2013-04-09 09:04:00,0.0
2013-04-09 09:05:00,0.0
2013-04-09 09:06:00,0.0
2013-04-09 09:07:00,0.0
2013-04-09 09:08:00,80.3999999999968
2013-04-09 09:09:00,96.39999999999648
2013-04-09 09:10:00,89.2999999999966
2013-04-09 09:11:00,89.2999999999966
2013-04-09 09:12:00,89.59999999999658
2013-04-09 09:13:00,89.2999999999966
2013-04-09 09:14:00,88.77999999999659
2013-04-09 09:15:00,88.29999999999663
2013-04-09 09:16:00,88.09999999999664
2013-04-09 09:17:00,87.49999999999663
2013-04-09 09:18:00,17.39999999999807
2013-04-09 09:19:00,0.0
2013-04-09 09:20:00,0.0
2013-04-09 09:21:00,0.0
2013-04-09 09:22:00,0.0
2013-04-09 09:23:00,0.0
2013-04-09 09:24:00,0.0
2013-04-09 09:25:00,0.0
2013-04-09 09:26:00,0.0
2013-04-09 09:27:00,0.0
2013-04-09 09:28:00,0.0
2013-04-09 09:29:00,0.0
2013-04-09 09:30:00,0.0
2013-04-09 09:31:00,0.0
2013-04-09 09:32:00,0.0
2013-04-09 09:33:00,0.0
2013-04-09 09:34:00,0.0
2013-04-09 09:35:00,0.0
2013-04-09 09:36:00,0.0
2013-04-09 09:37:00,0.0
2013-04-09 09:38:00,0.0
2013-04-09 09:39:00,0.0
2013-04-09 09:40:00,89.0999999999966
2013-04-09 09:41:00,94.79999999999649
2013-04-09 09:42:00,89.6699999999966
2013-04-09 09:43:00,89.9999999999966
2013-04-09 09:44:00,90.09999999999656
2013-04-09 09:45:00,89.5999999999966
2013-04-09 09:46:00,89.32999999999637
2013-04-09 09:47:00,88.49999999999662
2013-04-09 09:48:00,87.99999999999663
2013-04-09 09:49:00,87.79999999999663
2013-04-09 09:50:00,19.559999999998038
2013-04-09 09:51:00,0.0
2013-04-09 09:52:00,0.0
2013-04-09 09:53:00,0.0
2013-04-09 09:54:00,0.0
2013-04-09 09:55:00,0.0
2013-04-09 09:56:00,0.0
2013-04-09 09:57:00,0.09999999999843467
2013-04-09 09:58:00,0.0
2013-04-09 09:59:00,0.0
2013-04-09 10:00:00,0.0
2013-04-09 10:01:00,0.0
2013-04-09 10:02:00,0.0
2013-04-09 10:03:00,0.0
2013-04-09 10:04:00,0.0
2013-04-09 10:05:00,0.0
2013-04-09 10:06:00,0.0
2013-04-09 10:07:00,0.0
2013-04-09 10:08:00,0.0
2013-04-09 10:09:00,0.0
2013-04-09 10:10:00,0.0
2013-04-09 10:11:00,0.0
2013-04-09 10:12:00,136.1999999999956
2013-04-09 10:13:00,97.09999999999646
2013-04-09 10:14:00,90.49999999999658
2013-04-09 10:15:00,90.19999999999658
2013-04-09 10:16:00,90.09999999999658
2013-04-09 10:17:00,89.55999999999659
2013-04-09 10:18:00,89.1999999999966
2013-04-09 10:19:00,88.89999999999661
2013-04-09 10:20:00,88.19999999999662
2013-04-09 10:21:00,87.55999999999663
2013-04-09 10:22:00,26.199999999997882
2013-04-09 10:23:00,0.0
2013-04-09 10:24:00,0.0
2013-04-09 10:25:00,0.0
2013-04-09 10:26:00,0.0
2013-04-09 10:27:00,0.0
2013-04-09 10:28:00,0.0
2013-04-09 10:29:00,0.0
2013-04-09 10:30:00,0.0
2013-04-09 10:31:00,0.0
2013-04-09 10:32:00,0.0
2013-04-09 10:33:00,0.0
2013-04-09 10:34:00,0.0
2013-04-09 10:35:00,0.0
2013-04-09 10:36:00,0.0
2013-04-09 10:37:00,0.0
2013-04-09 10:38:00,0.0
2013-04-09 10:39:00,0.0
2013-04-09 10:40:00,0.0
2013-04-09 10:41:00,0.0
2013-04-09 10:42:00,0.0
2013-04-09 10:43:00,0.0
2013-04-09 10:44:00,69.59999999999701
2013-04-09 10:45:00,98.43999999999643
2013-04-09 10:46:00,90.79999999999657
2013-04-09 10:47:00,90.29999999999657
2013-04-09 10:48:00,90.49999999999659
2013-04-09 10:49:00,89.9999999999966
2013-04-09 10:50:00,89.69999999999659
2013-04-09 10:51:00,89.1999999999966
2013-04-09 10:52:00,88.29999999999661
2013-04-09 10:53:00,88.19999999999662
2013-04-09 10:54:00,29.219999999997835
2013-04-09 10:55:00,0.0
2013-04-09 10:56:00,0.0
2013-04-09 10:57:00,0.0
2013-04-09 10:58:00,0.0
2013-04-09 10:59:00,0.0
2013-04-09 11:00:00,0.0
2013-04-09 11:01:00,0.0
2013-04-09 11:02:00,0.0
2013-04-09 11:03:00,0.0
2013-04-09 11:04:00,0.0
2013-04-09 11:05:00,0.0
2013-04-09 11:06:00,0.0
2013-04-09 11:07:00,0.0
2013-04-09 11:08:00,0.0
2013-04-09 11:09:00,0.0
2013-04-09 11:10:00,0.0
2013-04-09 11:11:00,0.0
2013-04-09 11:12:00,0.0
2013-04-09 11:13:00,0.0
2013-04-09 11:14:00,0.0
2013-04-09 11:15:00,0.0
2013-04-09 11:16:00,101.39999999999635
2013-04-09 11:17:00,96.19999999999646
2013-04-09 11:18:00,90.79999999999656
2013-04-09 11:19:00,90.55999999999658
2013-04-09 11:20:00,90.39999999999658
2013-04-09 11:21:00,89.89999999999642
2013-04-09 11:22:00,89.2999999999966
2013-04-09 11:23:00,88.66999999999663
2013-04-09 11:24:00,88.39999999999664
2013-04-09 11:25:00,87.49999999999663
2013-04-09 11:26:00,26.199999999997903
2013-04-09 11:27:00,0.0
2013-04-09 11:28:00,0.0
2013-04-09 11:29:00,0.0
2013-04-09 11:30:00,0.0
2013-04-09 11:31:00,0.0
2013-04-09 11:32:00,0.0
2013-04-09 11:33:00,0.0
2013-04-09 11:34:00,0.0
2013-04-09 11:35:00,0.0
2013-04-09 11:36:00,0.0
2013-04-09 11:37:00,0.0
2013-04-09 11:38:00,0.0
2013-04-09 11:39:00,0.0
2013-04-09 11:40:00,0.0
2013-04-09 11:41:00,0.0
2013-04-09 11:42:00,0.0
2013-04-09 11:43:00,0.0
2013-04-09 11:44:00,0.0
2013-04-09 11:45:00,0.0
2013-04-09 11:46:00,0.0
2013-04-09 11:47:00,20.399999999998006
2013-04-09 11:48:00,99.3999999999964
2013-04-09 11:49:00,94.89999999999647
2013-04-09 11:50:00,90.89999999999657
2013-04-09 11:51:00,90.89999999999657
2013-04-09 11:52:00,90.29999999999657
2013-04-09 11:53:00,89.09999999999658
2013-04-09 11:54:00,88.99999999999659
2013-04-09 11:55:00,88.59999999999661
2013-04-09 11:56:00,87.9999999999966
2013-04-09 11:57:00,78.89999999999682
2013-04-09 11:58:00,0.0
2013-04-09 11:59:00,0.0
2013-04-09 12:00:00,0.0
2013-04-09 12:01:00,0.0
2013-04-09 12:02:00,0.0
2013-04-09 12:03:00,0.0
2013-04-09 12:04:00,0.0
2013-04-09 12:05:00,0.0
2013-04-09 12:06:00,0.0
2013-04-09 12:07:00,0.0
2013-04-09 12:08:00,0.0
2013-04-09 12:09:00,0.0
2013-04-09 12:10:00,0.0
2013-04-09 12:11:00,0.0
2013-04-09 12:12:00,0.0
2013-04-09 12:13:00,0.0
2013-04-09 12:14:00,0.0
2013-04-09 12:15:00,0.0
2013-04-09 12:16:00,0.0
2013-04-09 12:17:00,0.0
2013-04-09 12:18:00,0.0
2013-04-09 12:19:00,88.55999999999662
2013-04-09 12:20:00,97.79999999999642
2013-04-09 12:21:00,89.89999999999658
2013-04-09 12:22:00,88.29999999999661
2013-04-09 12:23:00,87.99999999999663
2013-04-09 12:24:00,86.9000000000326
2013-04-09 12:25:00,87.00000000002842
2013-04-09 12:26:00,86.80000000002576
2013-04-09 12:27:00,3.2741809263825417e-11
2013-04-09 12:28:00,3.183231456205249e-11
2013-04-09 12:29:00,1.5006662579253316e-11
2013-04-09 12:30:00,0.0
2013-04-09 12:31:00,0.0
2013-04-09 12:32:00,0.0
2013-04-09 12:33:00,0.0
2013-04-09 12:34:00,0.0
2013-04-09 12:35:00,0.0
2013-04-09 12:36:00,0.0
2013-04-09 12:37:00,0.0
2013-04-09 12:38:00,0.0
2013-04-09 12:39:00,0.0
2013-04-09 12:40:00,0.0
2013-04-09 12:41:00,0.0
2013-04-09 12:42:00,0.0
2013-04-09 12:43:00,0.0
2013-04-09 12:44:00,0.0
2013-04-09 12:45:00,0.0
2013-04-09 12:46:00,0.0
2013-04-09 12:47:00,0.0
2013-04-09 12:48:00,116.59999999999603
2013-04-09 12:49:00,99.77999999999639
2013-04-09 12:50:00,92.39999999999654
2013-04-09 12:51:00,90.89999999999655
2013-04-09 12:52:00,91.09999999999657
2013-04-09 12:53:00,90.43999999999656
2013-04-09 12:54:00,89.59999999999661
2013-04-09 12:55:00,89.2999999999966
2013-04-09 12:56:00,88.9999999999966
2013-04-09 12:57:00,88.77999999999659
2013-04-09 12:58:00,88.49999999999662
2013-04-09 12:59:00,52.59999999999735
2013-04-09 13:00:00,0.0
2013-04-09 13:01:00,0.0
2013-04-09 13:02:00,0.0
2013-04-09 13:03:00,0.0
2013-04-09 13:04:00,0.0
2013-04-09 13:05:00,0.0
2013-04-09 13:06:00,0.0
2013-04-09 13:07:00,0.0
2013-04-09 13:08:00,0.0
2013-04-09 13:09:00,0.0
2013-04-09 13:10:00,0.0
2013-04-09 13:11:00,0.0
2013-04-09 13:12:00,0.0
2013-04-09 13:13:00,0.0
2013-04-09 13:14:00,0.0
2013-04-09 13:15:00,0.0
2013-04-09 13:16:00,0.0
2013-04-09 13:17:00,0.0
2013-04-09 13:18:00,0.0
2013-04-09 13:19:00,0.0
2013-04-09 13:20:00,90.09999999999658
2013-04-09 13:21:00,97.49999999999645
2013-04-09 13:22:00,91.77999999999655
2013-04-09 13:23:00,91.29999999999656
2013-04-09 13:24:00,91.19999999999656
2013-04-09 13:25:00,90.39999999999658
2013-04-09 13:26:00,89.2999999999966
2013-04-09 13:27:00,89.3299999999966
2013-04-09 13:28:00,88.8999999999966
2013-04-09 13:29:00,88.1999999999966
2013-04-09 13:30:00,78.99999999999682
2013-04-09 13:31:00,0.0
2013-04-09 13:32:00,0.0
2013-04-09 13:33:00,0.0
2013-04-09 13:34:00,0.0
2013-04-09 13:35:00,0.0
2013-04-09 13:36:00,0.0
2013-04-09 13:37:00,0.0
2013-04-09 13:38:00,0.0
2013-04-09 13:39:00,0.0
2013-04-09 13:40:00,0.0
2013-04-09 13:41:00,0.0
2013-04-09 13:42:00,0.0
2013-04-09 13:43:00,0.0
2013-04-09 13:44:00,0.0
2013-04-09 13:45:00,0.0
2013-04-09 13:46:00,0.0
2013-04-09 13:47:00,0.0
2013-04-09 13:48:00,0.0
2013-04-09 13:49:00,0.0
2013-04-09 13:50:00,0.0
2013-04-09 13:51:00,43.599999999997536
2013-04-09 13:52:00,99.3999999999964
2013-04-09 13:53:00,92.8999999999965
2013-04-09 13:54:00,90.99999999999656
2013-04-09 13:55:00,91.21999999999656
2013-04-09 13:56:00,90.29999999999657
2013-04-09 13:57:00,89.2999999999966
2013-04-09 13:58:00,88.9999999999966
2013-04-09 13:59:00,87.99999999999663
2013-04-09 14:00:00,87.79999999999663
2013-04-09 14:01:00,87.29999999999664
2013-04-09 14:02:00,8.699999999998248
2013-04-09 14:03:00,0.0
2013-04-09 14:04:00,0.0
2013-04-09 14:05:00,0.0
2013-04-09 14:06:00,0.0
2013-04-09 14:07:00,0.0
2013-04-09 14:08:00,0.0
2013-04-09 14:09:00,0.0
2013-04-09 14:10:00,0.0
2013-04-09 14:11:00,0.0
2013-04-09 14:12:00,0.0
2013-04-09 14:13:00,0.0
2013-04-09 14:14:00,0.0
2013-04-09 14:15:00,0.0
2013-04-09 14:16:00,0.0
2013-04-09 14:17:00,0.0
2013-04-09 14:18:00,0.0
2013-04-09 14:19:00,0.0
2013-04-09 14:20:00,0.0
2013-04-09 14:21:00,0.0
2013-04-09 14:22:00,33.19999999999774
2013-04-09 14:23:00,99.79999999999637
2013-04-09 14:24:00,95.32999999999646
2013-04-09 14:25:00,91.59999999999654
2013-04-09 14:26:00,91.89999999999655
2013-04-09 14:27:00,90.69999999999658
2013-04-09 14:28:00,90.1099999999966
2013-04-09 14:29:00,89.59999999999658
2013-04-09 14:30:00,88.89999999999661
2013-04-09 14:31:00,88.49999999999662
2013-04-09 14:32:00,87.77999999999665
2013-04-09 14:33:00,26.199999999997903
2013-04-09 14:34:00,0.0
2013-04-09 14:35:00,0.0
2013-04-09 14:36:00,0.0
2013-04-09 14:37:00,0.0
2013-04-09 14:38:00,0.0
2013-04-09 14:39:00,0.0
