2014-07-06 16:23:00,101.59936684829003
2014-07-06 16:24:00,101.43744963846282
2014-07-06 16:25:00,101.21802941814407
2014-07-06 16:26:00,101.59965735177927
2014-07-06 16:27:00,100.35938479898584
2014-07-06 16:28:00,100.8364728449853
2014-07-06 16:29:00,100.8364466055847
2014-07-06 16:30:00,80.03838192494237
2014-07-06 16:31:00,0.0
2014-07-06 16:32:00,2.421079499250169e-07
2014-07-06 16:33:00,0.0
2014-07-06 16:34:00,7.32351879275409e-16
2014-07-06 16:35:00,2.4668282730885892e-05
2014-07-06 16:36:00,2.977022844919971e-05
2014-07-06 16:37:00,2.5420313929523294e-05
2014-07-06 16:38:00,2.047069177681277e-05
2014-07-06 16:39:00,2.7475231333503938e-05
2014-07-06 16:40:00,6.65779793900731e-06
2014-07-06 16:41:00,0.0
2014-07-06 16:42:00,0.0
2014-07-06 16:43:00,1.916796692238141e-08
2014-07-06 16:44:00,7.936690087327072e-12
2014-07-06 16:45:00,0.0
2014-07-06 16:46:00,3.6841374780317384
2014-07-06 16:47:00,1.000028462323151
2014-07-06 16:48:00,0.0
2014-07-06 16:49:00,0.038921754195713164
2014-07-06 16:50:00,0.0
2014-07-06 16:51:00,0.0015148307425842653
2014-07-06 16:52:00,0.0
2014-07-06 16:53:00,6.122708165729552e-05
2014-07-06 16:54:00,0.0
2014-07-06 16:55:00,2.296213002119478e-06
2014-07-06 16:56:00,0.0
2014-07-06 16:57:00,0.05010710513879769
2014-07-06 16:58:00,0.0
2014-07-06 16:59:00,0.0
2014-07-06 17:00:00,0.0030896351963241877
2014-07-06 17:01:00,0.0
2014-07-06 17:02:00,0.00012028600167503272
2014-07-06 17:03:00,0.0
2014-07-06 17:04:00,4.684239883860914e-06
2014-07-06 17:05:00,0.0
2014-07-06 17:06:00,9.660028320170693e-08
2014-07-06 17:07:00,0.0
2014-07-06 17:08:00,7.086325311765629e-09
2014-07-06 17:09:00,0.0
2014-07-06 17:10:00,102.69586905671451
2014-07-06 17:11:00,121.48479368966716
2014-07-06 17:12:00,105.89588827246911
2014-07-06 17:13:00,106.66912290637087
2014-07-06 17:14:00,106.63168658497678
2014-07-06 17:15:00,108.19331859902303
2014-07-06 17:16:00,106.67633800121465
2014-07-06 17:17:00,106.74539228498688
2014-07-06 17:18:00,106.15612081416793
2014-07-06 17:19:00,106.04213037602375
2014-07-06 17:20:00,105.60410444633087
2014-07-06 17:21:00,106.85735990458002
2014-07-06 17:22:00,105.34802266278524
2014-07-06 17:23:00,104.51685765940455
2014-07-06 17:24:00,104.22808494415604
2014-07-06 17:25:00,103.97112369105947
2014-07-06 17:26:00,103.23556912265224
2014-07-06 17:27:00,103.34408362536062
2014-07-06 17:28:00,103.08194455737762
2014-07-06 17:29:00,102.57620331990417
2014-07-06 17:30:00,102.33494070839255
2014-07-06 17:31:00,102.7246551216486
2014-07-06 17:32:00,102.19008821363398
2014-07-06 17:33:00,101.69475803623816
2014-07-06 17:34:00,101.1370065712576
2014-07-06 17:35:00,24.280222219838283
2014-07-06 17:36:00,0.0
2014-07-06 17:37:00,2.7235186518655965
2014-07-06 17:38:00,6.4462057339426755
2014-07-06 17:39:00,0.0
2014-07-06 17:40:00,0.3050822387765873
2014-07-06 17:41:00,0.010874994467309461
2014-07-06 17:42:00,0.07803773847895656
2014-07-06 17:43:00,0.05408990370031455
2014-07-06 17:44:00,0.056915953920004675
2014-07-06 17:45:00,0.05513905010089669
2014-07-06 17:46:00,0.0
2014-07-06 17:47:00,0.0
2014-07-06 17:48:00,0.09738937226441848
2014-07-06 17:49:00,0.05131706414179391
2014-07-06 17:50:00,0.0
2014-07-06 17:51:00,0.01877815491941905
2014-07-06 17:52:00,0.0
2014-07-06 17:53:00,0.0
2014-07-06 17:54:00,0.0
2014-07-06 17:55:00,0.0
2014-07-06 17:56:00,0.0
2014-07-06 17:57:00,0.0
2014-07-06 17:58:00,0.015399415580236024
2014-07-06 17:59:00,0.005956156085470593
2014-07-06 18:00:00,0.0
2014-07-06 18:01:00,1.8412650182395263
2014-07-06 18:02:00,0.0
2014-07-06 18:03:00,0.07141867667409436
2014-07-06 18:04:00,0.0
2014-07-06 18:05:00,0.002794487275568594
2014-07-06 18:06:00,0.0
2014-07-06 18:07:00,0.00012195576196620645
2014-07-06 18:08:00,0.0
2014-07-06 18:09:00,1.775725186466294e-05
2014-07-06 18:10:00,0.0
2014-07-06 18:11:00,0.0
2014-07-06 18:12:00,85.5661515802428
2014-07-06 18:13:00,121.70887224061714
2014-07-06 18:14:00,101.59186942049168
2014-07-06 18:15:00,106.48217763484098
2014-07-06 18:16:00,101.46472792873426
2014-07-06 18:17:00,101.90209181344616
2014-07-06 18:18:00,102.73683062972674
2014-07-06 18:19:00,104.44873731543993
2014-07-06 18:20:00,103.73103722560049
2014-07-06 18:21:00,105.02393839756753
2014-07-06 18:22:00,104.12411817673326
2014-07-06 18:23:00,105.87983172109035
2014-07-06 18:24:00,105.83566787604363
2014-07-06 18:25:00,103.4826771274335
2014-07-06 18:26:00,105.04897197604
2014-07-06 18:27:00,103.40642187218202
2014-07-06 18:28:00,103.66045781648947
2014-07-06 18:29:00,103.63003619697132
2014-07-06 18:30:00,102.49832191916234
2014-07-06 18:31:00,103.61312960611339
2014-07-06 18:32:00,102.19339123438513
2014-07-06 18:33:00,101.94323604846032
2014-07-06 18:34:00,102.35198728064469
2014-07-06 18:35:00,101.27853034512987
2014-07-06 18:36:00,53.05522194401256
2014-07-06 18:37:00,0.0
2014-07-06 18:38:00,2.1071767126659755
2014-07-06 18:39:00,0.0
2014-07-06 18:40:00,0.14362462391953817
2014-07-06 18:41:00,0.03222769992368686
2014-07-06 18:42:00,0.08146600700337359
2014-07-06 18:43:00,0.04365800104908017
2014-07-06 18:44:00,0.059741969091918166
2014-07-06 18:45:00,0.06821283854780148
2014-07-06 18:46:00,0.04852669186740717
2014-07-06 18:47:00,0.0
2014-07-06 18:48:00,0.0
2014-07-06 18:49:00,2.0045866934171217
2014-07-06 18:50:00,1.4456100963728529
2014-07-06 18:51:00,0.0
2014-07-06 18:52:00,0.05531376776720223
2014-07-06 18:53:00,0.0
2014-07-06 18:54:00,0.0009650267489773081
2014-07-06 18:55:00,0.0
2014-07-06 18:56:00,0.0
2014-07-06 18:57:00,0.0
2014-07-06 18:58:00,0.0
2014-07-06 18:59:00,0.009291216776005777
2014-07-06 19:00:00,0.0380746038489222
2014-07-06 19:01:00,0.0
2014-07-06 19:02:00,0.0
2014-07-06 19:03:00,0.004485947409434459
2014-07-06 19:04:00,0.0
2014-07-06 19:05:00,0.00018579329179013482
2014-07-06 19:06:00,0.0
2014-07-06 19:07:00,1.7634883286226676e-05
2014-07-06 19:08:00,1.328871641352592e-05
2014-07-06 19:09:00,1.7002697840739276e-05
2014-07-06 19:10:00,1.1850746617991368e-05
2014-07-06 19:11:00,0.0
2014-07-06 19:12:00,0.0
2014-07-06 19:13:00,9.924839524461413e-05
2014-07-06 19:14:00,60.788623718102585
2014-07-06 19:15:00,130.53596943923657
2014-07-06 19:16:00,104.6856622743297
2014-07-06 19:17:00,102.41786771640214
2014-07-06 19:18:00,102.0594172408618
2014-07-06 19:19:00,102.36040120146643
2014-07-06 19:20:00,103.56743680459995
2014-07-06 19:21:00,104.48057158011214
2014-07-06 19:22:00,104.53066116492172
2014-07-06 19:23:00,104.52078055431993
2014-07-06 19:24:00,104.75299622307486
2014-07-06 19:25:00,105.41900786307089
2014-07-06 19:26:00,105.38044026370008
2014-07-06 19:27:00,103.93249127943925
2014-07-06 19:28:00,104.38996089848114
2014-07-06 19:29:00,103.69358505238218
2014-07-06 19:30:00,103.85609028588208
2014-07-06 19:31:00,103.36623672663187
2014-07-06 19:32:00,103.70388697740316
2014-07-06 19:33:00,102.6468576277554
2014-07-06 19:34:00,102.38039986602706
2014-07-06 19:35:00,102.0446670027492
2014-07-06 19:36:00,89.89113675599344
2014-07-06 19:37:00,0.0
2014-07-06 19:38:00,3.544338695574869
2014-07-06 19:39:00,0.0
2014-07-06 19:40:00,0.19111719617026163
2014-07-06 19:41:00,0.03917673995068082
2014-07-06 19:42:00,0.06237202808811899
2014-07-06 19:43:00,0.06698749712044882
2014-07-06 19:44:00,0.049638269306350444
2014-07-06 19:45:00,0.059525178839646586
2014-07-06 19:46:00,0.058422083943429716
2014-07-06 19:47:00,0.0
2014-07-06 19:48:00,0.0
2014-07-06 19:49:00,0.2768141845904828
2014-07-06 19:50:00,0.0
2014-07-06 19:51:00,0.009686469783503399
2014-07-06 19:52:00,0.0
2014-07-06 19:53:00,0.0
2014-07-06 19:54:00,0.0
2014-07-06 19:55:00,0.0
2014-07-06 19:56:00,0.0
2014-07-06 19:57:00,0.0
2014-07-06 19:58:00,0.0
2014-07-06 19:59:00,0.001605478077060218
2014-07-06 20:00:00,0.022050928769306467
2014-07-06 20:01:00,0.0
2014-07-06 20:02:00,0.000869451240136841
2014-07-06 20:03:00,0.0
2014-07-06 20:04:00,4.6882396865987016e-05
2014-07-06 20:05:00,9.610333752558415e-06
2014-07-06 20:06:00,1.5300300760745104e-05
2014-07-06 20:07:00,1.6432508409351092e-05
2014-07-06 20:08:00,1.2176619657151976e-05
2014-07-06 20:09:00,1.460194873153119e-05
2014-07-06 20:10:00,1.4331351723620773e-05
2014-07-06 20:11:00,0.0
2014-07-06 20:12:00,0.0
2014-07-06 20:13:00,6.79044836100965e-05
2014-07-06 20:14:00,0.0
2014-07-06 20:15:00,129.059944915632
2014-07-06 20:16:00,110.04258329905406
2014-07-06 20:17:00,102.74245418924961
2014-07-06 20:18:00,101.41972721281778
2014-07-06 20:19:00,101.91097079706213
2014-07-06 20:20:00,103.21862184870642
2014-07-06 20:21:00,104.41124055360135
2014-07-06 20:22:00,104.23349161781832
2014-07-06 20:23:00,104.46428338491218
2014-07-06 20:24:00,104.71808756236105
2014-07-06 20:25:00,104.18446135614614
2014-07-06 20:26:00,106.11456969608253
2014-07-06 20:27:00,103.57085475078848
2014-07-06 20:28:00,103.37820291107728
2014-07-06 20:29:00,103.06154719519178
2014-07-06 20:30:00,102.58737175356652
2014-07-06 20:31:00,102.69705017847538
2014-07-06 20:32:00,102.33152757181458
2014-07-06 20:33:00,101.92508775649398
2014-07-06 20:34:00,101.88055499155307
2014-07-06 20:35:00,101.67212812644259
2014-07-06 20:36:00,100.78175504941483
2014-07-06 20:37:00,101.31003623458462
2014-07-06 20:38:00,4.230706878807684
2014-07-06 20:39:00,0.0
2014-07-06 20:40:00,0.223412267818579
2014-07-06 20:41:00,0.02471587278267969
2014-07-06 20:42:00,0.07078040390616498
2014-07-06 20:43:00,0.05674033351674852
2014-07-06 20:44:00,0.057704532777292844
2014-07-06 20:45:00,0.06205066696762287
2014-07-06 20:46:00,0.05983087715283429
2014-07-06 20:47:00,0.05055393734778532
2014-07-06 20:48:00,0.06920017658715942
2014-07-06 20:49:00,0.0
2014-07-06 20:50:00,0.0
2014-07-06 20:51:00,0.011994509396177699
2014-07-06 20:52:00,0.0
2014-07-06 20:53:00,0.0
2014-07-06 20:54:00,0.0
2014-07-06 20:55:00,0.0
2014-07-06 20:56:00,0.0
2014-07-06 20:57:00,0.0
2014-07-06 20:58:00,0.0
2014-07-06 20:59:00,0.0
2014-07-06 21:00:00,0.0
2014-07-06 21:01:00,0.019700622887785384
2014-07-06 21:02:00,0.0010378221872101852
2014-07-06 21:03:00,0.0
2014-07-06 21:04:00,5.4804605595976265e-05
2014-07-06 21:05:00,6.062980724296438e-06
2014-07-06 21:06:00,1.7362934952200598e-05
2014-07-06 21:07:00,1.391880648028456e-05
2014-07-06 21:08:00,1.4155331318343145e-05
2014-07-06 21:09:00,1.5221468889329926e-05
2014-07-06 21:10:00,1.4676938694077026e-05
2014-07-06 21:11:00,1.2401239536190164e-05
2014-07-06 21:12:00,1.697529432372661e-05
2014-07-06 21:13:00,0.0
2014-07-06 21:14:00,0.0
2014-07-06 21:15:00,2.942338261718903e-06
2014-07-06 21:16:00,0.0
2014-07-06 21:17:00,0.0
2014-07-06 21:18:00,0.0
2014-07-06 21:19:00,15.081937759404596
2014-07-06 21:20:00,140.01479562395662
2014-07-06 21:21:00,104.54235057275969
2014-07-06 21:22:00,101.28333835671857
2014-07-06 21:23:00,101.02836006629938
2014-07-06 21:24:00,101.41254430015344
2014-07-06 21:25:00,102.25778102293103
2014-07-06 21:26:00,103.24229819674613
2014-07-06 21:27:00,103.85394865567709
2014-07-06 21:28:00,104.53917002019911
2014-07-06 21:29:00,104.40397015048796
2014-07-06 21:30:00,104.63582211047016
2014-07-06 21:31:00,105.32851563920609
2014-07-06 21:32:00,103.96025323184388
2014-07-06 21:33:00,103.35614000405619
2014-07-06 21:34:00,103.63078822756333
2014-07-06 21:35:00,102.948070276227
2014-07-06 21:36:00,102.38868425615024
2014-07-06 21:37:00,102.61789400504249
2014-07-06 21:38:00,102.453561795636
2014-07-06 21:39:00,101.91084393096703
2014-07-06 21:40:00,101.77720897646542
2014-07-06 21:41:00,101.5733176684411
2014-07-06 21:42:00,100.908594211893
2014-07-06 21:43:00,100.80359335751588
2014-07-06 21:44:00,0.0
2014-07-06 21:45:00,6.255460639792501
2014-07-06 21:46:00,0.0
2014-07-06 21:47:00,0.29652963083974404
2014-07-06 21:48:00,0.01842757995624604
2014-07-06 21:49:00,0.0701809491804574
2014-07-06 21:50:00,0.05369489917157121
2014-07-06 21:51:00,0.0612781642073821
2014-07-06 21:52:00,0.05980159540791058
2014-07-06 21:53:00,0.05368388063703751
2014-07-06 21:54:00,0.06094549259249816
2014-07-06 21:55:00,0.0
2014-07-06 21:56:00,0.1873825621087022
2014-07-06 21:57:00,0.0
2014-07-06 21:58:00,0.01826896540415544
2014-07-06 21:59:00,0.0
2014-07-06 22:00:00,0.0
2014-07-06 22:01:00,0.0
2014-07-06 22:02:00,0.0
2014-07-06 22:03:00,0.0
2014-07-06 22:04:00,0.0
2014-07-06 22:05:00,0.0
2014-07-06 22:06:00,0.0
2014-07-06 22:07:00,0.02220116495058423
2014-07-06 22:08:00,0.0
2014-07-06 22:09:00,0.00153450854305132
2014-07-06 22:10:00,0.0
2014-07-06 22:11:00,7.274080933053023e-05
2014-07-06 22:12:00,4.5204187076510915e-06
2014-07-06 22:13:00,1.721588429036916e-05
2014-07-06 22:14:00,1.3171739858987573e-05
2014-07-06 22:15:00,1.5031968458387972e-05
2014-07-06 22:16:00,1.4669755678737636e-05
2014-07-06 22:17:00,1.3169036832611343e-05
2014-07-06 22:18:00,1.4950361768824977e-05
2014-07-06 22:19:00,0.0
2014-07-06 22:20:00,4.5966272054747044e-05
2014-07-06 22:21:00,0.0
2014-07-06 22:22:00,4.481506840747026e-06
2014-07-06 22:23:00,14.621419647967997
2014-07-06 22:24:00,140.25532773023534
2014-07-06 22:25:00,107.94877051399818
2014-07-06 22:26:00,105.72296422258589
2014-07-06 22:27:00,106.21969893275711
2014-07-06 22:28:00,106.37497350101597
2014-07-06 22:29:00,106.11407796789547
2014-07-06 22:30:00,105.7050376112448
2014-07-06 22:31:00,106.03903480212907
2014-07-06 22:32:00,105.14419839325967
2014-07-06 22:33:00,105.20562763515328
2014-07-06 22:34:00,104.81677140597665
2014-07-06 22:35:00,106.45211854229932
2014-07-06 22:36:00,103.78360148492371
2014-07-06 22:37:00,103.71504683777968
2014-07-06 22:38:00,103.61071134121337
2014-07-06 22:39:00,103.2886083326726
2014-07-06 22:40:00,102.98884150706826
2014-07-06 22:41:00,102.59570713452999
2014-07-06 22:42:00,102.33731025410904
2014-07-06 22:43:00,102.25860072902877
2014-07-06 22:44:00,101.82280536875484
2014-07-06 22:45:00,86.33697340612731
2014-07-06 22:46:00,0.0
2014-07-06 22:47:00,3.3894031791702317
2014-07-06 22:48:00,0.0
2014-07-06 22:49:00,0.19317715334086577
2014-07-06 22:50:00,0.033548146864339885
2014-07-06 22:51:00,0.06462917539709535
2014-07-06 22:52:00,0.05712077461427072
2014-07-06 22:53:00,0.059782093900550226
2014-07-06 22:54:00,0.06202566320219183
2014-07-06 22:55:00,0.05704033977016725
2014-07-06 22:56:00,0.0
2014-07-06 22:57:00,0.0
2014-07-06 22:58:00,0.26562650408489924
2014-07-06 22:59:00,0.0
2014-07-06 23:00:00,0.009370203855537145
2014-07-06 23:01:00,0.0
2014-07-06 23:02:00,0.0
2014-07-06 23:03:00,0.0
2014-07-06 23:04:00,0.0
2014-07-06 23:05:00,0.0
2014-07-06 23:06:00,0.0
2014-07-06 23:07:00,0.0
2014-07-06 23:08:00,0.002316411001271894
2014-07-06 23:09:00,0.021179067474572953
2014-07-06 23:10:00,0.0
2014-07-06 23:11:00,0.0008314444661533767
2014-07-06 23:12:00,0.0
2014-07-06 23:13:00,4.738771926957775e-05
2014-07-06 23:14:00,8.229599873036072e-06
2014-07-06 23:15:00,1.5853995022589082e-05
2014-07-06 23:16:00,1.401213136719038e-05
2014-07-06 23:17:00,1.4664971805886233e-05
2014-07-06 23:18:00,1.52153352877176e-05
2014-07-06 23:19:00,1.3992400073732926e-05
2014-07-06 23:20:00,0.0
2014-07-06 23:21:00,0.0
2014-07-06 23:22:00,6.51600662000924e-05
2014-07-06 23:23:00,0.0
2014-07-06 23:24:00,2.298577491868173e-06
2014-07-06 23:25:00,0.0
2014-07-06 23:26:00,0.0
2014-07-06 23:27:00,0.0
2014-07-06 23:28:00,32.6161297728953
2014-07-06 23:29:00,137.82157609288157
2014-07-06 23:30:00,107.96845274667979
2014-07-06 23:31:00,106.14505914873328
2014-07-06 23:32:00,106.61995994695174
2014-07-06 23:33:00,106.87165074808819
2014-07-06 23:34:00,106.93711405602052
2014-07-06 23:35:00,106.46368040926673
2014-07-06 23:36:00,105.86631701848954
2014-07-06 23:37:00,106.21444037501293
2014-07-06 23:38:00,105.35136059060375
2014-07-06 23:39:00,105.49333574982028
2014-07-06 23:40:00,106.4686960865868
2014-07-06 23:41:00,104.10496024682426
2014-07-06 23:42:00,104.46931684179823
2014-07-06 23:43:00,103.70470890131395
2014-07-06 23:44:00,103.70910882980725
2014-07-06 23:45:00,103.38296233437937
2014-07-06 23:46:00,103.43955476053391
2014-07-06 23:47:00,102.84932137832081
2014-07-06 23:48:00,102.40223024479101
2014-07-06 23:49:00,102.0161325602115
2014-07-06 23:50:00,101.98107169691758
2014-07-06 23:51:00,40.73712672080003
2014-07-06 23:52:00,0.0
2014-07-06 23:53:00,1.654049813407026
2014-07-06 23:54:00,0.0
2014-07-06 23:55:00,0.12548064894042754
2014-07-06 23:56:00,0.047209499926199675
2014-07-06 23:57:00,0.06688236596811442
2014-07-06 23:58:00,0.05529112818412993
2014-07-06 23:59:00,0.0572713997096006
2014-07-07 00:00:00,0.057897078407885855
2014-07-07 00:01:00,0.062400095238744985
2014-07-07 00:02:00,0.0
2014-07-07 00:03:00,0.0
2014-07-07 00:04:00,0.12516212453931605
2014-07-07 00:05:00,0.0
2014-07-07 00:06:00,0.004049917593841277
2014-07-07 00:07:00,0.0
2014-07-07 00:08:00,0.0
2014-07-07 00:09:00,0.0
2014-07-07 00:10:00,0.0
2014-07-07 00:11:00,0.0
2014-07-07 00:12:00,0.0
2014-07-07 00:13:00,0.0
2014-07-07 00:14:00,0.012064477092178474
2014-07-07 00:15:00,0.009993104016144236
2014-07-07 00:16:00,0.0
2014-07-07 00:17:00,0.0004057500691599908
2014-07-07 00:18:00,0.0
2014-07-07 00:19:00,3.078129016921716e-05
2014-07-07 00:20:00,1.1580825969462626e-05
2014-07-07 00:21:00,1.6406718803839538e-05
2014-07-07 00:22:00,1.3563306086702663e-05
2014-07-07 00:23:00,1.4049080711965268e-05
2014-07-07 00:24:00,1.4202564142253642e-05
2014-07-07 00:25:00,1.530718611959409e-05
2014-07-07 00:26:00,0.0
2014-07-07 00:27:00,0.0
2014-07-07 00:28:00,3.070315723509656e-05
2014-07-07 00:29:00,0.0
2014-07-07 00:30:00,9.93473521882263e-07
2014-07-07 00:31:00,0.0
2014-07-07 00:32:00,0.0
2014-07-07 00:33:00,0.0
2014-07-07 00:34:00,0.0
2014-07-07 00:35:00,145.06291467713598
2014-07-07 00:36:00,107.23045227051527
2014-07-07 00:37:00,107.0159873325852
2014-07-07 00:38:00,106.33299166841861
2014-07-07 00:39:00,107.1585282970832
2014-07-07 00:40:00,106.41999353972426
2014-07-07 00:41:00,107.37161766929025
2014-07-07 00:42:00,106.03256134445732
2014-07-07 00:43:00,106.52702688055895
2014-07-07 00:44:00,105.85381823337485
2014-07-07 00:45:00,105.29587210895254
2014-07-07 00:46:00,107.03401922736914
2014-07-07 00:47:00,104.68313134365522
2014-07-07 00:48:00,104.47127046855711
2014-07-07 00:49:00,104.257477570707
2014-07-07 00:50:00,104.20334190181595
2014-07-07 00:51:00,103.85183933689433
2014-07-07 00:52:00,103.2488523627606
2014-07-07 00:53:00,103.34170531687397
2014-07-07 00:54:00,102.65068290610645
2014-07-07 00:55:00,102.43082002085201
2014-07-07 00:56:00,101.89662772667205
2014-07-07 00:57:00,74.88183206736419
2014-07-07 00:58:00,0.0
2014-07-07 00:59:00,2.975664197372427
2014-07-07 01:00:00,0.0
2014-07-07 01:01:00,0.17671017787224938
2014-07-07 01:02:00,0.037090546429430035
2014-07-07 01:03:00,0.05998682874762428
2014-07-07 01:04:00,0.06414542310063724
2014-07-07 01:05:00,0.05433664887197641
2014-07-07 01:06:00,0.06025518258013715
2014-07-07 01:07:00,0.05590819601613457
2014-07-07 01:08:00,0.0
2014-07-07 01:09:00,0.0
2014-07-07 01:10:00,0.23065749703835273
2014-07-07 01:11:00,0.0
2014-07-07 01:12:00,0.008037522421987842
2014-07-07 01:13:00,0.0
2014-07-07 01:14:00,0.0
2014-07-07 01:15:00,0.0
2014-07-07 01:16:00,0.0
2014-07-07 01:17:00,0.0
2014-07-07 01:18:00,0.0
2014-07-07 01:19:00,0.0
2014-07-07 01:20:00,0.004772869511624494
2014-07-07 01:21:00,0.018369040649284834
2014-07-07 01:22:00,0.0
2014-07-07 01:23:00,0.0007299513825672725
2014-07-07 01:24:00,0.0
2014-07-07 01:25:00,4.3348254293047576e-05
2014-07-07 01:26:00,9.098575434518149e-06
2014-07-07 01:27:00,1.4715194486663794e-05
2014-07-07 01:28:00,1.573532747688397e-05
2014-07-07 01:29:00,1.332916550375061e-05
2014-07-07 01:30:00,1.4781023828428218e-05
2014-07-07 01:31:00,1.3714677177603154e-05
2014-07-07 01:32:00,0.0
2014-07-07 01:33:00,0.0
2014-07-07 01:34:00,5.65819206496173e-05
2014-07-07 01:35:00,0.0
2014-07-07 01:36:00,1.9716612802022552e-06
2014-07-07 01:37:00,0.0
2014-07-07 01:38:00,0.0
2014-07-07 01:39:00,0.0
2014-07-07 01:40:00,0.0
2014-07-07 01:41:00,88.07391240737783
2014-07-07 01:42:00,126.4187775277329
2014-07-07 01:43:00,105.48650555670405
2014-07-07 01:44:00,106.28938145662174
2014-07-07 01:45:00,106.5914881683448
2014-07-07 01:46:00,106.87726316199941
2014-07-07 01:47:00,107.05113597732522
2014-07-07 01:48:00,106.41815707900318
2014-07-07 01:49:00,106.45094563784137
2014-07-07 01:50:00,105.98395899234501
2014-07-07 01:51:00,106.07609933794565
2014-07-07 01:52:00,106.68043741193848
2014-07-07 01:53:00,105.83083240022464
2014-07-07 01:54:00,104.51780859505658
2014-07-07 01:55:00,104.32944033230878
2014-07-07 01:56:00,104.30092370833923
2014-07-07 01:57:00,103.84475508236888
2014-07-07 01:58:00,103.6801265459554
2014-07-07 01:59:00,103.49424368626715
2014-07-07 02:00:00,103.42230725929545
2014-07-07 02:01:00,102.97091413714871
2014-07-07 02:02:00,102.60543719209831
2014-07-07 02:03:00,102.07104534204022
2014-07-07 02:04:00,53.138436514595604
2014-07-07 02:05:00,0.0
2014-07-07 02:06:00,2.1293605849398616
2014-07-07 02:07:00,0.0
2014-07-07 02:08:00,0.13840509018904407
2014-07-07 02:09:00,0.04575769339049564
2014-07-07 02:10:00,0.06452687403711242
2014-07-07 02:11:00,0.06212117792701352
2014-07-07 02:12:00,0.057723021050753796
2014-07-07 02:13:00,0.058381933183006454
2014-07-07 02:14:00,0.055990560679418044
2014-07-07 02:15:00,0.0
2014-07-07 02:16:00,0.0
2014-07-07 02:17:00,0.1632997052893047
2014-07-07 02:18:00,0.0
2014-07-07 02:19:00,0.005389078691592576
2014-07-07 02:20:00,0.0
2014-07-07 02:21:00,0.0
2014-07-07 02:22:00,0.0
2014-07-07 02:23:00,0.0
2014-07-07 02:24:00,0.0
2014-07-07 02:25:00,0.0
2014-07-07 02:26:00,0.0
2014-07-07 02:27:00,0.009437235065525474
2014-07-07 02:28:00,0.01303523262487278
2014-07-07 02:29:00,0.0
2014-07-07 02:30:00,0.0005223471476213321
2014-07-07 02:31:00,0.0
2014-07-07 02:32:00,3.3951746286630354e-05
2014-07-07 02:33:00,1.1224687727425707e-05
2014-07-07 02:34:00,1.5828899879878744e-05
2014-07-07 02:35:00,1.5238765759012026e-05
2014-07-07 02:36:00,1.4159866629867486e-05
2014-07-07 02:37:00,1.432150245916725e-05
2014-07-07 02:38:00,1.3734881813620695e-05
2014-07-07 02:39:00,0.0
2014-07-07 02:40:00,0.0
2014-07-07 02:41:00,4.005857639758304e-05
2014-07-07 02:42:00,0.0
2014-07-07 02:43:00,1.3219792411532357e-06
2014-07-07 02:44:00,0.0
2014-07-07 02:45:00,0.0
2014-07-07 02:46:00,0.0
2014-07-07 02:47:00,0.0
2014-07-07 02:48:00,0.0
2014-07-07 02:49:00,119.15882272694483
2014-07-07 02:50:00,116.02568240639935
2014-07-07 02:51:00,106.28224278203682
2014-07-07 02:52:00,106.24750771289101
2014-07-07 02:53:00,107.29052125762682
2014-07-07 02:54:00,107.19985531603865
2014-07-07 02:55:00,106.64209797230723
2014-07-07 02:56:00,106.75214813092904
2014-07-07 02:57:00,106.47714986567273
2014-07-07 02:58:00,105.97878868052946
2014-07-07 02:59:00,105.84686088881332
2014-07-07 03:00:00,107.03342039459937
2014-07-07 03:01:00,105.2998128892488
2014-07-07 03:02:00,104.89105370065302
2014-07-07 03:03:00,104.50390707428339
2014-07-07 03:04:00,104.61979103516121
2014-07-07 03:05:00,104.00939854476076
2014-07-07 03:06:00,103.89025016144332
2014-07-07 03:07:00,103.34558342861976
2014-07-07 03:08:00,102.97757487919348
2014-07-07 03:09:00,102.94233890780053
2014-07-07 03:10:00,102.60794286579599
2014-07-07 03:11:00,102.44038679113225
2014-07-07 03:12:00,28.768151463180907
2014-07-07 03:13:00,0.0
2014-07-07 03:14:00,1.1781133297721793
2014-07-07 03:15:00,0.0
2014-07-07 03:16:00,0.0996163941325652
2014-07-07 03:17:00,0.05391069967334498
2014-07-07 03:18:00,0.05823204267131761
2014-07-07 03:19:00,0.058311649027193074
2014-07-07 03:20:00,0.06306635089471735
2014-07-07 03:21:00,0.05884052907757866
2014-07-07 03:22:00,0.06096106774084685
2014-07-07 03:23:00,0.0
2014-07-07 03:24:00,0.0
2014-07-07 03:25:00,0.08782602699724176
2014-07-07 03:26:00,0.0
2014-07-07 03:27:00,0.002427032429616602
2014-07-07 03:28:00,0.0
2014-07-07 03:29:00,0.0
2014-07-07 03:30:00,0.0
2014-07-07 03:31:00,0.0
2014-07-07 03:32:00,0.0
2014-07-07 03:33:00,0.0
2014-07-07 03:34:00,0.0
2014-07-07 03:35:00,0.014703810125173147
2014-07-07 03:36:00,0.007057030111337824
2014-07-07 03:37:00,0.0
2014-07-07 03:38:00,0.00028899949809054344
2014-07-07 03:39:00,0.0
2014-07-07 03:40:00,2.443660593297605e-05
2014-07-07 03:41:00,1.3224677620830494e-05
2014-07-07 03:42:00,1.4284733159365997e-05
2014-07-07 03:43:00,1.4304261273980956e-05
2014-07-07 03:44:00,1.547062335714722e-05
2014-07-07 03:45:00,1.4433999285469985e-05
2014-07-07 03:46:00,1.495418246359227e-05
2014-07-07 03:47:00,0.0
2014-07-07 03:48:00,0.0
2014-07-07 03:49:00,2.1544347590421214e-05
2014-07-07 03:50:00,0.0
2014-07-07 03:51:00,5.953682759464854e-07
2014-07-07 03:52:00,0.0
2014-07-07 03:53:00,0.0
2014-07-07 03:54:00,0.0
2014-07-07 03:55:00,0.0
2014-07-07 03:56:00,0.0
2014-07-07 03:57:00,60.212622386012676
2014-07-07 03:58:00,131.34039508613967
2014-07-07 03:59:00,101.5335845281348
2014-07-07 04:00:00,102.69441363281646
2014-07-07 04:01:00,103.04101645282059
2014-07-07 04:02:00,103.31801672891145
2014-07-07 04:03:00,104.29952595071465
2014-07-07 04:04:00,104.91177110703507
2014-07-07 04:05:00,105.59687513288918
2014-07-07 04:06:00,105.80708630761279
2014-07-07 04:07:00,105.88073919355298
2014-07-07 04:08:00,106.91560284116613
2014-07-07 04:09:00,106.46054937193605
2014-07-07 04:10:00,105.40814228802205
2014-07-07 04:11:00,105.51450361817429
2014-07-07 04:12:00,104.64157488969582
2014-07-07 04:13:00,104.69590961870851
2014-07-07 04:14:00,104.69480250624088
2014-07-07 04:15:00,103.88663204410652
2014-07-07 04:16:00,103.93146598838263
2014-07-07 04:17:00,103.34121297150222
2014-07-07 04:18:00,103.56988784939281
2014-07-07 04:19:00,102.72050161167861
2014-07-07 04:20:00,66.36814299200493
2014-07-07 04:21:00,0.0
2014-07-07 04:22:00,2.649223332782475
2014-07-07 04:23:00,0.0
2014-07-07 04:24:00,0.16564927746922548
2014-07-07 04:25:00,0.04444621916960635
2014-07-07 04:26:00,0.057246421358888896
2014-07-07 04:27:00,0.06365261333781846
2014-07-07 04:28:00,0.05604373335441576
2014-07-07 04:29:00,0.06667226688003204
2014-07-07 04:30:00,0.052163088399126145
2014-07-07 04:31:00,0.0
2014-07-07 04:32:00,0.0
2014-07-07 04:33:00,0.20411251292914726
2014-07-07 04:34:00,0.0
2014-07-07 04:35:00,0.007148672097932476
2014-07-07 04:36:00,0.0
2014-07-07 04:37:00,0.0
2014-07-07 04:38:00,0.0
2014-07-07 04:39:00,0.0
2014-07-07 04:40:00,0.0
2014-07-07 04:41:00,0.0
2014-07-07 04:42:00,0.0
2014-07-07 04:43:00,0.0067509926448849145
2014-07-07 04:44:00,0.01628057277360991
2014-07-07 04:45:00,0.0
2014-07-07 04:46:00,0.0006498731402623788
2014-07-07 04:47:00,0.0
2014-07-07 04:48:00,4.063493764386602e-05
2014-07-07 04:49:00,1.0902974011196914e-05
2014-07-07 04:50:00,1.4042953137027179e-05
2014-07-07 04:51:00,1.5614437739950546e-05
2014-07-07 04:52:00,1.374792544095395e-05
2014-07-07 04:53:00,1.6355180139286685e-05
2014-07-07 04:54:00,1.2795975705673917e-05
2014-07-07 04:55:00,0.0
2014-07-07 04:56:00,0.0
2014-07-07 04:57:00,5.0070247698174566e-05
2014-07-07 04:58:00,0.0
2014-07-07 04:59:00,1.7536199888906794e-06
2014-07-07 05:00:00,0.0
2014-07-07 05:01:00,0.0
2014-07-07 05:02:00,0.0
2014-07-07 05:03:00,0.0
2014-07-07 05:04:00,0.0
2014-07-07 05:05:00,92.79421355901862
2014-07-07 05:06:00,128.48078464189987
2014-07-07 05:07:00,104.1701348439852
2014-07-07 05:08:00,107.7004085048897
2014-07-07 05:09:00,106.54333466769046
2014-07-07 05:10:00,107.57754003487133
2014-07-07 05:11:00,107.48861201838304
2014-07-07 05:12:00,107.73641685067456
2014-07-07 05:13:00,106.40958769539944
2014-07-07 05:14:00,106.9131536380208
2014-07-07 05:15:00,106.58353729830817
2014-07-07 05:16:00,106.75966034113635
2014-07-07 05:17:00,106.25517971609378
2014-07-07 05:18:00,105.3038944187377
2014-07-07 05:19:00,105.28402056299478
2014-07-07 05:20:00,104.67641441294441
2014-07-07 05:21:00,104.58298185693445
2014-07-07 05:22:00,104.13200681058582
2014-07-07 05:23:00,104.33775553121616
2014-07-07 05:24:00,103.81626895953916
2014-07-07 05:25:00,103.47851963385702
2014-07-07 05:26:00,103.19350230218465
2014-07-07 05:27:00,103.23706462315108
2014-07-07 05:28:00,102.37168243894878
2014-07-07 05:29:00,28.911521647453945
2014-07-07 05:30:00,0.0
2014-07-07 05:31:00,1.1800150629622177
2014-07-07 05:32:00,0.0
2014-07-07 05:33:00,0.10195083361539917
2014-07-07 05:34:00,0.05821746428804195
2014-07-07 05:35:00,0.05906169121759034
2014-07-07 05:36:00,0.05892593087603189
2014-07-07 05:37:00,0.05991938789667363
2014-07-07 05:38:00,0.06430404924317479
2014-07-07 05:39:00,0.052047333267715296
2014-07-07 05:40:00,0.0
2014-07-07 05:41:00,0.0
2014-07-07 05:42:00,0.08815902303651121
2014-07-07 05:43:00,0.0
2014-07-07 05:44:00,0.002484566437565194
2014-07-07 05:45:00,0.0
2014-07-07 05:46:00,0.0
2014-07-07 05:47:00,0.0
2014-07-07 05:48:00,0.0
2014-07-07 05:49:00,0.0
2014-07-07 05:50:00,0.0
2014-07-07 05:51:00,0.0
2014-07-07 05:52:00,0.014662425785496994
2014-07-07 05:53:00,0.007092199827924073
2014-07-07 05:54:00,0.0
2014-07-07 05:55:00,0.0002894660064672806
2014-07-07 05:56:00,0.0
2014-07-07 05:57:00,2.500926049164295e-05
2014-07-07 05:58:00,1.4281157541452198e-05
2014-07-07 05:59:00,1.4488251834117546e-05
2014-07-07 06:00:00,1.4454948970203187e-05
2014-07-07 06:01:00,1.4698651004497955e-05
2014-07-07 06:02:00,1.5774239548393066e-05
2014-07-07 06:03:00,1.2767580150089622e-05
2014-07-07 06:04:00,0.0
2014-07-07 06:05:00,0.0
2014-07-07 06:06:00,2.162603388162138e-05
2014-07-07 06:07:00,0.0
2014-07-07 06:08:00,6.094817763277582e-07
2014-07-07 06:09:00,0.0
2014-07-07 06:10:00,0.0
2014-07-07 06:11:00,0.0
2014-07-07 06:12:00,0.0
2014-07-07 06:13:00,0.0
2014-07-07 06:14:00,16.233230705718693
2014-07-07 06:15:00,144.7381957683637
2014-07-07 06:16:00,103.72551760921431
2014-07-07 06:17:00,103.0678321100521
2014-07-07 06:18:00,102.6219499919156
2014-07-07 06:19:00,103.17044342893283
2014-07-07 06:20:00,103.7529969012684
2014-07-07 06:21:00,104.67421793770403
2014-07-07 06:22:00,105.64374634758332
2014-07-07 06:23:00,106.3734847152359
2014-07-07 06:24:00,106.03378146526452
2014-07-07 06:25:00,105.60784427911126
2014-07-07 06:26:00,107.83710766906334
2014-07-07 06:27:00,105.35980268094522
2014-07-07 06:28:00,105.01173320698565
2014-07-07 06:29:00,105.87691085622993
2014-07-07 06:30:00,104.22325898832939
2014-07-07 06:31:00,104.57598484203082
2014-07-07 06:32:00,104.14310645565092
2014-07-07 06:33:00,103.88534392886712
2014-07-07 06:34:00,104.04892016363306
2014-07-07 06:35:00,103.7717707681482
2014-07-07 06:36:00,103.47389620737418
2014-07-07 06:37:00,103.43101950245716
2014-07-07 06:38:00,102.32361297370936
2014-07-07 06:39:00,53.216768865489804
2014-07-07 06:40:00,0.0
2014-07-07 06:41:00,1.748550920655751
2014-07-07 06:42:00,0.0
2014-07-07 06:43:00,0.12473827975240614
2014-07-07 06:44:00,0.0473041758554577
2014-07-07 06:45:00,0.06859657971061134
2014-07-07 06:46:00,0.05980657076324346
2014-07-07 06:47:00,0.0600594608539798
2014-07-07 06:48:00,0.0630381156338478
2014-07-07 06:49:00,0.04901089519795351
2014-07-07 06:50:00,0.0
2014-07-07 06:51:00,0.0
2014-07-07 06:52:00,0.13421483333951678
2014-07-07 06:53:00,0.0
2014-07-07 06:54:00,0.004193190774530326
2014-07-07 06:55:00,0.0
2014-07-07 06:56:00,0.0
2014-07-07 06:57:00,1.84099438159291
2014-07-07 06:58:00,0.0
2014-07-07 06:59:00,0.07077211719579865
2014-07-07 07:00:00,0.0
2014-07-07 07:01:00,0.0020241970697492282
2014-07-07 07:02:00,0.00892380922544303
2014-07-07 07:03:00,0.012770644384009282
2014-07-07 07:04:00,0.0
2014-07-07 07:05:00,0.0004331631062669665
2014-07-07 07:06:00,0.0
2014-07-07 07:07:00,3.076390658525029e-05
2014-07-07 07:08:00,0.025071223670190834
2014-07-07 07:09:00,0.0
2014-07-07 07:10:00,0.005707212053086465
2014-07-07 07:11:00,0.0
2014-07-07 07:12:00,0.0002370775616385527
2014-07-07 07:13:00,0.0
2014-07-07 07:14:00,0.0
2014-07-07 07:15:00,0.0
2014-07-07 07:16:00,3.3259726521703314e-05
2014-07-07 07:17:00,0.0
2014-07-07 07:18:00,1.0416952774016408e-06
2014-07-07 07:19:00,0.0
2014-07-07 07:20:00,76.90597808242147
2014-07-07 07:21:00,127.96644118510933
2014-07-07 07:22:00,102.1647510390318
2014-07-07 07:23:00,103.60604019406541
2014-07-07 07:24:00,103.6670497474502
2014-07-07 07:25:00,104.23065859489266
2014-07-07 07:26:00,105.155620086603
2014-07-07 07:27:00,105.64086870105837
2014-07-07 07:28:00,105.91353540160421
2014-07-07 07:29:00,105.62947730690044
2014-07-07 07:30:00,106.03091222333582
2014-07-07 07:31:00,106.19204117132047
2014-07-07 07:32:00,106.29346757952877
2014-07-07 07:33:00,104.85451967451819
2014-07-07 07:34:00,104.94750653709386
2014-07-07 07:35:00,104.29044715619138
2014-07-07 07:36:00,103.50240472024441
2014-07-07 07:37:00,103.66451730640307
2014-07-07 07:38:00,103.11008597177431
2014-07-07 07:39:00,103.27339032578503
2014-07-07 07:40:00,102.50794073819732
2014-07-07 07:41:00,102.14857546561765
2014-07-07 07:42:00,101.14484561188463
2014-07-07 07:43:00,102.14599998263802
2014-07-07 07:44:00,101.1363916921164
2014-07-07 07:45:00,16.386772211679727
2014-07-07 07:46:00,0.0
2014-07-07 07:47:00,0.6887591045563425
2014-07-07 07:48:00,0.0
2014-07-07 07:49:00,0.0808916810065915
2014-07-07 07:50:00,0.06074322841305902
2014-07-07 07:51:00,0.054161601836483664
2014-07-07 07:52:00,0.05794932477194935
2014-07-07 07:53:00,0.0493959894275599
2014-07-07 07:54:00,0.07603540331060744
2014-07-07 07:55:00,0.04940029893626936
2014-07-07 07:56:00,0.0
2014-07-07 07:57:00,0.0
2014-07-07 07:58:00,0.049563068611858815
2014-07-07 07:59:00,0.0
2014-07-07 08:00:00,0.0009337446853181499
2014-07-07 08:01:00,0.0
2014-07-07 08:02:00,0.0
2014-07-07 08:03:00,0.0
2014-07-07 08:04:00,0.0
2014-07-07 08:05:00,0.0
2014-07-07 08:06:00,0.0
2014-07-07 08:07:00,0.0
2014-07-07 08:08:00,0.017082305495949177
2014-07-07 08:09:00,0.004019790605708645
2014-07-07 08:10:00,0.0
2014-07-07 08:11:00,0.0001689574607823708
2014-07-07 08:12:00,0.0
2014-07-07 08:13:00,1.9843301967808925e-05
2014-07-07 08:14:00,1.490074519842431e-05
2014-07-07 08:15:00,1.3286225180762896e-05
2014-07-07 08:16:00,1.4215380555407985e-05
2014-07-07 08:17:00,1.2117186693021051e-05
2014-07-07 08:18:00,1.8652023940437598e-05
2014-07-07 08:19:00,1.2118243846450034e-05
2014-07-07 08:20:00,0.0
2014-07-07 08:21:00,0.0
2014-07-07 08:22:00,1.2158172404357783e-05
2014-07-07 08:23:00,0.0
2014-07-07 08:24:00,2.2905419667470397e-07
2014-07-07 08:25:00,0.0
2014-07-07 08:26:00,0.0
2014-07-07 08:27:00,0.0
2014-07-07 08:28:00,0.0
2014-07-07 08:29:00,0.0
2014-07-07 08:30:00,96.9618940939002
2014-07-07 08:31:00,122.24738965764843
2014-07-07 08:32:00,105.7454259037658
2014-07-07 08:33:00,106.35342430247127
2014-07-07 08:34:00,105.8880714644989
2014-07-07 08:35:00,106.44040663646065
2014-07-07 08:36:00,106.67681421038276
2014-07-07 08:37:00,107.0906862211891
2014-07-07 08:38:00,105.74260356166984
2014-07-07 08:39:00,105.77833287742803
2014-07-07 08:40:00,105.54102459159219
2014-07-07 08:41:00,106.67666633143364
2014-07-07 08:42:00,105.33794880332812
2014-07-07 08:43:00,104.63876141833437
2014-07-07 08:44:00,104.42959216473848
2014-07-07 08:45:00,104.04001278644552
2014-07-07 08:46:00,103.66711025966849
2014-07-07 08:47:00,103.62427978335037
2014-07-07 08:48:00,102.48322005667947
2014-07-07 08:49:00,103.14567267147211
2014-07-07 08:50:00,102.45262205643512
2014-07-07 08:51:00,102.47409326356154
2014-07-07 08:52:00,101.77893688970467
2014-07-07 08:53:00,101.69644085216996
2014-07-07 08:54:00,53.10670498018883
2014-07-07 08:55:00,0.0
2014-07-07 08:56:00,2.1242945437967435
2014-07-07 08:57:00,0.0
2014-07-07 08:58:00,0.14356528013177025
2014-07-07 08:59:00,0.03230900948767587
2014-07-07 09:00:00,0.07543936959448137
2014-07-07 09:01:00,0.053485064366448815
2014-07-07 09:02:00,0.0635130319646029
2014-07-07 09:03:00,0.053633476395784495
2014-07-07 09:04:00,0.06188741078783816
2014-07-07 09:05:00,0.0
2014-07-07 09:06:00,0.0
2014-07-07 09:07:00,0.1629665673753705
2014-07-07 09:08:00,0.0
2014-07-07 09:09:00,0.005459859303834199
2014-07-07 09:10:00,0.0
2014-07-07 09:11:00,0.0
2014-07-07 09:12:00,0.0
2014-07-07 09:13:00,0.0
2014-07-07 09:14:00,0.0
2014-07-07 09:15:00,0.0
2014-07-07 09:16:00,0.0
2014-07-07 09:17:00,0.009369872623293508
2014-07-07 09:18:00,0.013027448656781928
2014-07-07 09:19:00,0.0
2014-07-07 09:20:00,0.0005211044118782807
2014-07-07 09:21:00,0.0
2014-07-07 09:22:00,3.5217577497312515e-05
2014-07-07 09:23:00,7.925630140445706e-06
2014-07-07 09:24:00,1.8505812469654332e-05
2014-07-07 09:25:00,1.312026582519317e-05
2014-07-07 09:26:00,1.558019738995419e-05
2014-07-07 09:27:00,1.3156672316677156e-05
2014-07-07 09:28:00,1.5181420986218583e-05
2014-07-07 09:29:00,0.0
2014-07-07 09:30:00,0.0
2014-07-07 09:31:00,3.9976855303520837e-05
2014-07-07 09:32:00,0.0
2014-07-07 09:33:00,1.3393422275585962e-06
2014-07-07 09:34:00,0.0
2014-07-07 09:35:00,0.0
2014-07-07 09:36:00,0.0
2014-07-07 09:37:00,0.0
2014-07-07 09:38:00,0.0
2014-07-07 09:39:00,0.0
2014-07-07 09:40:00,145.06291465940097
2014-07-07 09:41:00,110.45407512250445
2014-07-07 09:42:00,112.10186977563997
2014-07-07 09:43:00,104.7538554025773
2014-07-07 09:44:00,107.93061916429124
2014-07-07 09:45:00,109.26101533286929
2014-07-07 09:46:00,106.0051553773225
2014-07-07 09:47:00,107.10808079247711
2014-07-07 09:48:00,106.19968865866082
2014-07-07 09:49:00,105.80327548702532
2014-07-07 09:50:00,105.30584461269596
2014-07-07 09:51:00,107.49256875951787
2014-07-07 09:52:00,105.44241518458739
2014-07-07 09:53:00,0.0
2014-07-07 09:54:00,4.089939731924664
2014-07-07 09:55:00,0.0
2014-07-07 09:56:00,0.24604631918914135
2014-07-07 09:57:00,0.0
2014-07-07 09:58:00,0.08760693879222353
2014-07-07 09:59:00,0.05345946889704131
2014-07-07 10:00:00,0.061330853609484995
2014-07-07 10:01:00,0.05941741141827154
2014-07-07 10:02:00,0.06883196641557297
2014-07-07 10:03:00,0.03927022948313171
2014-07-07 10:04:00,0.0
2014-07-07 10:05:00,0.3255887712156335
2014-07-07 10:06:00,0.0
2014-07-07 10:07:00,0.011027245908199524
2014-07-07 10:08:00,0.0
2014-07-07 10:09:00,0.0001181083996892961
2014-07-07 10:10:00,0.0
2014-07-07 10:11:00,0.0
2014-07-07 10:12:00,0.0
2014-07-07 10:13:00,0.0
2014-07-07 10:14:00,0.0
2014-07-07 10:15:00,0.0
2014-07-07 10:16:00,0.025865766839542115
2014-07-07 10:17:00,0.0
2014-07-07 10:18:00,0.0010032910117035493
2014-07-07 10:19:00,0.0
2014-07-07 10:20:00,6.0356899169288725e-05
2014-07-07 10:21:00,0.0
2014-07-07 10:22:00,2.1490603358848912e-05
2014-07-07 10:23:00,1.3113987108433083e-05
2014-07-07 10:24:00,1.5044893549233434e-05
2014-07-07 10:25:00,1.457551261881643e-05
2014-07-07 10:26:00,1.6884969757292666e-05
2014-07-07 10:27:00,9.63326593127629e-06
2014-07-07 10:28:00,0.0
2014-07-07 10:29:00,7.986923578844539e-05
2014-07-07 10:30:00,0.0
2014-07-07 10:31:00,2.705061664896091e-06
2014-07-07 10:32:00,0.0
2014-07-07 10:33:00,2.8972828477265785e-08
2014-07-07 10:34:00,0.0
2014-07-07 10:35:00,0.0
2014-07-07 10:36:00,0.0
2014-07-07 10:37:00,0.0
2014-07-07 10:38:00,0.0
2014-07-07 10:39:00,0.0
2014-07-07 10:40:00,6.345056135828183e-06
2014-07-07 10:41:00,0.0
2014-07-07 10:42:00,2.461144040038971e-07
2014-07-07 10:43:00,0.0
2014-07-07 10:44:00,1.4805975627503735e-08
2014-07-07 10:45:00,0.0
2014-07-07 10:46:00,5.2717974901409864e-09
2014-07-07 10:47:00,3.2169540877866987e-09
2014-07-07 10:48:00,3.6906191384259846e-09
2014-07-07 10:49:00,3.5754766657140385e-09
2014-07-07 10:50:00,4.1420028884849205e-09
2014-07-07 10:51:00,130.2112355172098
2014-07-07 10:52:00,110.04568285759798
2014-07-07 10:53:00,101.59054994060148
2014-07-07 10:54:00,101.99239565551251
2014-07-07 10:55:00,102.14336675153638
2014-07-07 10:56:00,103.14974257753408
2014-07-07 10:57:00,104.7932450246099
2014-07-07 10:58:00,105.02158896221636
2014-07-07 10:59:00,105.57520715296747
2014-07-07 11:00:00,104.66006860052872
2014-07-07 11:01:00,104.84063304185258
2014-07-07 11:02:00,106.34615174129384
2014-07-07 11:03:00,104.54951624082686
2014-07-07 11:04:00,103.97235934838434
2014-07-07 11:05:00,104.1152484255132
2014-07-07 11:06:00,103.99149411728581
2014-07-07 11:07:00,104.03853253930741
2014-07-07 11:08:00,102.76292849754267
2014-07-07 11:09:00,103.11335644475406
2014-07-07 11:10:00,102.58466933830493
2014-07-07 11:11:00,102.32486258720361
2014-07-07 11:12:00,102.38658372240434
2014-07-07 11:13:00,102.0258852803908
2014-07-07 11:14:00,101.61334720154082
2014-07-07 11:15:00,101.24862577360302
2014-07-07 11:16:00,62.87857429169682
2014-07-07 11:17:00,0.0
2014-07-07 11:18:00,2.509826125280847
2014-07-07 11:19:00,0.0
2014-07-07 11:20:00,0.1631261749223723
2014-07-07 11:21:00,0.03739172054108333
2014-07-07 11:22:00,0.06346288897760038
2014-07-07 11:23:00,0.06309470896486032
2014-07-07 11:24:00,0.05830485572311458
2014-07-07 11:25:00,0.057516555180810926
2014-07-07 11:26:00,0.057747014815146276
2014-07-07 11:27:00,0.0
2014-07-07 11:28:00,0.0
2014-07-07 11:29:00,0.19313141074943396
2014-07-07 11:30:00,0.0
2014-07-07 11:31:00,0.0068303009366838885
2014-07-07 11:32:00,0.0
2014-07-07 11:33:00,0.0
2014-07-07 11:34:00,0.0
2014-07-07 11:35:00,5.525218074633815
2014-07-07 11:36:00,1.3724873572722052
2014-07-07 11:37:00,1.892546612613969
2014-07-07 11:38:00,0.0
2014-07-07 11:39:00,0.0809124306940318
2014-07-07 11:40:00,0.0008803720652216344
2014-07-07 11:41:00,0.0
2014-07-07 11:42:00,4.946462477180627e-05
2014-07-07 11:43:00,4.74050555445589e-06
2014-07-07 11:44:00,1.797299304385749e-05
2014-07-07 11:45:00,1.3521724635658705e-05
2014-07-07 11:46:00,0.07519366611326674
2014-07-07 11:47:00,0.0
2014-07-07 11:48:00,0.00794877301292723
2014-07-07 11:49:00,0.0
2014-07-07 11:50:00,0.005865482291015459
2014-07-07 11:51:00,0.0
2014-07-07 11:52:00,0.0
2014-07-07 11:53:00,2.4306423978126515e-06
2014-07-07 11:54:00,1.726938688330725
2014-07-07 11:55:00,59.3998529107744
2014-07-07 11:56:00,134.60925227401125
2014-07-07 11:57:00,105.45924112450956
2014-07-07 11:58:00,106.86922856868291
2014-07-07 11:59:00,105.68328066893966
2014-07-07 12:00:00,108.78343886106047
2014-07-07 12:01:00,108.96654437904415
2014-07-07 12:02:00,111.24407506281977
2014-07-07 12:03:00,109.873666939798
2014-07-07 12:04:00,113.02229469909534
2014-07-07 12:05:00,110.35220621719196
2014-07-07 12:06:00,110.83994183367177
2014-07-07 12:07:00,107.94514139861353
2014-07-07 12:08:00,108.00377645580205
2014-07-07 12:09:00,107.14028524400473
2014-07-07 12:10:00,106.72142308493316
2014-07-07 12:11:00,106.04893810377926
2014-07-07 12:12:00,105.57958968896513
2014-07-07 12:13:00,105.69336126090388
2014-07-07 12:14:00,104.36193540547877
2014-07-07 12:15:00,105.13626291845502
2014-07-07 12:16:00,104.3422890878126
2014-07-07 12:17:00,104.05399287799841
2014-07-07 12:18:00,103.72008294059847
2014-07-07 12:19:00,103.60185024675584
2014-07-07 12:20:00,103.5875174579156
2014-07-07 12:21:00,102.93621047468051
2014-07-07 12:22:00,102.25537919327456
2014-07-07 12:23:00,102.62180416663344
2014-07-07 12:24:00,102.09687238177912
2014-07-07 12:25:00,102.05624355125614
2014-07-07 12:26:00,101.63862286128223
2014-07-07 12:27:00,101.70641463903243
2014-07-07 12:28:00,101.46501263989991
2014-07-07 12:29:00,100.93803096139595
2014-07-07 12:30:00,101.50458718307593
2014-07-07 12:31:00,76.75692700643188
2014-07-07 12:32:00,0.0
2014-07-07 12:33:00,5.6337322906094025
2014-07-07 12:34:00,14.037593672014594
2014-07-07 12:35:00,6.5100788066967485
2014-07-07 12:36:00,0.6311752987842848
2014-07-07 12:37:00,0.0
2014-07-07 12:38:00,0.08574767414126613
2014-07-07 12:39:00,0.05504834492782444
2014-07-07 12:40:00,15.126652833853992
2014-07-07 12:41:00,0.0
2014-07-07 12:42:00,0.0
2014-07-07 12:43:00,0.0
2014-07-07 12:44:00,0.20840192836919974
2014-07-07 12:45:00,1.784441912947956
2014-07-07 12:46:00,0.0
2014-07-07 12:47:00,0.0
2014-07-07 12:48:00,0.0
2014-07-07 12:49:00,0.003390896019529446
2014-07-07 12:50:00,0.0
2014-07-07 12:51:00,0.20425549269503698
2014-07-07 12:52:00,0.0
2014-07-07 12:53:00,0.016633051818407536
2014-07-07 12:54:00,0.0007961957562926856
2014-07-07 12:55:00,0.018341690497767
2014-07-07 12:56:00,0.01944623041897503
2014-07-07 12:57:00,0.0
2014-07-07 12:58:00,0.006634629831448236
2014-07-07 12:59:00,0.00018763591725539817
2014-07-07 13:00:00,0.00035546300866751016
2014-07-07 13:01:00,0.0
2014-07-07 13:02:00,2.884520083870233e-05
2014-07-07 13:03:00,107.98808198287651
2014-07-07 13:04:00,119.95938938552456
2014-07-07 13:05:00,104.81570590133005
2014-07-07 13:06:00,109.79495922113347
2014-07-07 13:07:00,107.16593634621331
2014-07-07 13:08:00,111.48385970526584
2014-07-07 13:09:00,109.71160205888064
2014-07-07 13:10:00,110.52140522437982
2014-07-07 13:11:00,110.24648913538742
2014-07-07 13:12:00,109.62148680344413
2014-07-07 13:13:00,108.92739282541385
2014-07-07 13:14:00,109.8426896346871
2014-07-07 13:15:00,109.88758311302391
2014-07-07 13:16:00,107.86839279818992
2014-07-07 13:17:00,106.15719304827917
2014-07-07 13:18:00,107.48275183936859
2014-07-07 13:19:00,106.3732292197126
2014-07-07 13:20:00,106.06979415139352
2014-07-07 13:21:00,106.00971585707879
2014-07-07 13:22:00,105.03543410503427
2014-07-07 13:23:00,105.30051200278506
2014-07-07 13:24:00,105.24590496989103
2014-07-07 13:25:00,105.02763185450361
2014-07-07 13:26:00,104.61211243333783
2014-07-07 13:27:00,104.55948101564587
2014-07-07 13:28:00,103.99061080974843
2014-07-07 13:29:00,104.14381028090469
2014-07-07 13:30:00,104.16895154468732
2014-07-07 13:31:00,103.8576859936672
2014-07-07 13:32:00,103.67088246752608
2014-07-07 13:33:00,103.25844391710426
2014-07-07 13:34:00,103.12347761746733
2014-07-07 13:35:00,102.68866581722465
2014-07-07 13:36:00,103.31246914161486
2014-07-07 13:37:00,104.25679446343506
2014-07-07 13:38:00,103.15381701368415
2014-07-07 13:39:00,102.21411889107888
2014-07-07 13:40:00,102.40705644313591
2014-07-07 13:41:00,102.48457244343695
2014-07-07 13:42:00,101.77362241011001
2014-07-07 13:43:00,102.3749333021664
2014-07-07 13:44:00,103.37029999233374
2014-07-07 13:45:00,102.75065770967817
2014-07-07 13:46:00,102.52403585457132
2014-07-07 13:47:00,102.35184401961115
2014-07-07 13:48:00,102.2782814794615
2014-07-07 13:49:00,101.79439198307932
2014-07-07 13:50:00,102.24299060024508
2014-07-07 13:51:00,101.7089972236061
2014-07-07 13:52:00,102.27632407802619
2014-07-07 13:53:00,101.1864010239487
2014-07-07 13:54:00,101.69306850067753
2014-07-07 13:55:00,101.71743577480407
2014-07-07 13:56:00,101.46212391452796
2014-07-07 13:57:00,101.95077733398688
2014-07-07 13:58:00,101.53340466953476
2014-07-07 13:59:00,101.04132223536391
2014-07-07 14:00:00,101.47875579726292
2014-07-07 14:01:00,100.94332375966577
2014-07-07 14:02:00,101.72890709961004
2014-07-07 14:03:00,101.58591102348593
2014-07-07 14:04:00,101.59496970508937
2014-07-07 14:05:00,0.0
2014-07-07 14:06:00,4.016027451262452
2014-07-07 14:07:00,0.0
2014-07-07 14:08:00,0.2230970656968026
2014-07-07 14:09:00,0.02678880742373488
2014-07-07 14:10:00,0.061852556935606075
2014-07-07 14:11:00,0.06708466354800603
2014-07-07 14:12:00,0.0553839755134503
2014-07-07 14:13:00,0.07288815622856068
2014-07-07 14:14:00,0.060639231585943164
2014-07-07 14:15:00,0.06286800413175787
2014-07-07 14:16:00,0.0
2014-07-07 14:17:00,0.31272677299100143
2014-07-07 14:18:00,0.0
2014-07-07 14:19:00,0.01128889107470474
2014-07-07 14:20:00,0.0
2014-07-07 14:21:00,0.0
2014-07-07 14:22:00,0.0
2014-07-07 14:23:00,0.0
2014-07-07 14:24:00,0.0
2014-07-07 14:25:00,0.0
2014-07-07 14:26:00,0.0
2014-07-07 14:27:00,0.0
2014-07-07 14:28:00,0.024921961397077894
2014-07-07 14:29:00,0.0
2014-07-07 14:30:00,0.0009851598138900558
2014-07-07 14:31:00,0.0
2014-07-07 14:32:00,5.472728480498294e-05
2014-07-07 14:33:00,6.571486196424887e-06
2014-07-07 14:34:00,1.5172870763431977e-05
2014-07-07 14:35:00,1.645634403092061e-05
2014-07-07 14:36:00,1.3586082156861851e-05
2014-07-07 14:37:00,1.7879981902096756e-05
2014-07-07 14:38:00,1.4875233772232038e-05
2014-07-07 14:39:00,1.542196749025893e-05
2014-07-07 14:40:00,0.0
2014-07-07 14:41:00,7.671409636186446e-05
2014-07-07 14:42:00,0.0
2014-07-07 14:43:00,2.76924508073932e-06
2014-07-07 14:44:00,0.0
2014-07-07 14:45:00,0.0
2014-07-07 14:46:00,0.0
2014-07-07 14:47:00,0.0
2014-07-07 14:48:00,0.0
2014-07-07 14:49:00,103.96175539626861
2014-07-07 14:50:00,119.83009513428604
2014-07-07 14:51:00,107.74208048828277
2014-07-07 14:52:00,108.2620579642207
2014-07-07 14:53:00,108.38971462106915
2014-07-07 14:54:00,108.36452690169328
2014-07-07 14:55:00,106.61953132518323
2014-07-07 14:56:00,106.18095423087513
2014-07-07 14:57:00,106.6128770282218
2014-07-07 14:58:00,107.56381874858589
2014-07-07 14:59:00,107.6064486405166
2014-07-07 15:00:00,107.17027276392496
2014-07-07 15:01:00,107.66845985305852
2014-07-07 15:02:00,105.5946054251157
2014-07-07 15:03:00,106.09466671214103
2014-07-07 15:04:00,105.90820887949258
2014-07-07 15:05:00,105.13610525605256
2014-07-07 15:06:00,105.03438245265264
2014-07-07 15:07:00,105.08953991210184
2014-07-07 15:08:00,104.4603047079268
2014-07-07 15:09:00,104.62861041310718
2014-07-07 15:10:00,104.41239338938483
2014-07-07 15:11:00,103.90892499842617
2014-07-07 15:12:00,103.79698870473757
2014-07-07 15:13:00,103.79722442165053
2014-07-07 15:14:00,103.24876481410136
2014-07-07 15:15:00,103.46912024978408
2014-07-07 15:16:00,102.9552274899518
2014-07-07 15:17:00,102.3732204667783
2014-07-07 15:18:00,103.29763479968446
2014-07-07 15:19:00,102.53049169477453
2014-07-07 15:20:00,102.80543971282907
2014-07-07 15:21:00,102.63311272614284
2014-07-07 15:22:00,102.4897750916883
2014-07-07 15:23:00,102.46452269786143
2014-07-07 15:24:00,102.03470486014989
2014-07-07 15:25:00,102.20412601281204
2014-07-07 15:26:00,102.06417899386497
2014-07-07 15:27:00,0.0
2014-07-07 15:28:00,4.026343661859584
2014-07-07 15:29:00,0.0
2014-07-07 15:30:00,0.2078752607564457
2014-07-07 15:31:00,0.036369053219629625
2014-07-07 15:32:00,0.06701584243910644
2014-07-07 15:33:00,0.060159966521070855
2014-07-07 15:34:00,0.06304356527233969
2014-07-07 15:35:00,0.05720689117717394
2014-07-07 15:36:00,0.06524715051805491
2014-07-07 15:37:00,0.061016479608106446
2014-07-07 15:38:00,0.0
2014-07-07 15:39:00,0.3143122648401644
2014-07-07 15:40:00,0.0
2014-07-07 15:41:00,0.011086986825207236
2014-07-07 15:42:00,0.0
2014-07-07 15:43:00,0.0
2014-07-07 15:44:00,3.349212937299172
2014-07-07 15:45:00,0.0
2014-07-07 15:46:00,0.12944022239083314
2014-07-07 15:47:00,0.0
2014-07-07 15:48:00,0.004055702515356913
2014-07-07 15:49:00,0.0
2014-07-07 15:50:00,0.025234736448324656
2014-07-07 15:51:00,0.0
2014-07-07 15:52:00,0.0009953860415002744
2014-07-07 15:53:00,0.0
2014-07-07 15:54:00,5.1292861794239916e-05
2014-07-07 15:55:00,0.04558610477142678
2014-07-07 15:56:00,0.0
2014-07-07 15:57:00,0.01036806675031716
2014-07-07 15:58:00,0.0
2014-07-07 15:59:00,0.00041709347253569514
2014-07-07 16:00:00,0.0
2014-07-07 16:01:00,3.065913904536053e-05
2014-07-07 16:02:00,0.0
2014-07-07 16:03:00,7.771390248177264e-05
2014-07-07 16:04:00,0.0
2014-07-07 16:05:00,2.7434981973675223e-06
2014-07-07 16:06:00,0.0
2014-07-07 16:07:00,0.0
2014-07-07 16:08:00,0.0008215855151254845
2014-07-07 16:09:00,0.0
2014-07-07 16:10:00,118.4680789186255
2014-07-07 16:11:00,114.5501617262219
2014-07-07 16:12:00,106.57337270738098
2014-07-07 16:13:00,106.51242345409781
2014-07-07 16:14:00,107.00799867732975
2014-07-07 16:15:00,109.48910774102777
2014-07-07 16:16:00,107.1114438246051
2014-07-07 16:17:00,106.77467159244708
2014-07-07 16:18:00,108.56805901443119
2014-07-07 16:19:00,107.63857346607315
2014-07-07 16:20:00,106.2101366768292
2014-07-07 16:21:00,108.56415585893745
2014-07-07 16:22:00,105.99796163099364
