2014-07-06 16:23:00,109.40000000000018
2014-07-06 16:24:00,109.3000000000001
2014-07-06 16:25:00,109.00000000000023
2014-07-06 16:26:00,109.10000000000011
2014-07-06 16:27:00,109.70000000000023
2014-07-06 16:28:00,108.50000000000018
2014-07-06 16:29:00,108.40000000000006
2014-07-06 16:30:00,108.00000000000024
2014-07-06 16:31:00,108.00000000000011
2014-07-06 16:32:00,107.30000000000014
2014-07-06 16:33:00,107.30000000000017
2014-07-06 16:34:00,107.11000000000016
2014-07-06 16:35:00,53.60000000000025
2014-07-06 16:36:00,1.2410939473196418e-13
2014-07-06 16:37:00,7.71993540937084e-14
2014-07-06 16:38:00,1.4185055507697604e-13
2014-07-06 16:39:00,9.114416838246534e-14
2014-07-06 16:40:00,9.59679663854638e-14
2014-07-06 16:41:00,9.975954292330862e-14
2014-07-06 16:42:00,0.0
2014-07-06 16:43:00,1.619257059198241e-13
2014-07-06 16:44:00,0.0
2014-07-06 16:45:00,1.0837078078611934e-13
2014-07-06 16:46:00,5.2664919525233124e-14
2014-07-06 16:47:00,1.6724589433626077e-13
2014-07-06 16:48:00,5.426186158444707e-14
2014-07-06 16:49:00,1.6850111440149764e-13
2014-07-06 16:50:00,1.1209190197174227e-13
2014-07-06 16:51:00,1.1243319464517869e-13
2014-07-06 16:52:00,1.6954487459244504e-13
2014-07-06 16:53:00,5.6068894050337736e-14
2014-07-06 16:54:00,0.0
2014-07-06 16:55:00,1.1320832139323745e-13
2014-07-06 16:56:00,1.133107168138732e-13
2014-07-06 16:57:00,1.133912011281467e-13
2014-07-06 16:58:00,5.6611044128111926e-14
2014-07-06 16:59:00,1.1350418774665216e-13
2014-07-06 17:00:00,1.1354327214128275e-13
2014-07-06 17:01:00,2.8410424963564905e-13
2014-07-06 17:02:00,1.1359814014414152e-13
2014-07-06 17:03:00,2.273039578361708e-13
2014-07-06 17:04:00,1.7047545751267777e-13
2014-07-06 17:05:00,1.1364376484273169e-13
2014-07-06 17:06:00,1.7049640066289885e-13
2014-07-06 17:07:00,1.1366022646839625e-13
2014-07-06 17:08:00,1.1366592088320612e-13
2014-07-06 17:09:00,5.6826977916615986e-14
2014-07-06 17:10:00,5.6830496035635865e-14
2014-07-06 17:11:00,2.273635179116159e-13
2014-07-06 17:12:00,94.88000000000028
2014-07-06 17:13:00,120.50000000000028
2014-07-06 17:14:00,108.40000000000038
2014-07-06 17:15:00,106.40000000000043
2014-07-06 17:16:00,106.70000000000027
2014-07-06 17:17:00,106.80000000000041
2014-07-06 17:18:00,107.90000000000038
2014-07-06 17:19:00,109.10000000000036
2014-07-06 17:20:00,109.00000000000023
2014-07-06 17:21:00,109.50000000000034
2014-07-06 17:22:00,109.50000000000028
2014-07-06 17:23:00,109.70000000000027
2014-07-06 17:24:00,109.5000000000004
2014-07-06 17:25:00,109.33000000000033
2014-07-06 17:26:00,108.90000000000043
2014-07-06 17:27:00,108.1000000000003
2014-07-06 17:28:00,107.40000000000038
2014-07-06 17:29:00,108.00000000000034
2014-07-06 17:30:00,107.50000000000028
2014-07-06 17:31:00,107.70000000000039
2014-07-06 17:32:00,106.89000000000033
2014-07-06 17:33:00,107.1000000000003
2014-07-06 17:34:00,10.700000000000102
2014-07-06 17:35:00,2.8421706288989e-13
2014-07-06 17:36:00,1.705302318904377e-13
2014-07-06 17:37:00,2.842170748957738e-13
2014-07-06 17:38:00,5.684340360562382e-14
2014-07-06 17:39:00,5.684340687000773e-14
2014-07-06 17:40:00,0.0
2014-07-06 17:41:00,0.0
2014-07-06 17:42:00,5.684341303789489e-14
2014-07-06 17:43:00,1.1368683314472023e-13
2014-07-06 17:44:00,5.684341526330026e-14
2014-07-06 17:45:00,5.684341603311374e-14
2014-07-06 17:46:00,1.7053025435981455e-13
2014-07-06 17:47:00,1.7053025483542013e-13
2014-07-06 17:48:00,5.6843417487637105e-14
2014-07-06 17:49:00,1.136868366422834e-13
2014-07-06 17:50:00,0.0
2014-07-06 17:51:00,0.0
2014-07-06 17:52:00,5.684341833666784e-14
2014-07-06 17:53:00,5.684341844882609e-14
2014-07-06 17:54:00,0.0
2014-07-06 17:55:00,1.1368683746708567e-13
2014-07-06 17:56:00,1.136868375215514e-13
2014-07-06 17:57:00,5.684341870355426e-14
2014-07-06 17:58:00,1.1368683759801225e-13
2014-07-06 17:59:00,1.7053025648526965e-13
2014-07-06 18:00:00,1.1368683764525124e-13
2014-07-06 18:01:00,1.7053025652240019e-13
2014-07-06 18:02:00,1.1368683767443639e-13
2014-07-06 18:03:00,1.1368683768453213e-13
2014-07-06 18:04:00,1.1368683769246754e-13
2014-07-06 18:05:00,1.1368683769870488e-13
2014-07-06 18:06:00,5.684341884279952e-14
2014-07-06 18:07:00,1.1368683770746109e-13
2014-07-06 18:08:00,1.7053025657129805e-13
2014-07-06 18:09:00,1.1368683771287083e-13
2014-07-06 18:10:00,1.1368683771474217e-13
2014-07-06 18:11:00,38.600000000000136
2014-07-06 18:12:00,124.30000000000035
2014-07-06 18:13:00,116.00000000000034
2014-07-06 18:14:00,110.70000000000033
2014-07-06 18:15:00,111.20000000000027
2014-07-06 18:16:00,110.20000000000022
2014-07-06 18:17:00,111.90000000000049
2014-07-06 18:18:00,110.20000000000027
2014-07-06 18:19:00,110.70000000000044
2014-07-06 18:20:00,110.1000000000003
2014-07-06 18:21:00,109.70000000000039
2014-07-06 18:22:00,109.11000000000041
2014-07-06 18:23:00,109.30000000000035
2014-07-06 18:24:00,108.70000000000039
2014-07-06 18:25:00,108.30000000000035
2014-07-06 18:26:00,107.82000000000033
2014-07-06 18:27:00,107.40000000000043
2014-07-06 18:28:00,106.89000000000044
2014-07-06 18:29:00,107.00000000000045
2014-07-06 18:30:00,107.0000000000004
2014-07-06 18:31:00,106.00000000000034
2014-07-06 18:32:00,32.00000000000023
2014-07-06 18:33:00,1.1368683772158898e-13
2014-07-06 18:34:00,1.705302565824028e-13
2014-07-06 18:35:00,1.7053025658240733e-13
2014-07-06 18:36:00,1.1368683772160289e-13
2014-07-06 18:37:00,2.2737367544322173e-13
2014-07-06 18:38:00,2.8421709430403195e-13
2014-07-06 18:39:00,2.842170943040337e-13
2014-07-06 18:40:00,2.842170943040351e-13
2014-07-06 18:41:00,2.8421709430403614e-13
2014-07-06 18:42:00,2.84217094304037e-13
2014-07-06 18:43:00,2.8421709430403765e-13
2014-07-06 18:44:00,2.2737367544323014e-13
2014-07-06 18:45:00,5.684341886080651e-14
2014-07-06 18:46:00,1.7053025658242286e-13
2014-07-06 18:47:00,2.2737367544323113e-13
2014-07-06 18:48:00,3.410605131648474e-13
2014-07-06 18:49:00,2.842170943040395e-13
2014-07-06 18:50:00,1.1368683772161558e-13
2014-07-06 18:51:00,0.0
2014-07-06 18:52:00,1.1368683772161575e-13
2014-07-06 18:53:00,5.6843418860807794e-14
2014-07-06 18:54:00,5.6843418860807844e-14
2014-07-06 18:55:00,1.1368683772161589e-13
2014-07-06 18:56:00,1.1368683772161593e-13
2014-07-06 18:57:00,5.684341886080793e-14
2014-07-06 18:58:00,1.1368683772161597e-13
2014-07-06 18:59:00,1.70530256582424e-13
2014-07-06 19:00:00,1.1368683772161599e-13
2014-07-06 19:01:00,1.7053025658242402e-13
2014-07-06 19:02:00,5.684341886080799e-14
2014-07-06 19:03:00,1.13686837721616e-13
2014-07-06 19:04:00,1.1368683772161602e-13
2014-07-06 19:05:00,1.1368683772161602e-13
2014-07-06 19:06:00,5.6843418860808e-14
2014-07-06 19:07:00,0.0
2014-07-06 19:08:00,0.0
2014-07-06 19:09:00,1.1368683772161603e-13
2014-07-06 19:10:00,27.300000000000125
2014-07-06 19:11:00,124.60000000000036
2014-07-06 19:12:00,113.67000000000036
2014-07-06 19:13:00,106.90000000000032
2014-07-06 19:14:00,106.20000000000033
2014-07-06 19:15:00,112.77999999999975
2014-07-06 19:16:00,107.0
2014-07-06 19:17:00,106.0
2014-07-06 19:18:00,106.32999999999947
2014-07-06 19:19:00,105.55999999999949
2014-07-06 19:20:00,106.39999999999964
2014-07-06 19:21:00,105.56999999999925
2014-07-06 19:22:00,106.75
2014-07-06 19:23:00,105.4399999999996
2014-07-06 19:24:00,107.32999999999947
2014-07-06 19:25:00,105.49999999999955
2014-07-06 19:26:00,107.69999999999982
2014-07-06 19:27:00,104.66999999999825
2014-07-06 19:28:00,104.6699999999978
2014-07-06 19:29:00,105.24999999999818
2014-07-06 19:30:00,104.49999999999636
2014-07-06 19:31:00,105.10999999999785
2014-07-06 19:32:00,105.99999999999864
2014-07-06 19:33:00,103.5699999999988
2014-07-06 19:34:00,69.1099999999974
2014-07-06 19:35:00,0.0
2014-07-06 19:36:00,0.0
2014-07-06 19:37:00,0.0
2014-07-06 19:38:00,0.0
2014-07-06 19:39:00,0.0
2014-07-06 19:40:00,0.0
2014-07-06 19:41:00,0.0
2014-07-06 19:42:00,0.0
2014-07-06 19:43:00,4.569999999999709
2014-07-06 19:44:00,0.0
2014-07-06 19:45:00,0.0
2014-07-06 19:46:00,0.0
2014-07-06 19:47:00,0.0
2014-07-06 19:48:00,0.0
2014-07-06 19:49:00,0.0
2014-07-06 19:50:00,1.8189894035458565e-12
2014-07-06 19:51:00,1.3642420526593924e-12
2014-07-06 19:52:00,1.8189894035458565e-12
2014-07-06 19:53:00,1.3642420526593924e-12
2014-07-06 19:54:00,2.7284841053187847e-12
2014-07-06 19:55:00,1.3642420526593924e-12
2014-07-06 19:56:00,9.094947017729282e-13
2014-07-06 19:57:00,1.8189894035458565e-12
2014-07-06 19:58:00,9.094947017729282e-13
2014-07-06 19:59:00,1.600000000001046
2014-07-06 20:00:00,1.7053025658242404e-13
2014-07-06 20:01:00,2.2737367544323206e-13
2014-07-06 20:02:00,2.2737367544323206e-13
2014-07-06 20:03:00,1.6000000000004206
2014-07-06 20:04:00,1.600000000000307
2014-07-06 20:05:00,1.7053025658242404e-13
2014-07-06 20:06:00,49.30000000000035
2014-07-06 20:07:00,122.75000000000051
2014-07-06 20:08:00,110.10000000000042
2014-07-06 20:09:00,105.80000000000047
2014-07-06 20:10:00,105.80000000000047
2014-07-06 20:11:00,105.44000000000045
2014-07-06 20:12:00,106.50000000000057
2014-07-06 20:13:00,107.80000000000058
2014-07-06 20:14:00,108.3300000000005
2014-07-06 20:15:00,108.40000000000049
2014-07-06 20:16:00,108.4000000000006
2014-07-06 20:17:00,108.2700000000006
2014-07-06 20:18:00,108.50000000000057
2014-07-06 20:19:00,108.00000000000057
2014-07-06 20:20:00,111.00000000000051
2014-07-06 20:21:00,108.50000000000057
2014-07-06 20:22:00,107.10000000000053
2014-07-06 20:23:00,111.33000000000055
2014-07-06 20:24:00,106.80000000000058
2014-07-06 20:25:00,106.4000000000006
2014-07-06 20:26:00,106.30000000000041
2014-07-06 20:27:00,107.18000000000035
2014-07-06 20:28:00,110.30000000000035
2014-07-06 20:29:00,107.1200000000004
2014-07-06 20:30:00,105.67000000000047
2014-07-06 20:31:00,105.1000000000003
2014-07-06 20:32:00,105.30000000000064
2014-07-06 20:33:00,47.64000000000067
2014-07-06 20:34:00,1.1368683772161603e-13
2014-07-06 20:35:00,1.7053025658242404e-13
2014-07-06 20:36:00,1.7053025658242404e-13
2014-07-06 20:37:00,5.684341886080802e-14
2014-07-06 20:38:00,5.684341886080802e-14
2014-07-06 20:39:00,2.2737367544323206e-13
2014-07-06 20:40:00,5.684341886080802e-14
2014-07-06 20:41:00,5.684341886080802e-14
2014-07-06 20:42:00,5.684341886080802e-14
2014-07-06 20:43:00,1.7053025658242404e-13
2014-07-06 20:44:00,1.1368683772161603e-13
2014-07-06 20:45:00,5.684341886080802e-14
2014-07-06 20:46:00,5.684341886080802e-14
2014-07-06 20:47:00,2.2737367544323206e-13
2014-07-06 20:48:00,2.2737367544323206e-13
2014-07-06 20:49:00,1.1368683772161603e-13
2014-07-06 20:50:00,0.0
2014-07-06 20:51:00,3.2000000000001023
2014-07-06 20:52:00,0.0
2014-07-06 20:53:00,1.1368683772161603e-13
2014-07-06 20:54:00,0.0
2014-07-06 20:55:00,0.0
2014-07-06 20:56:00,5.684341886080802e-14
2014-07-06 20:57:00,0.0
2014-07-06 20:58:00,5.684341886080802e-14
2014-07-06 20:59:00,0.0
2014-07-06 21:00:00,0.0
2014-07-06 21:01:00,1.7053025658242404e-13
2014-07-06 21:02:00,1.7053025658242404e-13
2014-07-06 21:03:00,5.684341886080802e-14
2014-07-06 21:04:00,0.0
2014-07-06 21:05:00,111.40000000000032
2014-07-06 21:06:00,117.83000000000027
2014-07-06 21:07:00,111.70000000000027
2014-07-06 21:08:00,110.50000000000045
2014-07-06 21:09:00,111.20000000000022
2014-07-06 21:10:00,110.00000000000028
2014-07-06 21:11:00,110.00000000000028
2014-07-06 21:12:00,109.55000000000024
2014-07-06 21:13:00,109.20000000000027
2014-07-06 21:14:00,108.70000000000033
2014-07-06 21:15:00,108.70000000000022
2014-07-06 21:16:00,108.40000000000026
2014-07-06 21:17:00,108.10000000000036
2014-07-06 21:18:00,107.00000000000023
2014-07-06 21:19:00,107.10000000000025
2014-07-06 21:20:00,106.9000000000002
2014-07-06 21:21:00,106.50000000000034
2014-07-06 21:22:00,106.25000000000011
2014-07-06 21:23:00,105.89000000000027
2014-07-06 21:24:00,105.80000000000013
2014-07-06 21:25:00,9.640000000000157
2014-07-06 21:26:00,5.684341886080802e-14
2014-07-06 21:27:00,5.684341886080802e-14
2014-07-06 21:28:00,0.0
2014-07-06 21:29:00,5.684341886080802e-14
2014-07-06 21:30:00,1.1368683772161603e-13
2014-07-06 21:31:00,0.0
2014-07-06 21:32:00,0.0
2014-07-06 21:33:00,1.7053025658242404e-13
2014-07-06 21:34:00,1.7053025658242404e-13
2014-07-06 21:35:00,5.684341886080802e-14
2014-07-06 21:36:00,1.1368683772161603e-13
2014-07-06 21:37:00,0.0
2014-07-06 21:38:00,5.684341886080802e-14
2014-07-06 21:39:00,5.684341886080802e-14
2014-07-06 21:40:00,5.684341886080802e-14
2014-07-06 21:41:00,5.684341886080802e-14
2014-07-06 21:42:00,0.0
2014-07-06 21:43:00,0.0
2014-07-06 21:44:00,5.684341886080802e-14
2014-07-06 21:45:00,0.0
2014-07-06 21:46:00,5.684341886080802e-14
2014-07-06 21:47:00,2.2737367544323206e-13
2014-07-06 21:48:00,1.1368683772161603e-13
2014-07-06 21:49:00,1.1368683772161603e-13
2014-07-06 21:50:00,0.0
2014-07-06 21:51:00,0.0
2014-07-06 21:52:00,0.0
2014-07-06 21:53:00,0.0
2014-07-06 21:54:00,0.0
2014-07-06 21:55:00,1.1368683772161603e-13
2014-07-06 21:56:00,0.0
2014-07-06 21:57:00,0.0
2014-07-06 21:58:00,1.1368683772161603e-13
2014-07-06 21:59:00,87.60000000000025
2014-07-06 22:00:00,119.55000000000041
2014-07-06 22:01:00,108.00000000000034
2014-07-06 22:02:00,105.6000000000002
2014-07-06 22:03:00,105.60000000000025
2014-07-06 22:04:00,105.90000000000032
2014-07-06 22:05:00,106.40000000000043
2014-07-06 22:06:00,108.33000000000038
2014-07-06 22:07:00,108.5000000000004
2014-07-06 22:08:00,108.60000000000025
2014-07-06 22:09:00,108.70000000000027
2014-07-06 22:10:00,108.10000000000025
2014-07-06 22:11:00,108.43000000000018
2014-07-06 22:12:00,107.78000000000037
2014-07-06 22:13:00,107.8000000000003
2014-07-06 22:14:00,107.60000000000025
2014-07-06 22:15:00,107.00000000000023
2014-07-06 22:16:00,107.10000000000025
2014-07-06 22:17:00,106.8000000000003
2014-07-06 22:18:00,106.6000000000003
2014-07-06 22:19:00,106.25000000000045
2014-07-06 22:20:00,95.60000000000048
2014-07-06 22:21:00,1.7053025658242404e-13
2014-07-06 22:22:00,5.684341886080802e-14
2014-07-06 22:23:00,5.684341886080802e-14
2014-07-06 22:24:00,0.0
2014-07-06 22:25:00,5.684341886080802e-14
2014-07-06 22:26:00,1.1368683772161603e-13
2014-07-06 22:27:00,5.684341886080802e-14
2014-07-06 22:28:00,0.0
2014-07-06 22:29:00,1.7053025658242404e-13
2014-07-06 22:30:00,5.684341886080802e-14
2014-07-06 22:31:00,5.684341886080802e-14
2014-07-06 22:32:00,1.7053025658242404e-13
2014-07-06 22:33:00,0.0
2014-07-06 22:34:00,5.684341886080802e-14
2014-07-06 22:35:00,1.1368683772161603e-13
2014-07-06 22:36:00,5.684341886080802e-14
2014-07-06 22:37:00,5.684341886080802e-14
2014-07-06 22:38:00,1.7053025658242404e-13
2014-07-06 22:39:00,5.684341886080802e-14
2014-07-06 22:40:00,1.7053025658242404e-13
2014-07-06 22:41:00,0.0
2014-07-06 22:42:00,0.0
2014-07-06 22:43:00,1.1368683772161603e-13
2014-07-06 22:44:00,5.684341886080802e-14
2014-07-06 22:45:00,1.7053025658242404e-13
2014-07-06 22:46:00,5.684341886080802e-14
2014-07-06 22:47:00,2.8421709430404007e-13
2014-07-06 22:48:00,0.0
2014-07-06 22:49:00,1.1368683772161603e-13
2014-07-06 22:50:00,5.684341886080802e-14
2014-07-06 22:51:00,1.1368683772161603e-13
2014-07-06 22:52:00,5.684341886080802e-14
2014-07-06 22:53:00,5.684341886080802e-14
2014-07-06 22:54:00,38.90000000000009
2014-07-06 22:55:00,123.80000000000018
2014-07-06 22:56:00,115.1000000000002
2014-07-06 22:57:00,110.90000000000009
2014-07-06 22:58:00,110.78000000000031
2014-07-06 22:59:00,110.80000000000024
2014-07-06 23:00:00,110.50000000000017
2014-07-06 23:01:00,110.00000000000023
2014-07-06 23:02:00,110.20000000000033
2014-07-06 23:03:00,109.90000000000032
2014-07-06 23:04:00,109.60000000000036
2014-07-06 23:05:00,109.20000000000027
2014-07-06 23:06:00,108.8000000000003
2014-07-06 23:07:00,108.40000000000032
2014-07-06 23:08:00,108.6000000000003
2014-07-06 23:09:00,108.00000000000034
2014-07-06 23:10:00,107.86000000000035
2014-07-06 23:11:00,107.20000000000027
2014-07-06 23:12:00,106.90000000000026
2014-07-06 23:13:00,106.60000000000014
2014-07-06 23:14:00,5.684341886080802e-14
2014-07-06 23:15:00,0.0
2014-07-06 23:16:00,0.0
2014-07-06 23:17:00,1.1368683772161603e-13
2014-07-06 23:18:00,1.7053025658242404e-13
2014-07-06 23:19:00,1.1368683772161603e-13
2014-07-06 23:20:00,5.684341886080802e-14
2014-07-06 23:21:00,0.0
2014-07-06 23:22:00,5.684341886080802e-14
2014-07-06 23:23:00,5.684341886080802e-14
2014-07-06 23:24:00,2.2737367544323206e-13
2014-07-06 23:25:00,1.1368683772161603e-13
2014-07-06 23:26:00,1.7053025658242404e-13
2014-07-06 23:27:00,5.684341886080802e-14
2014-07-06 23:28:00,1.1368683772161603e-13
2014-07-06 23:29:00,0.0
2014-07-06 23:30:00,1.7053025658242404e-13
2014-07-06 23:31:00,1.1368683772161603e-13
2014-07-06 23:32:00,1.7053025658242404e-13
2014-07-06 23:33:00,1.1368683772161603e-13
2014-07-06 23:34:00,2.2737367544323206e-13
2014-07-06 23:35:00,1.1368683772161603e-13
2014-07-06 23:36:00,1.1368683772161603e-13
2014-07-06 23:37:00,1.1368683772161603e-13
2014-07-06 23:38:00,2.2737367544323206e-13
2014-07-06 23:39:00,2.8421709430404007e-13
2014-07-06 23:40:00,1.1368683772161603e-13
2014-07-06 23:41:00,2.2737367544323206e-13
2014-07-06 23:42:00,1.7053025658242404e-13
2014-07-06 23:43:00,1.7053025658242404e-13
2014-07-06 23:44:00,1.7053025658242404e-13
2014-07-06 23:45:00,2.2737367544323206e-13
2014-07-06 23:46:00,1.1368683772161603e-13
2014-07-06 23:47:00,3.410605131648481e-13
2014-07-06 23:48:00,1.7053025658242404e-13
2014-07-06 23:49:00,87.50000000000045
2014-07-06 23:50:00,121.11000000000047
2014-07-06 23:51:00,112.67000000000036
2014-07-06 23:52:00,110.3000000000003
2014-07-06 23:53:00,110.60000000000048
2014-07-06 23:54:00,110.80000000000041
2014-07-06 23:55:00,110.50000000000034
2014-07-06 23:56:00,110.20000000000039
2014-07-06 23:57:00,109.90000000000038
2014-07-06 23:58:00,109.5000000000004
2014-07-06 23:59:00,109.30000000000041
2014-07-07 00:00:00,109.20000000000039
2014-07-07 00:01:00,108.90000000000043
2014-07-07 00:02:00,108.50000000000045
2014-07-07 00:03:00,109.00000000000045
2014-07-07 00:04:00,108.00000000000034
2014-07-07 00:05:00,107.70000000000044
2014-07-07 00:06:00,107.50000000000034
2014-07-07 00:07:00,107.20000000000033
2014-07-07 00:08:00,107.0000000000004
2014-07-07 00:09:00,1.7053025658242404e-13
2014-07-07 00:10:00,1.7053025658242404e-13
2014-07-07 00:11:00,1.1368683772161603e-13
2014-07-07 00:12:00,1.1368683772161603e-13
2014-07-07 00:13:00,1.7053025658242404e-13
2014-07-07 00:14:00,2.2737367544323206e-13
2014-07-07 00:15:00,1.7053025658242404e-13
2014-07-07 00:16:00,2.2737367544323206e-13
2014-07-07 00:17:00,2.8421709430404007e-13
2014-07-07 00:18:00,1.7053025658242404e-13
2014-07-07 00:19:00,3.410605131648481e-13
2014-07-07 00:20:00,2.2737367544323206e-13
2014-07-07 00:21:00,5.684341886080802e-14
2014-07-07 00:22:00,2.2737367544323206e-13
2014-07-07 00:23:00,1.7053025658242404e-13
2014-07-07 00:24:00,1.7053025658242404e-13
2014-07-07 00:25:00,1.7053025658242404e-13
2014-07-07 00:26:00,2.2737367544323206e-13
2014-07-07 00:27:00,1.7053025658242404e-13
2014-07-07 00:28:00,1.7053025658242404e-13
2014-07-07 00:29:00,2.2737367544323206e-13
2014-07-07 00:30:00,2.2737367544323206e-13
2014-07-07 00:31:00,2.2737367544323206e-13
2014-07-07 00:32:00,2.2737367544323206e-13
2014-07-07 00:33:00,2.2737367544323206e-13
2014-07-07 00:34:00,1.7053025658242404e-13
2014-07-07 00:35:00,1.1368683772161603e-13
2014-07-07 00:36:00,1.7053025658242404e-13
2014-07-07 00:37:00,2.2737367544323206e-13
2014-07-07 00:38:00,2.2737367544323206e-13
2014-07-07 00:39:00,2.8421709430404007e-13
2014-07-07 00:40:00,2.2737367544323206e-13
2014-07-07 00:41:00,2.2737367544323206e-13
2014-07-07 00:42:00,1.7053025658242404e-13
2014-07-07 00:43:00,1.1368683772161603e-13
2014-07-07 00:44:00,1.7053025658242404e-13
2014-07-07 00:45:00,87.60000000000036
2014-07-07 00:46:00,120.90000000000049
2014-07-07 00:47:00,109.50000000000051
2014-07-07 00:48:00,106.70000000000033
2014-07-07 00:49:00,106.67000000000041
2014-07-07 00:50:00,106.80000000000041
2014-07-07 00:51:00,108.0000000000004
2014-07-07 00:52:00,108.90000000000038
2014-07-07 00:53:00,109.10000000000036
2014-07-07 00:54:00,109.00000000000045
2014-07-07 00:55:00,109.30000000000041
2014-07-07 00:56:00,109.0000000000004
2014-07-07 00:57:00,109.00000000000034
2014-07-07 00:58:00,108.60000000000042
2014-07-07 00:59:00,108.30000000000047
2014-07-07 01:00:00,108.00000000000045
2014-07-07 01:01:00,107.50000000000034
2014-07-07 01:02:00,107.60000000000053
2014-07-07 01:03:00,107.20000000000061
2014-07-07 01:04:00,106.90000000000055
2014-07-07 01:05:00,85.50000000000051
2014-07-07 01:06:00,3.410605131648481e-13
2014-07-07 01:07:00,3.410605131648481e-13
2014-07-07 01:08:00,2.8421709430404007e-13
2014-07-07 01:09:00,3.410605131648481e-13
2014-07-07 01:10:00,3.410605131648481e-13
2014-07-07 01:11:00,3.979039320256561e-13
2014-07-07 01:12:00,3.979039320256561e-13
2014-07-07 01:13:00,3.410605131648481e-13
2014-07-07 01:14:00,2.8421709430404007e-13
2014-07-07 01:15:00,2.8421709430404007e-13
2014-07-07 01:16:00,3.979039320256561e-13
2014-07-07 01:17:00,5.115907697472721e-13
2014-07-07 01:18:00,3.979039320256561e-13
2014-07-07 01:19:00,2.8421709430404007e-13
2014-07-07 01:20:00,2.8421709430404007e-13
2014-07-07 01:21:00,3.410605131648481e-13
2014-07-07 01:22:00,2.8421709430404007e-13
2014-07-07 01:23:00,3.410605131648481e-13
2014-07-07 01:24:00,3.410605131648481e-13
2014-07-07 01:25:00,3.410605131648481e-13
2014-07-07 01:26:00,2.8421709430404007e-13
2014-07-07 01:27:00,2.2737367544323206e-13
2014-07-07 01:28:00,3.410605131648481e-13
2014-07-07 01:29:00,2.8421709430404007e-13
2014-07-07 01:30:00,2.8421709430404007e-13
2014-07-07 01:31:00,2.8421709430404007e-13
2014-07-07 01:32:00,2.8421709430404007e-13
2014-07-07 01:33:00,2.2737367544323206e-13
2014-07-07 01:34:00,3.410605131648481e-13
2014-07-07 01:35:00,3.410605131648481e-13
2014-07-07 01:36:00,2.2737367544323206e-13
2014-07-07 01:37:00,2.8421709430404007e-13
2014-07-07 01:38:00,2.8421709430404007e-13
2014-07-07 01:39:00,3.410605131648481e-13
2014-07-07 01:40:00,3.410605131648481e-13
2014-07-07 01:41:00,2.8421709430404007e-13
2014-07-07 01:42:00,156.20000000000056
2014-07-07 01:43:00,121.2000000000005
2014-07-07 01:44:00,111.20000000000061
2014-07-07 01:45:00,110.50000000000057
2014-07-07 01:46:00,111.20000000000056
2014-07-07 01:47:00,110.9000000000006
2014-07-07 01:48:00,110.67000000000058
2014-07-07 01:49:00,110.50000000000057
2014-07-07 01:50:00,110.25000000000057
2014-07-07 01:51:00,109.9000000000006
2014-07-07 01:52:00,109.25000000000057
2014-07-07 01:53:00,109.30000000000064
2014-07-07 01:54:00,108.29000000000065
2014-07-07 01:55:00,108.14000000000055
2014-07-07 01:56:00,108.44000000000057
2014-07-07 01:57:00,107.80000000000064
2014-07-07 01:58:00,107.2200000000006
2014-07-07 01:59:00,107.40000000000049
2014-07-07 02:00:00,107.10000000000053
2014-07-07 02:01:00,10.60000000000042
2014-07-07 02:02:00,3.410605131648481e-13
2014-07-07 02:03:00,2.8421709430404007e-13
2014-07-07 02:04:00,2.2737367544323206e-13
2014-07-07 02:05:00,3.410605131648481e-13
2014-07-07 02:06:00,2.8421709430404007e-13
2014-07-07 02:07:00,3.979039320256561e-13
2014-07-07 02:08:00,2.8421709430404007e-13
2014-07-07 02:09:00,2.2737367544323206e-13
2014-07-07 02:10:00,2.8421709430404007e-13
2014-07-07 02:11:00,2.8421709430404007e-13
2014-07-07 02:12:00,3.410605131648481e-13
2014-07-07 02:13:00,2.8421709430404007e-13
2014-07-07 02:14:00,2.2737367544323206e-13
2014-07-07 02:15:00,2.2737367544323206e-13
2014-07-07 02:16:00,1.7053025658242404e-13
2014-07-07 02:17:00,2.8421709430404007e-13
2014-07-07 02:18:00,2.2737367544323206e-13
2014-07-07 02:19:00,2.8421709430404007e-13
2014-07-07 02:20:00,2.2737367544323206e-13
2014-07-07 02:21:00,1.7053025658242404e-13
2014-07-07 02:22:00,2.2737367544323206e-13
2014-07-07 02:23:00,2.2737367544323206e-13
2014-07-07 02:24:00,2.2737367544323206e-13
2014-07-07 02:25:00,1.7053025658242404e-13
2014-07-07 02:26:00,0.0
2014-07-07 02:27:00,2.2737367544323206e-13
2014-07-07 02:28:00,1.7053025658242404e-13
2014-07-07 02:29:00,2.2737367544323206e-13
2014-07-07 02:30:00,2.2737367544323206e-13
2014-07-07 02:31:00,1.1368683772161603e-13
2014-07-07 02:32:00,1.7053025658242404e-13
2014-07-07 02:33:00,3.410605131648481e-13
2014-07-07 02:34:00,2.2737367544323206e-13
2014-07-07 02:35:00,1.7053025658242404e-13
2014-07-07 02:36:00,2.2737367544323206e-13
2014-07-07 02:37:00,2.2737367544323206e-13
2014-07-07 02:38:00,75.89999999999986
2014-07-07 02:39:00,123.40000000000015
2014-07-07 02:40:00,112.60000000000048
2014-07-07 02:41:00,110.20000000000039
2014-07-07 02:42:00,111.00000000000034
2014-07-07 02:43:00,111.0000000000004
2014-07-07 02:44:00,110.40000000000043
2014-07-07 02:45:00,110.67000000000041
2014-07-07 02:46:00,110.10000000000036
2014-07-07 02:47:00,109.90000000000049
2014-07-07 02:48:00,109.60000000000036
2014-07-07 02:49:00,109.30000000000041
2014-07-07 02:50:00,108.89000000000044
2014-07-07 02:51:00,108.90000000000043
2014-07-07 02:52:00,108.20000000000039
2014-07-07 02:53:00,107.80000000000041
2014-07-07 02:54:00,107.70000000000039
2014-07-07 02:55:00,107.20000000000044
2014-07-07 02:56:00,107.40000000000038
2014-07-07 02:57:00,10.60000000000025
2014-07-07 02:58:00,2.8421709430404007e-13
2014-07-07 02:59:00,2.2737367544323206e-13
2014-07-07 03:00:00,2.8421709430404007e-13
2014-07-07 03:01:00,1.7053025658242404e-13
2014-07-07 03:02:00,2.2737367544323206e-13
2014-07-07 03:03:00,2.2737367544323206e-13
2014-07-07 03:04:00,2.2737367544323206e-13
2014-07-07 03:05:00,1.7053025658242404e-13
2014-07-07 03:06:00,1.1368683772161603e-13
2014-07-07 03:07:00,1.1368683772161603e-13
2014-07-07 03:08:00,2.2737367544323206e-13
2014-07-07 03:09:00,2.2737367544323206e-13
2014-07-07 03:10:00,2.2737367544323206e-13
2014-07-07 03:11:00,1.7053025658242404e-13
2014-07-07 03:12:00,1.7053025658242404e-13
2014-07-07 03:13:00,1.7053025658242404e-13
2014-07-07 03:14:00,1.7053025658242404e-13
2014-07-07 03:15:00,1.1368683772161603e-13
2014-07-07 03:16:00,1.1368683772161603e-13
2014-07-07 03:17:00,2.8421709430404007e-13
2014-07-07 03:18:00,2.8421709430404007e-13
2014-07-07 03:19:00,2.8421709430404007e-13
2014-07-07 03:20:00,2.8421709430404007e-13
2014-07-07 03:21:00,2.2737367544323206e-13
2014-07-07 03:22:00,2.2737367544323206e-13
2014-07-07 03:23:00,1.7053025658242404e-13
2014-07-07 03:24:00,1.1368683772161603e-13
2014-07-07 03:25:00,2.8421709430404007e-13
2014-07-07 03:26:00,1.7053025658242404e-13
2014-07-07 03:27:00,2.2737367544323206e-13
2014-07-07 03:28:00,1.1368683772161603e-13
2014-07-07 03:29:00,1.7053025658242404e-13
2014-07-07 03:30:00,2.2737367544323206e-13
2014-07-07 03:31:00,2.2737367544323206e-13
2014-07-07 03:32:00,1.1368683772161603e-13
2014-07-07 03:33:00,1.1368683772161603e-13
2014-07-07 03:34:00,1.7053025658242404e-13
2014-07-07 03:35:00,88.10000000000048
2014-07-07 03:36:00,121.60000000000065
2014-07-07 03:37:00,111.60000000000042
2014-07-07 03:38:00,110.7000000000005
2014-07-07 03:39:00,110.90000000000049
2014-07-07 03:40:00,111.00000000000045
2014-07-07 03:41:00,111.10000000000053
2014-07-07 03:42:00,110.80000000000052
2014-07-07 03:43:00,110.30000000000064
2014-07-07 03:44:00,110.00000000000057
2014-07-07 03:45:00,109.80000000000035
2014-07-07 03:46:00,109.33000000000044
2014-07-07 03:47:00,109.60000000000048
2014-07-07 03:48:00,109.00000000000051
2014-07-07 03:49:00,108.60000000000042
2014-07-07 03:50:00,108.50000000000045
2014-07-07 03:51:00,108.30000000000041
2014-07-07 03:52:00,107.80000000000041
2014-07-07 03:53:00,107.80000000000041
2014-07-07 03:54:00,49.30000000000035
2014-07-07 03:55:00,2.2737367544323206e-13
2014-07-07 03:56:00,1.7053025658242404e-13
2014-07-07 03:57:00,1.7053025658242404e-13
2014-07-07 03:58:00,1.7053025658242404e-13
2014-07-07 03:59:00,2.8421709430404007e-13
2014-07-07 04:00:00,3.410605131648481e-13
2014-07-07 04:01:00,2.8421709430404007e-13
2014-07-07 04:02:00,2.8421709430404007e-13
2014-07-07 04:03:00,1.1368683772161603e-13
2014-07-07 04:04:00,1.1368683772161603e-13
2014-07-07 04:05:00,5.684341886080802e-14
2014-07-07 04:06:00,1.7053025658242404e-13
2014-07-07 04:07:00,0.0
2014-07-07 04:08:00,1.1368683772161603e-13
2014-07-07 04:09:00,5.684341886080802e-14
2014-07-07 04:10:00,5.684341886080802e-14
2014-07-07 04:11:00,1.1368683772161603e-13
2014-07-07 04:12:00,5.684341886080802e-14
2014-07-07 04:13:00,1.1368683772161603e-13
2014-07-07 04:14:00,1.1368683772161603e-13
2014-07-07 04:15:00,5.684341886080802e-14
2014-07-07 04:16:00,5.684341886080802e-14
2014-07-07 04:17:00,1.1368683772161603e-13
2014-07-07 04:18:00,1.1368683772161603e-13
2014-07-07 04:19:00,1.7053025658242404e-13
2014-07-07 04:20:00,1.1368683772161603e-13
2014-07-07 04:21:00,0.0
2014-07-07 04:22:00,5.684341886080802e-14
2014-07-07 04:23:00,5.684341886080802e-14
2014-07-07 04:24:00,1.1368683772161603e-13
2014-07-07 04:25:00,1.1368683772161603e-13
2014-07-07 04:26:00,1.1368683772161603e-13
2014-07-07 04:27:00,1.1368683772161603e-13
2014-07-07 04:28:00,5.684341886080802e-14
2014-07-07 04:29:00,1.1368683772161603e-13
2014-07-07 04:30:00,1.1368683772161603e-13
2014-07-07 04:31:00,5.684341886080802e-14
2014-07-07 04:32:00,1.1368683772161603e-13
2014-07-07 04:33:00,63.50000000000023
2014-07-07 04:34:00,123.90000000000032
2014-07-07 04:35:00,113.8000000000003
2014-07-07 04:36:00,110.70000000000027
2014-07-07 04:37:00,111.00000000000034
2014-07-07 04:38:00,111.3000000000003
2014-07-07 04:39:00,111.20000000000027
2014-07-07 04:40:00,110.89000000000027
2014-07-07 04:41:00,110.50000000000028
2014-07-07 04:42:00,110.40000000000026
2014-07-07 04:43:00,110.10000000000025
2014-07-07 04:44:00,109.80000000000035
2014-07-07 04:45:00,109.50000000000028
2014-07-07 04:46:00,109.00000000000028
2014-07-07 04:47:00,109.0000000000004
2014-07-07 04:48:00,108.90000000000032
2014-07-07 04:49:00,108.6000000000003
2014-07-07 04:50:00,108.30000000000035
2014-07-07 04:51:00,107.60000000000025
2014-07-07 04:52:00,21.600000000000193
2014-07-07 04:53:00,1.1368683772161603e-13
2014-07-07 04:54:00,1.1368683772161603e-13
2014-07-07 04:55:00,1.1368683772161603e-13
2014-07-07 04:56:00,1.1368683772161603e-13
2014-07-07 04:57:00,5.684341886080802e-14
2014-07-07 04:58:00,1.1368683772161603e-13
2014-07-07 04:59:00,1.7053025658242404e-13
2014-07-07 05:00:00,1.7053025658242404e-13
2014-07-07 05:01:00,1.1368683772161603e-13
2014-07-07 05:02:00,1.1368683772161603e-13
2014-07-07 05:03:00,1.1368683772161603e-13
2014-07-07 05:04:00,5.684341886080802e-14
2014-07-07 05:05:00,1.1368683772161603e-13
2014-07-07 05:06:00,1.1368683772161603e-13
2014-07-07 05:07:00,2.2737367544323206e-13
2014-07-07 05:08:00,1.1368683772161603e-13
2014-07-07 05:09:00,1.7053025658242404e-13
2014-07-07 05:10:00,1.1368683772161603e-13
2014-07-07 05:11:00,1.1368683772161603e-13
2014-07-07 05:12:00,5.684341886080802e-14
2014-07-07 05:13:00,1.1368683772161603e-13
2014-07-07 05:14:00,5.684341886080802e-14
2014-07-07 05:15:00,5.684341886080802e-14
2014-07-07 05:16:00,1.1368683772161603e-13
2014-07-07 05:17:00,0.0
2014-07-07 05:18:00,1.1368683772161603e-13
2014-07-07 05:19:00,1.7053025658242404e-13
2014-07-07 05:20:00,1.1368683772161603e-13
2014-07-07 05:21:00,1.1368683772161603e-13
2014-07-07 05:22:00,1.1368683772161603e-13
2014-07-07 05:23:00,1.1368683772161603e-13
2014-07-07 05:24:00,1.1368683772161603e-13
2014-07-07 05:25:00,1.1368683772161603e-13
2014-07-07 05:26:00,5.684341886080802e-14
2014-07-07 05:27:00,5.684341886080802e-14
2014-07-07 05:28:00,1.7053025658242404e-13
2014-07-07 05:29:00,5.684341886080802e-14
2014-07-07 05:30:00,1.1368683772161603e-13
2014-07-07 05:31:00,77.90000000000026
2014-07-07 05:32:00,123.70000000000039
2014-07-07 05:33:00,113.10000000000025
2014-07-07 05:34:00,111.33000000000033
2014-07-07 05:35:00,111.40000000000038
2014-07-07 05:36:00,112.00000000000045
2014-07-07 05:37:00,111.60000000000036
2014-07-07 05:38:00,110.60000000000036
2014-07-07 05:39:00,111.1000000000003
2014-07-07 05:40:00,111.19999999999953
2014-07-07 05:41:00,110.20000000000039
2014-07-07 05:42:00,110.30000000000047
2014-07-07 05:43:00,109.50000000000034
2014-07-07 05:44:00,109.00000000000028
2014-07-07 05:45:00,109.20000000000033
2014-07-07 05:46:00,108.50000000000034
2014-07-07 05:47:00,108.10000000000042
2014-07-07 05:48:00,108.11000000000035
2014-07-07 05:49:00,107.70000000000027
2014-07-07 05:50:00,64.60000000000036
2014-07-07 05:51:00,1.7053025658242404e-13
2014-07-07 05:52:00,5.684341886080802e-14
2014-07-07 05:53:00,1.1368683772161603e-13
2014-07-07 05:54:00,1.7053025658242404e-13
2014-07-07 05:55:00,1.1368683772161603e-13
2014-07-07 05:56:00,5.684341886080802e-14
2014-07-07 05:57:00,1.1368683772161603e-13
2014-07-07 05:58:00,5.684341886080802e-14
2014-07-07 05:59:00,1.1368683772161603e-13
2014-07-07 06:00:00,1.1368683772161603e-13
2014-07-07 06:01:00,1.7053025658242404e-13
2014-07-07 06:02:00,1.7053025658242404e-13
2014-07-07 06:03:00,1.7053025658242404e-13
2014-07-07 06:04:00,1.7053025658242404e-13
2014-07-07 06:05:00,1.1368683772161603e-13
2014-07-07 06:06:00,5.684341886080802e-14
2014-07-07 06:07:00,1.1368683772161603e-13
2014-07-07 06:08:00,1.1368683772161603e-13
2014-07-07 06:09:00,1.1368683772161603e-13
2014-07-07 06:10:00,1.7053025658242404e-13
2014-07-07 06:11:00,1.1368683772161603e-13
2014-07-07 06:12:00,1.1368683772161603e-13
2014-07-07 06:13:00,1.1368683772161603e-13
2014-07-07 06:14:00,1.7053025658242404e-13
2014-07-07 06:15:00,5.684341886080802e-14
2014-07-07 06:16:00,1.1368683772161603e-13
2014-07-07 06:17:00,2.2737367544323206e-13
2014-07-07 06:18:00,1.1368683772161603e-13
2014-07-07 06:19:00,5.684341886080802e-14
2014-07-07 06:20:00,1.1368683772161603e-13
2014-07-07 06:21:00,1.1368683772161603e-13
2014-07-07 06:22:00,5.684341886080802e-14
2014-07-07 06:23:00,1.7053025658242404e-13
2014-07-07 06:24:00,5.684341886080802e-14
2014-07-07 06:25:00,3.410605131648481e-13
2014-07-07 06:26:00,5.684341886080802e-14
2014-07-07 06:27:00,5.684341886080802e-14
2014-07-07 06:28:00,0.0
2014-07-07 06:29:00,0.0
2014-07-07 06:30:00,126.12000000000035
2014-07-07 06:31:00,120.33000000000027
2014-07-07 06:32:00,111.50000000000028
2014-07-07 06:33:00,111.57000000000039
2014-07-07 06:34:00,112.70000000000033
2014-07-07 06:35:00,111.11000000000041
2014-07-07 06:36:00,110.80000000000035
2014-07-07 06:37:00,111.12000000000029
2014-07-07 06:38:00,110.60000000000036
2014-07-07 06:39:00,109.8800000000004
2014-07-07 06:40:00,110.25000000000034
2014-07-07 06:41:00,109.70000000000033
2014-07-07 06:42:00,109.20000000000027
2014-07-07 06:43:00,109.6000000000003
2014-07-07 06:44:00,109.10000000000025
2014-07-07 06:45:00,108.6000000000003
2014-07-07 06:46:00,109.00000000000034
2014-07-07 06:47:00,108.14000000000033
2014-07-07 06:48:00,107.33000000000033
2014-07-07 06:49:00,107.80000000000041
2014-07-07 06:50:00,107.20000000000039
2014-07-07 06:51:00,107.00000000000028
2014-07-07 06:52:00,64.10000000000025
2014-07-07 06:53:00,1.7053025658242404e-13
2014-07-07 06:54:00,2.8421709430404007e-13
2014-07-07 06:55:00,1.1368683772161603e-13
2014-07-07 06:56:00,2.2737367544323206e-13
2014-07-07 06:57:00,2.2737367544323206e-13
2014-07-07 06:58:00,1.7053025658242404e-13
2014-07-07 06:59:00,1.7053025658242404e-13
2014-07-07 07:00:00,2.8421709430404007e-13
2014-07-07 07:01:00,1.7053025658242404e-13
2014-07-07 07:02:00,1.7053025658242404e-13
2014-07-07 07:03:00,1.7053025658242404e-13
2014-07-07 07:04:00,1.7053025658242404e-13
2014-07-07 07:05:00,1.1368683772161603e-13
2014-07-07 07:06:00,1.1368683772161603e-13
2014-07-07 07:07:00,1.1368683772161603e-13
2014-07-07 07:08:00,5.684341886080802e-14
2014-07-07 07:09:00,5.684341886080802e-14
2014-07-07 07:10:00,1.7053025658242404e-13
2014-07-07 07:11:00,1.1368683772161603e-13
2014-07-07 07:12:00,1.1368683772161603e-13
2014-07-07 07:13:00,1.7053025658242404e-13
2014-07-07 07:14:00,1.1368683772161603e-13
2014-07-07 07:15:00,5.684341886080802e-14
2014-07-07 07:16:00,1.1368683772161603e-13
2014-07-07 07:17:00,2.2737367544323206e-13
2014-07-07 07:18:00,1.1368683772161603e-13
2014-07-07 07:19:00,1.7053025658242404e-13
2014-07-07 07:20:00,2.2737367544323206e-13
2014-07-07 07:21:00,1.7053025658242404e-13
2014-07-07 07:22:00,1.7053025658242404e-13
2014-07-07 07:23:00,5.684341886080802e-14
2014-07-07 07:24:00,1.1368683772161603e-13
2014-07-07 07:25:00,1.1368683772161603e-13
2014-07-07 07:26:00,1.1368683772161603e-13
2014-07-07 07:27:00,5.684341886080802e-14
2014-07-07 07:28:00,0.0
2014-07-07 07:29:00,1.1368683772161603e-13
2014-07-07 07:30:00,0.0
2014-07-07 07:31:00,5.684341886080802e-14
2014-07-07 07:32:00,1.7053025658242404e-13
2014-07-07 07:33:00,116.20000000000027
2014-07-07 07:34:00,120.20000000000027
2014-07-07 07:35:00,110.80000000000035
2014-07-07 07:36:00,109.80000000000035
2014-07-07 07:37:00,111.10000000000036
2014-07-07 07:38:00,111.33000000000027
2014-07-07 07:39:00,111.30000000000035
2014-07-07 07:40:00,110.80000000000041
2014-07-07 07:41:00,110.3000000000003
2014-07-07 07:42:00,110.60000000000025
2014-07-07 07:43:00,110.20000000000027
2014-07-07 07:44:00,109.50000000000028
2014-07-07 07:45:00,109.20000000000027
2014-07-07 07:46:00,108.90000000000032
2014-07-07 07:47:00,108.10000000000042
2014-07-07 07:48:00,107.40000000000032
2014-07-07 07:49:00,107.40000000000032
2014-07-07 07:50:00,107.60000000000036
2014-07-07 07:51:00,107.89000000000027
2014-07-07 07:52:00,107.40000000000032
2014-07-07 07:53:00,107.40000000000032
2014-07-07 07:54:00,106.90000000000032
2014-07-07 07:55:00,23.560000000000116
2014-07-07 07:56:00,1.1368683772161603e-13
2014-07-07 07:57:00,5.684341886080802e-14
2014-07-07 07:58:00,5.684341886080802e-14
2014-07-07 07:59:00,1.7053025658242404e-13
2014-07-07 08:00:00,1.1368683772161603e-13
2014-07-07 08:01:00,5.684341886080802e-14
2014-07-07 08:02:00,1.1368683772161603e-13
2014-07-07 08:03:00,5.684341886080802e-14
2014-07-07 08:04:00,1.7053025658242404e-13
2014-07-07 08:05:00,5.684341886080802e-14
2014-07-07 08:06:00,5.684341886080802e-14
2014-07-07 08:07:00,5.684341886080802e-14
2014-07-07 08:08:00,5.684341886080802e-14
2014-07-07 08:09:00,1.1368683772161603e-13
2014-07-07 08:10:00,5.684341886080802e-14
2014-07-07 08:11:00,5.684341886080802e-14
2014-07-07 08:12:00,1.1368683772161603e-13
2014-07-07 08:13:00,1.1368683772161603e-13
2014-07-07 08:14:00,5.684341886080802e-14
2014-07-07 08:15:00,1.1368683772161603e-13
2014-07-07 08:16:00,5.684341886080802e-14
2014-07-07 08:17:00,2.2737367544323206e-13
2014-07-07 08:18:00,1.1368683772161603e-13
2014-07-07 08:19:00,1.7053025658242404e-13
2014-07-07 08:20:00,1.7053025658242404e-13
2014-07-07 08:21:00,5.684341886080802e-14
2014-07-07 08:22:00,5.684341886080802e-14
2014-07-07 08:23:00,1.1368683772161603e-13
2014-07-07 08:24:00,1.7053025658242404e-13
2014-07-07 08:25:00,1.7053025658242404e-13
2014-07-07 08:26:00,1.1368683772161603e-13
2014-07-07 08:27:00,1.7053025658242404e-13
2014-07-07 08:28:00,1.1368683772161603e-13
2014-07-07 08:29:00,1.7053025658242404e-13
2014-07-07 08:30:00,5.684341886080802e-14
2014-07-07 08:31:00,5.684341886080802e-14
2014-07-07 08:32:00,1.1368683772161603e-13
2014-07-07 08:33:00,1.1368683772161603e-13
2014-07-07 08:34:00,1.1368683772161603e-13
2014-07-07 08:35:00,5.684341886080802e-14
2014-07-07 08:36:00,75.3000000000003
2014-07-07 08:37:00,123.20000000000027
2014-07-07 08:38:00,113.6000000000003
2014-07-07 08:39:00,110.40000000000043
2014-07-07 08:40:00,111.20000000000039
2014-07-07 08:41:00,110.30000000000035
2014-07-07 08:42:00,111.20000000000033
2014-07-07 08:43:00,110.60000000000025
2014-07-07 08:44:00,110.30000000000035
2014-07-07 08:45:00,110.20000000000033
2014-07-07 08:46:00,109.50000000000034
2014-07-07 08:47:00,109.6200000000004
2014-07-07 08:48:00,109.00000000000034
2014-07-07 08:49:00,108.80000000000035
2014-07-07 08:50:00,108.20000000000033
2014-07-07 08:51:00,107.6000000000003
2014-07-07 08:52:00,107.50000000000028
2014-07-07 08:53:00,107.40000000000032
2014-07-07 08:54:00,106.90000000000043
2014-07-07 08:55:00,106.50000000000028
2014-07-07 08:56:00,106.33000000000027
2014-07-07 08:57:00,82.56000000000023
2014-07-07 08:58:00,5.684341886080802e-14
2014-07-07 08:59:00,2.2737367544323206e-13
2014-07-07 09:00:00,2.2737367544323206e-13
2014-07-07 09:01:00,5.684341886080802e-14
2014-07-07 09:02:00,5.684341886080802e-14
2014-07-07 09:03:00,1.1368683772161603e-13
2014-07-07 09:04:00,1.7053025658242404e-13
2014-07-07 09:05:00,5.684341886080802e-14
2014-07-07 09:06:00,1.7053025658242404e-13
2014-07-07 09:07:00,1.1368683772161603e-13
2014-07-07 09:08:00,1.1368683772161603e-13
2014-07-07 09:09:00,5.684341886080802e-14
2014-07-07 09:10:00,1.1368683772161603e-13
2014-07-07 09:11:00,5.684341886080802e-14
2014-07-07 09:12:00,1.1368683772161603e-13
2014-07-07 09:13:00,5.684341886080802e-14
2014-07-07 09:14:00,1.1368683772161603e-13
2014-07-07 09:15:00,1.1368683772161603e-13
2014-07-07 09:16:00,1.1368683772161603e-13
2014-07-07 09:17:00,2.8421709430404007e-13
2014-07-07 09:18:00,1.1368683772161603e-13
2014-07-07 09:19:00,1.7053025658242404e-13
2014-07-07 09:20:00,1.7053025658242404e-13
2014-07-07 09:21:00,5.684341886080802e-14
2014-07-07 09:22:00,1.1368683772161603e-13
2014-07-07 09:23:00,1.1368683772161603e-13
2014-07-07 09:24:00,0.0
2014-07-07 09:25:00,5.684341886080802e-14
2014-07-07 09:26:00,5.684341886080802e-14
2014-07-07 09:27:00,5.684341886080802e-14
2014-07-07 09:28:00,5.684341886080802e-14
2014-07-07 09:29:00,5.684341886080802e-14
2014-07-07 09:30:00,5.684341886080802e-14
2014-07-07 09:31:00,1.1368683772161603e-13
2014-07-07 09:32:00,5.684341886080802e-14
2014-07-07 09:33:00,5.684341886080802e-14
2014-07-07 09:34:00,5.684341886080802e-14
2014-07-07 09:35:00,1.1368683772161603e-13
2014-07-07 09:36:00,1.7053025658242404e-13
2014-07-07 09:37:00,5.684341886080802e-14
2014-07-07 09:38:00,63.80000000000024
2014-07-07 09:39:00,122.89000000000044
2014-07-07 09:40:00,114.20000000000027
2014-07-07 09:41:00,109.8000000000003
2014-07-07 09:42:00,111.6000000000003
2014-07-07 09:43:00,110.10000000000036
2014-07-07 09:44:00,110.90000000000032
2014-07-07 09:45:00,110.20000000000033
2014-07-07 09:46:00,110.90000000000026
2014-07-07 09:47:00,110.33000000000038
2014-07-07 09:48:00,109.50000000000074
2014-07-07 09:49:00,109.78000000000031
2014-07-07 09:50:00,109.00000000000028
2014-07-07 09:51:00,108.90000000000032
2014-07-07 09:52:00,108.43000000000046
2014-07-07 09:53:00,107.8000000000003
2014-07-07 09:54:00,107.70000000000039
2014-07-07 09:55:00,107.6000000000003
2014-07-07 09:56:00,107.00000000000034
2014-07-07 09:57:00,107.00000000000028
2014-07-07 09:58:00,106.60000000000025
2014-07-07 09:59:00,21.300000000000068
2014-07-07 10:00:00,2.2737367544323206e-13
2014-07-07 10:01:00,2.2737367544323206e-13
2014-07-07 10:02:00,1.7053025658242404e-13
2014-07-07 10:03:00,1.1368683772161603e-13
2014-07-07 10:04:00,2.2737367544323206e-13
2014-07-07 10:05:00,1.1368683772161603e-13
2014-07-07 10:06:00,1.1368683772161603e-13
2014-07-07 10:07:00,1.1368683772161603e-13
2014-07-07 10:08:00,1.1368683772161603e-13
2014-07-07 10:09:00,1.1368683772161603e-13
2014-07-07 10:10:00,1.7800000000000864
2014-07-07 10:11:00,1.6000000000001933
2014-07-07 10:12:00,1.7053025658242404e-13
2014-07-07 10:13:00,5.684341886080802e-14
2014-07-07 10:14:00,1.1368683772161603e-13
2014-07-07 10:15:00,5.684341886080802e-14
2014-07-07 10:16:00,1.7053025658242404e-13
2014-07-07 10:17:00,3.410605131648481e-13
2014-07-07 10:18:00,2.2737367544323206e-13
2014-07-07 10:19:00,1.7053025658242404e-13
2014-07-07 10:20:00,2.2737367544323206e-13
2014-07-07 10:21:00,1.1368683772161603e-13
2014-07-07 10:22:00,1.1368683772161603e-13
2014-07-07 10:23:00,5.684341886080802e-14
2014-07-07 10:24:00,1.7053025658242404e-13
2014-07-07 10:25:00,2.2737367544323206e-13
2014-07-07 10:26:00,1.7053025658242404e-13
2014-07-07 10:27:00,1.7053025658242404e-13
2014-07-07 10:28:00,2.8421709430404007e-13
2014-07-07 10:29:00,1.7053025658242404e-13
2014-07-07 10:30:00,1.1368683772161603e-13
2014-07-07 10:31:00,1.1368683772161603e-13
2014-07-07 10:32:00,1.1368683772161603e-13
2014-07-07 10:33:00,1.7053025658242404e-13
2014-07-07 10:34:00,1.7053025658242404e-13
2014-07-07 10:35:00,1.7053025658242404e-13
2014-07-07 10:36:00,1.1368683772161603e-13
2014-07-07 10:37:00,1.7053025658242404e-13
2014-07-07 10:38:00,100.6000000000003
2014-07-07 10:39:00,121.50000000000006
2014-07-07 10:40:00,110.80000000000001
2014-07-07 10:41:00,110.60000000000042
2014-07-07 10:42:00,110.2000000000005
2014-07-07 10:43:00,110.70000000000039
2014-07-07 10:44:00,111.40000000000043
2014-07-07 10:45:00,110.10000000000036
2014-07-07 10:46:00,110.6000000000003
2014-07-07 10:47:00,109.90000000000055
2014-07-07 10:48:00,109.90000000000038
2014-07-07 10:49:00,109.67000000000047
2014-07-07 10:50:00,109.3800000000005
2014-07-07 10:51:00,109.00000000000034
2014-07-07 10:52:00,108.40000000000049
2014-07-07 10:53:00,108.0000000000004
2014-07-07 10:54:00,107.50000000000034
2014-07-07 10:55:00,107.50000000000034
2014-07-07 10:56:00,106.80000000000035
2014-07-07 10:57:00,106.40000000000043
2014-07-07 10:58:00,106.10000000000042
2014-07-07 10:59:00,80.90000000000049
2014-07-07 11:00:00,2.8421709430404007e-13
2014-07-07 11:01:00,1.7053025658242404e-13
2014-07-07 11:02:00,2.2737367544323206e-13
2014-07-07 11:03:00,2.2737367544323206e-13
2014-07-07 11:04:00,2.2737367544323206e-13
2014-07-07 11:05:00,3.410605131648481e-13
2014-07-07 11:06:00,1.7053025658242404e-13
2014-07-07 11:07:00,1.7053025658242404e-13
2014-07-07 11:08:00,1.7053025658242404e-13
2014-07-07 11:09:00,1.7053025658242404e-13
2014-07-07 11:10:00,1.1368683772161603e-13
2014-07-07 11:11:00,1.1368683772161603e-13
2014-07-07 11:12:00,2.2737367544323206e-13
2014-07-07 11:13:00,1.7053025658242404e-13
2014-07-07 11:14:00,1.7053025658242404e-13
2014-07-07 11:15:00,1.1368683772161603e-13
2014-07-07 11:16:00,1.1368683772161603e-13
2014-07-07 11:17:00,2.8421709430404007e-13
2014-07-07 11:18:00,1.7053025658242404e-13
2014-07-07 11:19:00,1.7053025658242404e-13
2014-07-07 11:20:00,2.2737367544323206e-13
2014-07-07 11:21:00,1.1368683772161603e-13
2014-07-07 11:22:00,1.1368683772161603e-13
2014-07-07 11:23:00,3.200000000000159
2014-07-07 11:24:00,0.0
2014-07-07 11:25:00,0.0
2014-07-07 11:26:00,0.0
2014-07-07 11:27:00,0.0
2014-07-07 11:28:00,0.0
2014-07-07 11:29:00,0.0
2014-07-07 11:30:00,0.0
2014-07-07 11:31:00,0.0
2014-07-07 11:32:00,0.0
2014-07-07 11:33:00,0.0
2014-07-07 11:34:00,2.2737367544323206e-13
2014-07-07 11:35:00,0.0
2014-07-07 11:36:00,0.0
2014-07-07 11:37:00,5.684341886080802e-14
2014-07-07 11:38:00,101.29999999999995
2014-07-07 11:39:00,123.75
2014-07-07 11:40:00,109.75000000000023
2014-07-07 11:41:00,111.11000000000041
2014-07-07 11:42:00,110.60000000000036
2014-07-07 11:43:00,110.5
2014-07-07 11:44:00,111.88000000000022
2014-07-07 11:45:00,112.90000000000032
2014-07-07 11:46:00,110.22000000000025
2014-07-07 11:47:00,109.10000000000036
2014-07-07 11:48:00,117.56000000000017
2014-07-07 11:49:00,111.2199999999998
2014-07-07 11:50:00,107.55999999999995
2014-07-07 11:51:00,109.12000000000012
2014-07-07 11:52:00,109.73000000000019
2014-07-07 11:53:00,112.20000000000039
2014-07-07 11:54:00,112.80000000000035
2014-07-07 11:55:00,110.80000000000035
2014-07-07 11:56:00,110.30000000000047
2014-07-07 11:57:00,109.80000000000035
2014-07-07 11:58:00,109.40000000000043
2014-07-07 11:59:00,108.8000000000003
2014-07-07 12:00:00,108.60000000000048
2014-07-07 12:01:00,108.20000000000039
2014-07-07 12:02:00,108.20000000000039
2014-07-07 12:03:00,107.89000000000038
2014-07-07 12:04:00,107.3000000000003
2014-07-07 12:05:00,107.20000000000039
2014-07-07 12:06:00,107.00000000000034
2014-07-07 12:07:00,106.90000000000038
2014-07-07 12:08:00,21.200000000000216
2014-07-07 12:09:00,1.7053025658242404e-13
2014-07-07 12:10:00,1.7053025658242404e-13
2014-07-07 12:11:00,1.1368683772161603e-13
2014-07-07 12:12:00,2.2737367544323206e-13
2014-07-07 12:13:00,1.7053025658242404e-13
2014-07-07 12:14:00,1.7053025658242404e-13
2014-07-07 12:15:00,1.7053025658242404e-13
2014-07-07 12:16:00,2.8421709430404007e-13
2014-07-07 12:17:00,2.2737367544323206e-13
2014-07-07 12:18:00,2.8421709430404007e-13
2014-07-07 12:19:00,1.1368683772161603e-13
2014-07-07 12:20:00,2.8421709430404007e-13
2014-07-07 12:21:00,1.7053025658242404e-13
2014-07-07 12:22:00,1.7053025658242404e-13
2014-07-07 12:23:00,1.1368683772161603e-13
2014-07-07 12:24:00,1.1368683772161603e-13
2014-07-07 12:25:00,1.7053025658242404e-13
2014-07-07 12:26:00,2.2737367544323206e-13
2014-07-07 12:27:00,1.1368683772161603e-13
2014-07-07 12:28:00,2.2737367544323206e-13
2014-07-07 12:29:00,1.1368683772161603e-13
2014-07-07 12:30:00,1.1368683772161603e-13
2014-07-07 12:31:00,1.7053025658242404e-13
2014-07-07 12:32:00,1.1368683772161603e-13
2014-07-07 12:33:00,1.7053025658242404e-13
2014-07-07 12:34:00,1.1368683772161603e-13
2014-07-07 12:35:00,2.2737367544323206e-13
2014-07-07 12:36:00,1.7053025658242404e-13
2014-07-07 12:37:00,1.7053025658242404e-13
2014-07-07 12:38:00,1.7053025658242404e-13
2014-07-07 12:39:00,1.7053025658242404e-13
2014-07-07 12:40:00,1.1368683772161603e-13
2014-07-07 12:41:00,2.2737367544323206e-13
2014-07-07 12:42:00,1.1368683772161603e-13
2014-07-07 12:43:00,1.7053025658242404e-13
2014-07-07 12:44:00,1.1368683772161603e-13
2014-07-07 12:45:00,1.1368683772161603e-13
2014-07-07 12:46:00,2.2737367544323206e-13
2014-07-07 12:47:00,25.800000000000296
2014-07-07 12:48:00,126.5000000000004
2014-07-07 12:49:00,114.10000000000065
2014-07-07 12:50:00,107.50000000000063
2014-07-07 12:51:00,106.90000000000038
2014-07-07 12:52:00,107.80000000000041
2014-07-07 12:53:00,108.64000000000038
2014-07-07 12:54:00,109.60000000000042
2014-07-07 12:55:00,110.00000000000034
2014-07-07 12:56:00,110.56000000000034
2014-07-07 12:57:00,110.50000000000028
2014-07-07 12:58:00,109.70000000000027
2014-07-07 12:59:00,110.00000000000023
2014-07-07 13:00:00,109.70000000000044
2014-07-07 13:01:00,109.33000000000033
2014-07-07 13:02:00,109.40000000000038
2014-07-07 13:03:00,109.30000000000035
2014-07-07 13:04:00,108.90000000000032
2014-07-07 13:05:00,108.75000000000034
2014-07-07 13:06:00,108.10000000000036
2014-07-07 13:07:00,108.10000000000036
2014-07-07 13:08:00,107.90000000000026
2014-07-07 13:09:00,107.60000000000025
2014-07-07 13:10:00,107.00000000000034
2014-07-07 13:11:00,107.00000000000023
2014-07-07 13:12:00,1.1368683772161603e-13
2014-07-07 13:13:00,5.684341886080802e-14
2014-07-07 13:14:00,5.684341886080802e-14
2014-07-07 13:15:00,0.0
2014-07-07 13:16:00,0.0
2014-07-07 13:17:00,2.2737367544323206e-13
2014-07-07 13:18:00,1.7053025658242404e-13
2014-07-07 13:19:00,1.1368683772161603e-13
2014-07-07 13:20:00,1.1368683772161603e-13
2014-07-07 13:21:00,1.7053025658242404e-13
2014-07-07 13:22:00,5.684341886080802e-14
2014-07-07 13:23:00,1.1368683772161603e-13
2014-07-07 13:24:00,5.684341886080802e-14
2014-07-07 13:25:00,5.684341886080802e-14
2014-07-07 13:26:00,1.7053025658242404e-13
2014-07-07 13:27:00,1.7053025658242404e-13
2014-07-07 13:28:00,1.1368683772161603e-13
2014-07-07 13:29:00,1.7053025658242404e-13
2014-07-07 13:30:00,5.684341886080802e-14
2014-07-07 13:31:00,5.684341886080802e-14
2014-07-07 13:32:00,5.684341886080802e-14
2014-07-07 13:33:00,1.7053025658242404e-13
2014-07-07 13:34:00,1.1368683772161603e-13
2014-07-07 13:35:00,1.7053025658242404e-13
2014-07-07 13:36:00,1.7053025658242404e-13
2014-07-07 13:37:00,1.1368683772161603e-13
2014-07-07 13:38:00,1.7053025658242404e-13
2014-07-07 13:39:00,1.1368683772161603e-13
2014-07-07 13:40:00,1.7053025658242404e-13
2014-07-07 13:41:00,1.7053025658242404e-13
2014-07-07 13:42:00,1.1368683772161603e-13
2014-07-07 13:43:00,1.7053025658242404e-13
2014-07-07 13:44:00,5.684341886080802e-14
2014-07-07 13:45:00,1.1368683772161603e-13
2014-07-07 13:46:00,1.1368683772161603e-13
2014-07-07 13:47:00,2.2737367544323206e-13
2014-07-07 13:48:00,1.1368683772161603e-13
2014-07-07 13:49:00,1.7053025658242404e-13
2014-07-07 13:50:00,42.780000000000314
2014-07-07 13:51:00,124.30000000000035
2014-07-07 13:52:00,110.90000000000032
2014-07-07 13:53:00,107.1000000000003
2014-07-07 13:54:00,107.70000000000033
2014-07-07 13:55:00,107.80000000000041
2014-07-07 13:56:00,108.80000000000035
2014-07-07 13:57:00,109.73000000000042
2014-07-07 13:58:00,110.10000000000036
2014-07-07 13:59:00,110.44000000000028
2014-07-07 14:00:00,110.30000000000047
2014-07-07 14:01:00,109.70000000000067
2014-07-07 14:02:00,109.80000000000075
2014-07-07 14:03:00,109.56000000000046
2014-07-07 14:04:00,109.60000000000048
2014-07-07 14:05:00,109.70000000000039
2014-07-07 14:06:00,109.22000000000043
2014-07-07 14:07:00,108.70000000000039
2014-07-07 14:08:00,108.40000000000038
2014-07-07 14:09:00,108.11000000000041
2014-07-07 14:10:00,108.10000000000048
2014-07-07 14:11:00,107.90000000000049
2014-07-07 14:12:00,68.45000000000033
2014-07-07 14:13:00,1.7053025658242404e-13
2014-07-07 14:14:00,2.2737367544323206e-13
2014-07-07 14:15:00,1.7053025658242404e-13
2014-07-07 14:16:00,0.0
2014-07-07 14:17:00,0.0
2014-07-07 14:18:00,0.0
2014-07-07 14:19:00,2.2737367544323206e-13
2014-07-07 14:20:00,1.6000000000002501
2014-07-07 14:21:00,1.7053025658242404e-13
2014-07-07 14:22:00,1.7800000000001432
2014-07-07 14:23:00,2.2737367544323206e-13
2014-07-07 14:24:00,1.7053025658242404e-13
2014-07-07 14:25:00,2.2737367544323206e-13
2014-07-07 14:26:00,1.1368683772161603e-13
2014-07-07 14:27:00,1.7053025658242404e-13
2014-07-07 14:28:00,1.1368683772161603e-13
2014-07-07 14:29:00,1.7053025658242404e-13
2014-07-07 14:30:00,1.7053025658242404e-13
2014-07-07 14:31:00,1.7053025658242404e-13
2014-07-07 14:32:00,1.7053025658242404e-13
2014-07-07 14:33:00,2.8421709430404007e-13
2014-07-07 14:34:00,2.2737367544323206e-13
2014-07-07 14:35:00,1.7053025658242404e-13
2014-07-07 14:36:00,2.2737367544323206e-13
2014-07-07 14:37:00,1.7053025658242404e-13
2014-07-07 14:38:00,1.1368683772161603e-13
2014-07-07 14:39:00,2.2737367544323206e-13
2014-07-07 14:40:00,2.2737367544323206e-13
2014-07-07 14:41:00,1.7053025658242404e-13
2014-07-07 14:42:00,2.2737367544323206e-13
2014-07-07 14:43:00,1.7053025658242404e-13
2014-07-07 14:44:00,2.8421709430404007e-13
2014-07-07 14:45:00,2.2737367544323206e-13
2014-07-07 14:46:00,2.2737367544323206e-13
2014-07-07 14:47:00,2.8421709430404007e-13
2014-07-07 14:48:00,50.400000000000375
2014-07-07 14:49:00,125.2000000000005
2014-07-07 14:50:00,112.30000000000047
2014-07-07 14:51:00,107.60000000000042
2014-07-07 14:52:00,107.00000000000034
2014-07-07 14:53:00,107.10000000000042
2014-07-07 14:54:00,108.40000000000038
2014-07-07 14:55:00,108.80000000000041
2014-07-07 14:56:00,109.0000000000004
2014-07-07 14:57:00,109.40000000000038
2014-07-07 14:58:00,109.33000000000038
2014-07-07 14:59:00,109.20000000000039
2014-07-07 15:00:00,109.30000000000052
2014-07-07 15:01:00,108.80000000000047
2014-07-07 15:02:00,108.90000000000038
2014-07-07 15:03:00,108.40000000000049
2014-07-07 15:04:00,107.80000000000047
2014-07-07 15:05:00,107.80000000000041
2014-07-07 15:06:00,107.45000000000039
2014-07-07 15:07:00,106.80000000000041
2014-07-07 15:08:00,107.40000000000038
2014-07-07 15:09:00,10.50000000000017
2014-07-07 15:10:00,2.2737367544323206e-13
2014-07-07 15:11:00,2.2737367544323206e-13
2014-07-07 15:12:00,1.7053025658242404e-13
2014-07-07 15:13:00,2.8421709430404007e-13
2014-07-07 15:14:00,1.7053025658242404e-13
2014-07-07 15:15:00,2.2737367544323206e-13
2014-07-07 15:16:00,1.7053025658242404e-13
2014-07-07 15:17:00,3.979039320256561e-13
2014-07-07 15:18:00,1.7053025658242404e-13
2014-07-07 15:19:00,2.2737367544323206e-13
2014-07-07 15:20:00,2.2737367544323206e-13
2014-07-07 15:21:00,2.8421709430404007e-13
2014-07-07 15:22:00,1.7053025658242404e-13
2014-07-07 15:23:00,2.2737367544323206e-13
2014-07-07 15:24:00,1.1368683772161603e-13
2014-07-07 15:25:00,2.2737367544323206e-13
2014-07-07 15:26:00,2.2737367544323206e-13
2014-07-07 15:27:00,2.2737367544323206e-13
2014-07-07 15:28:00,2.2737367544323206e-13
2014-07-07 15:29:00,1.1368683772161603e-13
2014-07-07 15:30:00,1.7053025658242404e-13
2014-07-07 15:31:00,2.8421709430404007e-13
2014-07-07 15:32:00,3.410605131648481e-13
2014-07-07 15:33:00,1.7053025658242404e-13
2014-07-07 15:34:00,1.7053025658242404e-13
2014-07-07 15:35:00,1.1368683772161603e-13
2014-07-07 15:36:00,1.7053025658242404e-13
2014-07-07 15:37:00,1.1368683772161603e-13
2014-07-07 15:38:00,1.1368683772161603e-13
2014-07-07 15:39:00,1.7053025658242404e-13
2014-07-07 15:40:00,1.1368683772161603e-13
2014-07-07 15:41:00,1.1368683772161603e-13
2014-07-07 15:42:00,1.7053025658242404e-13
2014-07-07 15:43:00,1.7053025658242404e-13
2014-07-07 15:44:00,1.7053025658242404e-13
2014-07-07 15:45:00,1.7053025658242404e-13
2014-07-07 15:46:00,2.2737367544323206e-13
2014-07-07 15:47:00,119.00000000000045
2014-07-07 15:48:00,122.50000000000045
2014-07-07 15:49:00,111.80000000000047
2014-07-07 15:50:00,110.80000000000041
2014-07-07 15:51:00,111.40000000000038
2014-07-07 15:52:00,111.6000000000003
2014-07-07 15:53:00,110.78000000000037
2014-07-07 15:54:00,111.20000000000039
2014-07-07 15:55:00,110.70000000000044
2014-07-07 15:56:00,110.20000000000039
2014-07-07 15:57:00,110.30000000000035
2014-07-07 15:58:00,109.70000000000033
2014-07-07 15:59:00,109.5000000000004
2014-07-07 16:00:00,109.11000000000041
2014-07-07 16:01:00,109.0000000000004
2014-07-07 16:02:00,108.1800000000004
2014-07-07 16:03:00,108.0000000000004
2014-07-07 16:04:00,107.40000000000043
2014-07-07 16:05:00,107.1000000000003
2014-07-07 16:06:00,105.30000000000047
2014-07-07 16:07:00,2.2737367544323206e-13
2014-07-07 16:08:00,2.2737367544323206e-13
2014-07-07 16:09:00,2.8421709430404007e-13
2014-07-07 16:10:00,2.2737367544323206e-13
2014-07-07 16:11:00,1.1368683772161603e-13
2014-07-07 16:12:00,1.7053025658242404e-13
2014-07-07 16:13:00,2.2737367544323206e-13
2014-07-07 16:14:00,2.2737367544323206e-13
2014-07-07 16:15:00,2.2737367544323206e-13
2014-07-07 16:16:00,1.1368683772161603e-13
2014-07-07 16:17:00,3.410605131648481e-13
2014-07-07 16:18:00,1.7053025658242404e-13
2014-07-07 16:19:00,2.8421709430404007e-13
2014-07-07 16:20:00,2.2737367544323206e-13
2014-07-07 16:21:00,1.7053025658242404e-13
2014-07-07 16:22:00,1.1368683772161603e-13
